CASE_ID,ACCIDENT_YEAR,PROC_DATE,JURIS,COLLISION_DATE,COLLISION_TIME,OFFICER_ID,REPORTING_DISTRICT,DAY_OF_WEEK,CHP_SHIFT,POPULATION,CNTY_CITY_LOC,SPECIAL_COND,BEAT_TYPE,CHP_BEAT_TYPE,CITY_DIVISION_LAPD,CHP_BEAT_CLASS,BEAT_NUMBER,PRIMARY_RD,SECONDARY_RD,DISTANCE,DIRECTION,INTERSECTION,WEATHER_1,WEATHER_2,STATE_HWY_IND,CALTRANS_COUNTY,CALTRANS_DISTRICT,STATE_ROUTE,ROUTE_SUFFIX,POSTMILE_PREFIX,POSTMILE,LOCATION_TYPE,RAMP_INTERSECTION,SIDE_OF_HWY,TOW_AWAY,COLLISION_SEVERITY,NUMBER_KILLED,NUMBER_INJURED,PARTY_COUNT,PRIMARY_COLL_FACTOR,PCF_CODE_OF_VIOL,PCF_VIOL_CATEGORY,PCF_VIOLATION,PCF_VIOL_SUBSECTION,HIT_AND_RUN,TYPE_OF_COLLISION,MVIW,PED_ACTION,ROAD_SURFACE,ROAD_COND_1,ROAD_COND_2,LIGHTING,CONTROL_DEVICE,CHP_ROAD_TYPE,PEDESTRIAN_ACCIDENT,BICYCLE_ACCIDENT,MOTORCYCLE_ACCIDENT,TRUCK_ACCIDENT,NOT_PRIVATE_PROPERTY,ALCOHOL_INVOLVED,STWD_VEHTYPE_AT_FAULT,CHP_VEHTYPE_AT_FAULT,COUNT_SEVERE_INJ,COUNT_VISIBLE_INJ,COUNT_COMPLAINT_PAIN,COUNT_PED_KILLED,COUNT_PED_INJURED,COUNT_BICYCLIST_KILLED,COUNT_BICYCLIST_INJURED,COUNT_MC_KILLED,COUNT_MC_INJURED,PRIMARY_RAMP,SECONDARY_RAMP,LATITUDE,LONGITUDE,COUNTY,CITY,POINT_X,POINT_Y
90426621,2017,2017-04-04,9670,2017-03-30,0725,018516,NA,4,1,5,3003,0,1,3,NA,2,092,SR-91 E/B,KNOTT AVE,700,E,N,A,-,Y,NA,NA,91,NA,NA,NA,NA,NA,E,Y,4,0,1,2,A,-,03,22350,NA,N,C,C,A,A,H,-,A,D,0,NA,NA,NA,NA,Y,NA,A,01,0,0,1,0,0,0,0,0,0,-,-,33.856,-118.00874,ORANGE,BUENA PARK,-118.00873907,33.85591756
90429569,2017,2017-04-07,9675,2017-03-30,1013,015207,NA,4,1,7,3019,0,1,1,NA,2,503,I-5 S/B TO SR-55 S/B,1ST ST.,1056,S,N,A,-,Y,NA,NA,5,NA,NA,NA,R,NA,S,N,4,0,1,2,A,-,03,22350,NA,N,C,C,A,A,H,-,A,D,0,NA,NA,NA,Y,Y,NA,F,26,0,0,1,0,0,0,0,0,0,-,-,33.7411,-117.83591,ORANGE,SANTA ANA,-117.83591,33.7411
9043035,2020,2020-02-20,3026,2020-01-28,2224,620,NA,2,5,6,3026,0,0,0,NA,0,00C,MERIDIAN,SPECTRUM,0,NA,Y,A,-,N,NA,NA,NA,NA,NA,NA,NA,NA,NA,N,2,0,1,2,A,-,11,21456,B,N,G,B,B,A,H,-,C,A,0,Y,NA,NA,NA,Y,NA,N,60,1,0,0,0,1,0,0,0,0,-,-,NA,NA,ORANGE,IRVINE,-117.75251007080078,33.6533088684082
90431842,2017,2017-04-11,9675,2017-04-05,1700,018102,NA,3,2,7,3019,0,1,1,NA,2,502,I-5 SOUTHBOUND,FOURTH STREET,400,N,N,A,-,Y,NA,NA,5,NA,NA,NA,NA,NA,S,N,4,0,2,2,A,-,03,22350,NA,N,C,C,A,A,H,-,A,D,0,NA,NA,NA,NA,Y,NA,D,22,0,0,2,0,0,0,0,0,0,-,-,33.7504,-117.84475,ORANGE,SANTA ANA,-117.8449263,33.75025607
90433601,2017,2017-04-13,9675,2017-04-11,1400,018102,NA,2,2,7,3019,0,1,3,NA,2,551,SR-55 NORTHBOUND,SANTA CLARA AVE,200,S,N,A,-,Y,NA,NA,55,NA,NA,NA,NA,NA,N,Y,4,0,1,2,A,-,03,22350,NA,N,C,C,A,A,H,-,A,D,0,NA,NA,NA,NA,Y,NA,A,07,0,0,1,0,0,0,0,0,0,-,-,33.76567,-117.83065,ORANGE,SANTA ANA,-117.83082304,33.76567082
9043375,2020,2020-05-29,3005,2020-02-03,1835,8041,C23,1,5,4,3005,0,0,0,NA,0,002,BALL RD,VALLEY VIEW ST,48,E,N,A,-,N,NA,NA,NA,NA,NA,NA,NA,NA,NA,N,3,0,1,2,A,-,03,22350,NA,F,C,C,A,A,H,-,E,A,0,NA,NA,NA,NA,Y,NA,A,01,0,1,0,0,0,0,0,0,0,-,-,NA,NA,ORANGE,CYPRESS,-118.02816009521484,33.817161560058594
90435361,2017,2017-04-17,9670,2017-04-06,1934,021517,NA,4,2,7,3001,0,1,3,NA,2,093,SR-91 E/B,BROOKHURST ST,165,E,N,A,-,Y,NA,NA,91,NA,NA,NA,NA,NA,E,Y,2,0,1,1,A,-,08,22107,NA,N,E,J,A,A,H,-,D,D,0,NA,NA,NA,NA,Y,NA,D,22,1,0,0,0,0,0,0,0,0,-,-,33.85381,-117.95854,ORANGE,ANAHEIM,-117.95854174,33.85386836
90437542,2017,2017-04-19,9675,2017-04-10,1746,018017,NA,1,2,6,3004,0,1,3,NA,2,553,SR-55 SOUTHBOUND,DEL MAR AVE,1000,S,N,A,-,Y,NA,NA,55,NA,NA,NA,NA,NA,S,Y,4,0,1,2,A,-,03,22350,NA,N,C,C,A,A,H,-,A,D,0,NA,NA,NA,NA,Y,NA,A,01,0,0,1,0,0,0,0,0,0,-,-,33.6585,-117.9026,ORANGE,COSTA MESA,-117.90241864,33.65831957
90437653,2017,2017-04-19,9690,2017-04-14,0005,018526,NA,5,3,5,3050,0,1,1,NA,2,055,I-5 S/B (SAN DIEGO FRWY),LAKE FOREST DR,1000,S,N,A,-,Y,NA,NA,5,NA,NA,NA,NA,NA,S,N,4,0,1,2,A,-,03,22350,NA,N,C,C,A,A,D,-,D,D,0,NA,NA,NA,Y,Y,NA,F,26,0,0,1,0,0,0,0,0,0,-,-,33.62487,-117.71784,ORANGE,LAKE FOREST,-117.71773223,33.62497226
90438289,2017,2017-04-20,9670,2017-03-30,1500,021670,NA,4,2,6,3009,0,1,3,NA,2,024,SR 22 EASTBOUND (GARDEN GROVE FREEWAY),HARBOR BLVD,500,E,N,A,-,Y,NA,NA,22,NA,NA,NA,NA,NA,E,Y,4,0,1,2,A,-,03,22350,NA,N,C,C,A,A,H,-,A,D,0,NA,NA,NA,NA,Y,NA,A,07,0,0,1,0,0,0,0,0,0,-,-,33.77531,-117.90288,ORANGE,GARDEN GROVE,-117.90292806,33.77540277
9043952,2020,2020-05-27,3000,2020-02-03,1310,5013,951J3,1,5,5,3040,0,0,0,NA,0,743,GOLDEN LANTERN,ADELANTO LN,0,NA,Y,A,-,N,NA,NA,NA,NA,NA,NA,NA,NA,NA,Y,3,0,3,2,A,-,09,21801,A,N,D,C,A,A,H,-,A,A,0,NA,NA,NA,NA,Y,NA,A,07,0,2,1,0,0,0,0,0,0,-,-,NA,NA,ORANGE,LAGUNA NIGUEL,-117.6850814819336,33.535430908203125
90439575,2017,2017-04-21,9670,2017-04-18,1615,021242,NA,2,2,5,3024,0,1,1,NA,2,042,I-405 NB,GOLDENWEST ST,528,N,N,A,-,Y,NA,NA,405,NA,NA,NA,NA,NA,N,Y,4,0,1,2,A,-,03,22350,NA,N,C,C,A,A,H,-,A,D,0,NA,NA,NA,NA,Y,NA,D,22,0,0,1,0,0,0,0,0,0,-,-,33.75036,-118.01135,ORANGE,WESTMINSTER,-118.01139204,33.75031087
90443469,2017,2017-04-27,9670,2017-03-04,1130,016793,NA,6,1,4,3020,0,1,1,NA,2,044,I-405 N/B (SAN DIEGO FWY),SR-22 E/B O/C,1584,N,N,A,-,Y,NA,NA,405,NA,NA,NA,NA,NA,N,Y,4,0,1,4,A,-,03,22350,NA,N,C,C,A,A,H,-,A,D,0,NA,NA,NA,NA,Y,NA,A,01,0,0,1,0,0,0,0,0,0,-,-,33.77454,-118.05119,ORANGE,SEAL BEACH,-118.05118975,33.77446756
90443576,2017,2017-04-27,9670,2017-03-25,0239,020860,NA,6,3,6,3008,0,1,3,NA,2,093,SR-91 W/B,EUCLID ST,200,E,N,A,-,Y,NA,NA,91,NA,NA,NA,NA,NA,W,Y,2,0,2,2,A,-,03,22350,NA,N,C,C,A,A,H,-,D,D,0,NA,NA,NA,NA,Y,NA,A,07,1,0,1,0,0,0,0,0,0,-,-,33.85428,-117.94097,ORANGE,FULLERTON,-117.94097021,33.85424277
90446891,2017,2017-05-02,9675,2017-04-21,0702,015927,NA,5,1,6,3026,0,1,1,NA,2,407,I-405 NORTHBOUND,SR-133 SOUTHBOUND,637,N,N,A,-,Y,NA,NA,405,NA,NA,NA,NA,NA,N,Y,3,0,1,1,A,-,03,22350,NA,N,E,I,A,A,H,-,A,D,0,NA,NA,Y,NA,Y,NA,C,02,0,1,0,0,0,0,0,0,1,-,-,33.65228,-117.76443,ORANGE,IRVINE,-117.76441648,33.65236066
90448430,2017,2017-05-03,9690,2017-05-02,1458,014552,NA,2,2,9,3000,0,2,4,NA,2,035,OSO PKWY,PLAZA,505,W,N,A,-,N,NA,NA,NA,NA,NA,NA,NA,NA,NA,Y,3,0,1,1,A,-,08,22107,NA,N,E,I,A,A,H,-,A,D,0,NA,NA,NA,NA,Y,NA,A,07,0,1,0,0,0,0,0,0,0,-,-,33.51846,-117.23486,ORANGE,UNINCORPORATED,NA,NA
90449810,2017,2017-05-05,9690,2017-04-30,1117,020366,NA,7,1,9,3000,0,1,3,NA,1,074,SR 74 E/B (ORTEGA HWY),LUCAS CANYON ROAD,1430,W,N,A,-,Y,NA,NA,74,NA,NA,NA,NA,NA,E,Y,3,0,1,2,A,-,03,22350,NA,N,A,C,A,A,H,-,A,D,0,NA,NA,Y,NA,Y,NA,C,02,0,1,0,0,0,0,0,0,1,-,-,33.58669,-117.52127,ORANGE,UNINCORPORATED,-117.5212591,33.58667053
90450239,2017,2017-05-05,9670,2017-04-29,1535,021543,NA,6,2,5,3003,0,1,3,NA,2,091,SR-91 W/B,KNOTT AVE,528,E,N,A,-,Y,NA,NA,91,NA,NA,NA,NA,NA,W,Y,4,0,1,2,A,-,03,22350,NA,N,B,C,A,A,H,-,A,D,0,NA,NA,NA,NA,Y,NA,A,01,0,0,1,0,0,0,0,0,0,-,-,33.85608,-118.00513,ORANGE,BUENA PARK,-118.00513017,33.85612437
9045036,2020,2020-09-24,3008,2020-02-02,2232,1574,ZONE1,7,5,6,3008,0,0,0,NA,0,NA,EUCLID ST,RT 91,0,NA,Y,B,C,Y,ORA,12,91,-,-,2.39,R,4,W,Y,4,0,1,2,A,-,01,23153,A,N,D,C,A,A,H,-,C,A,0,NA,NA,NA,NA,Y,Y,A,01,0,0,1,0,0,0,0,0,0,-,NO,NA,NA,ORANGE,FULLERTON,-117.93933868408205,33.85423278808594
90454706,2017,2017-05-12,9675,2017-05-05,1158,016748,NA,5,1,7,3001,0,1,3,NA,2,572,SR-57 NORTHBOUND,BALL RD,150,S,N,A,-,Y,NA,NA,NA,NA,NA,NA,NA,NA,NA,Y,3,0,2,2,A,-,03,22350,NA,N,C,C,A,A,H,-,A,D,0,NA,NA,NA,NA,Y,NA,A,07,0,1,1,0,0,0,0,0,0,-,-,33.49032,-117.52348,ORANGE,ANAHEIM,-117.87624048,33.81769189
90454921,2017,2017-05-12,9670,2017-05-11,2130,019925,NA,4,2,5,3007,0,1,1,NA,2,040,I-405 N/B,TALBERT AVE.,20,N,N,A,-,Y,NA,NA,405,NA,NA,NA,NA,NA,N,N,4,0,2,2,A,-,03,22350,NA,N,C,C,A,A,H,-,C,D,0,NA,NA,NA,NA,Y,NA,A,07,0,0,2,0,0,0,0,0,0,-,-,33.70196,-117.94944,ORANGE,FOUNTAIN VALLEY,-117.94947634,33.7018896
90455365,2017,2017-05-15,9670,2017-05-13,2045,021467,NA,6,2,4,3020,0,1,1,NA,2,045,I-405 S/B (SAN DIEGO FWY),BOLSA CHICA RD,3696,N,N,A,-,Y,NA,NA,405,NA,NA,NA,NA,NA,S,Y,4,0,1,2,A,-,01,23152,A,N,B,C,A,A,H,-,C,D,0,NA,NA,NA,NA,Y,Y,A,01,0,0,1,0,0,0,0,0,0,-,-,33.77407,-118.05077,ORANGE,SEAL BEACH,-118.05077096,33.774239
90455607,2017,2017-05-15,9675,2017-04-25,0521,015011,NA,2,3,9,3000,0,3,5,NA,2,004,SANTA ANA AVENUE S/B,MESA DR,758,N,N,B,-,Y,NA,NA,NA,NA,NA,NA,NA,NA,NA,Y,4,0,1,1,A,-,08,22107,NA,N,E,I,A,A,H,-,B,D,0,NA,NA,NA,NA,Y,NA,A,01,0,0,1,0,0,0,0,0,0,-,-,33.66269,-117.88607,ORANGE,UNINCORPORATED,-117.88605488,33.66258045
90457482,2017,2017-05-17,9675,2017-05-06,1455,020627,NA,6,2,6,3004,0,1,3,NA,2,073,SR-73 N/B TO SR-55 S/B,SR-55 SOUTHBOUND,400,N,N,A,-,Y,NA,NA,NA,NA,NA,NA,NA,NA,NA,Y,3,0,1,1,A,-,08,22107,NA,N,E,I,A,A,C,-,A,D,0,NA,NA,NA,NA,Y,NA,A,01,0,1,0,0,0,0,0,0,0,-,-,33.40286,-117.53113,ORANGE,COSTA MESA,-117.88655343,33.6745297
9045810,2019,2020-02-19,3000,2019-08-11,1445,5013,951F4,7,5,5,3040,0,0,0,NA,0,741,ALICIA PKWY,NIGUEL RD,0,NA,Y,A,-,N,NA,NA,NA,NA,NA,NA,NA,NA,NA,Y,3,0,2,2,A,-,12,21453,A,N,-,C,A,A,H,-,A,A,0,NA,NA,NA,NA,Y,NA,A,07,0,1,1,0,0,0,0,0,0,-,-,NA,NA,ORANGE,LAGUNA NIGUEL,-117.71562957763672,33.52935028076172
9045826,2019,2020-02-19,3000,2019-08-18,1610,8715,797H1,7,5,4,3021,0,0,0,NA,0,3A21,CERRITOS AV,OAKHAVEN DR,50,E,N,A,-,N,NA,NA,NA,NA,NA,NA,NA,NA,NA,N,4,0,1,2,A,-,09,21804,NA,N,G,G,A,A,H,-,A,D,0,NA,Y,NA,NA,Y,NA,A,01,0,0,1,0,0,0,1,0,0,-,-,NA,NA,ORANGE,STANTON,-118.00576782226563,33.81004333496094
90458537,2017,2017-05-18,9675,2017-05-07,0410,020545,NA,7,3,7,3019,0,1,1,NA,2,502,I-5 SOUTHBOUND TO 17TH STREET,17TH STREET,92,S,N,A,-,Y,NA,NA,5,NA,NA,NA,R,NA,S,Y,4,0,2,1,A,-,03,22350,NA,N,E,I,A,B,H,-,D,D,0,NA,NA,NA,NA,Y,NA,A,07,0,0,2,0,0,0,0,0,0,-,-,33.76008,-117.86281,ORANGE,SANTA ANA,-117.86281,33.76008
90459545,2017,2017-05-19,9670,2017-05-11,1325,020134,NA,4,1,9,3000,0,3,5,NA,2,004,GILBERT ST.,CERRITOS AVE.,0,NA,Y,A,-,N,NA,NA,NA,NA,NA,NA,NA,NA,NA,N,4,0,1,2,A,-,12,21453,A,N,D,C,A,A,H,-,A,A,0,NA,NA,NA,NA,Y,NA,A,07,0,0,1,0,0,0,0,0,0,-,-,33.81038,-117.96758,ORANGE,UNINCORPORATED,-117.96758003,33.81040006
90460306,2016,2017-05-30,9670,2016-10-22,2256,021207,NA,6,3,4,3020,0,1,1,NA,2,440,INTERSTATE 405 NORTHBOUND,STATE ROUTE 22 WESTBOUND OVERCROSSING,560,N,N,A,-,Y,NA,NA,405,NA,NA,NA,NA,NA,N,Y,1,1,1,1,A,-,08,22107,NA,N,E,I,A,A,H,-,C,D,0,NA,NA,NA,NA,Y,NA,A,07,0,0,1,0,0,0,0,0,0,-,-,33.77566,-118.08749,ORANGE,SEAL BEACH,-118.08743568,33.77574278
90463803,2017,2017-05-25,9670,2017-04-27,0951,021666,NA,4,1,6,3010,0,1,1,NA,2,040,I-405 N/B SAN DIEGO FWY,EDINGER AVE. O/C,31,S,N,A,-,Y,NA,NA,405,NA,NA,NA,NA,NA,N,Y,4,0,3,4,A,-,03,22350,NA,N,C,C,A,A,H,-,A,D,0,NA,NA,NA,NA,Y,NA,A,01,0,0,3,0,0,0,0,0,0,-,-,33.73008,-117.98545,ORANGE,HUNTINGTON BEACH,-117.9854177,33.73012683
9046489,2020,2020-02-28,3001,2020-01-20,0538,A2411,NA,1,5,7,3001,0,0,0,NA,0,D 2,EAST LA PALMA AV,N SUNKIST ST,0,NA,Y,A,-,N,NA,NA,NA,NA,NA,NA,NA,NA,NA,Y,3,0,1,2,A,-,09,21801,A,N,D,C,A,A,H,-,C,A,0,NA,NA,NA,NA,Y,NA,D,22,0,1,0,0,0,0,0,0,0,-,-,NA,NA,ORANGE,ANAHEIM,-117.88044738769533,33.84727096557617
9046493,2020,2020-03-10,3001,2020-01-23,1926,A1622,D 2,4,5,7,3001,0,0,0,NA,0,D 2,EUCLID ST,LA PALMA AV,324,S,N,A,-,N,NA,NA,NA,NA,NA,NA,NA,NA,NA,N,4,0,1,2,A,-,08,22107,NA,N,D,C,A,A,H,-,C,D,0,NA,NA,NA,NA,Y,NA,-,NA,0,0,1,0,0,0,0,0,0,-,-,33.846248626708984,-117.94123840332033,ORANGE,ANAHEIM,-117.94165802001952,33.84621047973633
90470099,2017,2017-06-02,9675,2017-05-28,1400,021435,NA,7,2,6,3008,0,1,3,NA,2,570,SR-57 SOUTHBOUND,YORBA LINDA BLVD,2000,N,N,A,-,Y,NA,NA,57,NA,NA,NA,NA,NA,S,Y,4,0,2,2,A,-,03,22350,NA,N,C,C,A,A,H,-,A,D,0,NA,NA,NA,NA,Y,NA,A,01,0,0,2,0,0,0,0,0,0,-,-,33.89647,-117.88092,ORANGE,FULLERTON,-117.88108371,33.89645609
90471970,2017,2017-06-06,9675,2017-05-25,0548,016923,NA,4,3,6,3004,0,1,3,NA,2,553,SR-55 N/B (COSTA MESA FWY),MESA DR,150,N,N,A,-,Y,NA,NA,55,NA,NA,NA,NA,NA,N,Y,2,0,1,2,A,-,08,22107,NA,N,E,I,A,A,H,-,B,D,0,NA,NA,Y,NA,Y,NA,A,01,1,0,0,0,0,0,0,0,1,-,-,33.66678,-117.8939,ORANGE,COSTA MESA,-117.89394066,33.66682
90473097,2017,2017-06-07,9675,2017-05-24,1515,013300,NA,3,2,6,3026,0,1,1,NA,2,406,I-405 SOUTHBOUND,CULVER DR,800,S,N,A,-,Y,NA,NA,NA,NA,NA,NA,NA,NA,NA,Y,4,0,1,2,A,-,03,22350,NA,N,C,C,A,A,H,-,A,D,0,NA,NA,NA,NA,Y,NA,A,08,0,0,1,0,0,0,0,0,0,-,-,33.78221,-117.89675,ORANGE,IRVINE,-117.82040668,33.66857212
90475248,2017,2017-06-12,9675,2017-05-30,0545,016923,NA,2,3,5,3022,0,1,3,NA,2,551,SR-55 S/B (COSTA MESA FWY),17TH ST,300,S,N,A,-,Y,NA,NA,55,NA,NA,NA,NA,NA,S,Y,4,0,1,3,A,-,03,22350,NA,N,C,C,A,A,H,-,B,D,0,NA,NA,NA,NA,Y,NA,A,07,0,0,1,0,0,0,0,0,0,-,-,33.75878,-117.83142,ORANGE,TUSTIN,-117.83128429,33.75876934
90477285,2017,2017-06-13,9670,2017-06-02,0735,012956,NA,5,1,5,3024,0,1,1,NA,2,043,I-405 SOUTHBOUND (SAN DIEGO FREEWAY),MCFADDEN AVE,235,N,N,B,-,Y,NA,NA,405,NA,NA,NA,NA,NA,S,Y,3,0,1,2,A,-,03,22350,NA,N,B,C,A,A,H,-,A,D,0,NA,NA,Y,NA,Y,NA,C,02,0,1,0,0,0,0,0,0,1,-,-,33.73725,-117.99588,ORANGE,WESTMINSTER,-117.9959269,33.73718729
90480391,2017,2017-06-19,9690,2017-06-04,1650,020463,NA,7,2,9,3000,0,3,5,NA,2,004,CORPORATE DR,WINDMILL,0,NA,Y,A,-,N,NA,NA,NA,NA,NA,NA,NA,NA,NA,N,4,0,1,2,A,-,09,21800,A,N,D,C,A,A,H,-,A,A,0,NA,NA,NA,NA,Y,NA,-,-,0,0,1,0,0,0,0,0,0,-,-,33.55954,-117.62913,ORANGE,UNINCORPORATED,-117.62909005,33.55964001
90480765,2017,2017-06-19,9670,2017-06-12,0550,019290,NA,1,3,7,3001,0,1,1,NA,2,053,I-5 S/B (SANTA ANA FWY),DISNEYLAND DRIVE O/C,1056,N,N,A,-,Y,NA,NA,5,NA,NA,NA,NA,NA,S,N,4,0,1,2,A,-,07,21658,A,N,B,C,A,A,H,-,A,D,0,NA,NA,Y,NA,Y,NA,A,01,0,0,1,0,0,0,0,0,1,-,-,33.82317,-117.9235,ORANGE,ANAHEIM,-117.92356173,33.82311511
90480847,2017,2017-06-19,9675,2017-06-08,1650,019348,NA,4,2,6,3015,0,1,3,NA,2,572,STATE ROUTE 57 S/B FROM CHAPMAN AVENUE,CHAPMAN AVENUE,288,S,N,A,-,Y,NA,NA,NA,NA,NA,NA,NA,NA,NA,Y,4,0,1,2,A,-,03,22350,NA,N,C,C,A,A,H,-,A,A,0,NA,NA,NA,NA,Y,NA,J,48,0,0,1,0,0,0,0,0,0,-,-,33.46062,-117.5027,ORANGE,ORANGE,-117.88007,33.78709052
90486349,2017,2017-06-23,9675,2017-06-21,0126,018868,NA,3,3,6,3004,0,1,1,NA,2,405,I-405 NORTHBOUND,EUCLID AVE,2000,S,N,A,-,Y,NA,NA,405,NA,NA,NA,NA,NA,N,Y,3,0,1,1,A,-,08,22107,NA,N,E,I,A,A,H,-,C,D,0,NA,NA,NA,NA,Y,NA,A,01,0,1,0,0,0,0,0,0,0,-,-,33.69332,-117.92909,ORANGE,COSTA MESA,-117.92909273,33.69331352
9048653,2020,2020-06-03,3001,2020-01-16,0205,A1047,NA,4,5,7,3001,0,0,0,NA,0,D-3,VERNON ST,WINSTON RD,21,S,N,A,-,N,NA,NA,NA,NA,NA,NA,NA,NA,NA,Y,3,0,2,1,A,-,03,22350,NA,M,E,I,A,A,H,-,C,D,0,NA,NA,NA,NA,Y,Y,A,01,0,1,1,0,0,0,0,0,0,-,-,33.821990966796875,-117.89383697509766,ORANGE,ANAHEIM,-117.89363098144533,33.814422607421875
9048774,2020,2020-02-24,3015,2020-01-13,0657,1240,RD11,1,5,6,3015,0,0,0,NA,0,723M,THE CITY DR,CHAPMAN AV,104,N,N,A,-,N,NA,NA,NA,NA,NA,NA,NA,NA,NA,NA,4,0,1,2,A,-,21,22106,NA,N,C,C,A,A,H,-,A,A,0,NA,NA,NA,NA,Y,NA,A,01,0,0,1,0,0,0,0,0,0,-,-,33.78886032104492,-117.89080810546876,ORANGE,ORANGE,-117.89093017578124,33.789344787597656
9048783,2020,2020-06-04,3015,2020-01-13,2056,1634,51,1,5,6,3015,0,0,0,NA,0,001,CHAPMAN AV,FLOWER ST,0,NA,Y,A,-,N,NA,NA,NA,NA,NA,NA,NA,NA,NA,Y,4,0,4,6,A,-,03,22350,NA,N,C,C,A,A,H,-,C,A,0,NA,NA,NA,NA,Y,NA,A,01,0,0,4,0,0,0,0,0,0,-,-,33.788970947265625,-117.9046630859375,ORANGE,ORANGE,-117.87708282470705,33.78791046142578
90487935,2017,2017-06-26,9670,2017-04-22,0322,021210,NA,6,3,6,3008,0,1,3,NA,2,094,SR-91 E/B,EAST ST,2112,W,N,A,-,Y,NA,NA,NA,NA,NA,NA,NA,NA,NA,Y,3,0,1,2,A,-,03,22350,NA,N,C,C,A,A,H,-,C,D,0,NA,NA,NA,NA,Y,NA,A,01,0,1,0,0,0,0,0,0,0,-,-,33.85368,-117.9126,ORANGE,FULLERTON,-117.91365948,33.85371077
90488288,2017,2017-06-27,9675,2017-06-17,1708,021438,NA,6,2,7,3001,0,1,3,NA,2,572,SR-57 S/B,BALL RD,300,S,N,A,-,Y,NA,NA,57,NA,NA,NA,NA,NA,S,Y,4,0,2,4,A,-,03,22350,NA,N,C,C,A,A,H,-,A,D,0,NA,NA,NA,NA,Y,NA,D,22,0,0,2,0,0,0,0,0,0,-,-,33.81715,-117.87665,ORANGE,ANAHEIM,-117.87661001,33.81714238
90490268,2017,2017-07-26,9675,2017-06-16,2115,021633,NA,5,2,6,3015,0,1,3,NA,2,550,SR-55 S/B,WALNUT AVE,200,N,N,A,-,Y,NA,NA,55,NA,NA,NA,NA,NA,S,N,4,0,2,2,A,-,08,22107,NA,N,C,C,A,A,H,-,C,D,0,NA,NA,NA,NA,Y,NA,D,22,0,0,2,0,0,0,0,0,0,-,-,33.79493,-117.83104,ORANGE,ORANGE,-117.83107699,33.79492994
90490327,2017,2017-08-03,9670,2017-06-21,0630,013970,NA,3,1,4,3020,0,1,1,NA,2,450,I-405 S/B,SEAL BEACH BLVD,3168,S,N,A,-,Y,NA,NA,405,NA,NA,NA,NA,NA,S,Y,3,0,3,4,A,-,03,22350,NA,N,C,C,A,A,H,-,A,D,0,NA,NA,NA,NA,Y,NA,A,01,0,1,2,0,0,0,0,0,0,-,-,33.774,-118.05698,ORANGE,SEAL BEACH,-118.05697743,33.7742309
90490806,2017,2017-06-29,9675,2017-06-26,1845,019171,NA,1,2,5,3022,0,1,1,NA,2,503,I-5 N/B (SANTA ANA FWY),NEWPORT AVE,200,S,N,A,-,Y,NA,NA,5,NA,NA,NA,NA,NA,N,Y,3,0,2,3,A,-,03,22350,NA,N,C,C,A,A,H,-,A,D,0,NA,NA,NA,NA,Y,NA,A,01,0,1,1,0,0,0,0,0,0,-,-,33.73628,-117.82046,ORANGE,TUSTIN,-117.82042566,33.73638404
90491271,2017,2017-06-30,9690,2017-06-25,1115,020966,NA,7,1,9,3000,0,2,4,NA,2,037,TRABUCO CANYON ROAD,PLANO TRABUCO,1250,N,N,A,-,N,NA,NA,NA,NA,NA,NA,NA,NA,NA,Y,3,0,1,2,A,-,03,22350,NA,N,A,C,A,A,H,-,A,D,0,NA,NA,Y,NA,Y,NA,C,02,0,1,0,0,0,0,0,0,1,-,-,33.65783,-117.58361,ORANGE,UNINCORPORATED,-117.58038582,33.65765863
90491276,2017,2017-06-30,9690,2017-06-23,1150,018479,NA,5,1,5,3028,0,1,1,NA,2,056,I-5 N/B (SAN DIEGO FRWY),CROWN VALLEY PKWY,1000,S,N,A,-,Y,NA,NA,5,NA,NA,NA,NA,NA,N,N,4,0,1,2,A,-,03,22350,NA,N,C,C,A,A,H,-,A,D,0,NA,NA,NA,NA,Y,NA,A,01,0,0,1,0,0,0,0,0,0,-,-,33.55478,-117.67262,ORANGE,MISSION VIEJO,-117.67279087,33.55477622
90495263,2017,2017-07-06,9675,2017-06-27,1550,019407,NA,2,2,6,3026,0,1,1,NA,2,504,I-5 NORTHBOUND,BARRANCA PKWY,230,S,N,A,-,Y,NA,NA,5,NA,NA,NA,NA,NA,N,Y,4,0,1,2,A,-,03,22350,NA,N,C,C,A,A,H,-,A,D,0,NA,NA,NA,NA,Y,NA,D,22,0,0,1,0,0,0,0,0,0,-,-,33.66046,-117.74689,ORANGE,IRVINE,-117.747197,33.66021594
9049568,2020,2020-05-29,3009,2020-02-19,1225,3739,075,3,5,6,3009,0,0,0,NA,0,013,NEWLAND ST,TRASK ST,0,NA,Y,A,-,N,NA,NA,NA,NA,NA,NA,NA,NA,NA,Y,3,0,1,2,A,-,09,21801,A,N,A,C,A,A,H,-,A,A,0,NA,NA,NA,NA,Y,NA,A,01,0,1,0,0,0,0,0,0,0,-,-,NA,NA,ORANGE,GARDEN GROVE,-117.98108673095705,33.76660919189453
90495797,2017,2017-07-07,9675,2017-06-27,0904,017773,NA,2,1,6,3004,0,1,3,NA,2,553,SR-55 S/B,PAULARINO AVE (NORTH EDGE),15,S,N,A,-,Y,NA,NA,55,NA,NA,NA,NA,NA,S,Y,4,0,1,2,A,-,07,21658,A,N,B,C,A,A,H,-,A,D,0,NA,NA,NA,Y,Y,NA,A,01,0,0,1,0,0,0,0,0,0,-,-,33.68171,-117.8779,ORANGE,COSTA MESA,-117.87779828,33.6816095