CASE_ID,ACCIDENT_YEAR,PROC_DATE,JURIS,COLLISION_DATE,COLLISION_TIME,OFFICER_ID,REPORTING_DISTRICT,DAY_OF_WEEK,CHP_SHIFT,POPULATION,CNTY_CITY_LOC,SPECIAL_COND,BEAT_TYPE,CHP_BEAT_TYPE,CITY_DIVISION_LAPD,CHP_BEAT_CLASS,BEAT_NUMBER,PRIMARY_RD,SECONDARY_RD,DISTANCE,DIRECTION,INTERSECTION,WEATHER_1,WEATHER_2,STATE_HWY_IND,CALTRANS_COUNTY,CALTRANS_DISTRICT,STATE_ROUTE,ROUTE_SUFFIX,POSTMILE_PREFIX,POSTMILE,LOCATION_TYPE,RAMP_INTERSECTION,SIDE_OF_HWY,TOW_AWAY,COLLISION_SEVERITY,NUMBER_KILLED,NUMBER_INJURED,PARTY_COUNT,PRIMARY_COLL_FACTOR,PCF_CODE_OF_VIOL,PCF_VIOL_CATEGORY,PCF_VIOLATION,PCF_VIOL_SUBSECTION,HIT_AND_RUN,TYPE_OF_COLLISION,MVIW,PED_ACTION,ROAD_SURFACE,ROAD_COND_1,ROAD_COND_2,LIGHTING,CONTROL_DEVICE,CHP_ROAD_TYPE,PEDESTRIAN_ACCIDENT,BICYCLE_ACCIDENT,MOTORCYCLE_ACCIDENT,TRUCK_ACCIDENT,NOT_PRIVATE_PROPERTY,ALCOHOL_INVOLVED,STWD_VEHTYPE_AT_FAULT,CHP_VEHTYPE_AT_FAULT,COUNT_SEVERE_INJ,COUNT_VISIBLE_INJ,COUNT_COMPLAINT_PAIN,COUNT_PED_KILLED,COUNT_PED_INJURED,COUNT_BICYCLIST_KILLED,COUNT_BICYCLIST_INJURED,COUNT_MC_KILLED,COUNT_MC_INJURED,PRIMARY_RAMP,SECONDARY_RAMP,LATITUDE,LONGITUDE,COUNTY,CITY,POINT_X,POINT_Y
9074252,2020,2020-07-24,3008,2020-03-29,1922,1582,ZONE2,7,5,6,3008,0,0,0,NA,0,NA,BASTANCHURY RD,EUCLID ST,45,E,N,A,-,N,NA,NA,NA,NA,NA,NA,NA,NA,NA,Y,4,0,2,3,A,-,01,23152,F,F,C,C,A,A,H,-,B,A,0,NA,NA,NA,NA,Y,NA,A,01,0,0,2,0,0,0,0,0,0,-,-,NA,NA,ORANGE,FULLERTON,-117.94245147705078,33.88905715942383
90742574,2018,2018-06-06,9675,2018-05-27,1604,021960,NA,7,2,7,3019,0,1,1,NA,2,502,I-5 S/B,4TH ST,7,N,N,A,-,Y,NA,NA,5,NA,NA,NA,NA,NA,S,Y,3,0,4,3,A,-,07,21658,A,N,B,C,A,A,H,-,A,D,0,NA,NA,NA,NA,Y,NA,A,01,0,2,2,0,0,0,0,0,0,-,-,33.745750427246094,-117.84255981445313,ORANGE,SANTA ANA,-117.84259033203124,33.7457389831543
90742773,2018,2018-06-06,9675,2018-05-31,1315,022074,NA,4,1,7,3001,0,1,3,NA,2,095,SR-91 EASTBOUND,GYPSUM CYN ROAD,500,W,N,A,-,Y,NA,NA,91,NA,NA,NA,NA,NA,E,Y,4,0,1,2,A,-,03,22350,NA,N,C,C,A,A,H,-,A,D,0,NA,NA,NA,NA,Y,NA,A,01,0,0,1,0,0,0,0,0,0,-,-,33.86690902709961,-117.72088623046876,ORANGE,ANAHEIM,-117.72090911865234,33.866703033447266
90743825,2018,2018-06-08,9675,2018-05-26,2015,021749,NA,6,2,7,3001,0,1,3,NA,2,093,SR-91 WESTBOUND,TUSTIN AVE,5020,E,N,A,-,Y,NA,NA,91,NA,NA,NA,NA,NA,W,Y,3,0,1,2,A,-,01,23152,A,M,B,C,A,A,H,-,C,D,0,NA,NA,NA,NA,Y,NA,D,22,0,1,0,0,0,0,0,0,0,-,-,33.845149993896484,-117.82489776611328,ORANGE,ANAHEIM,-117.82488250732422,33.84510803222656
90743878,2018,2018-06-08,9670,2018-06-04,1805,020175,NA,1,2,9,3000,0,3,5,NA,2,005,"BOLSA AVE, 8100 BLOCK",JACKSON ST,0,NA,Y,A,-,Y,NA,NA,NA,NA,NA,NA,NA,NA,NA,N,4,0,1,2,A,-,09,21801,A,N,D,C,A,A,H,-,A,D,0,NA,NA,NA,NA,Y,NA,A,01,0,0,1,0,0,0,0,0,0,-,-,33.73365020751953,-117.98744964599608,ORANGE,UNINCORPORATED,-117.98748779296876,33.74468994140625
9074418,2020,2020-11-07,3010,2020-05-04,2100,2086,467,1,5,6,3010,0,0,0,NA,0,002,BROOKHURST ST,VILLA PACIFIC DR,25,N,N,A,-,N,NA,NA,NA,NA,NA,NA,NA,NA,NA,N,4,0,1,2,A,-,08,22107,NA,N,D,G,A,A,H,-,C,D,0,NA,Y,NA,NA,Y,NA,L,04,0,0,1,0,0,0,1,0,0,-,-,NA,NA,ORANGE,HUNTINGTON BEACH,-117.95368957519533,33.652557373046875
9074551,2020,2020-11-07,3004,2020-05-08,1154,P634,5,5,5,6,3004,0,0,0,NA,0,006,EAST 17TH ST,ORANGE AV,160,E,N,A,-,N,NA,NA,NA,NA,NA,NA,NA,NA,NA,Y,4,0,1,2,A,-,03,22350,NA,N,C,C,A,A,H,-,A,A,0,NA,NA,NA,NA,Y,NA,A,08,0,0,1,0,0,0,0,0,0,-,-,33.635101318359375,-117.9181671142578,ORANGE,COSTA MESA,-117.91832733154295,33.6351203918457
90745570,2018,2018-06-11,9675,2018-06-01,1605,021322,NA,5,2,6,3026,0,1,1,NA,2,407,I-405 NORTHBOUND,SAND CANYON AVE,350,N,N,A,-,Y,NA,NA,405,NA,NA,NA,NA,NA,N,Y,4,0,2,2,A,-,03,22350,NA,N,C,C,A,A,H,-,A,D,0,NA,NA,NA,NA,Y,NA,A,07,0,0,2,0,0,0,0,0,0,-,-,33.65966033935547,-117.78061676025392,ORANGE,IRVINE,-117.78073120117188,33.65945816040039
90748369,2018,2018-06-14,9675,2018-06-07,1600,021322,NA,4,2,6,3026,0,1,1,NA,2,504,I-5 NORTHBOUND,JEFFREY RD,2100,S,N,A,-,Y,NA,NA,5,NA,NA,NA,NA,NA,N,N,4,0,2,2,A,-,03,22350,NA,N,C,C,A,A,H,-,A,D,0,NA,NA,NA,Y,Y,NA,F,26,0,0,2,0,0,0,0,0,0,-,-,33.68471145629883,-117.7648696899414,ORANGE,IRVINE,-117.76477813720705,33.68477249145508
90748476,2018,2018-06-14,9675,2018-06-08,2045,021983,NA,5,2,7,3019,0,1,1,NA,2,502,I-5 NORTHBOUND,MAIN ST,1000,S,N,A,-,Y,NA,NA,5,NA,NA,NA,NA,NA,N,Y,4,0,1,2,A,-,03,22350,NA,N,C,C,A,A,H,-,D,D,0,NA,NA,NA,NA,Y,NA,A,01,0,0,1,0,0,0,0,0,0,-,-,33.76227951049805,-117.86386871337892,ORANGE,SANTA ANA,-117.86398315429688,33.76221466064453
90751994,2018,2018-06-20,9675,2018-06-09,1817,021914,NA,6,2,7,3001,0,1,3,NA,2,095,SR-91 EASTBOUND,GREEN RIVER ROAD,5000,W,N,A,-,Y,NA,NA,91,NA,NA,NA,NA,NA,E,N,3,0,1,3,A,-,07,21658,A,F,C,C,A,A,H,-,A,D,0,NA,NA,Y,NA,Y,NA,-,99,0,1,0,0,0,0,0,0,1,-,-,33.85459899902344,-117.79460906982422,ORANGE,ANAHEIM,-117.79461669921876,33.85416030883789
90752662,2018,2018-06-21,9675,2018-06-12,2123,022058,NA,2,2,7,3019,0,1,1,NA,2,502,I-5 NORTHBOUND,17TH STREET,1584,N,N,A,-,Y,NA,NA,5,NA,NA,NA,NA,NA,N,N,4,0,1,3,A,-,03,22350,NA,N,C,C,A,A,H,-,D,D,0,NA,NA,NA,NA,Y,NA,A,01,0,0,1,0,0,0,0,0,0,-,-,33.762481689453125,-117.8642578125,ORANGE,SANTA ANA,-117.86416625976563,33.762535095214844
90753484,2018,2018-06-22,9675,2018-06-14,0419,022058,NA,4,3,6,3008,0,1,3,NA,2,571,SR-57 SOUTHBOUND,NUTWOOD AVE,300,N,N,A,-,Y,NA,NA,57,NA,NA,NA,NA,NA,S,Y,4,0,1,1,A,-,08,22107,NA,N,E,I,A,A,H,-,D,D,0,NA,NA,NA,NA,Y,NA,A,01,0,0,1,0,0,0,0,0,0,-,-,33.879798889160156,-117.88079833984376,ORANGE,FULLERTON,-117.88055419921876,33.87980270385742
90754996,2018,2018-06-25,9670,2018-06-21,1330,021755,NA,4,1,5,3003,0,1,1,NA,2,500,I-5 N/B,BEACH BLVD,528,N,N,A,-,Y,NA,NA,5,NA,NA,NA,NA,NA,N,Y,4,0,1,2,A,-,03,22350,NA,N,C,C,A,A,H,-,A,D,0,NA,NA,NA,NA,Y,NA,A,01,0,0,1,0,0,0,0,0,0,-,-,33.87007141113281,-118.0048370361328,ORANGE,BUENA PARK,-118.00479125976563,33.870155334472656
90755345,2018,2018-06-25,9675,2018-06-16,0950,022073,NA,6,1,6,3008,0,1,3,NA,2,570,SR-57 SOUTHBOUND TO YORBA LINDA BLVD,YORBA LINDA BLVD,300,N,N,B,-,Y,NA,NA,57,NA,NA,NA,R,NA,S,N,4,0,1,2,A,-,03,22350,NA,N,C,C,A,A,H,-,A,D,0,NA,NA,NA,NA,Y,NA,A,07,0,0,1,0,0,0,0,0,0,-,-,33.889801025390625,-117.88191986083984,ORANGE,FULLERTON,-117.88191986083984,33.889801025390625
90755592,2018,2018-06-26,9675,2018-06-16,0155,021874,NA,6,3,6,3004,0,1,3,NA,2,553,SR-55 NORTHBOUND,DEL MAR AVE,2100,S,N,A,-,Y,NA,NA,55,NA,NA,NA,NA,NA,N,Y,3,0,1,2,A,-,07,21658,A,F,C,C,A,A,H,-,D,D,0,NA,NA,NA,NA,Y,NA,-,99,0,1,0,0,0,0,0,0,0,-,-,33.65843963623047,-117.9010772705078,ORANGE,COSTA MESA,-117.90169525146484,33.65904998779297
9075705,2020,2020-05-20,3000,2020-02-29,1015,9573,861J6,6,5,5,3050,0,0,0,NA,0,760,ALTON PKWY,COMMERCENTRE DR,0,NA,Y,A,-,N,NA,NA,NA,NA,NA,NA,NA,NA,NA,Y,3,0,2,2,A,-,12,21453,A,N,D,C,A,A,H,-,A,A,0,NA,NA,NA,NA,Y,NA,A,01,0,1,1,0,0,0,0,0,0,-,-,NA,NA,ORANGE,LAKE FOREST,-117.69010925292967,33.670021057128906
9075735,2020,2020-05-16,3022,2020-02-15,1135,1305,NA,6,5,5,3022,0,0,0,NA,0,NA,BENETA WY,SHASTA WY,292,W,N,A,-,N,NA,NA,NA,NA,NA,NA,NA,NA,NA,Y,4,0,1,2,A,-,08,22107,NA,N,B,E,A,A,H,-,A,D,0,NA,NA,NA,NA,Y,NA,A,01,0,0,1,0,0,0,0,0,0,-,-,33.75088882446289,-117.8198699951172,ORANGE,TUSTIN,-117.82112884521484,33.751075744628906
90757358,2018,2018-06-27,9675,2018-06-16,1306,020550,NA,6,1,5,3022,0,1,1,NA,2,503,I-5 NORTHBOUND,TUSTIN RANCH RD,0,NA,N,A,-,Y,NA,NA,5,NA,NA,NA,NA,NA,N,Y,4,0,1,2,A,-,03,22350,NA,N,C,C,A,A,H,-,A,D,0,NA,NA,NA,NA,Y,NA,A,01,0,0,1,0,0,0,0,0,0,-,-,33.724029541015625,-117.80123901367188,ORANGE,TUSTIN,-117.80123901367188,33.72403335571289
9075739,2020,2020-05-16,3022,2020-02-15,1320,1305,NA,6,5,5,3022,0,0,0,NA,0,NA,WALNUT AV,RAINTREE LN,140,E,N,A,-,N,NA,NA,NA,NA,NA,NA,NA,NA,NA,N,4,0,2,2,A,-,09,21802,A,N,C,C,A,A,H,-,A,D,0,NA,NA,NA,NA,Y,NA,A,07,0,0,2,0,0,0,0,0,0,-,-,33.7200813293457,-117.81047058105467,ORANGE,TUSTIN,-117.81038665771484,33.7195930480957
90762055,2018,2018-07-03,9675,2018-06-23,2057,021914,NA,6,2,6,3026,0,1,1,NA,2,504,I-5 NORTHBOUND,SAND CANYON AVE,1185,N,N,A,-,Y,NA,NA,NA,NA,NA,NA,NA,NA,NA,Y,2,0,1,2,A,-,03,22350,NA,N,C,C,A,A,H,-,C,D,0,NA,NA,Y,NA,Y,NA,C,02,1,0,0,0,0,0,0,0,1,-,-,33.4049186706543,-117.45394134521484,ORANGE,IRVINE,-117.7608642578125,33.680362701416016
90764343,2018,2018-07-06,9675,2018-06-30,2040,021691,NA,6,2,6,3015,0,1,3,NA,2,222,SR-22 EASTBOUND,LEWIS ST,300,E,N,A,-,Y,NA,NA,22,NA,NA,NA,NA,NA,E,Y,4,0,1,2,A,-,03,22350,NA,N,C,C,A,A,H,-,C,D,0,NA,NA,NA,NA,Y,NA,A,01,0,0,1,0,0,0,0,0,0,-,-,33.77851867675781,-117.89544677734376,ORANGE,ORANGE,-117.89547729492188,33.77866744995117
90764745,2018,2018-07-09,9675,2018-07-05,1531,021809,NA,4,2,7,3019,0,1,1,NA,2,503,I-5 N/B,RED HILL AVE,1000,S,N,A,-,Y,NA,NA,NA,NA,NA,NA,NA,NA,NA,N,4,0,1,2,A,-,03,22350,NA,N,C,C,A,A,H,-,A,D,0,NA,NA,NA,NA,Y,NA,A,01,0,0,1,0,0,0,0,0,0,-,-,33.730228424072266,-117.81008911132813,ORANGE,SANTA ANA,-117.8127670288086,33.73188018798828
90765271,2018,2018-07-09,9675,2018-07-01,1415,021386,NA,7,2,6,3004,0,1,3,NA,2,553,STATE ROUTE 55 SOUTHBOUND,22ND STREET,300,S,N,A,-,Y,NA,NA,55,NA,NA,NA,NA,NA,S,Y,3,0,2,2,A,-,03,22350,NA,N,F,A,A,A,H,-,A,D,0,NA,NA,Y,NA,Y,NA,C,02,0,2,0,0,0,0,0,0,2,-,-,33.65121078491211,-117.90940856933594,ORANGE,COSTA MESA,-117.90932464599608,33.651126861572266
90766230,2018,2018-07-10,9675,2018-07-04,0120,021691,NA,3,3,7,3001,0,1,3,NA,2,572,SR-57 SOUTHBOUND,KATELLA AVE,300,N,N,A,-,Y,NA,NA,57,NA,NA,NA,NA,NA,S,Y,3,0,1,2,A,-,08,22107,NA,N,B,C,A,A,H,-,C,D,0,NA,NA,NA,NA,Y,NA,A,01,0,1,0,0,0,0,0,0,0,-,-,33.80693054199219,-117.88023376464844,ORANGE,ANAHEIM,-117.88026428222656,33.80693435668945
90766651,2018,2018-07-11,9675,2018-07-01,1335,021960,NA,7,1,7,3001,0,1,3,NA,2,094,SR-91 W/B,IMPERIAL HIGHWAY,1056,W,N,A,-,Y,NA,NA,91,NA,NA,NA,NA,NA,W,Y,3,0,2,3,A,-,03,22350,NA,N,C,C,A,A,H,-,A,D,0,NA,NA,NA,NA,Y,NA,A,07,0,1,1,0,0,0,0,0,0,-,-,33.85443878173828,-117.79501342773438,ORANGE,ANAHEIM,-117.79501342773438,33.854400634765625
90767660,2018,2018-07-12,9675,2018-07-06,2226,021483,NA,5,3,6,3008,0,1,3,NA,2,571,SR-57 N/B TO YORBA LINDA BLVD.,YORBA LINDA BLVD,250,S,N,A,-,Y,NA,NA,57,NA,NA,NA,R,NA,N,Y,4,0,3,2,A,-,03,22350,NA,N,C,C,A,A,H,-,C,D,0,NA,NA,NA,NA,Y,NA,A,01,0,0,3,0,0,0,0,0,0,-,-,33.88840103149414,-117.87896728515624,ORANGE,FULLERTON,-117.87896728515624,33.88840103149414
9076851,2020,2020-10-09,3005,2020-03-13,1213,8081,C42,5,5,4,3005,0,0,0,NA,0,003,KATELLA AV,KNOTT AV,85,W,N,C,-,N,NA,NA,NA,NA,NA,NA,NA,NA,NA,Y,3,0,2,2,A,-,03,22350,NA,N,C,C,A,B,H,-,A,A,0,NA,NA,NA,NA,Y,NA,A,01,0,2,0,0,0,0,0,0,0,-,-,NA,NA,ORANGE,CYPRESS,-118.01130676269533,33.80295181274414
90768712,2018,2018-07-13,9675,2018-07-10,1754,021377,NA,2,2,6,3015,0,1,3,NA,2,222,SR-22 EASTBOUND,BRISTOL ST,700,W,N,A,-,Y,NA,NA,22,NA,NA,NA,NA,NA,E,N,4,0,1,2,A,-,03,22350,NA,N,C,C,A,A,H,-,A,D,0,NA,NA,NA,NA,Y,NA,A,01,0,0,1,0,0,0,0,0,0,-,-,33.77891159057617,-117.88607788085938,ORANGE,ORANGE,-117.88607788085938,33.77895736694336
90768770,2018,2018-07-13,9675,2018-07-08,0955,022073,NA,7,1,6,3015,0,1,3,NA,2,222,SR-22 EASTBOUND TO GRAND AVENUE,GRAND AVE,1000,W,N,A,-,Y,NA,NA,22,NA,NA,NA,R,NA,E,Y,4,0,1,2,A,-,21,22106,NA,N,C,C,A,A,H,-,A,D,0,NA,NA,NA,NA,Y,NA,D,22,0,0,1,0,0,0,0,0,0,-,-,33.776710510253906,-117.85648345947266,ORANGE,ORANGE,-117.85648345947266,33.776710510253906
90768774,2018,2018-07-13,9675,2018-07-09,0730,022073,NA,1,1,7,3019,0,1,1,NA,2,502,I-5 SOUTHBOUND,MAIN ST,550,S,N,A,-,Y,NA,NA,5,NA,NA,NA,NA,NA,S,Y,4,0,2,4,A,-,03,22350,NA,N,C,C,A,A,H,-,A,D,0,NA,NA,NA,NA,Y,NA,A,07,0,0,2,0,0,0,0,0,0,-,-,33.76539993286133,-117.86621856689452,ORANGE,SANTA ANA,-117.86627960205078,33.76536560058594
9076906,2020,2020-10-09,3001,2020-03-13,1221,A1032,NA,5,5,7,3001,0,0,0,NA,0,D 3,BALL RD,OX RD,84,E,N,B,C,N,NA,NA,NA,NA,NA,NA,NA,NA,NA,Y,4,0,2,3,A,-,03,22350,NA,N,C,C,A,B,H,-,A,A,0,NA,NA,NA,NA,Y,NA,D,22,0,0,2,0,0,0,0,0,0,-,-,33.81694030761719,-117.92064666748048,ORANGE,ANAHEIM,-117.92010498046876,33.81819534301758
90769443,2018,2018-07-16,9675,2018-07-09,0905,017833,NA,1,1,6,3004,0,1,3,NA,2,553,SR-55 NORTHBOUND,BAY ST,758,S,N,A,-,Y,NA,NA,NA,NA,NA,NA,NA,NA,NA,Y,4,0,1,3,A,-,07,21658,A,N,B,A,A,A,H,-,A,D,0,NA,NA,NA,NA,Y,NA,D,22,0,0,1,0,0,0,0,0,0,-,-,35.646968841552734,-117.91300964355467,ORANGE,COSTA MESA,-117.91409301757813,33.64609146118164
9076946,2020,2020-06-10,3001,2020-02-27,0638,A1555,D2,4,5,7,3001,0,0,0,NA,0,0D2,BROADWAY,EAST ST,0,NA,Y,A,-,N,NA,NA,NA,NA,NA,NA,NA,NA,NA,Y,4,0,1,2,A,-,12,21453,A,N,D,C,A,A,H,-,A,A,0,NA,NA,NA,NA,Y,NA,D,22,0,0,1,0,0,0,0,0,0,-,-,33.83607864379883,-117.90213775634766,ORANGE,ANAHEIM,-117.90193939208984,33.83591842651367
90769936,2018,2018-07-16,9670,2018-07-11,0850,021242,NA,3,1,7,3001,0,1,3,NA,2,093,SR-91 W/B,RAYMOND ST,528,E,N,A,-,Y,NA,NA,91,NA,NA,NA,NA,NA,W,Y,4,0,1,2,A,-,03,22350,NA,N,C,C,A,A,H,-,A,D,0,NA,NA,NA,NA,Y,NA,A,07,0,0,1,0,0,0,0,0,0,-,-,33.85398864746094,-117.90267181396484,ORANGE,ANAHEIM,-117.90267181396484,33.853981018066406
90771379,2018,2018-07-18,9670,2018-07-14,2215,021719,NA,6,3,5,3007,0,1,1,NA,2,040,I-405 N/B,WARD ST,300,S,N,A,-,Y,NA,NA,405,NA,NA,NA,NA,NA,N,Y,4,0,2,3,A,-,03,22350,NA,N,C,C,A,A,H,-,D,D,0,NA,NA,NA,NA,Y,NA,A,07,0,0,2,0,0,0,0,0,0,-,-,33.699771881103516,-117.94470977783205,ORANGE,FOUNTAIN VALLEY,-117.94469451904295,33.699806213378906
90771508,2018,2018-07-18,9670,2018-07-11,1150,022075,NA,3,1,9,3000,0,3,5,NA,2,002,"PRIVATE DRIVEWAY, 9191 RANDALL AVENUE",KOOPMANS WAY,57,W,N,A,-,N,NA,NA,NA,NA,NA,NA,NA,NA,NA,N,3,0,1,2,A,-,13,22515,A,N,E,I,A,A,H,-,A,D,0,NA,NA,NA,NA,Y,NA,A,01,0,1,0,0,0,0,0,0,0,-,-,33.94173049926758,-117.97335815429688,ORANGE,UNINCORPORATED,-117.97328948974608,33.94157791137695
90772012,2018,2018-07-18,9675,2018-07-10,1200,019394,NA,2,1,6,3015,0,1,3,NA,2,222,SR-22 EASTBOUND,LEWIS ST.,570,E,N,A,-,Y,NA,NA,NA,NA,NA,NA,NA,NA,NA,Y,3,0,2,2,A,-,03,22350,NA,N,C,C,A,A,H,-,A,D,0,NA,NA,NA,NA,Y,NA,A,01,0,1,1,0,0,0,0,0,0,-,-,33.464298248291016,-117.53410339355467,ORANGE,ORANGE,-117.89467620849608,33.778778076171875
9077459,2020,2020-07-03,3000,2020-02-26,1705,6717,861C6,3,5,5,3050,0,0,0,NA,0,18762,PORTOLA PKWY,LAKE FOREST DR,366,N,N,A,-,N,NA,NA,NA,NA,NA,NA,NA,NA,NA,Y,4,0,1,2,A,-,03,22350,NA,N,C,C,A,A,H,-,B,A,0,NA,NA,NA,NA,Y,NA,A,01,0,0,1,0,0,0,0,0,0,-,-,33.403411865234375,-117.39309692382813,ORANGE,LAKE FOREST,-117.65856170654295,33.67607116699219
90774725,2018,2018-07-23,9675,2018-06-24,1255,021982,NA,7,1,6,3004,0,1,3,NA,2,553,SR-55 S/B,MAIN ST,1000,N,N,A,-,Y,NA,NA,NA,NA,NA,NA,NA,NA,NA,Y,4,0,1,3,A,-,03,22350,NA,F,C,C,A,A,H,-,A,D,0,NA,NA,NA,NA,Y,NA,A,07,0,0,1,0,0,0,0,0,0,-,-,33.695770263671875,-117.86457061767578,ORANGE,COSTA MESA,-117.86579895019533,33.69430160522461
9077772,2020,2020-10-09,3001,2020-02-23,2117,1851,D2,7,5,7,3001,0,0,0,NA,0,NA,PLACENTIA AV,STATE COLLEGE BL,0,NA,Y,A,-,N,NA,NA,NA,NA,NA,NA,NA,NA,NA,Y,3,0,2,2,A,-,12,21453,A,N,D,C,A,A,H,-,C,A,0,NA,NA,NA,NA,Y,NA,A,01,0,2,0,0,0,0,0,0,0,-,-,NA,NA,ORANGE,ANAHEIM,-117.88919067382813,33.850868225097656
90778706,2018,2018-07-27,9675,2018-07-18,1800,021613,NA,3,2,6,3015,0,1,3,NA,2,551,SR-55 NORTHBOUND,CHAPMAN AVE,1000,S,N,A,-,Y,NA,NA,55,NA,NA,NA,NA,NA,N,N,4,0,1,2,A,-,03,22350,NA,N,C,C,A,A,H,-,A,D,0,NA,NA,NA,NA,Y,NA,D,22,0,0,1,0,0,0,0,0,0,-,-,33.78200149536133,-117.83090209960938,ORANGE,ORANGE,-117.8309326171875,33.78200149536133
90778910,2018,2018-07-27,9675,2018-07-19,1308,019404,NA,4,1,7,3001,0,1,3,NA,2,093,SR-91 WESTBOUND,SUNKIST ST,300,E,N,A,-,Y,NA,NA,91,NA,NA,NA,NA,NA,W,Y,4,0,1,2,A,-,08,22107,NA,N,B,C,A,A,H,-,A,D,0,NA,NA,NA,Y,Y,NA,A,07,0,0,1,0,0,0,0,0,0,-,-,33.85102081298828,-117.87830352783205,ORANGE,ANAHEIM,-117.87828826904295,33.85103988647461
90779864,2018,2018-07-30,9670,2018-07-27,0900,016209,NA,5,1,7,3001,0,1,3,NA,2,094,SR-91 E/B (RIVERSIDE FREEWAY),ANAHEIM BLVD.,220,W,N,A,-,Y,NA,NA,91,NA,NA,NA,NA,NA,E,N,4,0,1,2,A,-,03,22350,NA,N,C,C,A,A,H,-,A,D,0,NA,NA,NA,Y,Y,NA,F,27,0,0,1,0,0,0,0,0,0,-,-,33.85403823852539,-117.92076873779295,ORANGE,ANAHEIM,-117.9207763671875,33.85408020019531
90780145,2018,2018-07-30,9670,2018-07-22,1230,021459,NA,7,1,5,3003,0,1,1,NA,2,500,I-5 N/B,ARTESIA BLVD,1000,S,N,A,-,Y,NA,NA,5,NA,NA,NA,NA,NA,N,N,4,0,2,2,A,-,03,22350,NA,N,C,C,A,A,H,-,A,D,0,NA,NA,NA,NA,Y,NA,-,99,0,0,2,0,0,0,0,0,0,-,-,33.87126922607422,-118.00684356689452,ORANGE,BUENA PARK,-118.0068359375,33.871280670166016
90781028,2018,2018-07-31,9690,2018-07-26,0155,017988,NA,4,3,5,3017,0,1,1,NA,2,059,I-5 N/B (SAN DIEGO FRWY),EL CAMINO REAL,500,N,N,A,-,Y,NA,NA,5,NA,NA,NA,NA,NA,N,Y,3,0,1,1,A,-,01,23152,A,N,E,J,A,A,H,-,C,D,0,NA,NA,NA,NA,Y,Y,A,01,0,1,0,0,0,0,0,0,0,-,-,33.420650482177734,-117.606689453125,ORANGE,SAN CLEMENTE,-117.60659027099608,33.420738220214844
9078106,2020,2020-07-09,3003,2020-03-23,1750,1184,NA,1,5,5,3003,0,0,0,NA,0,NA,STAGE RD,MCCOMBER RD,0,NA,Y,A,-,N,NA,NA,NA,NA,NA,NA,NA,NA,NA,Y,4,0,2,2,A,-,09,21801,A,N,D,C,A,A,H,-,A,D,0,NA,NA,NA,NA,Y,NA,A,01,0,0,2,0,0,0,0,0,0,-,-,33.88309860229492,-118.00189971923828,ORANGE,BUENA PARK,-118.0019989013672,33.88311004638672
90783494,2018,2018-08-03,9675,2018-07-24,2050,020091,NA,2,2,9,3000,0,1,1,NA,2,405,I-405 NORTHBOUND,RED HILL AVE,800,S,N,A,-,Y,NA,NA,405,NA,NA,NA,NA,NA,N,Y,4,0,1,2,A,-,03,22350,NA,N,C,C,A,A,H,-,D,D,0,NA,NA,NA,NA,Y,Y,A,01,0,0,1,0,0,0,0,0,0,-,-,33.68584060668945,-117.86358642578124,ORANGE,UNINCORPORATED,-117.86360931396484,33.6858024597168
90783529,2018,2018-08-03,9675,2018-07-24,1149,018017,NA,2,1,7,3001,0,1,3,NA,2,094,SR-91 WESTBOUND,IMPERIAL HIGHWAY,2000,E,N,A,-,Y,NA,NA,91,NA,NA,NA,NA,NA,W,Y,4,0,1,2,A,-,07,21658,A,N,B,C,A,A,H,-,A,D,0,NA,NA,NA,Y,Y,NA,G,25,0,0,1,0,0,0,0,0,0,-,-,33.856998443603516,-117.78410339355467,ORANGE,ANAHEIM,-117.7841796875,33.85715103149414
90786032,2018,2018-08-07,9675,2018-07-27,1415,021960,NA,5,2,7,3001,0,1,3,NA,2,095,SR-91 E/B,COAL CYN RD,50,E,N,A,-,Y,NA,NA,NA,NA,NA,NA,NA,NA,NA,Y,4,0,3,5,A,-,03,22350,NA,M,C,C,A,A,H,-,A,D,0,NA,NA,NA,NA,Y,NA,A,01,0,0,3,0,0,0,0,0,0,-,-,33.87001037597656,-117.67031860351563,ORANGE,ANAHEIM,NA,NA
90787520,2018,2018-08-09,9670,2018-07-30,1230,016209,NA,1,1,6,3008,0,1,3,NA,2,093,SR-91 W/B TO EUCLID ST.,EUCLID ST.,100,E,N,A,-,Y,NA,NA,91,NA,NA,NA,R,NA,W,N,4,0,1,2,A,-,03,22350,NA,N,C,C,A,A,H,-,A,A,0,NA,NA,NA,NA,Y,NA,A,01,0,0,1,0,0,0,0,0,0,-,-,33.85462951660156,-117.94130706787108,ORANGE,FULLERTON,-117.94130706787108,33.85462951660156