CASE_ID,ACCIDENT_YEAR,PROC_DATE,JURIS,COLLISION_DATE,COLLISION_TIME,OFFICER_ID,REPORTING_DISTRICT,DAY_OF_WEEK,CHP_SHIFT,POPULATION,CNTY_CITY_LOC,SPECIAL_COND,BEAT_TYPE,CHP_BEAT_TYPE,CITY_DIVISION_LAPD,CHP_BEAT_CLASS,BEAT_NUMBER,PRIMARY_RD,SECONDARY_RD,DISTANCE,DIRECTION,INTERSECTION,WEATHER_1,WEATHER_2,STATE_HWY_IND,CALTRANS_COUNTY,CALTRANS_DISTRICT,STATE_ROUTE,ROUTE_SUFFIX,POSTMILE_PREFIX,POSTMILE,LOCATION_TYPE,RAMP_INTERSECTION,SIDE_OF_HWY,TOW_AWAY,COLLISION_SEVERITY,NUMBER_KILLED,NUMBER_INJURED,PARTY_COUNT,PRIMARY_COLL_FACTOR,PCF_CODE_OF_VIOL,PCF_VIOL_CATEGORY,PCF_VIOLATION,PCF_VIOL_SUBSECTION,HIT_AND_RUN,TYPE_OF_COLLISION,MVIW,PED_ACTION,ROAD_SURFACE,ROAD_COND_1,ROAD_COND_2,LIGHTING,CONTROL_DEVICE,CHP_ROAD_TYPE,PEDESTRIAN_ACCIDENT,BICYCLE_ACCIDENT,MOTORCYCLE_ACCIDENT,TRUCK_ACCIDENT,NOT_PRIVATE_PROPERTY,ALCOHOL_INVOLVED,STWD_VEHTYPE_AT_FAULT,CHP_VEHTYPE_AT_FAULT,COUNT_SEVERE_INJ,COUNT_VISIBLE_INJ,COUNT_COMPLAINT_PAIN,COUNT_PED_KILLED,COUNT_PED_INJURED,COUNT_BICYCLIST_KILLED,COUNT_BICYCLIST_INJURED,COUNT_MC_KILLED,COUNT_MC_INJURED,PRIMARY_RAMP,SECONDARY_RAMP,LATITUDE,LONGITUDE,COUNTY,CITY,POINT_X,POINT_Y
91406921,2021,2021-02-11,9670,2021-02-02,2300,021715,NA,2,3,4,3020,0,1,1,NA,2,045,I-405 S/B,SEAL BEACH BLVD,500,S,N,A,-,Y,NA,NA,405,NA,NA,NA,NA,NA,S,Y,4,0,1,2,A,-,07,21658,A,F,B,C,A,A,D,E,C,D,0,NA,NA,NA,NA,Y,NA,A,01,0,0,1,0,0,0,0,0,0,-,-,33.77423858642578,-118.07180786132813,ORANGE,SEAL BEACH,-118.07180786132813,33.774261474609375
91408596,2021,2021-02-16,9675,2021-02-06,2124,021691,NA,6,2,7,3019,0,1,1,NA,2,502,I-5 SOUTHBOUND,GRAND AVE,1000,S,N,A,-,Y,NA,NA,5,NA,NA,NA,NA,NA,S,Y,4,0,1,4,A,-,03,22350,NA,N,C,C,A,A,H,-,C,D,0,NA,NA,NA,NA,Y,NA,A,01,0,0,1,0,0,0,0,0,0,-,-,33.753170013427734,-117.84883880615234,ORANGE,SANTA ANA,-117.8488540649414,33.75314712524414
9141034,2020,2020-10-14,3010,2020-08-19,1206,1059,251,3,5,6,3010,0,0,0,NA,0,007,EDINGER AV,GOLDENWEST ST,576,E,N,A,-,N,NA,NA,NA,NA,NA,NA,NA,NA,NA,Y,4,0,1,2,A,-,08,22107,NA,N,B,C,A,A,H,-,A,A,0,NA,NA,NA,NA,Y,NA,A,01,0,0,1,0,0,0,0,0,0,-,-,33.73006820678711,-118.00662231445313,ORANGE,HUNTINGTON BEACH,-118.0048828125,33.73011016845703
91410642,2021,2021-02-18,9675,2021-02-11,1855,019018,NA,4,2,7,3019,0,1,3,NA,2,552,SR-55 NORTHBOUND,MCFADDEN AVE,1000,S,N,A,-,Y,NA,NA,55,NA,NA,NA,NA,NA,N,Y,4,0,1,2,A,-,03,22350,NA,N,C,C,A,A,H,-,C,D,0,NA,NA,NA,NA,Y,NA,A,01,0,0,1,0,0,0,0,0,0,-,-,33.7264404296875,-117.83470153808594,ORANGE,SANTA ANA,-117.8349380493164,33.72655487060547
91411652,2021,2021-02-19,9670,2021-02-16,0830,018757,NA,2,1,5,3007,0,1,1,NA,2,041,I-405 S/B,BROOKHURST ST,1320,N,N,B,-,Y,NA,NA,405,NA,NA,NA,NA,NA,S,Y,4,0,1,2,A,-,03,22350,NA,F,C,C,A,A,D,E,A,D,0,NA,NA,NA,NA,Y,NA,-,99,0,0,1,0,0,0,0,0,0,-,-,33.7081184387207,-117.95786285400392,ORANGE,FOUNTAIN VALLEY,-117.95790863037108,33.708065032958984
9141243,2020,2020-11-30,3010,2020-08-16,1104,1044,473,7,5,6,3010,0,0,0,NA,0,002,RT 1,NEWLAND,233,W,N,A,-,Y,ORA,12,1,-,-,23.31,H,-,S,Y,4,0,1,2,A,-,01,23153,A,N,C,J,A,A,-,-,A,A,0,NA,NA,NA,NA,Y,Y,A,01,0,0,1,0,0,0,0,0,0,-,-,NA,NA,ORANGE,HUNTINGTON BEACH,-117.98185729980467,33.644569396972656
91413649,2021,2021-02-23,9670,2021-02-13,0905,018687,NA,6,1,9,3000,0,3,5,NA,2,004,CERRITOS AVE.,GILBERT ST.,0,NA,Y,B,-,N,NA,NA,NA,NA,NA,NA,NA,NA,NA,Y,4,0,3,2,A,-,12,21453,A,N,D,C,A,A,H,-,A,A,0,NA,NA,NA,NA,Y,NA,D,22,0,0,3,0,0,0,0,0,0,-,-,33.81039810180664,-117.96759033203124,ORANGE,UNINCORPORATED,-117.96758270263672,33.81039810180664
91413662,2021,2021-02-23,9675,2021-02-18,0630,016299,NA,4,1,7,3001,0,1,3,NA,2,095,STATE ROUTE 91 EASTBOUND,GYPSUM CANYON ROAD,2500,E,N,A,-,Y,NA,NA,91,NA,NA,NA,NA,NA,E,Y,4,0,2,4,A,-,03,22350,NA,F,C,C,A,A,H,-,A,D,0,NA,NA,NA,NA,Y,NA,A,01,0,0,2,0,0,0,0,0,0,-,-,33.87007141113281,-117.70430755615234,ORANGE,ANAHEIM,-117.70427703857422,33.87000274658203
91414163,2021,2021-02-24,9675,2021-02-17,1645,018714,NA,3,2,6,3004,0,1,1,NA,2,405,I-405 N/B,HARBOR BLVD,200,S,N,A,-,Y,NA,NA,NA,NA,NA,NA,NA,NA,NA,Y,4,0,1,2,A,-,07,21658,A,N,C,C,A,A,H,-,A,D,0,NA,NA,NA,NA,Y,NA,A,07,0,0,1,0,0,0,0,0,0,-,-,33.4119987487793,-117.55069732666016,ORANGE,COSTA MESA,-117.91855621337892,33.68901824951172
9141515,2020,2020-09-17,3009,2020-07-10,1755,4282,053,5,5,6,3009,0,0,0,NA,0,1-1,WESTERN AV,CHAPMAN AV,90,S,N,A,-,N,NA,NA,NA,NA,NA,NA,NA,NA,NA,N,4,0,1,2,A,-,03,22350,NA,M,C,C,A,A,H,-,A,A,0,NA,NA,NA,NA,Y,NA,-,99,0,0,1,0,0,0,0,0,0,-,-,NA,NA,ORANGE,GARDEN GROVE,-118.00153350830078,33.788082122802734
91415401,2021,2021-02-25,9675,2021-02-22,1535,020033,NA,1,2,4,3002,0,1,3,NA,2,570,SR-57 S/B (ORANGE FREEWAY),BASTANCHURY RD,634,S,N,A,-,Y,NA,NA,NA,NA,NA,NA,NA,NA,NA,Y,4,0,1,3,A,-,03,22350,NA,N,C,C,A,A,H,-,A,D,0,NA,NA,NA,NA,Y,NA,A,01,0,0,1,0,0,0,0,0,0,-,-,33.89458084106445,-117.8808822631836,ORANGE,BREA,-117.88092803955078,33.89495849609375
91419581,2021,2021-03-03,9675,2021-02-28,1849,020031,NA,7,2,6,3026,0,1,1,NA,2,504,I-5 NORTHBOUND,LAKE FOREST DR,900,N,N,A,-,Y,NA,NA,5,NA,NA,NA,NA,NA,N,Y,3,0,1,2,A,-,01,23152,A,N,B,C,A,A,H,-,C,A,0,NA,NA,NA,NA,Y,Y,A,07,0,1,0,0,0,0,0,0,0,-,-,33.63045120239258,-117.72228240966795,ORANGE,IRVINE,-117.72232055664063,33.630409240722656
91423561,2021,2021-03-09,9675,2021-03-06,1417,021633,NA,6,2,9,3000,0,3,5,NA,2,002,ERVIN LANE W/B,CURRIE CIR,80,W,N,A,-,N,NA,NA,NA,NA,NA,NA,NA,NA,NA,Y,4,0,1,2,C,-,18,NA,NA,N,A,E,A,A,H,-,A,D,0,NA,NA,NA,NA,Y,NA,-,-,0,0,1,0,0,0,0,0,0,-,-,33.763301849365234,-117.80078887939452,ORANGE,UNINCORPORATED,-117.80070495605467,33.763328552246094
91425555,2021,2021-03-19,9690,2021-03-02,2245,017988,NA,2,3,4,3029,0,1,1,NA,2,058,I-5 N/B (SAN DIEGO FRWY),CAMINO DE ESTRELLA,50,N,N,A,-,Y,NA,NA,5,NA,NA,NA,NA,NA,N,Y,2,0,1,2,A,-,01,23152,A,N,C,C,A,A,H,-,C,D,0,NA,NA,NA,Y,Y,Y,A,01,1,0,0,0,0,0,0,0,0,-,-,33.459110260009766,-117.65606689453124,ORANGE,DANA POINT,-117.6561279296875,33.45901107788086
91427165,2021,2021-03-15,9670,2021-03-11,0623,017858,NA,4,1,7,3001,0,1,3,NA,2,094,SR-91 E/B FROM LEMON AVE,LEMON AVE,600,E,N,A,-,Y,NA,NA,91,NA,NA,NA,R,NA,E,Y,4,0,1,2,A,-,03,22350,NA,N,C,C,A,A,H,-,A,A,0,NA,NA,NA,NA,Y,NA,A,01,0,0,1,0,0,0,0,0,0,-,-,33.8537483215332,-117.91739654541016,ORANGE,ANAHEIM,-117.91739654541016,33.8537483215332
91430837,2021,2021-03-19,9670,2021-03-01,0030,021071,NA,1,3,6,3009,0,1,3,NA,2,023,SR-22 W/B,EUCLID ST,1584,W,N,A,-,Y,NA,NA,22,NA,NA,NA,NA,NA,W,Y,3,0,1,2,A,-,01,23152,A,N,B,C,A,A,H,-,C,D,0,NA,NA,NA,Y,Y,Y,A,01,0,1,0,0,0,0,0,0,0,-,-,33.76613998413086,-117.94290161132813,ORANGE,GARDEN GROVE,-117.94290161132813,33.766075134277344
91434146,2021,2021-03-24,9675,2021-03-17,1535,018102,NA,3,2,4,3002,0,1,3,NA,2,570,SR-57 NORTHBOUND,TONNER CANYON ROAD,200,S,N,A,-,Y,NA,NA,57,NA,NA,NA,NA,NA,N,N,4,0,1,2,A,-,03,22350,NA,N,C,C,A,A,H,-,A,D,0,NA,NA,NA,NA,Y,NA,D,22,0,0,1,0,0,0,0,0,0,-,-,33.93851852416992,-117.87706756591795,ORANGE,BREA,-117.8769989013672,33.93848419189453
91434446,2021,2021-03-24,9675,2021-03-18,0846,018087,NA,4,1,6,3026,0,1,1,NA,2,504,I-5 SOUTHBOUND,TECHNOLOGY DR.,200,S,N,A,-,Y,NA,NA,5,NA,NA,NA,NA,NA,S,Y,3,0,1,1,A,-,08,22107,NA,N,E,I,A,A,H,-,A,D,0,NA,NA,NA,NA,Y,NA,A,07,0,1,0,0,0,0,0,0,0,-,-,33.672080993652344,-117.75562286376952,ORANGE,IRVINE,-117.75576019287108,33.67205047607422
9143614,2020,2020-10-14,3001,2020-08-10,2124,A2187,D1,1,5,7,3001,0,0,0,NA,0,NA,BROOKHURST ST,ORANGE ST,0,NA,Y,A,-,N,NA,NA,NA,NA,NA,NA,NA,NA,NA,N,4,0,1,2,A,-,12,21453,A,M,D,C,A,A,H,-,A,A,0,NA,NA,NA,NA,Y,NA,A,07,0,0,1,0,0,0,0,0,0,-,-,33.82442092895508,-117.9589385986328,ORANGE,ANAHEIM,-117.9589385986328,33.82503128051758
9143620,2020,2020-10-14,3001,2020-08-04,2101,A1047,NA,2,5,7,3001,0,0,0,NA,0,0D2,SOUTH ST,ANAHEIM BL,0,NA,Y,A,-,N,NA,NA,NA,NA,NA,NA,NA,NA,NA,N,4,0,1,2,A,-,12,21453,A,N,D,C,A,A,H,-,C,A,0,NA,NA,NA,NA,Y,NA,A,01,0,0,1,0,0,0,0,0,0,-,-,33.82653045654297,-117.91118621826172,ORANGE,ANAHEIM,-117.91098785400392,33.82672882080078
91437872,2021,2021-03-29,9670,2021-03-25,1830,021459,NA,4,2,5,3024,0,1,1,NA,2,042,I-405 S/B,BOLSA CHICA RD,528,S,N,A,-,Y,NA,NA,405,NA,NA,NA,NA,NA,S,Y,3,0,1,1,A,-,08,22107,NA,N,E,I,A,A,D,E,A,D,0,NA,NA,NA,NA,Y,NA,A,01,0,1,0,0,0,0,0,0,0,-,-,33.77214813232422,-118.03778076171876,ORANGE,WESTMINSTER,-118.03783416748048,33.7720832824707
91437881,2021,2021-03-29,9675,2021-03-19,0020,021960,NA,5,3,6,3026,0,1,1,NA,2,504,I-5 S/B TO ALTON PKWY,ALTON PKWY,440,S,N,A,-,Y,NA,NA,5,NA,NA,NA,R,NA,S,Y,2,0,1,1,A,-,01,23152,G,N,E,I,A,A,H,-,C,D,0,NA,NA,NA,NA,Y,Y,A,07,1,0,0,0,0,0,0,0,0,-,-,33.65436935424805,-117.74366760253906,ORANGE,IRVINE,-117.74366760253906,33.65436935424805
91439451,2021,2021-03-30,9675,2021-03-23,1630,018714,NA,2,2,6,3004,0,1,3,NA,2,553,SR-55 N/B,BAKER ST,440,S,N,A,-,Y,NA,NA,NA,NA,NA,NA,NA,NA,NA,N,4,0,1,2,A,-,03,22350,NA,N,C,C,A,A,H,-,A,D,0,NA,NA,NA,NA,Y,NA,A,01,0,0,1,0,0,0,0,0,0,-,-,33.404300689697266,-117.52480316162108,ORANGE,COSTA MESA,-117.88011932373048,33.678955078125
91442996,2021,2021-04-05,9675,2021-03-27,1605,021982,NA,6,2,7,3001,0,1,3,NA,2,095,SR-91 E/B,COAL CYN RD,2000,E,N,A,-,Y,NA,NA,91,NA,NA,NA,NA,NA,E,Y,4,0,1,3,A,-,03,22350,NA,N,C,C,A,A,H,-,A,D,0,NA,NA,NA,NA,Y,NA,A,01,0,0,1,0,0,0,0,0,0,-,-,33.86869812011719,-117.67771911621094,ORANGE,ANAHEIM,-117.6777114868164,33.86878967285156
91448049,2021,2021-04-12,9675,2021-04-05,2248,021914,NA,1,3,6,3015,0,1,3,NA,2,551,SR-55 NORTHBOUND,FAIRHAVEN AVE,2200,N,N,A,-,Y,NA,NA,NA,NA,NA,NA,NA,NA,NA,Y,3,0,1,1,A,-,01,23152,A,N,E,I,A,A,H,-,C,D,0,NA,NA,NA,NA,Y,Y,A,07,0,1,0,0,0,0,0,0,0,-,-,33.776588439941406,-117.8379135131836,ORANGE,ORANGE,-117.83094787597656,33.779319763183594
9144849,2020,2020-11-06,3010,2020-08-28,1305,1208,456,5,5,6,3010,0,0,0,NA,0,002,ATLANTA AV,EL TORO LN,0,NA,Y,A,-,N,NA,NA,NA,NA,NA,NA,NA,NA,NA,Y,3,0,1,2,A,-,09,21801,A,N,D,C,A,A,H,-,A,D,0,NA,NA,NA,NA,Y,NA,D,22,0,1,0,0,0,0,0,0,0,-,-,33.65787124633789,-117.95623016357422,ORANGE,HUNTINGTON BEACH,-117.95594787597656,33.657840728759766
91448667,2021,2021-04-12,9675,2021-03-31,0820,017993,NA,3,1,6,3004,0,1,3,NA,2,553,SR-55 SOUTHBOUND,PAULARINO AVE,1500,N,N,A,-,Y,NA,NA,55,NA,NA,NA,NA,NA,S,Y,4,0,1,2,A,-,07,21658,A,N,C,C,A,A,H,-,A,D,0,NA,NA,NA,NA,Y,NA,A,01,0,0,1,0,0,0,0,0,0,-,-,33.68545913696289,-117.87413787841795,ORANGE,COSTA MESA,-117.87410736083984,33.685428619384766
91448681,2021,2021-04-12,9675,2021-04-02,1445,021274,NA,5,2,7,3001,0,1,3,NA,2,093,STATE ROUTE 91 E/B,TUSTIN AVE,385,W,N,A,-,Y,NA,NA,91,NA,NA,NA,NA,NA,E,N,4,0,2,4,A,-,03,22350,NA,N,C,C,A,A,H,-,A,D,0,NA,NA,NA,Y,Y,NA,G,25,0,0,2,0,0,0,0,0,0,-,-,33.85137939453125,-117.83927917480467,ORANGE,ANAHEIM,-117.83928680419922,33.851341247558594
9144870,2020,2020-10-26,3000,2020-06-16,2009,9315,797J2,2,5,4,3021,0,0,0,NA,0,422,MAIN ST,COURT AV,0,NA,Y,A,-,N,NA,NA,NA,NA,NA,NA,NA,NA,NA,N,4,0,1,2,A,-,00,22245,NA,N,D,G,A,A,H,-,B,D,0,NA,Y,NA,NA,Y,NA,D,22,0,0,1,0,0,0,1,0,0,-,-,NA,NA,ORANGE,STANTON,-117.9910888671875,33.80834197998047
91453830,2021,2021-04-20,9675,2021-04-11,1600,021377,NA,7,2,7,3001,0,1,3,NA,2,094,SR-91 WESTBOUND,LAKEVIEW AVE,0,NA,N,A,-,Y,NA,NA,91,NA,NA,NA,NA,NA,W,Y,3,0,1,2,A,-,03,22350,NA,N,C,C,A,A,H,-,A,D,0,NA,NA,NA,NA,Y,NA,A,01,0,1,0,0,0,0,0,0,0,-,-,33.8543815612793,-117.80799102783205,ORANGE,ANAHEIM,-117.80800628662108,33.85449981689453
91456910,2021,2021-04-23,9675,2021-04-15,1716,020699,NA,4,2,7,3019,0,1,1,NA,2,502,I-5 NORTHBOUND,4TH ST,500,S,N,A,-,Y,NA,NA,5,NA,NA,NA,NA,NA,N,N,4,0,1,2,A,-,03,22350,NA,F,C,C,A,A,H,-,A,D,0,NA,NA,NA,NA,Y,NA,-,99,0,0,1,0,0,0,0,0,0,-,-,33.747249603271484,-117.84278869628906,ORANGE,SANTA ANA,-117.84278106689452,33.74725341796875
91459088,2021,2021-04-27,9675,2021-04-25,0613,019897,NA,7,1,7,3001,0,1,3,NA,2,572,SR-57 SOUTHBOUND,BALL RD,1584,N,N,B,-,Y,NA,NA,57,NA,NA,NA,NA,NA,S,Y,3,0,1,3,A,-,01,23152,A,N,B,C,A,A,H,-,A,D,0,NA,NA,NA,NA,Y,Y,A,01,0,1,0,0,0,0,0,0,0,-,-,33.822410583496094,-117.87629699707033,ORANGE,ANAHEIM,-117.87629699707033,33.822410583496094
91460283,2021,2021-04-28,9690,2021-04-23,1255,016128,NA,5,1,9,3000,0,1,3,NA,1,074,SR 74 E/B (ORTEGA HWY),74 ORA 15.50,600,E,N,A,-,Y,NA,NA,74,NA,NA,NA,NA,NA,E,Y,2,0,1,1,A,-,03,22350,NA,N,E,A,A,A,H,-,A,D,0,NA,NA,Y,NA,Y,NA,C,02,1,0,0,0,0,0,0,0,1,-,-,33.5967903137207,-117.46411895751952,ORANGE,UNINCORPORATED,-117.46417999267578,33.596866607666016
9146350,2020,2020-10-15,3015,2020-08-07,1358,1250,TF134,5,5,6,3015,0,0,0,NA,0,331,CHAPMAN AV,NEWPORT BL,0,NA,Y,A,-,N,NA,NA,NA,NA,NA,NA,NA,NA,NA,Y,3,0,2,2,A,-,09,21453,C,N,A,C,A,A,H,-,A,A,0,NA,NA,NA,NA,Y,NA,A,01,0,1,1,0,0,0,0,0,0,-,-,33.793460845947266,-117.77137756347656,ORANGE,ORANGE,-117.77159881591795,33.79502868652344
9146362,2020,2020-12-01,3015,2020-08-20,1351,1240,RD11,4,5,6,3015,0,0,0,NA,0,723M,THE CITY DR,RT 5,0,NA,Y,A,-,Y,ORA,12,5,-,-,35.684,R,4,S,Y,3,0,1,2,A,-,12,21453,A,N,D,C,A,A,H,-,A,A,0,NA,NA,NA,NA,Y,NA,A,01,0,1,0,0,0,0,0,0,0,-,-,NA,NA,ORANGE,ORANGE,-117.89591217041016,33.79682159423828
9146404,2020,2020-10-20,3015,2020-08-06,1650,1598,154,4,5,6,3015,0,0,0,NA,0,712M2,SANTIAGO CANYON RD,AMAPOLA AV,1280,NA,N,A,-,N,NA,NA,NA,NA,NA,NA,NA,NA,NA,N,3,0,1,1,A,-,03,22350,NA,N,H,A,A,A,H,-,A,D,0,NA,NA,Y,NA,Y,NA,C,02,0,1,0,0,0,0,0,0,1,-,-,33.8025016784668,-117.76914978027344,ORANGE,ORANGE,-117.76943969726563,33.80411148071289
9146452,2020,2020-10-10,3003,2020-08-19,1625,1223,131,3,5,5,3003,0,0,0,NA,0,005,BALL RD,BERNADETTE AV,0,NA,Y,A,-,N,NA,NA,NA,NA,NA,NA,NA,NA,NA,N,3,0,1,2,A,-,03,22350,NA,N,D,G,A,A,H,-,A,D,0,NA,Y,NA,NA,Y,NA,A,07,0,1,0,0,0,0,1,0,0,-,-,33.81700134277344,-118.02200317382813,ORANGE,BUENA PARK,-118.02205657958984,33.81721115112305
9146459,2020,2020-10-10,3015,2020-08-05,1710,1598,RD174,3,5,6,3015,0,0,0,NA,0,712M,NEWPORT BL,SKYLARK PL,0,NA,Y,-,-,N,NA,NA,NA,NA,NA,NA,NA,NA,NA,Y,3,0,6,2,A,-,09,21802,A,N,D,C,A,A,H,-,A,D,0,NA,NA,NA,NA,Y,NA,A,01,0,5,1,0,0,0,0,0,0,-,-,33.78403091430664,-117.77088165283205,ORANGE,ORANGE,-117.77085876464844,33.783958435058594
91466007,2021,2021-05-05,9670,2021-04-29,1600,017951,NA,4,2,6,3009,0,1,3,NA,2,024,SR-22 EASTBOUND (GARDEN GROVE FREEWAY),NEWHOPE STREET,385,W,N,A,-,Y,NA,NA,22,NA,NA,NA,NA,NA,E,Y,3,0,2,3,A,-,03,22350,NA,N,C,C,A,A,H,-,A,D,0,NA,NA,NA,NA,Y,NA,A,07,0,1,1,0,0,0,0,0,0,-,-,33.76594924926758,-117.92767333984376,ORANGE,GARDEN GROVE,-117.92767333984376,33.76610565185547
91466364,2021,2021-05-05,9675,2021-04-29,1740,018102,NA,4,2,6,3026,0,1,1,NA,2,407,I-405 NORTHBOUND,SAND CANYON AVENUE,100,N,N,A,-,Y,NA,NA,405,NA,NA,NA,NA,NA,N,Y,3,0,1,4,A,-,03,22350,NA,N,C,C,A,A,H,-,A,D,0,NA,NA,NA,NA,Y,NA,A,07,0,1,0,0,0,0,0,0,0,-,-,33.6590690612793,-117.77989959716795,ORANGE,IRVINE,-117.77993774414063,33.65900421142578
91467383,2021,2021-05-06,9675,2021-05-01,1158,020018,NA,6,1,6,3026,0,1,1,NA,2,504,I-5 SOUTHBOUND,LAKE FOREST DR,600,N,N,A,-,Y,NA,NA,5,NA,NA,NA,NA,NA,S,Y,4,0,2,2,A,-,03,22350,NA,N,C,C,A,A,H,-,A,D,0,NA,NA,NA,NA,Y,NA,A,07,0,0,2,0,0,0,0,0,0,-,-,33.63309860229492,-117.72605895996094,ORANGE,IRVINE,-117.72604370117188,33.633121490478516
91468280,2021,2021-05-07,9675,2021-04-30,1945,020550,NA,5,2,6,3026,0,1,1,NA,2,530,I-5 NORTHBOUND,CULVER DR.,70,N,N,B,-,Y,NA,NA,5,NA,NA,NA,NA,NA,N,Y,4,0,1,2,A,-,08,22107,NA,N,E,I,A,A,H,-,D,D,0,NA,NA,NA,NA,Y,NA,A,08,0,0,1,0,0,0,0,0,0,-,-,33.71036148071289,-117.78257751464844,ORANGE,IRVINE,-117.78247833251952,33.71046447753906
91468646,2021,2021-05-10,9690,2021-05-01,1240,016722,NA,6,1,5,3028,0,1,1,NA,2,055,I-5 N/B (SAN DIEGO FRWY),ALICIA PKWY,900,N,N,A,-,Y,NA,NA,5,NA,NA,NA,NA,NA,N,Y,4,0,2,3,A,-,03,22350,NA,N,C,C,A,A,D,-,A,A,0,NA,NA,NA,NA,Y,NA,A,01,0,0,2,0,0,0,0,0,0,-,-,33.60689926147461,-117.69428253173828,ORANGE,MISSION VIEJO,-117.69428253173828,33.60688781738281
91470444,2021,2021-05-11,9675,2021-05-02,0150,020697,NA,7,3,6,3004,0,1,3,NA,2,073,SR-73 N/B TO I-405 N/B,FAIRVIEW RD,2000,S,N,B,-,Y,NA,NA,73,NA,NA,NA,R,NA,N,Y,4,0,1,2,A,-,03,22350,NA,N,C,C,A,A,H,-,C,D,0,NA,NA,NA,NA,Y,NA,A,01,0,0,1,0,0,0,0,0,0,-,-,33.688079833984375,-117.90100860595705,ORANGE,COSTA MESA,-117.90100860595705,33.688079833984375
91471587,2021,2021-05-12,9675,2021-05-05,0805,019897,NA,3,1,4,3002,0,1,3,NA,2,570,SR-57 SOUTHBOUND,IMPERIAL HIGHWAY,285,N,N,A,-,Y,NA,NA,57,NA,NA,NA,NA,NA,S,Y,4,0,2,4,A,-,07,21658,A,N,B,C,A,A,H,-,A,D,0,NA,NA,NA,Y,Y,NA,D,22,0,0,2,0,0,0,0,0,0,-,-,33.911739349365234,-117.8835906982422,ORANGE,BREA,-117.88372802734376,33.91176986694336
91472422,2021,2021-05-13,9675,2021-05-05,0405,021914,NA,3,3,4,3002,0,1,3,NA,2,570,SR-57 SOUTHBOUND,IMPERIAL HIGHWAY,0,NA,N,A,-,Y,NA,NA,57,NA,NA,NA,NA,NA,S,Y,4,0,1,2,A,-,07,21658,A,N,B,C,A,A,H,-,D,D,0,NA,NA,NA,Y,Y,NA,G,25,0,0,1,0,0,0,0,0,0,-,-,33.90790939331055,-117.88269805908205,ORANGE,BREA,-117.88257598876952,33.90798568725586
91473803,2021,2021-05-14,9670,2021-05-08,0735,019420,NA,6,1,9,3000,0,3,5,NA,2,003,HARRISBURG ROAD (11000 BLOCK),WALLINGSFORD ROAD,0,NA,Y,A,-,N,NA,NA,NA,NA,NA,NA,NA,NA,NA,Y,4,0,1,1,A,-,03,22350,NA,N,E,I,A,A,H,-,A,D,0,NA,NA,NA,NA,Y,NA,A,01,0,0,1,0,0,0,0,0,0,-,-,33.79669189453125,-118.07437133789063,ORANGE,UNINCORPORATED,-118.0744400024414,33.796783447265625
91474218,2021,2021-05-17,9675,2021-05-08,0200,021225,NA,6,3,6,3026,0,1,1,NA,2,504,I-5 NORTHBOUND,ALTON PKWY,1500,S,N,A,-,Y,NA,NA,5,NA,NA,NA,NA,NA,N,Y,3,0,1,1,A,-,08,22107,NA,N,E,I,A,A,H,-,D,D,0,NA,NA,NA,NA,Y,Y,D,22,0,1,0,0,0,0,0,0,0,-,-,33.65217971801758,-117.74076080322266,ORANGE,IRVINE,-117.74085235595705,33.6521110534668
91475250,2021,2021-05-18,9675,2021-05-08,1705,021690,NA,6,2,6,3015,0,1,3,NA,2,222,SR-22 W/B,CAMBRIDGE ST,20,W,N,A,-,Y,NA,NA,22,NA,NA,NA,NA,NA,W,Y,3,0,1,2,A,-,03,22350,NA,N,C,C,A,A,H,-,A,D,0,NA,NA,NA,NA,Y,NA,A,07,0,1,0,0,0,0,0,0,0,-,-,33.776161193847656,-117.8447265625,ORANGE,ORANGE,-117.84471893310548,33.77611541748047
91476062,2021,2021-05-18,9675,2021-05-12,2154,022038,NA,3,2,6,3026,0,1,1,NA,2,504,I-5 S/B (SAN DIEGO FWY),ALTON PKWY,1048,S,N,A,-,Y,NA,NA,5,NA,NA,NA,NA,NA,S,Y,4,0,3,1,A,-,08,22107,NA,N,E,I,A,A,H,-,D,D,0,NA,NA,NA,NA,Y,NA,A,08,0,0,3,0,0,0,0,0,0,-,-,33.65311050415039,-117.7421417236328,ORANGE,IRVINE,-117.7420654296875,33.653167724609375