CASE_ID,ACCIDENT_YEAR,PROC_DATE,JURIS,COLLISION_DATE,COLLISION_TIME,OFFICER_ID,REPORTING_DISTRICT,DAY_OF_WEEK,CHP_SHIFT,POPULATION,CNTY_CITY_LOC,SPECIAL_COND,BEAT_TYPE,CHP_BEAT_TYPE,CITY_DIVISION_LAPD,CHP_BEAT_CLASS,BEAT_NUMBER,PRIMARY_RD,SECONDARY_RD,DISTANCE,DIRECTION,INTERSECTION,WEATHER_1,WEATHER_2,STATE_HWY_IND,CALTRANS_COUNTY,CALTRANS_DISTRICT,STATE_ROUTE,ROUTE_SUFFIX,POSTMILE_PREFIX,POSTMILE,LOCATION_TYPE,RAMP_INTERSECTION,SIDE_OF_HWY,TOW_AWAY,COLLISION_SEVERITY,NUMBER_KILLED,NUMBER_INJURED,PARTY_COUNT,PRIMARY_COLL_FACTOR,PCF_CODE_OF_VIOL,PCF_VIOL_CATEGORY,PCF_VIOLATION,PCF_VIOL_SUBSECTION,HIT_AND_RUN,TYPE_OF_COLLISION,MVIW,PED_ACTION,ROAD_SURFACE,ROAD_COND_1,ROAD_COND_2,LIGHTING,CONTROL_DEVICE,CHP_ROAD_TYPE,PEDESTRIAN_ACCIDENT,BICYCLE_ACCIDENT,MOTORCYCLE_ACCIDENT,TRUCK_ACCIDENT,NOT_PRIVATE_PROPERTY,ALCOHOL_INVOLVED,STWD_VEHTYPE_AT_FAULT,CHP_VEHTYPE_AT_FAULT,COUNT_SEVERE_INJ,COUNT_VISIBLE_INJ,COUNT_COMPLAINT_PAIN,COUNT_PED_KILLED,COUNT_PED_INJURED,COUNT_BICYCLIST_KILLED,COUNT_BICYCLIST_INJURED,COUNT_MC_KILLED,COUNT_MC_INJURED,PRIMARY_RAMP,SECONDARY_RAMP,LATITUDE,LONGITUDE,COUNTY,CITY,POINT_X,POINT_Y
91660988,2021,2021-12-24,9675,2021-12-15,1705,020694,NA,3,2,6,3008,0,1,3,NA,2,570,SR-57 NORTHBOUND,IMPERIAL HIGHWAY,600,S,N,A,-,Y,NA,NA,57,NA,NA,NA,NA,NA,N,Y,4,0,1,2,A,-,03,22350,NA,N,C,C,A,A,H,-,B,D,0,NA,NA,NA,Y,Y,NA,F,27,0,0,1,0,0,0,0,0,0,-,-,33.90842819213867,-117.882568359375,ORANGE,FULLERTON,-117.8825454711914,33.908447265625
9166347,2020,2020-10-20,3008,2020-08-15,1740,1559,ZONE3,6,5,6,3008,0,0,0,NA,0,NA,STATE COLLEGE BL,ORANGETHORPE AV,0,NA,Y,A,-,N,NA,NA,NA,NA,NA,NA,NA,NA,NA,NA,4,0,2,2,A,-,12,21453,A,N,D,C,A,A,H,-,A,A,0,NA,NA,NA,NA,Y,NA,A,01,0,0,2,0,0,0,0,0,0,-,-,NA,NA,ORANGE,FULLERTON,-117.88941192626952,33.85963821411133
91663859,2021,2021-12-28,9675,2021-12-18,1812,020699,NA,6,2,9,3000,0,1,3,NA,2,130,SR-133 NORTHBOUND,SR-241 SOUTHBOUND,3875,S,N,A,-,Y,NA,NA,133,NA,NA,NA,NA,NA,N,Y,4,0,2,2,A,-,03,22350,NA,N,C,C,A,A,H,-,C,D,0,NA,NA,NA,NA,Y,NA,A,01,0,0,2,0,0,0,0,0,0,-,-,33.704410552978516,-117.72789001464844,ORANGE,UNINCORPORATED,-117.72772979736328,33.70424270629883
91665511,2021,2021-12-29,9690,2021-12-18,0500,020469,NA,6,3,5,3017,0,1,1,NA,2,059,I-5 S/B (SAN DIEGO FRWY),AVENIDA SAN LUIS REY,1000,S,N,A,-,Y,NA,NA,5,NA,NA,NA,NA,NA,S,N,3,0,1,4,A,-,08,22107,NA,M,F,I,A,A,H,-,C,D,0,NA,NA,NA,NA,Y,Y,D,22,0,1,0,0,0,0,0,0,0,-,-,33.40435028076172,-117.59795379638672,ORANGE,SAN CLEMENTE,-117.59788513183594,33.404380798339844
91665561,2021,2021-12-29,9675,2021-12-19,1850,021690,NA,7,2,5,3014,0,1,3,NA,2,073,SR-73 S/B,BRISTOL ST,100,S,N,A,-,Y,NA,NA,73,NA,NA,NA,NA,NA,S,Y,4,0,1,2,A,-,07,21658,A,N,B,C,A,A,H,-,C,D,0,NA,NA,NA,NA,Y,NA,A,01,0,0,1,0,0,0,0,0,0,-,-,33.66532897949219,-117.8794403076172,ORANGE,NEWPORT BEACH,-117.8793716430664,33.66539764404297
91669009,2021,2022-01-04,9675,2021-12-23,0843,016923,NA,4,1,7,3001,0,1,3,NA,2,093,SR-91 WESTBOUND,PLACENTIA AVENUE,800,E,N,C,-,Y,NA,NA,91,NA,NA,NA,NA,NA,W,Y,4,0,2,4,A,-,03,22350,NA,N,C,C,A,B,H,-,A,D,0,NA,NA,NA,NA,Y,NA,D,22,0,0,2,0,0,0,0,0,0,-,-,33.853179931640625,-117.88330078125,ORANGE,ANAHEIM,-117.88327026367188,33.85325241088867
9167197,2020,2021-01-12,3000,2020-10-07,1220,5013,921G6,3,5,5,3040,0,0,0,NA,0,741,LA PAZ RD,AVILA RD,310,N,N,A,-,N,NA,NA,NA,NA,NA,NA,NA,NA,NA,Y,4,0,1,2,A,-,09,21804,A,N,D,C,A,A,H,-,A,A,0,NA,NA,NA,NA,Y,NA,A,01,0,0,1,0,0,0,0,0,0,-,-,NA,NA,ORANGE,LAGUNA NIGUEL,-117.70794677734376,33.56425476074219
91672195,2022,2022-01-06,9690,2022-01-01,2330,020496,NA,6,3,9,3000,0,1,3,NA,1,074,SR-74,HOT SPRINGS CANYON RD,14784,W,N,A,-,Y,ORA,NA,74,NA,NA,15.34,H,NA,R,Y,3,0,1,1,A,-,01,23152,A,N,E,I,A,A,H,-,D,D,0,NA,NA,NA,NA,Y,Y,A,01,0,1,0,0,0,0,0,0,0,-,-,33.59170913696289,-117.47086334228516,ORANGE,UNINCORPORATED,-117.47089385986328,33.59165954589844
91673333,2021,2022-01-07,9675,2021-12-26,0136,022058,NA,7,3,7,3001,0,1,3,NA,2,094,SR-91 EASTBOUND TO WEIR CANYON ROAD,WEIR CANYON ROAD,725,W,N,B,C,Y,NA,NA,91,NA,NA,NA,R,NA,E,Y,3,0,1,1,A,-,01,23152,A,N,E,8,A,B,H,-,C,D,0,NA,NA,NA,NA,Y,Y,A,01,0,1,0,0,0,0,0,0,0,-,-,33.86922836303711,-117.7462921142578,ORANGE,ANAHEIM,-117.7462921142578,33.86922836303711
91674327,2021,2022-01-10,9670,2021-12-31,1535,020505,NA,5,2,9,3000,0,3,5,NA,2,005,BOLSA AVE (8200 BLOCK),MONROE ST,120,W,N,B,-,N,NA,NA,NA,NA,NA,NA,NA,NA,NA,Y,4,0,1,4,A,-,08,22107,NA,N,C,E,A,A,H,-,A,D,0,NA,NA,NA,NA,Y,NA,A,07,0,0,1,0,0,0,0,0,0,-,-,33.744781494140625,-117.98577117919922,ORANGE,UNINCORPORATED,-117.98565673828124,33.74470138549805
91674834,2022,2022-01-10,9670,2022-01-06,0810,016209,NA,4,1,5,3003,0,1,1,NA,2,500,I-5 N/B (SANTA ANA FREEWAY),BEACH BLVD.,50,N,N,A,-,Y,ORA,NA,5,NA,NA,43.413,H,NA,R,Y,2,0,1,2,A,-,07,21658,A,N,B,C,A,A,H,-,A,D,0,NA,NA,Y,NA,Y,NA,A,01,1,0,0,0,0,0,0,0,1,-,-,33.86629867553711,-117.9980010986328,ORANGE,BUENA PARK,-117.99790954589844,33.866416931152344
91675048,2021,2022-01-10,9675,2021-12-30,1255,019979,NA,4,1,6,3026,0,1,1,NA,2,503,I-5 NORTHBOUND TO JAMBOREE RD,JAMBOREE RD.,400,S,N,A,-,Y,NA,NA,5,NA,NA,NA,R,NA,N,N,4,0,2,2,A,-,03,22350,NA,F,C,C,A,A,H,-,A,A,0,NA,NA,NA,NA,Y,NA,-,99,0,0,2,0,0,0,0,0,0,-,-,33.71976852416992,-117.79308319091795,ORANGE,IRVINE,-117.79308319091795,33.71976852416992
91675338,2021,2022-01-19,9675,2021-12-29,1450,021960,NA,3,2,7,3019,0,1,3,NA,2,552,SR-55 NORTHBOUND TO DYER RD.,DYER RD.,8,S,N,C,-,Y,NA,NA,55,NA,NA,NA,R,NA,N,N,3,0,1,2,A,-,21,22106,NA,N,H,G,A,B,H,-,A,A,0,NA,Y,NA,NA,Y,NA,A,01,0,1,0,0,0,0,1,0,0,-,-,33.70838928222656,-117.85047912597656,ORANGE,SANTA ANA,-117.85047912597656,33.70838928222656
9167657,2020,2020-12-29,3026,2020-10-02,1913,630,CROSS,5,5,6,3026,0,0,0,NA,0,00C,IRVINE CENTER DR,SAND CANYON,0,NA,Y,A,-,N,NA,NA,NA,NA,NA,NA,NA,NA,NA,N,4,0,2,2,D,-,00,NA,NA,N,C,C,A,A,H,-,C,A,0,NA,NA,NA,NA,Y,NA,-,-,0,0,2,0,0,0,0,0,0,-,-,NA,NA,ORANGE,IRVINE,-117.7656707763672,33.670310974121094
91683386,2022,2022-01-24,9675,2022-01-15,1811,021274,NA,6,2,9,3000,0,3,5,NA,2,001,PEARL AVE.,RANCHO SANTIAGO BLVD.,180,W,N,A,-,N,NA,NA,NA,NA,NA,NA,NA,NA,NA,N,4,0,1,3,A,-,01,23152,F,N,B,E,A,A,H,-,A,D,0,NA,NA,NA,NA,Y,NA,A,07,0,0,1,0,0,0,0,0,0,-,-,33.78871154785156,-117.80191040039063,ORANGE,UNINCORPORATED,-117.80193328857422,33.788631439208984
91683526,2022,2022-01-24,9675,2022-01-16,1751,021274,NA,7,2,4,3002,0,1,3,NA,2,570,STATE ROUTE 57 S/B,TONNER CANYON ROAD,500,N,N,A,-,Y,ORA,NA,57,NA,NA,21.922,H,NA,L,N,4,0,2,2,A,-,08,22107,NA,N,B,C,A,A,H,-,D,D,0,NA,NA,NA,NA,Y,NA,A,07,0,0,2,0,0,0,0,0,0,-,-,33.939720153808594,-117.87654113769533,ORANGE,BREA,-117.87654113769533,33.93972396850586
91683569,2022,2022-01-24,9670,2022-01-13,1555,019290,NA,4,2,3,3006,0,1,3,NA,2,092,SR-91 E/B,ORANGETHORPE AVE,300,W,N,B,-,Y,ORA,NA,91,NA,R,0.378,H,NA,R,Y,4,0,1,2,A,-,07,21658,A,N,B,C,A,A,H,-,A,D,0,NA,NA,NA,Y,Y,Y,G,25,0,0,1,0,0,0,0,0,0,-,-,33.859580993652344,-118.0361328125,ORANGE,LA PALMA,-118.0361328125,33.85957717895508
91683970,2022,2022-01-24,9670,2022-01-21,2227,021900,NA,5,3,7,3001,0,1,1,NA,2,502,I-5 N/B,EUCLID ST. O/C,800,S,N,A,-,Y,ORA,NA,5,NA,NA,39.428,H,NA,R,N,4,0,1,2,A,-,08,22107,NA,N,D,C,A,A,H,-,C,D,0,NA,NA,NA,NA,Y,NA,A,01,0,0,1,0,0,0,0,0,0,-,-,33.83538818359375,-117.94027709960938,ORANGE,ANAHEIM,-117.94026947021484,33.835411071777344
9168507,2020,2020-11-02,3008,2020-08-06,1815,1599,ZONE1,4,5,6,3008,0,0,0,NA,0,NA,ORANGETHORPE AV,CITRUS AV,140,W,N,A,-,N,NA,NA,NA,NA,NA,NA,NA,NA,NA,Y,3,0,2,2,A,-,09,21804,A,N,D,C,A,A,H,-,A,D,0,NA,NA,NA,NA,Y,NA,A,01,0,1,1,0,0,0,0,0,0,-,-,NA,NA,ORANGE,FULLERTON,-117.94487762451172,33.85932922363281
91686851,2022,2022-01-27,9675,2022-01-20,1804,021076,NA,4,2,6,3004,0,1,3,NA,2,553,SR-55 SOUTHBOUND,BAKER ST,450,N,N,A,-,Y,ORA,NA,55,NA,R,5.393,H,NA,L,N,4,0,1,3,A,-,03,22350,NA,N,C,C,A,A,H,-,D,D,0,NA,NA,NA,NA,Y,NA,A,01,0,0,1,0,0,0,0,0,0,-,-,33.680641174316406,-117.87886810302734,ORANGE,COSTA MESA,-117.8788604736328,33.68063735961914
91688356,2022,2022-01-28,9670,2022-01-25,0804,018516,NA,2,1,7,3001,0,1,1,NA,2,503,I-5 S/B FROM LINCOLN AVE,LINCOLN AVENUE,300,N,N,A,-,Y,ORA,NA,5,NA,NA,38.995,H,NA,L,Y,3,0,2,2,A,-,03,22350,NA,N,C,C,A,A,H,-,A,A,0,NA,NA,NA,NA,Y,NA,-,-,0,1,1,0,0,0,0,0,0,-,-,33.832801818847656,-117.93357849121094,ORANGE,ANAHEIM,-117.93343353271484,33.83298873901367
91688741,2022,2022-01-28,9675,2022-01-16,1300,020027,NA,7,1,9,3000,0,2,4,NA,2,034,SANTIAGO CANYON RD,HAUL RD,1000,N,N,A,-,N,NA,NA,NA,NA,NA,NA,NA,NA,NA,N,4,0,1,2,A,-,05,21651,A,N,B,C,A,A,H,-,A,D,0,NA,NA,Y,NA,Y,NA,C,02,0,0,1,0,0,0,0,0,1,-,-,33.76506042480469,-117.7143783569336,ORANGE,UNINCORPORATED,NA,NA
91689842,2022,2022-01-31,9675,2022-01-27,0945,020027,NA,4,1,7,3001,0,1,3,NA,2,094,SR-91 WESTBOUND,LAKEVIEW AVE,1000,E,N,A,-,Y,ORA,NA,91,NA,R,10.766,H,NA,L,N,4,0,1,3,A,-,03,22350,NA,M,C,C,A,A,H,-,A,D,0,NA,NA,NA,Y,Y,NA,F,26,0,0,1,0,0,0,0,0,0,-,-,33.85459899902344,-117.80451965332033,ORANGE,ANAHEIM,-117.80451965332033,33.8546257019043
91689921,2022,2022-01-31,9675,2022-01-23,1540,021388,NA,7,2,9,3000,0,3,5,NA,2,002,SKYLINE DR,ARROYO AVE,200,E,N,A,-,N,NA,NA,NA,NA,NA,NA,NA,NA,NA,Y,4,0,1,2,A,-,08,22107,NA,N,C,C,A,A,H,-,A,D,0,NA,NA,NA,NA,Y,NA,A,01,0,0,1,0,0,0,0,0,0,-,-,33.75495910644531,-117.79868316650392,ORANGE,UNINCORPORATED,-117.79874420166016,33.755027770996094
91690532,2022,2022-02-01,9675,2022-01-31,0813,020544,NA,1,1,5,3022,0,1,1,NA,2,503,I-5 SOUTHBOUND,NEWPORT AVE,528,S,N,A,-,Y,ORA,NA,5,NA,R,29.483,H,NA,L,Y,4,0,1,1,C,-,18,NA,NA,N,E,I,A,A,C,-,A,D,0,NA,NA,NA,NA,Y,NA,-,-,0,0,1,0,0,0,0,0,0,-,-,33.736419677734375,-117.82096099853516,ORANGE,TUSTIN,-117.82103729248048,33.736263275146484
91691392,2022,2022-02-02,9670,2022-01-27,0808,018516,NA,4,1,5,3003,0,1,1,NA,2,500,I-5 N/B,BEACH BLVD,200,S,N,A,-,Y,ORA,NA,5,NA,NA,43.366,H,NA,R,Y,4,0,1,2,A,-,03,22350,NA,N,C,C,A,A,H,-,A,D,0,NA,NA,NA,NA,Y,NA,A,01,0,0,1,0,0,0,0,0,0,-,-,33.86592102050781,-117.9973373413086,ORANGE,BUENA PARK,-117.99723052978516,33.866058349609375
91692745,2022,2022-02-03,9690,2022-01-27,1525,020038,NA,4,2,9,3000,0,3,5,NA,2,004,BENJAMIN DR,SIENNA PKWY,30,N,N,A,-,N,NA,NA,NA,NA,NA,NA,NA,NA,NA,N,3,0,1,2,A,-,09,21804,A,N,D,G,A,A,H,-,A,D,0,NA,Y,NA,NA,Y,NA,L,04,0,1,0,0,0,0,1,0,0,-,-,33.57093811035156,-117.63858032226563,ORANGE,UNINCORPORATED,-117.6385498046875,33.57086944580078
91692805,2022,2022-02-03,9675,2022-01-28,0410,021984,NA,5,3,7,3019,0,1,1,NA,2,502,I-5 SOUTHBOUND,17 TH STREET,110,S,N,A,-,Y,ORA,NA,5,NA,NA,32.453,H,NA,L,N,3,0,1,2,A,-,08,22107,NA,N,B,C,A,A,H,-,C,D,0,NA,NA,NA,NA,Y,NA,A,07,0,1,0,0,0,0,0,0,0,-,-,33.75967025756836,-117.8624267578125,ORANGE,SANTA ANA,-117.8623046875,33.75978469848633
9169347,2020,2020-10-22,3013,2020-08-27,2017,216,L08,4,5,3,3013,0,0,0,NA,0,005,LOS ABITOS BL,KATELLA AV,0,NA,Y,A,-,N,NA,NA,NA,NA,NA,NA,NA,NA,NA,N,4,0,1,2,A,-,09,21453,C,F,D,C,A,A,H,-,C,A,0,NA,NA,NA,NA,Y,Y,-,99,0,0,1,0,0,0,0,0,0,-,-,NA,NA,ORANGE,LOS ALAMITOS,NA,NA
9169968,2020,2020-11-07,3000,2020-09-27,2230,5013,891H5,7,5,5,3050,0,0,0,NA,0,765,EL TORO RD,JERONIMO RD,0,NA,Y,A,-,N,NA,NA,NA,NA,NA,NA,NA,NA,NA,Y,3,0,2,2,A,-,12,21453,A,N,D,C,A,A,H,-,C,A,0,NA,NA,NA,NA,Y,NA,A,01,0,1,1,0,0,0,0,0,0,-,-,NA,NA,ORANGE,LAKE FOREST,-117.69068145751952,33.6285514831543
91702205,2022,2022-02-16,9675,2022-02-09,1333,021377,NA,3,1,7,3001,0,1,3,NA,2,095,SR-91 EASTBOUND,WEIR CANYON RD,150,E,N,A,-,Y,ORA,NA,91,NA,R,14.489,H,NA,R,Y,4,0,3,4,A,-,03,22350,NA,N,C,C,A,A,H,-,A,D,0,NA,NA,NA,NA,Y,NA,A,07,0,0,3,0,0,0,0,0,0,-,-,33.870418548583984,-117.74379730224608,ORANGE,ANAHEIM,-117.74378967285156,33.87037658691406
91706580,2022,2022-02-23,9675,2022-02-14,1840,021388,NA,1,2,7,3001,0,1,3,NA,2,094,SR-91 EASTBOUND,IMPERIAL HWY,3600,E,N,A,-,Y,ORA,NA,91,NA,R,12.318,H,NA,R,N,4,0,1,2,A,-,03,22350,NA,N,C,C,A,A,H,-,D,D,0,NA,NA,NA,NA,Y,NA,A,01,0,0,1,0,0,0,0,0,0,-,-,33.85956954956055,-117.77847290039063,ORANGE,ANAHEIM,-117.7785186767578,33.85963821411133
91707720,2022,2022-02-24,9670,2022-02-20,1545,021459,NA,7,2,5,3003,0,1,1,NA,2,500,I-5 N/B,WESTERN AVENUE,500,N,N,A,-,Y,ORA,NA,5,NA,NA,43.873,H,NA,R,N,4,0,1,3,A,-,03,22350,NA,N,C,C,A,A,H,-,A,D,0,NA,NA,NA,NA,Y,NA,A,01,0,0,1,0,0,0,0,0,0,-,-,33.86996841430664,-118.00454711914063,ORANGE,BUENA PARK,-118.0045166015625,33.8700065612793
91709534,2022,2022-02-25,9675,2022-02-18,2233,020732,NA,5,3,7,3001,0,1,3,NA,2,094,SR-91 EASTBOUND,WEIR CANYON ROAD,2500,W,N,A,-,Y,ORA,NA,91,NA,R,13.957,H,NA,R,Y,3,0,1,2,A,-,08,22107,NA,N,E,C,A,A,H,-,C,D,0,NA,NA,NA,NA,Y,NA,A,01,0,1,0,0,0,0,0,0,0,-,-,33.86906814575195,-117.75274658203124,ORANGE,ANAHEIM,-117.75276184082033,33.869140625
9170971,2020,2020-12-24,3010,2020-10-17,1124,2109,272,6,5,6,3010,0,0,0,NA,0,006,NICHOLS,WAGON,0,NA,Y,A,-,N,NA,NA,NA,NA,NA,NA,NA,NA,NA,Y,3,0,1,3,A,-,09,21802,A,N,D,C,A,A,H,-,A,A,0,NA,NA,NA,NA,Y,NA,A,01,0,1,0,0,0,0,0,0,0,-,-,NA,NA,ORANGE,HUNTINGTON BEACH,-117.99564361572266,33.709259033203125
91710076,2022,2022-02-25,9690,2022-02-16,1540,020236,NA,3,2,5,3028,0,1,1,NA,2,055,I-5 N/B (SAN DIEGO FRWY),LA PAZ ROAD,20,N,N,A,-,Y,ORA,NA,5,NA,NA,16.616,H,NA,R,N,3,0,1,2,A,-,03,22350,NA,N,C,C,A,A,D,-,A,D,0,NA,NA,NA,NA,Y,NA,A,01,0,1,0,0,0,0,0,0,0,-,-,33.59872055053711,-117.6774673461914,ORANGE,MISSION VIEJO,-117.67747497558594,33.59871292114258
9171044,2020,2021-01-23,3022,2020-08-20,1211,1193,SOUTH,4,5,5,3022,0,0,0,NA,0,NA,RED HILL AV,SYCAMORE AV,16,W,N,A,-,N,NA,NA,NA,NA,NA,NA,NA,NA,NA,Y,4,0,1,2,A,-,12,21453,A,N,D,C,A,A,H,-,A,A,0,NA,NA,NA,NA,Y,NA,A,01,0,0,1,0,0,0,0,0,0,-,-,33.72499084472656,-117.82391357421876,ORANGE,TUSTIN,-117.8238525390625,33.725154876708984
91710859,2022,2022-02-28,9670,2022-02-17,1200,014558,NA,4,1,6,3009,0,1,3,NA,2,025,SR-22 W/B (GARDEN GROVE FREEWAY),HARBOR BLVD,1500,W,N,A,-,Y,ORA,NA,22,NA,R,7.512,H,NA,L,N,4,0,1,1,A,-,08,22107,NA,N,E,I,A,A,H,-,A,D,0,NA,NA,NA,NA,Y,NA,A,01,0,0,1,0,0,0,0,0,0,-,-,33.76622009277344,-117.9260025024414,ORANGE,GARDEN GROVE,-117.9260025024414,33.76625442504883
91710992,2022,2022-02-28,9675,2022-02-19,1453,021633,NA,6,2,7,3019,0,1,1,NA,2,502,I-5 SOUTHBOUND,SANTA ANA RIVER,400,S,N,A,-,Y,ORA,NA,5,NA,NA,34.422,H,NA,L,N,3,0,3,3,A,-,07,21658,A,N,C,2,A,A,H,-,A,D,0,NA,NA,NA,NA,Y,NA,A,01,0,1,2,0,0,0,0,0,0,-,-,33.78268814086914,-117.88152313232422,ORANGE,SANTA ANA,-117.88142395019533,33.78277587890625
91714683,2022,2022-03-03,9675,2022-02-28,1545,018087,NA,1,2,7,3001,0,1,3,NA,2,194,SR-91 EASTBOUND,LAKEVIEW AVE,2640,E,N,A,-,Y,ORA,NA,91,NA,R,10.654,H,NA,R,Y,4,0,1,3,A,-,03,22350,NA,N,C,C,A,A,H,-,A,D,0,NA,NA,NA,NA,Y,NA,D,22,0,0,1,0,0,0,0,0,0,-,-,33.85443878173828,-117.80628204345705,ORANGE,ANAHEIM,-117.8062744140625,33.85433578491211
91715087,2022,2022-03-04,9675,2022-03-01,2256,020732,NA,2,3,6,3026,0,1,1,NA,2,407,I-405 NORTHBOUND,SR-133 NORTHBOUND,1900,S,N,A,-,Y,ORA,NA,405,NA,NA,1.42,H,NA,R,Y,3,0,1,1,A,-,01,23152,A,N,E,8,A,A,H,-,C,D,0,NA,NA,NA,NA,Y,Y,A,01,0,1,0,0,0,0,0,0,0,-,-,33.650611877441406,-117.754638671875,ORANGE,IRVINE,-117.75470733642578,33.65045166015625
91715360,2022,2022-03-04,9675,2022-02-28,1220,017993,NA,1,1,7,3019,0,1,3,NA,2,552,SR-55 SOUTHBOUND,MACARTHUR BLVD.,1100,N,N,A,-,Y,ORA,NA,55,NA,R,7.204,H,NA,L,N,4,0,1,2,A,-,03,22350,NA,N,C,C,A,A,H,-,A,D,0,NA,NA,NA,NA,Y,NA,D,22,0,0,1,0,0,0,0,0,0,-,-,33.70119094848633,-117.85926818847656,ORANGE,SANTA ANA,-117.85923004150392,33.70116424560547
91716777,2022,2022-03-07,9675,2022-02-28,1510,021397,NA,1,2,6,3015,0,1,3,NA,2,222,SR-22 WESTBOUND,PARKER ST.,85,W,N,A,-,Y,ORA,NA,22,NA,R,11.411,H,NA,L,N,4,0,1,2,A,-,07,21658,A,N,C,C,A,A,H,-,A,D,0,NA,NA,NA,NA,Y,NA,A,07,0,0,1,0,0,0,0,0,0,-,-,33.77827072143555,-117.86003875732422,ORANGE,ORANGE,-117.86005401611328,33.778202056884766
91716797,2022,2022-03-07,9675,2022-03-05,2358,021960,NA,6,3,7,3001,0,1,3,NA,2,094,SR-91 WESTBOUND,IMPERIAL HIGHWAY,5808,E,N,A,-,Y,ORA,NA,91,NA,R,12.623,H,NA,L,Y,2,0,3,2,A,-,01,23152,A,N,C,C,A,A,H,-,C,D,0,NA,NA,NA,NA,Y,Y,A,01,1,2,0,0,0,0,0,0,0,-,-,33.86227035522461,-117.77400207519533,ORANGE,ANAHEIM,-117.77392578125,33.86216735839844
91717456,2022,2022-03-08,9690,2022-02-27,2235,020496,NA,7,3,9,3000,0,1,3,NA,1,074,SR-74,CRISTIANITOS RD,1056,W,N,A,-,Y,ORA,NA,74,NA,NA,4.315,H,NA,R,Y,4,0,1,2,A,-,08,22107,NA,M,B,C,A,D,H,-,D,D,0,NA,NA,NA,NA,Y,NA,-,99,0,0,1,0,0,0,0,0,0,-,-,33.51673126220703,-117.5927963256836,ORANGE,UNINCORPORATED,-117.59284973144533,33.516658782958984
9171768,2020,2020-12-16,3009,2020-10-23,1520,4197,093,5,5,6,3009,0,0,0,NA,0,012,BLANCHE AV,GILBERT ST,162,E,N,A,-,N,NA,NA,NA,NA,NA,NA,NA,NA,NA,N,3,0,1,2,A,-,03,22350,NA,N,D,E,A,A,H,-,A,D,0,NA,NA,Y,NA,Y,Y,C,02,0,1,0,0,0,0,0,0,1,-,-,NA,NA,ORANGE,GARDEN GROVE,-117.96685028076172,33.78617858886719
91718640,2022,2022-03-09,9675,2022-03-05,2345,022099,NA,6,3,6,3004,0,1,1,NA,2,405,I-405 N/B FROM FAIRVIEW RD.,FAIRVIEW RD.,755,N,N,B,-,Y,NA,NA,NA,NA,NA,NA,NA,NA,NA,Y,4,0,1,1,A,-,01,23152,A,N,E,8,A,A,H,-,C,D,0,NA,NA,NA,NA,Y,Y,A,01,0,0,1,0,0,0,0,0,0,-,-,33.68849182128906,-117.91050720214844,ORANGE,COSTA MESA,-117.91050720214844,33.68849182128906
91721763,2022,2022-03-14,9670,2022-03-06,1245,019502,NA,7,1,5,3003,0,1,3,NA,2,191,SR-91 W/B,BEACH BOULEVARD,300,E,N,A,-,Y,ORA,NA,91,NA,R,2.683,H,NA,L,Y,3,0,1,1,A,-,03,22350,NA,N,F,A,A,A,H,-,A,D,0,NA,NA,Y,NA,Y,NA,C,02,0,1,0,0,0,0,0,0,1,-,-,33.856048583984375,-117.99683380126952,ORANGE,BUENA PARK,-117.99683380126952,33.8561897277832
91722048,2022,2022-03-14,9670,2022-03-12,1545,019304,NA,6,2,5,3007,0,1,1,NA,2,041,I-405 S/B,MAGNOLIA ST,1320,N,N,A,-,Y,ORA,NA,405,NA,NA,15.319,H,NA,L,Y,4,0,1,3,A,-,03,22350,NA,N,C,C,A,A,D,E,A,D,0,NA,NA,NA,NA,Y,NA,A,01,0,0,1,0,0,0,0,0,0,-,-,33.720829010009766,-117.97354888916016,ORANGE,FOUNTAIN VALLEY,-117.97332763671876,33.721012115478516
91722311,2022,2022-03-14,9675,2022-03-06,2110,022222,NA,7,2,9,3000,0,3,5,NA,2,002,17TH STREET,NEWPORT AVE,25,W,N,A,-,N,NA,NA,NA,NA,NA,NA,NA,NA,NA,N,3,0,2,1,A,-,03,22350,NA,N,E,I,A,A,H,-,C,A,0,NA,NA,NA,NA,Y,NA,A,01,0,1,1,0,0,0,0,0,0,-,-,33.75891876220703,-117.80207824707033,ORANGE,UNINCORPORATED,-117.8021240234375,33.75865936279297
91726605,2022,2022-03-18,9675,2022-03-09,1851,021633,NA,3,2,7,3019,0,1,3,NA,2,222,SR-22 E/B TO I-5 S/B,LA VETA AVENUE,1885,E,N,A,-,Y,ORA,NA,5,NA,NA,33.803,H,NA,L,N,2,0,1,1,A,-,08,22107,NA,N,E,I,A,A,H,-,C,D,0,NA,NA,Y,NA,Y,NA,C,02,1,0,0,0,0,0,0,0,1,-,-,33.77634811401367,-117.87454223632813,ORANGE,SANTA ANA,-117.87439727783205,33.776432037353516