CASE_ID,ACCIDENT_YEAR,PROC_DATE,JURIS,COLLISION_DATE,COLLISION_TIME,OFFICER_ID,REPORTING_DISTRICT,DAY_OF_WEEK,CHP_SHIFT,POPULATION,CNTY_CITY_LOC,SPECIAL_COND,BEAT_TYPE,CHP_BEAT_TYPE,CITY_DIVISION_LAPD,CHP_BEAT_CLASS,BEAT_NUMBER,PRIMARY_RD,SECONDARY_RD,DISTANCE,DIRECTION,INTERSECTION,WEATHER_1,WEATHER_2,STATE_HWY_IND,CALTRANS_COUNTY,CALTRANS_DISTRICT,STATE_ROUTE,ROUTE_SUFFIX,POSTMILE_PREFIX,POSTMILE,LOCATION_TYPE,RAMP_INTERSECTION,SIDE_OF_HWY,TOW_AWAY,COLLISION_SEVERITY,NUMBER_KILLED,NUMBER_INJURED,PARTY_COUNT,PRIMARY_COLL_FACTOR,PCF_CODE_OF_VIOL,PCF_VIOL_CATEGORY,PCF_VIOLATION,PCF_VIOL_SUBSECTION,HIT_AND_RUN,TYPE_OF_COLLISION,MVIW,PED_ACTION,ROAD_SURFACE,ROAD_COND_1,ROAD_COND_2,LIGHTING,CONTROL_DEVICE,CHP_ROAD_TYPE,PEDESTRIAN_ACCIDENT,BICYCLE_ACCIDENT,MOTORCYCLE_ACCIDENT,TRUCK_ACCIDENT,NOT_PRIVATE_PROPERTY,ALCOHOL_INVOLVED,STWD_VEHTYPE_AT_FAULT,CHP_VEHTYPE_AT_FAULT,COUNT_SEVERE_INJ,COUNT_VISIBLE_INJ,COUNT_COMPLAINT_PAIN,COUNT_PED_KILLED,COUNT_PED_INJURED,COUNT_BICYCLIST_KILLED,COUNT_BICYCLIST_INJURED,COUNT_MC_KILLED,COUNT_MC_INJURED,PRIMARY_RAMP,SECONDARY_RAMP,LATITUDE,LONGITUDE,COUNTY,CITY,POINT_X,POINT_Y
94572075,2025,2025-02-10,9670,2025-02-06,700,020134,NA,4,1,6,3009,0,1,3,NA,2,021,SR-22 W/B,KNOTT ST,500,W,N,C,-,Y,ORA,NA,22,NA,R,2.51,H,NA,L,N,4,0,1,2,A,-,08,22107,NA,N,E,I,A,B,H,-,A,D,0,NA,NA,NA,Y,Y,NA,F,26,0,0,1,0,0,0,0,0,0,-,-,33.774620056152344,-118.01023864746094,ORANGE,GARDEN GROVE,-118.01024627685548,33.77470397949219
94576857,2025,2025-02-12,9675,2025-02-03,802,017773,NA,1,1,6,3026,0,1,1,NA,2,406,I-405 N/B,JAMBOREE RD,3100,S,N,B,-,Y,ORA,NA,405,NA,NA,6.298,H,NA,R,Y,4,0,1,3,A,-,08,22107,NA,N,B,C,A,A,D,-,A,D,0,NA,NA,NA,Y,Y,NA,A,01,0,0,1,0,0,0,0,0,0,-,-,33.67333984375,-117.83370971679688,ORANGE,IRVINE,-117.83373260498048,33.673301696777344
94581570,2025,2025-02-17,9690,2025-02-06,1915,020472,NA,4,2,9,3000,0,3,5,NA,2,004,COVENANT HILLS DRIVE,ANTONIO PARKWAY,20,W,N,B,-,N,NA,NA,NA,NA,NA,NA,NA,NA,NA,Y,4,0,1,3,A,-,08,22107,NA,N,A,I,A,B,H,-,C,A,0,NA,NA,NA,NA,Y,NA,A,01,0,0,1,0,0,0,0,0,0,-,-,33.540279388427734,-117.62706756591795,ORANGE,UNINCORPORATED,-117.62698364257813,33.54039001464844
94583698,2025,2025-02-19,9670,2025-02-15,1447,020956,NA,6,2,6,3009,0,1,1,NA,2,044,I-405 N/B (SAN DIEGO FREEWAY),BOLSA CHICA RD,1056,N,N,B,-,Y,ORA,NA,405,NA,NA,20.733,H,NA,R,N,4,0,1,1,A,-,08,22107,NA,N,E,I,A,A,H,-,A,D,0,NA,NA,NA,NA,Y,NA,A,01,0,0,1,0,0,0,0,0,0,-,-,33.77470016479492,-118.04178619384766,ORANGE,GARDEN GROVE,-118.04185485839844,33.77456283569336
94586480,2025,2025-02-21,9675,2025-02-13,1226,024260,NA,4,1,7,3001,0,1,3,NA,2,572,SR-57 NORTHBOUND,BALL ROAD,111,S,N,C,-,Y,ORA,NA,57,NA,NA,13.384,H,NA,R,Y,3,0,2,2,A,-,03,22350,NA,N,C,C,A,B,H,-,A,D,0,NA,NA,NA,Y,Y,NA,A,07,0,1,1,0,0,0,0,0,0,-,-,33.81766128540039,-117.87628936767578,ORANGE,ANAHEIM,-117.87627410888672,33.817657470703125
94587978,2025,2025-02-24,9670,2025-02-21,1730,022761,NA,5,2,5,3007,0,1,1,NA,2,041,I-405 SOUTHBOUND,SLATER AVE,100,S,N,A,-,Y,ORA,NA,405,NA,NA,14.114,H,NA,L,Y,3,0,2,2,A,-,08,22107,NA,N,B,2,A,A,H,-,A,A,0,NA,NA,NA,NA,Y,NA,A,01,0,1,1,0,0,0,0,0,0,-,-,33.708770751953125,-117.95867156982422,ORANGE,FOUNTAIN VALLEY,-117.9587173461914,33.70873260498047
94588476,2025,2025-02-24,9675,2025-02-14,926,021984,NA,5,1,7,3001,0,1,3,NA,2,195,SR-91 EASTBOUND,COAL CANYON RD,2798,W,N,B,-,Y,ORA,NA,91,NA,R,17.396,H,NA,R,N,4,0,1,2,A,-,08,22107,NA,N,B,C,A,B,H,-,A,D,0,NA,NA,NA,NA,Y,NA,D,22,0,0,1,0,0,0,0,0,0,-,-,33.87348175048828,-117.69632720947266,ORANGE,ANAHEIM,-117.69630432128906,33.87337875366211
94588514,2025,2025-02-25,9675,2025-02-13,1350,021633,NA,4,1,6,3015,0,1,3,NA,2,572,SR-57 SB TO LA VETA AVE,LA VETA AVE,470,N,N,C,-,Y,NA,NA,NA,NA,NA,NA,NA,NA,NA,Y,4,0,1,1,A,-,03,22350,NA,N,E,I,A,B,H,-,A,D,0,NA,NA,NA,NA,Y,NA,A,01,0,0,1,0,0,0,0,0,0,-,-,33.780879974365234,-117.8828582763672,ORANGE,ORANGE,NA,NA
94592623,2025,2025-02-28,9690,2025-02-23,345,022237,NA,7,3,4,3011,0,1,3,NA,2,072,SR 73 SB FROM SR 133 SB,RT 133,450,N,N,A,-,Y,NA,NA,NA,NA,NA,NA,NA,NA,NA,Y,4,0,1,1,A,-,08,22107,NA,N,E,I,A,A,H,-,C,D,0,NA,NA,NA,NA,Y,NA,D,22,0,0,1,0,0,0,0,0,0,-,-,33.591861724853516,-117.76123046875,ORANGE,LAGUNA BEACH,-117.76078033447266,33.592777252197266
94594612,2025,2025-03-03,9675,2025-02-20,650,018087,NA,4,1,6,3026,0,1,1,NA,2,406,I-405 SOUTHBOUND,JEFFREY RD.,955,N,N,A,-,Y,ORA,NA,405,NA,NA,4.135,H,NA,L,Y,4,0,1,2,A,-,03,22350,NA,N,C,C,A,A,D,-,A,D,0,NA,NA,NA,NA,Y,NA,A,07,0,0,1,0,0,0,0,0,0,-,-,33.66376876831055,-117.79824066162108,ORANGE,IRVINE,-117.79824829101563,33.66374206542969
94595256,2025,2025-03-04,9675,2025-02-21,1416,018714,NA,5,2,6,3004,0,1,3,NA,2,553,SR-55 SOUTHBOUND,MACARTHUR BLVD,275,S,N,A,-,Y,ORA,NA,55,NA,R,6.934,H,NA,L,Y,4,0,1,2,A,-,08,22107,NA,N,B,C,A,A,H,-,A,D,0,NA,NA,NA,NA,Y,NA,D,22,0,0,1,0,0,0,0,0,0,-,-,33.6981201171875,-117.86215972900392,ORANGE,COSTA MESA,-117.8621826171875,33.69813537597656
94597459,2025,2025-03-05,9675,2025-02-24,805,024301,NA,1,1,5,3022,0,1,3,NA,2,552,SR-55 SOUTHBOUND,DYER ROAD,2000,N,N,A,-,Y,ORA,NA,55,NA,R,8.268,H,NA,L,N,4,0,1,2,A,-,03,22350,NA,N,C,C,A,A,H,-,A,D,0,NA,NA,NA,NA,Y,NA,A,01,0,0,1,0,0,0,0,0,0,-,-,33.713050842285156,-117.84757995605467,ORANGE,TUSTIN,-117.84754943847656,33.71302795410156
94599017,2025,2025-03-14,9675,2025-02-27,758,016748,NA,4,1,6,3008,0,1,3,NA,2,571,SR-57 SOUTHBOUND,CHAPMAN AVENUE,100,S,N,A,-,Y,ORA,NA,57,NA,NA,17.272,H,NA,L,N,4,0,1,2,A,-,03,22350,NA,N,C,C,A,A,H,-,A,D,0,NA,NA,NA,NA,Y,NA,A,01,0,0,1,0,0,0,0,0,0,-,-,33.87355041503906,-117.88057708740234,ORANGE,FULLERTON,-117.8805694580078,33.87355041503906
9459986,2022,2022-06-22,3000,2022-04-04,2003,10697,892F5,1,5,5,3028,0,0,0,NA,0,3A52,OLYMPIAD RD,STONEGATE,19,N,N,A,-,N,NA,NA,NA,NA,NA,NA,NA,NA,NA,Y,4,0,2,2,A,-,09,21802,A,N,D,C,A,A,H,-,C,-,0,NA,NA,NA,NA,Y,NA,A,01,0,0,2,0,0,0,0,0,0,-,-,NA,NA,ORANGE,MISSION VIEJO,-117.63066864013672,33.6209602355957
94601909,2025,2025-03-18,9675,2025-03-05,1533,018834,NA,3,2,7,3001,0,1,3,NA,2,194,SR-91 WESTBOUND,WEIR CANYON ROAD,5000,W,N,B,C,Y,ORA,NA,91,NA,R,13.478,H,NA,L,Y,4,0,1,2,A,-,03,22350,NA,N,E,I,A,B,H,-,A,D,0,NA,NA,NA,NA,Y,NA,A,01,0,0,1,0,0,0,0,0,0,-,-,33.86827850341797,-117.76090240478516,ORANGE,ANAHEIM,-117.76097869873048,33.86841583251953
94601962,2025,2025-03-18,9675,2025-03-09,738,024301,NA,7,1,7,3001,0,1,3,NA,2,571,SR-57 SOUTHBOUND TO SR-91 WESTBOUND,SR-91 WESTBOUND,170,N,N,A,-,Y,NA,NA,NA,NA,NA,NA,NA,NA,NA,Y,3,0,1,1,A,-,01,23152,A,N,E,8,A,A,H,-,A,D,0,NA,NA,NA,NA,Y,Y,A,01,0,1,0,0,0,0,0,0,0,-,-,33.85129928588867,-117.87744903564452,ORANGE,ANAHEIM,-117.87596130371094,33.84977722167969
9460372,2022,2022-07-29,3000,2022-05-17,1531,10717,972F6,2,5,5,3017,0,0,0,NA,0,175,CAMINO DE LOS MARES,CALLE NUEVO,8,S,N,A,-,N,NA,NA,NA,NA,NA,NA,NA,NA,NA,N,4,0,1,2,A,-,03,22350,NA,N,C,C,A,A,H,-,A,A,0,NA,NA,NA,NA,Y,NA,A,01,0,0,1,0,0,0,0,0,0,-,-,NA,NA,ORANGE,SAN CLEMENTE,-117.64003753662108,33.46547317504883
9460378,2022,2022-06-28,3000,2022-05-14,0840,9573,891H5,6,5,5,3050,0,0,0,NA,0,760,EL TORO RD,MUIRLANDS BL,54,W,N,A,-,N,NA,NA,NA,NA,NA,NA,NA,NA,NA,N,4,0,1,3,A,-,03,22350,NA,N,C,C,A,A,H,-,A,A,0,NA,NA,NA,NA,Y,NA,A,01,0,0,1,0,0,0,0,0,0,-,-,NA,NA,ORANGE,LAKE FOREST,-117.69728088378906,33.62303924560547
94603876,2025,2025-03-18,9670,2025-03-04,1920,021108,NA,2,2,6,3009,0,1,3,NA,2,025,SR-22 W/B,HARBOR BLVD,770,W,N,B,-,Y,ORA,NA,22,NA,R,7.737,H,NA,L,Y,4,0,1,2,A,-,03,22350,NA,N,C,C,A,A,H,-,C,D,0,NA,NA,NA,NA,Y,NA,A,01,0,0,1,0,0,0,0,0,0,-,-,33.76734161376953,-117.92227172851563,ORANGE,GARDEN GROVE,-117.92222595214844,33.767250061035156
9460901,2021,2022-06-28,3016,2021-10-09,1248,1262,21,6,5,5,3016,0,0,0,NA,0,002,PLACENTIA AV,ORANGETHORPE AV,0,NA,Y,A,-,N,NA,NA,NA,NA,NA,NA,NA,NA,NA,Y,4,0,1,2,A,-,01,23153,F,F,A,C,A,A,H,-,A,A,0,NA,NA,NA,NA,Y,NA,A,01,0,0,1,0,0,0,0,0,0,-,-,33.85988998413086,-117.88300323486328,ORANGE,PLACENTIA,-117.88314819335938,33.859718322753906
9461285,2021,2022-06-23,3016,2021-01-19,1322,2182,8,2,5,5,3016,0,0,0,NA,0,001,BASTANCHURY RD,SARAH WY,88,E,N,G,-,N,NA,NA,NA,NA,NA,NA,NA,NA,NA,N,4,0,1,1,C,-,18,NA,NA,N,E,J,A,A,C,-,A,D,0,NA,NA,NA,NA,Y,NA,-,-,0,0,1,0,0,0,0,0,0,-,-,33.89657974243164,-117.86231994628906,ORANGE,PLACENTIA,-117.86219787597656,33.89641189575195
9461288,2021,2022-07-06,3016,2021-01-07,0838,1195,NA,4,5,5,3016,0,0,0,NA,0,001,BASTANCHURY RD,PLACENTIA AV,55,E,N,A,-,N,NA,NA,NA,NA,NA,NA,NA,NA,NA,Y,4,0,1,2,A,-,08,22107,NA,N,D,C,A,A,H,-,A,A,0,NA,NA,NA,NA,Y,NA,A,01,0,0,1,0,0,0,0,0,0,-,-,33.896358489990234,-117.87242126464844,ORANGE,PLACENTIA,-117.87214660644533,33.89631271362305
9461301,2021,2022-06-23,3016,2021-04-06,0756,1241,10,2,5,5,3016,0,0,0,NA,0,001,YORBA LINDA BL,VALENCIA AV,238,W,N,B,-,N,NA,NA,NA,NA,NA,NA,NA,NA,NA,N,4,0,1,2,A,-,03,22350,NA,N,C,C,A,A,H,-,A,A,0,NA,NA,NA,NA,Y,NA,A,07,0,0,1,0,0,0,0,0,0,-,-,33.889320373535156,-117.8549575805664,ORANGE,PLACENTIA,-117.85562896728516,33.88922119140625
9461313,2021,2022-06-23,3016,2021-05-18,0841,2182,41,2,5,5,3016,0,0,0,NA,0,002,RICHFIELD RD,MIRALOMA AV,0,NA,Y,A,-,N,NA,NA,NA,NA,NA,NA,NA,NA,NA,Y,3,0,2,2,A,-,09,21801,A,N,D,C,A,A,H,-,A,A,0,NA,NA,NA,NA,Y,NA,A,01,0,1,1,0,0,0,0,0,0,-,-,33.861209869384766,-117.82563018798828,ORANGE,PLACENTIA,-117.82593536376952,33.861995697021484
9461376,2021,2022-06-23,3016,2021-10-23,1444,1262,18,6,5,5,3016,0,0,0,NA,0,002,BRADFORD AV,ORCHID DR,155,S,N,A,-,N,NA,NA,NA,NA,NA,NA,NA,NA,NA,Y,3,0,1,3,A,-,03,22350,NA,F,D,B,E,A,H,-,A,D,0,Y,NA,NA,NA,Y,NA,A,01,0,1,0,0,1,0,0,0,0,-,-,33.87520980834961,-117.86961364746094,ORANGE,PLACENTIA,-117.86968231201172,33.87483596801758
94625977,2025,2025-03-25,9675,2025-03-18,1352,021716,NA,2,1,6,3015,0,1,3,NA,2,222,SR-22 EASTBOUND,CAMBRIDGE ST,65,W,N,A,-,Y,ORA,NA,22,NA,R,12.337,H,NA,R,N,4,0,1,2,A,-,03,22350,NA,N,C,C,A,A,H,-,A,D,0,NA,NA,NA,NA,Y,NA,A,01,0,0,1,0,0,0,0,0,0,-,-,33.77593994140625,-117.84477996826172,ORANGE,ORANGE,-117.84478759765624,33.77596664428711
9462726,2020,2022-06-23,3016,2020-10-13,0746,1287,19,2,5,5,3016,0,0,0,NA,0,002,CHAPMAN AV,PLACENTIA AV,113,E,N,A,-,N,NA,NA,NA,NA,NA,NA,NA,NA,NA,N,3,0,1,2,A,-,08,22107,NA,F,B,G,A,A,H,-,A,A,0,NA,Y,NA,NA,Y,NA,D,22,0,1,0,0,0,0,1,0,0,-,-,33.8739013671875,-117.87899017333984,ORANGE,PLACENTIA,-117.87864685058594,33.87382125854492
94627471,2025,2025-03-26,9690,2025-03-20,1710,019652,NA,4,2,9,3000,0,2,4,NA,2,035,OSO PARKWAY E/B,ANTONIO PKWY,50,W,N,A,-,N,NA,NA,NA,NA,NA,NA,NA,NA,NA,N,4,0,1,2,A,-,03,22350,NA,N,C,C,A,A,H,-,A,D,0,NA,NA,NA,NA,Y,NA,A,07,0,0,1,0,0,0,0,0,0,-,-,33.58354187011719,-117.63099670410156,ORANGE,UNINCORPORATED,-117.63097381591795,33.58354187011719
9462767,2020,2022-06-22,3016,2020-12-05,1954,1262,20,6,5,5,3016,0,0,0,NA,0,002,PLACENTIA AV,KIMBERLY AV,65,N,N,A,-,N,NA,NA,NA,NA,NA,NA,NA,NA,NA,NA,4,0,1,2,A,-,05,21650,1,N,B,G,A,A,H,-,C,D,0,NA,Y,NA,NA,Y,NA,L,04,0,0,1,0,0,0,1,0,0,-,-,33.86334991455078,-117.8821029663086,ORANGE,PLACENTIA,-117.882080078125,33.8634033203125
94632355,2025,2025-05-19,9670,2025-03-23,735,020956,NA,7,1,5,3003,0,1,1,NA,2,500,I-5 N/B TO BEACH BLVD. (SANTA ANA FREEWAY),AUTO CENTER DR,145,S,N,B,-,Y,NA,NA,NA,NA,NA,NA,NA,NA,NA,N,2,0,1,1,A,-,08,22107,NA,N,E,I,A,A,H,-,A,D,0,NA,NA,Y,NA,Y,NA,C,02,1,0,0,0,0,0,0,0,1,-,-,33.86817932128906,-118.00039672851563,ORANGE,BUENA PARK,-117.98943328857422,33.86164474487305
94633970,2025,2025-04-02,9670,2025-03-19,2116,021108,NA,3,2,7,3001,0,1,1,NA,2,502,I-5 N/B,SANTA ANA ST,1584,S,N,A,-,Y,ORA,NA,5,NA,NA,38.172,H,NA,R,N,4,0,1,1,A,-,08,22107,NA,N,E,I,A,A,H,-,C,D,0,NA,NA,NA,NA,Y,NA,A,07,0,0,1,0,0,0,0,0,0,-,-,33.82392120361328,-117.923828125,ORANGE,ANAHEIM,-117.9237060546875,33.82399368286133
94640107,2025,2025-04-07,9675,2025-03-27,430,021960,NA,4,3,7,3001,0,1,3,NA,2,093,SR-91 EASTBOUND,STATE COLLEGE BLVD.,845,E,N,A,-,Y,ORA,NA,91,NA,NA,5.462,H,NA,R,Y,4,0,2,2,A,-,07,21658,A,N,B,C,A,A,H,-,C,D,0,NA,NA,NA,NA,Y,NA,-,-,0,0,2,0,0,0,0,0,0,-,-,33.85377883911133,-117.88616943359376,ORANGE,ANAHEIM,-117.88616943359376,33.853790283203125
9464267,2022,2023-04-14,3002,2022-08-21,0035,1056,740C4,7,5,5,3025,0,0,0,NA,0,001,YORBA LINDA BL,SUMMIT DR,324,E,N,A,-,N,NA,NA,NA,NA,NA,NA,NA,NA,NA,Y,1,1,0,1,A,-,01,23152,A,N,E,I,A,A,H,-,C,D,0,NA,NA,NA,NA,Y,Y,A,01,0,0,0,0,0,0,0,0,0,-,-,33.88869857788086,-117.80445098876952,ORANGE,YORBA LINDA,-117.80445098876952,33.888633728027344
94645057,2025,2025-04-10,9670,2025-04-07,1305,019694,NA,1,1,7,3001,0,1,3,NA,2,094,STATE ROUTE 91 E/B (RIVERSIDE FWY),HARBOR BLVD,1531,W,N,A,-,Y,ORA,NA,91,NA,NA,2.952,H,NA,R,N,4,0,1,2,A,-,04,21703,NA,N,C,C,A,A,H,-,A,D,0,NA,NA,NA,NA,Y,NA,A,01,0,0,1,0,0,0,0,0,0,-,-,33.853919982910156,-117.92951965332033,ORANGE,ANAHEIM,-117.92951965332033,33.85395050048828
9464728,2022,2022-11-29,3006,2022-09-14,1838,340,16,3,5,3,3006,0,0,0,NA,0,002,WALKER ST,LA PALMA AV,0,NA,Y,A,-,N,NA,NA,NA,NA,NA,NA,NA,NA,NA,N,3,0,1,3,A,-,12,21453,A,N,D,C,A,A,H,-,A,A,0,NA,NA,NA,NA,Y,NA,A,07,0,1,0,0,0,0,0,0,0,-,-,NA,NA,ORANGE,LA PALMA,-118.03723907470705,33.846290588378906
9464729,2022,2022-11-29,3006,2022-09-16,1820,333,28,5,5,3,3006,0,0,0,NA,0,002,MOODY ST,MALAGA DR,0,NA,Y,A,-,N,NA,NA,NA,NA,NA,NA,NA,NA,NA,Y,4,0,1,2,A,-,08,22107,NA,N,H,A,A,A,H,-,A,D,0,NA,NA,Y,NA,Y,NA,A,07,0,0,1,0,0,0,0,0,1,-,-,NA,NA,ORANGE,LA PALMA,-118.0459213256836,33.8400993347168
9465001,2022,2022-12-02,3000,2022-10-11,0555,10052,891H5,2,5,5,3050,0,0,0,NA,0,061,EL TORO RD,2ND ST,200,E,N,B,-,N,NA,NA,NA,NA,NA,NA,NA,NA,NA,Y,3,0,1,1,A,-,03,22350,NA,N,E,I,A,A,H,-,C,D,0,NA,NA,NA,NA,Y,NA,A,08,0,1,0,0,0,0,0,0,0,-,-,33.63050079345703,-117.68836212158205,ORANGE,LAKE FOREST,-117.68846130371094,33.630149841308594
9465037,2022,2022-12-07,3000,2022-10-22,0850,10321,992H3,6,5,5,3017,0,0,0,NA,0,6M75,AVENIDA PICO,RT 5,14,W,N,B,-,Y,ORA,12,5,-,-,3.271,R,4,N,Y,4,0,2,2,A,-,03,22350,NA,N,C,C,A,A,H,-,A,A,0,NA,NA,NA,NA,Y,NA,A,07,0,0,2,0,0,0,0,0,0,-,NF,NA,NA,ORANGE,SAN CLEMENTE,-117.62032318115234,33.4378547668457
94652969,2025,2025-04-17,9675,2025-04-05,2125,023136,NA,6,2,7,3019,0,1,S,NA,2,901,4TH ST,STATE ROUTE 55 SOUTHBOUND FROM 4TH STREET,0,NA,Y,A,-,Y,NA,NA,NA,NA,NA,NA,NA,NA,NA,N,4,0,1,2,A,-,03,22350,NA,N,D,C,A,A,H,-,C,D,0,NA,NA,NA,NA,Y,NA,M,94,0,0,1,0,0,0,0,0,0,-,-,33.74808883666992,-117.83310699462892,ORANGE,SANTA ANA,-117.8324737548828,33.748252868652344
94656191,2025,2025-04-21,9670,2025-04-06,230,023160,NA,7,3,5,3007,0,1,1,NA,2,041,I-405 S/B,EUCLID ST,2006,N,N,A,-,Y,ORA,NA,405,NA,NA,12.884,H,NA,L,Y,4,0,2,2,A,-,03,22350,NA,N,B,E,A,A,H,-,C,D,0,NA,NA,NA,NA,Y,NA,A,01,0,0,2,0,0,0,0,0,0,-,-,33.6981201171875,-117.94146728515624,ORANGE,FOUNTAIN VALLEY,-117.94145965576172,33.6981315612793
94657851,2025,2025-04-22,9670,2025-04-18,2204,022737,NA,5,3,5,3024,0,1,3,NA,2,021,SR-22 (GARDEN GROVE FWY) W/B,VALLEY VIEW STREET,2112,E,N,B,-,Y,ORA,NA,22,NA,R,1.37,H,NA,L,N,3,0,1,2,A,-,03,22350,NA,F,C,C,A,A,H,-,C,D,0,NA,NA,NA,NA,Y,NA,-,99,0,1,0,0,0,0,0,0,0,-,-,33.77445983886719,-118.02987670898438,ORANGE,WESTMINSTER,-118.02987670898438,33.77442169189453
9465828,2022,2023-01-24,3000,2022-12-05,1713,12030,891D7,1,5,4,3045,0,0,0,NA,0,745,EL TORO RD,MOULTON PKWY,21,W,N,A,-,N,NA,NA,NA,NA,NA,NA,NA,NA,NA,N,3,0,1,2,A,-,09,21453,B,F,G,B,B,A,H,-,C,A,0,Y,NA,NA,NA,Y,NA,A,01,0,1,0,0,1,0,0,0,0,-,-,NA,NA,ORANGE,LAGUNA HILLS,-117.72526550292967,33.6099967956543
94660111,2025,2025-04-23,9675,2025-04-14,1634,018887,NA,1,2,6,3004,0,1,1,NA,2,405,I-405 NORTHBOUND,BEAR STREET,300,N,N,A,-,Y,ORA,NA,405,NA,NA,9.92,H,NA,R,Y,3,0,1,4,A,-,03,22350,NA,N,C,C,A,A,H,-,A,D,0,NA,NA,NA,NA,Y,NA,A,01,0,1,0,0,0,0,0,0,0,-,-,33.68756866455078,-117.89266204833984,ORANGE,COSTA MESA,-117.89266204833984,33.68756103515625
9466517,2022,2023-01-04,3000,2022-11-30,1550,1920,797J3,3,5,4,3021,0,0,0,NA,0,721,BEACH BL,HYNES RD,0,NA,Y,A,-,Y,ORA,12,39,-,-,10.111,I,5,N,Y,3,0,2,4,A,-,07,21658,A,N,B,C,A,A,H,-,A,A,0,NA,NA,NA,NA,Y,NA,D,22,0,2,0,0,0,0,0,0,0,-,-,NA,NA,ORANGE,STANTON,-117.99290466308594,33.79475402832031
94666956,2025,2025-04-28,9670,2025-04-25,1525,020938,NA,5,2,7,3001,0,1,1,NA,2,502,I-5 N/B,ANAHEIM BLVD,100,N,N,A,-,Y,ORA,NA,5,NA,NA,36.694,H,NA,R,N,3,0,1,2,A,-,07,21658,A,F,B,C,A,A,H,-,A,D,0,NA,NA,Y,NA,Y,NA,-,99,0,1,0,0,0,0,0,0,1,-,-,33.80794143676758,-117.9073486328125,ORANGE,ANAHEIM,-117.90731048583984,33.80796813964844
9467003,2022,2023-01-25,3004,2022-12-28,1452,P655,13,3,5,6,3004,0,0,0,NA,0,002,NEWPORT BL,FAIRVIEW RD,100,N,N,A,-,Y,ORA,12,55,-,R,3.098,R,2,S,N,3,0,1,2,A,-,03,22350,NA,N,C,C,A,A,H,-,A,A,0,NA,NA,NA,NA,Y,NA,D,22,0,1,0,0,0,0,0,0,0,-,-,33.653831481933594,-117.90711975097656,ORANGE,COSTA MESA,-117.90515899658205,33.655696868896484
94670957,2025,2025-04-30,9675,2025-04-26,9,023486,NA,6,3,6,3015,0,1,3,NA,2,572,SR-57 SOUTHBOUND,BALL ROAD,898,N,N,A,-,Y,ORA,NA,57,NA,NA,13.597,H,NA,L,N,3,0,1,2,A,-,03,22350,NA,N,C,C,A,A,H,-,D,D,0,NA,NA,NA,NA,Y,NA,A,01,0,1,0,0,0,0,0,0,0,-,-,33.82072830200195,-117.8763427734375,ORANGE,ORANGE,-117.87628173828124,33.82073211669922
9467119,2022,2023-02-06,3000,2022-12-09,0855,10853,993A2,5,5,5,3017,0,0,0,NA,0,775,CALLE DEL CERRO,AVENIDA VISTA MONTANA,160,N,N,A,-,N,NA,NA,NA,NA,NA,NA,NA,NA,NA,Y,4,0,1,2,A,-,08,22107,NA,N,C,C,A,A,H,-,A,D,0,NA,NA,NA,NA,Y,NA,A,07,0,0,1,0,0,0,0,0,0,-,-,NA,NA,ORANGE,SAN CLEMENTE,-117.60630035400392,33.44347381591797
9467127,2023,2023-02-15,3009,2023-01-13,1520,3625,154,5,5,6,3009,0,0,0,NA,0,022,HARBOR,LAMPSON,657,S,N,A,-,N,NA,NA,NA,NA,NA,NA,NA,NA,NA,Y,3,0,4,3,A,-,12,21453,A,N,D,C,B,A,H,-,A,A,0,Y,NA,NA,NA,Y,NA,D,22,0,1,3,0,1,0,0,0,0,-,-,NA,NA,ORANGE,GARDEN GROVE,-117.91493988037108,33.779850006103516
94672232,2025,2025-05-01,9690,2025-04-22,1550,016430,NA,2,2,5,3028,0,1,1,NA,2,057,I-5 N/B (SAN DIEGO FRWY),JUNIPERO SERRA,3696,N,N,A,-,Y,ORA,NA,5,NA,NA,11.595,H,NA,R,N,4,0,1,2,A,-,07,21658,A,N,B,C,A,A,H,-,A,D,0,NA,NA,NA,NA,Y,NA,D,22,0,0,1,0,0,0,0,0,0,-,-,33.5289192199707,-117.67153930664063,ORANGE,MISSION VIEJO,-117.67153167724608,33.5289306640625