CASE_ID,ACCIDENT_YEAR,PROC_DATE,JURIS,COLLISION_DATE,COLLISION_TIME,OFFICER_ID,REPORTING_DISTRICT,DAY_OF_WEEK,CHP_SHIFT,POPULATION,CNTY_CITY_LOC,SPECIAL_COND,BEAT_TYPE,CHP_BEAT_TYPE,CITY_DIVISION_LAPD,CHP_BEAT_CLASS,BEAT_NUMBER,PRIMARY_RD,SECONDARY_RD,DISTANCE,DIRECTION,INTERSECTION,WEATHER_1,WEATHER_2,STATE_HWY_IND,CALTRANS_COUNTY,CALTRANS_DISTRICT,STATE_ROUTE,ROUTE_SUFFIX,POSTMILE_PREFIX,POSTMILE,LOCATION_TYPE,RAMP_INTERSECTION,SIDE_OF_HWY,TOW_AWAY,COLLISION_SEVERITY,NUMBER_KILLED,NUMBER_INJURED,PARTY_COUNT,PRIMARY_COLL_FACTOR,PCF_CODE_OF_VIOL,PCF_VIOL_CATEGORY,PCF_VIOLATION,PCF_VIOL_SUBSECTION,HIT_AND_RUN,TYPE_OF_COLLISION,MVIW,PED_ACTION,ROAD_SURFACE,ROAD_COND_1,ROAD_COND_2,LIGHTING,CONTROL_DEVICE,CHP_ROAD_TYPE,PEDESTRIAN_ACCIDENT,BICYCLE_ACCIDENT,MOTORCYCLE_ACCIDENT,TRUCK_ACCIDENT,NOT_PRIVATE_PROPERTY,ALCOHOL_INVOLVED,STWD_VEHTYPE_AT_FAULT,CHP_VEHTYPE_AT_FAULT,COUNT_SEVERE_INJ,COUNT_VISIBLE_INJ,COUNT_COMPLAINT_PAIN,COUNT_PED_KILLED,COUNT_PED_INJURED,COUNT_BICYCLIST_KILLED,COUNT_BICYCLIST_INJURED,COUNT_MC_KILLED,COUNT_MC_INJURED,PRIMARY_RAMP,SECONDARY_RAMP,LATITUDE,LONGITUDE,COUNTY,CITY,POINT_X,POINT_Y
9795819,2025,2025-03-26,3012,2025-03-11,806,686,32,2,5,5,3012,0,0,0,NA,0,003,LA HABRA BL,DEANNA ST,33,W,N,B,C,N,NA,NA,NA,NA,NA,NA,NA,NA,NA,Y,4,0,1,2,A,-,09,21801,A,N,D,C,A,B,H,-,A,A,0,NA,NA,NA,NA,Y,NA,A,01,0,0,1,0,0,0,0,0,0,-,-,NA,NA,ORANGE,LA HABRA,-117.96414184570313,33.93185043334961
9799774,2025,2025-04-04,3009,2025-03-14,1445,3929,119,5,5,6,3009,0,0,0,NA,0,023,WARD ST,MELRIC AV,0,NA,Y,C,-,N,NA,NA,NA,NA,NA,NA,NA,NA,NA,Y,4,0,1,2,A,-,09,21802,A,N,A,C,A,B,H,-,A,A,0,NA,NA,NA,NA,Y,NA,-,-,0,0,1,0,0,0,0,0,0,-,-,NA,NA,ORANGE,GARDEN GROVE,-117.94611358642578,33.741729736328125
9800387,2025,2025-06-30,3009,2025-03-18,1431,3819,044,2,5,6,3009,0,0,0,NA,0,011,GARDEN GROVE BL,EAGLE DR,4,W,N,A,-,N,NA,NA,NA,NA,NA,NA,NA,NA,NA,N,3,0,1,2,A,-,03,22350,NA,M,A,G,A,A,H,-,A,A,0,NA,Y,NA,NA,Y,NA,-,-,0,1,0,0,0,0,1,0,0,-,-,NA,NA,ORANGE,GARDEN GROVE,-118.00453948974608,33.77370834350586
9800765,2025,2025-05-20,3003,2025-03-11,1138,1256,NA,2,5,5,3003,0,0,0,NA,0,NA,BEACH BL,LA PALMA AV,0,NA,N,A,-,N,NA,NA,NA,NA,NA,NA,NA,NA,NA,N,4,0,1,2,A,-,10,21950,A,N,G,B,B,B,H,-,A,A,0,Y,NA,NA,NA,Y,NA,A,01,0,0,1,0,1,0,0,0,0,-,-,NA,NA,ORANGE,BUENA PARK,-117.99781799316406,33.846595764160156
9803726,2025,2025-04-30,3000,2025-03-31,1542,10576,922CA,1,5,5,3028,0,0,0,NA,0,750,OSO PKWY,PACIFIC HILLS DR,0,NA,Y,A,-,N,NA,NA,NA,NA,NA,NA,NA,NA,NA,Y,4,0,2,2,A,-,12,21453,A,N,D,C,A,A,H,-,A,A,0,NA,NA,NA,NA,Y,NA,A,07,0,0,2,0,0,0,0,0,0,-,-,NA,NA,ORANGE,MISSION VIEJO,-117.6548080444336,33.585777282714844
9803731,2025,2025-04-23,3000,2025-02-22,503,10994,798A1,6,5,4,3021,0,0,0,NA,0,023,BEACH BL,PLAZA WY,720,N,N,A,-,N,NA,NA,NA,NA,NA,NA,NA,NA,NA,Y,3,0,1,1,A,-,03,22350,NA,N,E,J,A,A,H,-,B,A,0,NA,NA,NA,NA,Y,NA,A,01,0,1,0,0,0,0,0,0,0,-,-,NA,NA,ORANGE,STANTON,-117.99298858642578,33.799354553222656
9805284,2025,2025-04-29,3000,2025-03-28,1612,9696,921G6,5,5,5,3040,0,0,0,NA,0,743,ALISO NIGUEL,PACIFIC PARK DR,22,S,N,A,-,N,NA,NA,NA,NA,NA,NA,NA,NA,NA,Y,3,0,1,2,A,-,03,22350,NA,N,B,C,A,A,H,-,A,A,0,NA,NA,NA,NA,Y,NA,A,07,0,1,0,0,0,0,0,0,0,-,-,NA,NA,ORANGE,LAGUNA NIGUEL,-117.70564270019533,33.56998825073242
9806136,2025,2025-05-16,3004,2025-05-03,1447,P691,RD02,6,5,6,3004,0,0,0,NA,0,015,ANAHEIM AV,TERMINAL WY,40,N,N,B,-,N,NA,NA,NA,NA,NA,NA,NA,NA,NA,N,3,0,1,1,A,-,03,22350,NA,N,E,I,A,B,H,-,A,D,0,NA,Y,NA,NA,Y,NA,L,04,0,1,0,0,0,0,1,0,0,-,-,33.63740921020508,-117.92314910888672,ORANGE,COSTA MESA,-117.92327880859376,33.637638092041016
9806243,2025,2025-05-14,3000,2025-04-07,1553,12043,921F7,1,5,5,3040,0,0,0,NA,0,743,ALICIA PKWY,AVILA RD,0,NA,Y,A,-,N,NA,NA,NA,NA,NA,NA,NA,NA,NA,Y,4,0,1,3,A,-,12,21453,A,N,D,C,A,A,H,-,A,A,0,NA,NA,NA,NA,Y,NA,A,01,0,0,1,0,0,0,0,0,0,-,-,NA,NA,ORANGE,LAGUNA NIGUEL,-117.71575164794922,33.562744140625
9806643,2025,2025-05-12,3005,2025-04-26,24,8133,C25,6,5,4,3005,0,0,0,NA,0,003,BALL RD,DENNI ST,21,W,N,A,-,N,NA,NA,NA,NA,NA,NA,NA,NA,NA,Y,3,0,1,1,A,-,07,21658,A,N,E,I,A,A,H,-,C,A,0,NA,NA,NA,NA,Y,NA,A,01,0,1,0,0,0,0,0,0,0,-,-,NA,NA,ORANGE,CYPRESS,-118.0544891357422,33.81687927246094
9807497,2025,2025-05-30,3009,2025-04-03,800,4731,156,4,5,6,3009,0,0,0,NA,0,023,WESTMINSTER AV,ROXEY DR,0,NA,Y,A,-,N,NA,NA,NA,NA,NA,NA,NA,NA,NA,Y,4,0,1,2,A,-,09,21801,A,N,D,C,A,A,H,-,A,A,0,NA,NA,NA,NA,Y,NA,A,01,0,0,1,0,0,0,0,0,0,-,-,NA,NA,ORANGE,GARDEN GROVE,-117.90930938720705,33.75978469848633
9807570,2025,2025-05-29,3006,2025-03-31,1543,350,27,1,5,3,3006,0,0,0,NA,0,002,LA PALMA AV,WALKER ST,183,W,N,A,-,N,NA,NA,NA,NA,NA,NA,NA,NA,NA,N,4,0,2,2,A,-,03,22350,NA,M,C,C,A,A,H,-,A,A,0,NA,NA,NA,NA,Y,NA,A,01,0,0,2,0,0,0,0,0,0,-,-,NA,NA,ORANGE,LA PALMA,-118.037841796875,33.846290588378906
9807571,2025,2025-05-29,3009,2025-03-17,2215,4156,096,1,5,6,3009,0,0,0,NA,0,013,BUSHARD ST,WESTMINSTER AV,90,S,N,A,-,N,NA,NA,NA,NA,NA,NA,NA,NA,NA,Y,4,0,1,4,A,-,01,23152,A,M,C,C,A,A,H,-,C,A,0,NA,NA,NA,NA,Y,Y,A,07,0,0,1,0,0,0,0,0,0,-,-,NA,NA,ORANGE,GARDEN GROVE,-117.96363067626952,33.75923156738281
9809809,2025,2025-05-23,3003,2025-02-11,837,1284,NA,2,5,5,3003,0,0,0,NA,0,NA,SULLIVAN PL,WESTERN AV,473,E,N,A,-,N,NA,NA,NA,NA,NA,NA,NA,NA,NA,N,4,0,1,4,A,-,08,22107,NA,N,C,E,A,A,H,-,A,D,0,NA,NA,NA,NA,Y,NA,A,01,0,0,1,0,0,0,0,0,0,-,-,33.513999938964844,-118.00029754638672,ORANGE,BUENA PARK,-118.0009765625,33.86186218261719
9809925,2025,2025-05-22,3009,2025-04-28,1340,4917,91,1,5,6,3009,0,0,0,NA,0,012,BROOKHURST ST,KATELLA AV,390,S,N,A,-,N,NA,NA,NA,NA,NA,NA,NA,NA,NA,N,4,0,1,2,A,-,05,21650,NA,N,H,G,A,A,H,-,A,A,0,NA,Y,NA,NA,Y,NA,L,04,0,0,1,0,0,0,1,0,0,-,-,NA,NA,ORANGE,GARDEN GROVE,-117.95894622802734,33.80202102661133
9809929,2025,2025-05-22,3004,2025-04-26,1756,P744,RD01,6,5,6,3004,0,0,0,NA,0,015,MONROVIA AV,TOWNE ST,48,S,N,A,-,N,NA,NA,NA,NA,NA,NA,NA,NA,NA,N,3,0,1,2,A,-,03,22350,NA,N,H,E,A,A,H,-,A,D,0,NA,Y,NA,NA,Y,Y,M,91,0,1,0,0,0,0,1,0,0,-,-,33.640968322753906,-117.93634796142578,ORANGE,COSTA MESA,-117.93631744384766,33.64093780517578
9812454,2025,2025-10-29,3003,2025-09-20,407,1293,NA,6,5,5,3003,0,0,0,NA,0,004,BEACH BL,LA PALMA AV,0,NA,Y,A,-,N,NA,NA,NA,NA,NA,NA,NA,NA,NA,Y,4,0,3,2,A,-,12,21453,A,N,D,C,A,A,H,-,C,A,0,NA,NA,NA,NA,Y,NA,A,08,0,0,3,0,0,0,0,0,0,-,-,33.84663009643555,-117.99807739257813,ORANGE,BUENA PARK,-117.99781799316406,33.846595764160156
9812723,2025,2025-11-14,3004,2025-10-09,758,P707,RD02,4,5,6,3004,0,0,0,NA,0,001,NEWPORT BL,16TH ST,16,S,N,A,-,Y,ORA,12,55,-,-,1.231,I,5,S,Y,3,0,1,2,A,-,08,22107,NA,N,H,G,A,A,H,-,A,A,0,NA,Y,NA,NA,Y,NA,A,01,0,1,0,0,0,0,1,0,0,-,-,NA,NA,ORANGE,COSTA MESA,-117.92278289794922,33.633514404296875
9813426,2025,2025-05-23,3012,2025-04-13,1526,716,743,7,5,5,3012,0,0,0,NA,0,004,LAMBERT RD,HOME DEPOT WY,75,E,N,A,-,N,NA,NA,NA,NA,NA,NA,NA,NA,NA,Y,4,0,1,3,A,-,03,22350,NA,N,C,C,A,A,H,-,A,A,0,NA,NA,NA,NA,Y,NA,A,01,0,0,1,0,0,0,0,0,0,-,-,NA,NA,ORANGE,LA HABRA,NA,NA
9813821,2025,2025-06-12,3009,2025-05-14,2229,4915,104,3,5,6,3009,0,0,0,NA,0,013,GARDEN GROVE BL,KERRY ST,647,W,N,A,-,N,NA,NA,NA,NA,NA,NA,NA,NA,NA,Y,3,0,1,2,A,-,09,21804,A,N,D,C,A,A,H,-,C,A,0,NA,NA,NA,NA,Y,NA,A,01,0,1,0,0,0,0,0,0,0,-,-,NA,NA,ORANGE,GARDEN GROVE,-117.96097564697266,33.77399826049805
9814005,2025,2025-06-20,3003,2025-04-27,1410,1277,NA,7,5,5,3003,0,0,0,NA,0,003,BEACH BL,EL CAPITAN WY,350,S,N,A,-,N,NA,NA,NA,NA,NA,NA,NA,NA,NA,N,4,0,1,2,A,-,08,22107,NA,M,B,C,A,A,H,-,A,D,0,NA,NA,NA,NA,Y,NA,A,01,0,0,1,0,0,0,0,0,0,-,-,33.851318359375,-117.9978485107422,ORANGE,BUENA PARK,-117.9978485107422,33.85190963745117
9815320,2025,2025-06-18,3004,2025-05-18,1008,P691,RD10,7,5,6,3004,0,0,0,NA,0,004,HARBOR BL,WILSON ST,0,NA,Y,A,-,N,NA,NA,NA,NA,NA,NA,NA,NA,NA,Y,3,0,5,3,A,-,12,21453,A,N,D,C,A,A,H,-,A,A,0,NA,NA,NA,NA,Y,NA,D,22,0,5,0,0,0,0,0,0,0,-,-,33.65599822998047,-117.91899871826172,ORANGE,COSTA MESA,-117.91912078857422,33.65614700317383
9815783,2025,2025-06-04,3012,2025-05-13,854,568,45,2,5,5,3012,0,0,0,NA,0,004,LAMBERT RD,WALNUT ST,156,E,N,A,-,N,NA,NA,NA,NA,NA,NA,NA,NA,NA,N,4,0,1,3,A,-,03,22350,NA,N,C,C,A,A,H,-,A,A,0,NA,NA,NA,NA,Y,NA,A,07,0,0,1,0,0,0,0,0,0,-,-,NA,NA,ORANGE,LA HABRA,-117.94996643066406,33.92454147338867
9816087,2025,2025-06-10,3009,2025-05-23,903,4431,033,5,5,6,3009,0,0,0,NA,0,011,KNOTT AV,LAMPSON AV,60,S,N,B,-,N,NA,NA,NA,NA,NA,NA,NA,NA,NA,N,3,0,1,2,A,-,05,21650,1,N,D,G,A,A,H,-,A,A,0,NA,Y,NA,NA,Y,NA,L,04,0,1,0,0,0,0,1,0,0,-,-,NA,NA,ORANGE,GARDEN GROVE,-118.01116943359376,33.780845642089844
9817068,2025,2025-06-23,3000,2025-05-02,1026,12971,971G6,5,5,4,3029,0,0,0,NA,0,734,STREET OF THE GREEN LANTERN,PACIFIC COAST HWY,80,W,N,A,-,N,NA,NA,NA,NA,NA,NA,NA,NA,NA,Y,2,0,1,1,A,-,03,22350,NA,N,E,I,A,A,H,-,A,D,0,NA,NA,Y,NA,Y,NA,C,02,1,0,0,0,0,0,0,0,1,-,-,NA,NA,ORANGE,DANA POINT,NA,NA
9819866,2025,2025-09-30,3000,2025-08-04,2046,9104,797J4,1,5,4,3021,0,0,0,NA,0,421,BEACH BL,BEVER BL,228,N,N,A,-,N,NA,NA,NA,NA,NA,NA,NA,NA,NA,N,2,0,1,2,A,-,11,21954,A,N,G,B,D,A,H,-,C,D,0,Y,NA,NA,NA,Y,NA,N,60,1,0,0,0,1,0,0,0,0,-,-,NA,NA,ORANGE,STANTON,-117.9928741455078,33.791725158691406
9819888,2025,2025-09-26,3000,2025-08-13,1450,5377,951F5,3,5,5,3040,0,0,0,NA,0,741,CROWN VALLEY PKWY,ALICIA,365,E,N,A,-,N,NA,NA,NA,NA,NA,NA,NA,NA,NA,Y,3,0,1,2,A,-,08,22107,NA,N,B,C,A,A,H,-,A,D,0,NA,NA,NA,NA,Y,NA,A,07,0,1,0,0,0,0,0,0,0,-,-,NA,NA,ORANGE,LAGUNA NIGUEL,-117.71414947509766,33.52437973022461
9821890,2025,2025-10-03,3004,2025-08-06,1522,P549,RD32,3,5,6,3004,0,0,0,NA,0,015,AVENUE OF THE ARTS,ANTON BL,0,NA,Y,A,-,N,NA,NA,NA,NA,NA,NA,NA,NA,NA,Y,3,0,1,2,A,-,09,21801,A,N,D,C,A,A,H,-,A,A,0,NA,NA,NA,NA,Y,NA,A,07,0,1,0,0,0,0,0,0,0,-,-,33.69023132324219,-117.88092041015624,ORANGE,COSTA MESA,-117.881042,33.690143
9822750,2025,2025-09-11,3004,2025-08-15,1516,P745,RD07,5,5,6,3004,0,0,0,NA,0,015,22ND ST,NEWPORT BL,0,NA,Y,A,-,N,NA,NA,NA,NA,NA,NA,NA,NA,NA,Y,3,0,2,3,A,-,12,21453,A,N,D,C,A,A,H,-,A,A,0,NA,NA,NA,NA,Y,NA,A,07,0,2,0,0,0,0,0,0,0,-,-,33.651580810546875,-117.90821838378906,ORANGE,COSTA MESA,-117.90821075439452,33.6516227722168
9823768,2025,2025-10-15,3004,2025-09-27,728,P691,RD02,6,5,6,3004,0,0,0,NA,0,015,POMONA AV,CENTER ST,22,S,N,A,-,N,NA,NA,NA,NA,NA,NA,NA,NA,NA,Y,3,0,1,3,A,-,03,22350,NA,N,B,E,A,A,H,-,A,D,0,NA,NA,NA,NA,Y,Y,D,22,0,1,0,0,0,0,0,0,0,-,-,33.6420783996582,-117.92772674560548,ORANGE,COSTA MESA,-117.92766571044922,33.6419792175293
9825009,2025,2025-10-08,3004,2025-09-28,1651,P725,RD19,7,5,6,3004,0,0,0,NA,0,015,GISLER AV,CINNAMON AV,0,NA,Y,A,-,N,NA,NA,NA,NA,NA,NA,NA,NA,NA,Y,3,0,2,2,A,-,09,21804,A,N,D,C,A,A,H,-,A,D,0,NA,NA,NA,NA,Y,NA,A,01,0,2,0,0,0,0,0,0,0,-,-,33.68709182739258,-117.92072296142578,ORANGE,COSTA MESA,-117.9203872680664,33.68699264526367
9826633,2025,2025-07-09,3004,2025-06-19,1353,P744,RD11,4,5,6,3004,0,0,0,NA,0,012,VICTORIA ST,HARBOR BL,44,E,N,A,-,N,NA,NA,NA,NA,NA,NA,NA,NA,NA,N,4,0,1,2,A,-,03,22350,NA,N,C,C,A,A,H,-,A,A,0,NA,NA,NA,NA,Y,NA,A,01,0,0,1,0,0,0,0,0,0,-,-,33.652610778808594,-117.91905975341795,ORANGE,COSTA MESA,-117.91893768310548,33.65253448486328
9826641,2025,2025-06-27,3000,2025-05-16,1524,11343,770C7,5,5,2,3023,0,0,0,NA,0,014,TAFT AV,LEMON ST,0,NA,Y,A,-,N,NA,NA,NA,NA,NA,NA,NA,NA,NA,Y,4,0,2,2,A,-,12,22450,A,N,D,C,A,A,H,-,A,D,0,NA,NA,NA,NA,Y,NA,A,01,0,0,2,0,0,0,0,0,0,-,-,NA,NA,ORANGE,VILLA PARK,-117.8090591430664,33.81795120239258
9827416,2025,2025-07-25,3000,2025-04-29,2130,5013,891F4,2,5,5,3050,0,0,0,NA,0,765,LAKE FOREST DR,MUIRLANDS BL,0,NA,Y,A,-,N,NA,NA,NA,NA,NA,NA,NA,NA,NA,Y,2,0,1,2,A,-,12,21453,A,N,D,C,A,A,H,-,C,A,0,NA,NA,NA,NA,Y,NA,D,22,1,0,0,0,0,0,0,0,0,-,-,NA,NA,ORANGE,LAKE FOREST,-117.70984649658205,33.63426971435547
9827426,2025,2025-07-31,3000,2025-01-28,1150,5163,951J1,2,5,5,3040,0,0,0,NA,0,741,LA GARCIA,LA JOLLA WY,126,S,N,A,-,N,NA,NA,NA,NA,NA,NA,NA,NA,NA,Y,3,0,1,3,A,-,08,22107,NA,N,C,E,A,A,H,-,A,D,0,NA,NA,NA,NA,Y,NA,A,01,0,1,0,0,0,0,0,0,0,-,-,NA,NA,ORANGE,LAGUNA NIGUEL,-117.69031524658205,33.55490493774414
9829346,2025,2025-07-14,3009,2025-05-23,1606,5001,153,5,5,6,3009,0,0,0,NA,0,2-2,HASTER ST,ALLARD AV,14,N,N,A,-,N,NA,NA,NA,NA,NA,NA,NA,NA,NA,Y,4,0,1,2,A,-,12,21453,A,N,D,C,A,A,H,-,A,A,0,NA,NA,NA,NA,Y,NA,A,01,0,0,1,0,0,0,0,0,0,-,-,NA,NA,ORANGE,GARDEN GROVE,-117.90614318847656,33.78571701049805
9830918,2025,2025-07-17,3000,2025-06-09,1315,12177,972B4,1,5,4,3018,0,0,0,NA,0,731,CAMINO CAPISTRANO,CAMINO CAPISTRANO 33395,12,N,N,A,-,N,NA,NA,NA,NA,NA,NA,NA,NA,NA,Y,3,0,2,2,A,-,09,21804,NA,N,D,C,A,A,H,-,A,D,0,NA,NA,NA,NA,Y,NA,D,22,0,1,1,0,0,0,0,0,0,-,-,NA,NA,ORANGE,SAN JUAN CAPISTRANO,-121.3325653076172,38.02204895019531
9832558,2025,2025-07-24,3003,2025-07-07,2133,1322,3003,1,5,5,3003,0,0,0,NA,0,002,WESTERN AV,AUTO CENTER DR,45,S,N,A,-,N,NA,NA,NA,NA,NA,NA,NA,NA,NA,Y,4,0,1,2,A,-,00,21056,A,N,A,D,A,A,H,-,A,S,0,NA,NA,NA,NA,Y,NA,J,48,0,0,1,0,0,0,0,0,0,-,-,33.52109909057617,-118.00090026855467,ORANGE,BUENA PARK,-118.00260925292967,33.869728088378906
9832951,2025,2025-07-24,3004,2025-07-07,1217,P691,RD29,1,5,6,3004,0,0,0,NA,0,015,PAULARINO AV,PULLMAN ST,160,W,N,A,-,N,NA,NA,NA,NA,NA,NA,NA,NA,NA,Y,3,0,1,2,A,-,03,22350,NA,N,C,C,A,A,H,-,A,A,0,NA,NA,NA,NA,Y,NA,A,01,0,1,0,0,0,0,0,0,0,-,-,33.66809844970703,-117.87547302246094,ORANGE,COSTA MESA,-117.8759536743164,33.68120193481445
9833100,2025,2025-07-16,3000,2025-05-02,910,10477,951E1,5,5,5,3040,0,0,0,NA,0,641,ALISO CREEK RD,ALICIA PKWY,358,NA,N,A,-,N,NA,NA,NA,NA,NA,NA,NA,NA,NA,Y,4,0,1,2,A,-,03,22350,NA,N,C,C,A,A,H,-,A,D,0,NA,NA,NA,NA,Y,NA,A,01,0,0,1,0,0,0,0,0,0,-,-,NA,NA,ORANGE,LAGUNA NIGUEL,-117.71804809570313,33.55544662475586
9833619,2025,2025-07-23,3009,2025-06-20,1335,4626,133,5,5,6,3009,0,0,0,NA,0,2-1,CHAPMAN AV,JACALENE LN,18,N,N,A,-,N,NA,NA,NA,NA,NA,NA,NA,NA,NA,Y,4,0,1,2,A,-,09,21802,A,N,A,C,A,A,H,-,A,A,0,NA,NA,NA,NA,Y,NA,A,01,0,0,1,0,0,0,0,0,0,-,-,NA,NA,ORANGE,GARDEN GROVE,-117.92730712890624,33.78879165649414
9833639,2025,2025-07-22,3000,2025-05-26,1125,11950,922C7,1,5,5,3028,0,0,0,NA,0,1A50,MARGUERITE PKWY,MEDICAL CENTER RD,0,NA,Y,A,-,N,NA,NA,NA,NA,NA,NA,NA,NA,NA,Y,4,0,2,2,A,-,12,21453,A,N,D,D,A,A,H,-,A,A,0,NA,NA,NA,NA,Y,NA,A,01,0,0,2,0,0,0,0,0,0,-,-,NA,NA,ORANGE,MISSION VIEJO,-117.66413879394533,33.55796813964844
9833640,2025,2025-07-22,3000,2025-05-28,1418,12644,891G6,3,5,5,3050,0,0,0,NA,0,060,EL TORO RD,ROCKFIELD BL,15,W,N,A,-,N,NA,NA,NA,NA,NA,NA,NA,NA,NA,N,2,0,1,2,A,-,09,21453,B,N,G,G,A,A,H,-,A,A,0,NA,Y,NA,NA,Y,NA,A,07,1,0,0,0,0,0,1,0,0,-,-,NA,NA,ORANGE,LAKE FOREST,-117.70476531982422,33.616973876953125
9866529,2025,2025-08-20,3000,2025-07-02,202,11944,797J6,3,5,4,3021,0,0,0,NA,0,023,GARDEN GROVE BL,COURT ST,40,W,N,A,-,N,NA,NA,NA,NA,NA,NA,NA,NA,NA,N,3,0,1,2,A,-,11,21954,A,N,A,B,D,A,H,-,C,A,0,Y,NA,NA,NA,Y,NA,N,60,0,1,0,0,1,0,0,0,0,-,-,NA,NA,ORANGE,STANTON,-117.99063110351563,33.773738861083984
9867020,2024,2025-12-11,3009,2024-04-02,1308,NA,53,2,5,6,3009,0,0,0,NA,0,1-1,WESTERN AV,EDISON POLE #1916122E,112,N,N,A,-,N,NA,NA,NA,NA,NA,NA,NA,NA,NA,Y,1,1,0,3,A,-,08,22107,NA,N,D,C,A,A,H,-,A,A,0,NA,NA,Y,Y,Y,NA,C,02,0,0,0,0,0,0,0,1,0,-,-,NA,NA,ORANGE,GARDEN GROVE,NA,NA
9867177,2025,2026-02-05,3010,2025-10-20,647,1118,484,1,5,6,3010,0,0,0,NA,0,002,RT 1,NEWLAND ST,570,N,N,E,-,N,NA,NA,NA,NA,NA,NA,NA,NA,NA,Y,1,1,2,4,A,-,00,23153,F,F,C,G,A,A,H,-,B,D,0,NA,Y,NA,NA,Y,NA,A,01,2,0,0,0,0,1,2,0,0,-,-,NA,NA,ORANGE,HUNTINGTON BEACH,-117.9827880859375,33.645103454589844
9868639,2025,2025-08-08,3000,2025-07-04,2340,11797,992G4,5,5,5,3017,0,0,0,NA,0,775,EL CAMINO REAL,AVENIDA ESTACION,620,N,N,A,-,N,NA,NA,NA,NA,NA,NA,NA,NA,NA,N,3,0,1,1,A,-,08,22107,NA,N,E,I,A,A,H,-,A,D,0,NA,Y,NA,NA,Y,Y,L,04,0,1,0,0,0,0,1,0,0,-,-,NA,NA,ORANGE,SAN CLEMENTE,-117.63533782958984,33.43408966064453
9869998,2025,2025-08-12,3000,2025-05-12,658,5163,973B7,1,5,5,3017,0,0,0,NA,0,777,AVENIDA LA PATA,TRAFFIX DEVICES,47,N,N,A,-,N,NA,NA,NA,NA,NA,NA,NA,NA,NA,N,3,0,1,1,A,-,03,22350,NA,N,F,I,A,A,H,-,A,A,0,NA,Y,NA,NA,Y,NA,L,04,0,1,0,0,0,0,1,0,0,-,-,NA,NA,ORANGE,SAN CLEMENTE,NA,NA
9870743,2025,2025-08-06,3000,2025-06-07,1056,11831,992J2,6,5,5,3017,0,0,0,NA,0,174,AVENIDA PRESIDIO,CALLE ESCUELA,421,N,N,A,-,N,NA,NA,NA,NA,NA,NA,NA,NA,NA,Y,4,0,1,2,A,-,08,22107,NA,N,A,C,A,A,H,-,A,A,0,NA,NA,NA,NA,Y,NA,A,01,0,0,1,0,0,0,0,0,0,-,-,NA,NA,ORANGE,SAN CLEMENTE,-117.61175537109376,33.441551208496094
9871056,2025,2025-08-11,3003,2025-07-10,1719,1289,NA,4,5,5,3003,0,0,0,NA,0,NA,DALE ST,CRESCENT AV,0,NA,N,A,-,N,NA,NA,NA,NA,NA,NA,NA,NA,NA,Y,3,0,3,2,A,-,12,21453,A,N,D,C,A,A,H,-,A,A,0,NA,NA,NA,Y,Y,NA,A,01,0,1,2,0,0,0,0,0,0,-,-,33.8390007019043,-117.98400115966795,ORANGE,BUENA PARK,-117.9848175048828,33.8394775390625
9871854,2025,2025-08-20,3002,2025-07-02,2123,10165,740,3,5,5,3025,0,0,0,NA,0,001,LAKEVIEW AV,BASTANCHURY RD,0,NA,Y,A,-,N,NA,NA,NA,NA,NA,NA,NA,NA,NA,Y,2,0,3,2,A,-,12,21453,NA,N,D,C,A,A,H,-,C,A,0,NA,NA,NA,NA,Y,NA,A,01,2,1,0,0,0,0,0,0,0,-,-,NA,NA,ORANGE,YORBA LINDA,-117.81159973144533,33.89949035644531
9872073,2025,2025-08-28,3012,2025-07-19,1338,716,42,6,5,5,3012,0,0,0,NA,0,004,LAMBERT RD,CYPRESS ST,40,W,N,A,-,N,NA,NA,NA,NA,NA,NA,NA,NA,NA,N,3,0,1,2,A,-,03,22350,NA,N,C,C,A,A,-,-,A,A,0,NA,NA,NA,NA,Y,NA,A,07,0,1,0,0,0,0,0,0,0,-,-,NA,NA,ORANGE,LA HABRA,-117.94187927246094,33.92464065551758
9872981,2025,2025-09-10,3000,2025-08-23,814,10321,993A6,6,5,5,3017,0,0,0,NA,0,6M75,SOUTH OLA VISTA,AVENIDA SAN ANTONIO,80,N,N,B,-,N,NA,NA,NA,NA,NA,NA,NA,NA,NA,N,3,0,2,2,A,-,08,22107,NA,N,B,G,A,A,H,-,A,D,0,NA,Y,NA,NA,Y,NA,L,04,0,1,1,0,0,0,2,0,0,-,-,NA,NA,ORANGE,SAN CLEMENTE,-117.6072006225586,33.41364669799805
9873234,2025,2025-09-11,3013,2025-08-09,1004,232,L10,6,5,3,3013,0,0,0,NA,0,004,KATELLA AV,WINNERS CIR,0,NA,Y,A,-,N,NA,NA,NA,NA,NA,NA,NA,NA,NA,Y,4,0,2,2,A,-,09,21804,NA,N,D,C,A,A,G,-,A,A,0,NA,NA,NA,NA,Y,NA,A,01,0,0,2,0,0,0,0,0,0,-,-,NA,NA,ORANGE,LOS ALAMITOS,-118.04071044921876,33.80293655395508
9873287,2025,2025-09-09,3000,2025-07-04,1750,12971,971H7,5,5,4,3029,0,0,0,NA,0,734,DANA DR,ISLAND WY,520,E,N,A,B,N,NA,NA,NA,NA,NA,NA,NA,NA,NA,N,3,0,1,2,A,-,03,22350,NA,N,G,B,D,A,H,-,A,D,0,Y,NA,NA,NA,Y,NA,A,08,0,1,0,0,1,0,0,0,0,-,-,NA,NA,ORANGE,DANA POINT,-117.69842529296876,33.45796203613281