CASE_ID,ACCIDENT_YEAR,PROC_DATE,JURIS,COLLISION_DATE,COLLISION_TIME,OFFICER_ID,REPORTING_DISTRICT,DAY_OF_WEEK,CHP_SHIFT,POPULATION,CNTY_CITY_LOC,SPECIAL_COND,BEAT_TYPE,CHP_BEAT_TYPE,CITY_DIVISION_LAPD,CHP_BEAT_CLASS,BEAT_NUMBER,PRIMARY_RD,SECONDARY_RD,DISTANCE,DIRECTION,INTERSECTION,WEATHER_1,WEATHER_2,STATE_HWY_IND,CALTRANS_COUNTY,CALTRANS_DISTRICT,STATE_ROUTE,ROUTE_SUFFIX,POSTMILE_PREFIX,POSTMILE,LOCATION_TYPE,RAMP_INTERSECTION,SIDE_OF_HWY,TOW_AWAY,COLLISION_SEVERITY,NUMBER_KILLED,NUMBER_INJURED,PARTY_COUNT,PRIMARY_COLL_FACTOR,PCF_CODE_OF_VIOL,PCF_VIOL_CATEGORY,PCF_VIOLATION,PCF_VIOL_SUBSECTION,HIT_AND_RUN,TYPE_OF_COLLISION,MVIW,PED_ACTION,ROAD_SURFACE,ROAD_COND_1,ROAD_COND_2,LIGHTING,CONTROL_DEVICE,CHP_ROAD_TYPE,PEDESTRIAN_ACCIDENT,BICYCLE_ACCIDENT,MOTORCYCLE_ACCIDENT,TRUCK_ACCIDENT,NOT_PRIVATE_PROPERTY,ALCOHOL_INVOLVED,STWD_VEHTYPE_AT_FAULT,CHP_VEHTYPE_AT_FAULT,COUNT_SEVERE_INJ,COUNT_VISIBLE_INJ,COUNT_COMPLAINT_PAIN,COUNT_PED_KILLED,COUNT_PED_INJURED,COUNT_BICYCLIST_KILLED,COUNT_BICYCLIST_INJURED,COUNT_MC_KILLED,COUNT_MC_INJURED,PRIMARY_RAMP,SECONDARY_RAMP,LATITUDE,LONGITUDE,COUNTY,CITY,POINT_X,POINT_Y
6451952,2014,2014-07-15,3015,2014-04-01,2017,1513,23E,2,5,6,3015,0,0,0,NA,0,346,TUSTIN ST,PALM AV,19,NA,N,A,-,N,NA,NA,NA,NA,NA,NA,NA,NA,NA,N,3,0,1,2,A,-,10,21950,A,N,G,B,B,A,H,-,C,A,0,Y,NA,NA,NA,Y,NA,D,22,0,1,0,0,1,0,0,0,0,-,-,NA,NA,ORANGE,ORANGE,-117.8357201,33.79143005
6452867,2014,2014-07-09,3019,2014-04-08,1521,3151,NE,2,5,7,3019,0,0,0,NA,0,002,MAIN ST,5TH ST,0,NA,Y,A,-,N,NA,NA,NA,NA,NA,NA,NA,NA,NA,N,3,0,1,2,A,-,11,21456,B,N,G,B,B,A,H,-,A,A,0,Y,NA,NA,NA,Y,NA,N,60,0,1,0,0,1,0,0,0,0,-,-,NA,NA,ORANGE,SANTA ANA,-117.86762003,33.74891006
6454063,2014,2016-04-09,3010,2014-04-03,1217,1225,5,4,5,6,3010,0,0,0,NA,0,292,BEACH BL,STERLING,250,N,N,A,-,Y,ORA,12,39,-,-,3.54,H,-,N,N,4,0,2,3,A,-,03,22350,NA,N,C,C,A,A,H,-,A,D,0,NA,NA,NA,NA,Y,NA,D,22,0,0,2,0,0,0,0,0,0,-,-,NA,NA,ORANGE,HUNTINGTON BEACH,-117.98903423,33.69987422
6455037,2014,2014-08-07,3010,2014-04-09,2010,251,178,3,5,6,3010,0,0,0,NA,0,008,EDWARDS,WARNER,0,NA,Y,A,-,N,NA,NA,NA,NA,NA,NA,NA,NA,NA,Y,3,0,2,2,D,-,00,NA,NA,N,A,C,A,A,H,-,C,D,0,NA,NA,NA,NA,Y,NA,-,-,0,1,1,0,0,0,0,0,0,-,-,NA,NA,ORANGE,HUNTINGTON BEACH,-118.01527008,33.71557003
6457223,2014,2014-07-10,3002,2014-04-01,0843,1301,326W,2,5,4,3002,0,0,0,NA,0,011,CENTRAL AV,BERRY ST,0,NA,Y,B,-,N,NA,NA,NA,NA,NA,NA,NA,NA,NA,Y,4,0,2,2,A,-,12,21453,A,N,D,C,A,A,H,-,A,A,0,NA,NA,NA,NA,Y,NA,A,01,0,0,2,0,0,0,0,0,0,-,-,NA,NA,ORANGE,BREA,-117.90648004,33.93188008
6457251,2014,2014-07-11,3024,2014-04-15,1259,162,P22,2,5,5,3024,0,0,0,NA,0,WEST,EDWARDS ST,INDUSTRY WY,63,S,N,A,-,N,NA,NA,NA,NA,NA,NA,NA,NA,NA,N,4,0,1,1,A,-,08,22107,NA,N,A,I,A,A,H,-,A,D,0,NA,NA,NA,NA,Y,NA,A,01,0,0,1,0,0,0,0,0,0,-,-,NA,NA,ORANGE,WESTMINSTER,-118.01589636,33.75168059
6459119,2014,2016-04-05,9670,2014-04-19,2235,020472,NA,6,3,6,3009,0,1,3,NA,2,024,RT 22,EUCLID ST,25,E,N,A,-,Y,ORA,12,22,-,R,6.986,R,3,E,Y,3,0,1,1,A,-,01,23152,A,N,E,I,A,A,H,-,C,A,1,NA,NA,NA,NA,Y,Y,A,01,0,1,0,0,0,0,0,0,0,-,-,33.7653,-117.9375,ORANGE,GARDEN GROVE,-117.93497879,33.76604816
6459236,2014,2014-07-14,3002,2014-04-24,1543,1545,430W,4,5,4,3002,0,0,0,NA,0,012,LAMBERT RD,WANDERING LN,0,NA,Y,A,-,N,NA,NA,NA,NA,NA,NA,NA,NA,NA,Y,3,0,2,2,A,-,12,21453,A,N,D,C,A,A,H,-,A,A,0,NA,NA,NA,NA,Y,NA,A,01,0,1,1,0,0,0,0,0,0,-,-,NA,NA,ORANGE,BREA,-117.8720401,33.92516009
6459549,2014,2014-08-01,3026,2014-05-08,1626,4991,NA,4,5,6,3026,0,0,0,NA,0,00U,RED HILL,ALTON PKWY,0,NA,Y,A,-,N,NA,NA,NA,NA,NA,NA,NA,NA,NA,Y,2,0,3,3,A,-,-,NA,NA,N,E,C,A,A,H,-,A,A,0,NA,NA,NA,NA,Y,NA,A,01,2,1,0,0,0,0,0,0,0,-,-,NA,NA,ORANGE,IRVINE,-117.84874005,33.70007001
6461118,2014,2016-03-30,9675,2014-05-02,2010,018039,NA,5,2,6,3026,0,1,3,NA,2,130,RT 133,IRVINE BL,1000,N,N,A,-,Y,ORA,12,133,-,-,12.14,H,-,N,Y,4,0,1,2,A,-,03,22350,NA,N,C,C,A,A,H,-,C,D,1,NA,NA,NA,NA,Y,NA,A,01,0,0,1,0,0,0,0,0,0,-,-,33.7053,-117.72684,ORANGE,IRVINE,-117.73290735,33.69957351
6464773,2014,2014-07-22,3012,2014-04-02,2021,288,13,3,5,5,3012,0,0,0,NA,0,0NW,VALLEY HOME AV,HOLLY AV,142,N,N,A,-,N,NA,NA,NA,NA,NA,NA,NA,NA,NA,Y,3,0,1,2,A,-,08,22107,NA,N,B,E,A,A,H,-,C,D,0,NA,NA,NA,NA,Y,NA,A,01,0,1,0,0,0,0,0,0,0,-,-,NA,NA,ORANGE,LA HABRA,-117.97653396,33.9382593
6464799,2014,2016-04-09,3024,2014-04-02,1648,140,P37,3,5,5,3024,0,0,0,NA,0,EAST,RT 39,MCFADDEN AV,350,S,N,A,-,Y,ORA,12,39,-,-,6.04,H,-,N,N,4,0,1,2,A,-,07,21658,A,N,B,C,A,A,H,-,A,D,0,NA,NA,NA,NA,Y,NA,A,08,0,0,1,0,0,0,0,0,0,-,-,NA,NA,ORANGE,WESTMINSTER,-117.98928544,33.73599376
6464963,2014,2016-04-11,9670,2014-04-05,1950,17858,NA,6,2,6,3009,0,1,3,NA,2,024,RT 22,LEWIS ST,800,W,N,A,-,Y,ORA,12,22,-,R,9.26,H,-,E,N,4,0,1,3,A,-,03,22350,NA,N,C,C,A,A,H,-,C,D,1,NA,NA,NA,NA,Y,NA,A,08,0,0,1,0,0,0,0,0,0,-,-,33.77735,-117.89866,ORANGE,GARDEN GROVE,-117.89883823,33.777516
6465495,2014,2014-07-17,3008,2014-04-01,1025,1284,NA,2,5,6,3008,0,0,0,NA,0,0Z2,LEMON ST,BREA BL,114,S,N,B,-,N,NA,NA,NA,NA,NA,NA,NA,NA,NA,N,3,0,1,1,A,-,15,21201,A,N,H,J,A,A,H,-,A,D,0,NA,Y,NA,NA,Y,NA,L,04,0,1,0,0,0,0,1,0,0,-,-,NA,NA,ORANGE,FULLERTON,-117.92056128,33.88639688
6466782,2014,2016-03-07,9690,2014-03-21,1450,16128,NA,5,2,5,3028,0,1,1,NA,2,056,RT 5,OSO PKWY,1200,S,N,A,-,Y,ORA,12,5,-,-,14.99,H,-,N,Y,3,0,2,4,A,-,04,21703,NA,N,C,C,A,A,H,-,A,D,1,NA,NA,NA,NA,Y,NA,D,22,0,2,0,0,0,0,0,0,0,-,-,33.57679,-117.67152,ORANGE,MISSION VIEJO,-117.67168659,33.57680721
6467401,2014,2016-04-05,9690,2014-04-02,2046,18349,NA,3,2,4,3018,0,1,1,NA,2,057,RT 5,STONEHILL DR,500,N,N,A,-,Y,ORA,12,5,-,-,7.53,H,-,N,Y,4,0,2,2,A,-,07,21658,A,N,B,C,A,A,H,-,D,D,1,NA,NA,NA,NA,Y,NA,A,01,0,0,2,0,0,0,0,0,0,-,-,33.47643,-117.6735,ORANGE,SAN JUAN CAPISTRANO,-117.67393063,33.47624664
6468420,2014,2014-07-29,3016,2014-05-14,1852,1245,41,3,5,5,3016,0,0,0,NA,0,002,RICHFIELD RD,ORANGETHORPE AV,24,N,N,A,-,N,NA,NA,NA,NA,NA,NA,NA,NA,NA,Y,2,0,1,2,A,-,12,21453,A,N,D,C,A,A,H,-,A,A,0,NA,NA,NA,NA,Y,NA,A,07,1,0,0,0,0,0,0,0,0,-,-,NA,NA,ORANGE,PLACENTIA,-117.82599077,33.86766579
6468535,2014,2015-12-23,3020,2014-03-08,2216,364,3020,6,5,4,3020,0,0,0,NA,0,SOUTH,RT 1,SEAL BEACH BL,1891,E,N,A,-,Y,ORA,12,1,-,-,32.36,H,-,N,Y,4,0,1,1,A,-,01,23152,A,N,B,I,A,A,H,-,D,D,0,NA,NA,NA,NA,Y,Y,A,01,0,0,1,0,0,0,0,0,0,-,-,33.73844,-118.08964,ORANGE,SEAL BEACH,-118.09000823,33.73863267
6468660,2014,2014-08-13,3001,2014-06-13,0648,A1555,NA,5,5,7,3001,0,0,0,NA,0,0D1,MAGNOLIA AV,ROME AV,50,S,N,A,-,N,NA,NA,NA,NA,NA,NA,NA,NA,NA,N,4,0,2,2,A,-,03,22350,NA,N,C,C,A,A,H,-,A,D,0,NA,NA,NA,NA,Y,NA,D,22,0,0,2,0,0,0,0,0,0,-,-,NA,NA,ORANGE,ANAHEIM,-117.97585728,33.82072296
6469380,2014,2015-11-19,3026,2014-03-21,0216,519,7,5,5,6,3026,0,0,0,NA,0,00P,IRVINE BL,RT 261,8,E,N,A,-,Y,ORA,12,261,-,-,1.803,R,4,N,Y,2,0,1,1,A,-,01,23152,A,N,E,I,A,A,H,-,C,A,0,NA,NA,NA,NA,Y,Y,A,07,1,0,0,0,0,0,0,0,0,-,NF,NA,NA,ORANGE,IRVINE,-117.77709612,33.72822106
6469620,2014,2016-03-30,3011,2014-04-09,1501,31241,37,3,5,4,3011,0,0,0,NA,0,001,RT 133,CANYON ACRES,1584,N,N,A,-,Y,ORA,12,133,-,-,1.26,H,-,N,Y,4,0,2,2,A,-,03,22350,NA,N,C,C,A,A,H,-,A,D,0,NA,NA,NA,NA,Y,NA,A,01,0,0,2,0,0,0,0,0,0,-,-,NA,NA,ORANGE,LAGUNA BEACH,-117.77397336,33.55786195
6469742,2014,2014-07-22,3000,2014-04-13,0107,1944,951E1,7,5,4,3049,0,0,0,NA,0,481,ALISO CREEK RD,WOOD CANYON DR,35,W,N,A,-,N,NA,NA,NA,NA,NA,NA,NA,NA,NA,Y,3,0,2,2,A,-,01,23152,A,N,C,C,A,A,H,-,C,A,0,NA,NA,NA,NA,Y,Y,A,01,0,1,1,0,0,0,0,0,0,-,-,NA,NA,ORANGE,ALISO VIEJO,-117.72109923,33.55598898
6471217,2014,2016-04-09,3012,2014-04-11,1536,288,38,5,5,5,3012,0,0,0,NA,0,0SW,BEACH BL,WESTRIDGE PLAZA NORTH,370,S,N,A,-,Y,ORA,12,39,-,-,19.29,H,-,N,Y,4,0,2,3,A,-,03,22350,NA,N,C,C,A,A,H,-,A,A,0,NA,NA,NA,NA,Y,NA,A,01,0,0,2,0,0,0,0,0,0,-,-,NA,NA,ORANGE,LA HABRA,-117.96770104,33.91860991
6473465,2014,2014-07-26,3007,2014-04-27,1602,230,44,7,5,5,3007,0,0,0,NA,0,301,WARNER AV,BROOKHURST,406,W,N,A,-,N,NA,NA,NA,NA,NA,NA,NA,NA,NA,Y,4,0,2,2,A,-,09,21801,A,N,D,C,A,A,H,-,A,D,0,NA,NA,NA,NA,Y,NA,D,22,0,0,2,0,0,0,0,0,0,-,-,NA,NA,ORANGE,FOUNTAIN VALLEY,-117.95592033,33.71630522
6473649,2014,2016-02-18,9675,2014-04-02,2247,018272,NA,3,3,7,3001,0,1,3,NA,2,093,RT 91,LA PALMA AV,150,W,N,A,-,Y,ORA,12,91,-,-,6.491,R,2,W,Y,4,0,1,1,A,-,03,22350,NA,N,E,I,A,A,H,-,C,D,6,NA,NA,NA,NA,Y,NA,A,01,0,0,1,0,0,0,0,0,0,TO,-,33.8479,-117.67114,ORANGE,ANAHEIM,-117.86980186,33.84732426
6473659,2014,2016-04-05,9670,2014-04-05,1740,17858,NA,6,2,6,3009,0,1,3,NA,2,023,RT 22,BROOKHURST ST,600,W,N,A,-,Y,ORA,12,22,-,R,5.71,H,-,W,Y,2,0,1,2,A,-,08,22107,NA,N,B,C,A,A,H,-,A,D,1,NA,NA,Y,NA,Y,NA,A,01,1,0,0,0,0,0,0,0,1,-,-,33.76604,-117.95894,ORANGE,GARDEN GROVE,-117.95714581,33.76599101
6473671,2014,2016-04-04,9670,2014-04-10,0725,17951,NA,4,1,5,3024,0,1,1,NA,2,043,RT 405,BOLSA CHICA RD,1767,S,N,A,-,Y,ORA,12,405,-,-,20.23,H,-,S,Y,3,0,1,2,A,-,03,22350,NA,N,C,C,A,A,H,-,A,D,1,NA,NA,Y,NA,Y,NA,C,02,0,1,0,0,0,0,0,0,1,-,-,33.76983,-118.03455,ORANGE,WESTMINSTER,-118.03520952,33.76995281
6475252,2014,2014-07-25,3000,2014-04-25,2040,1940,99LJ4,5,5,5,3017,0,0,0,NA,0,18671,W AVENIDA PALIZADA,N OLA VISTA,197,N,N,A,-,N,NA,NA,NA,NA,NA,NA,NA,NA,NA,Y,4,0,1,2,A,-,03,22350,NA,N,C,E,A,A,H,-,D,D,0,NA,NA,NA,NA,Y,NA,A,01,0,0,1,0,0,0,0,0,0,-,-,NA,NA,ORANGE,SAN CLEMENTE,-117.61646266,33.4285529
6475301,2014,2014-07-11,3024,2014-04-25,1835,142,P15,5,5,5,3024,0,0,0,NA,0,WEST,WESTMINSTER BL,RANCHO RD,0,NA,Y,A,-,N,NA,NA,NA,NA,NA,NA,NA,NA,NA,Y,4,0,1,2,A,-,12,21453,A,N,D,C,A,A,H,-,A,A,0,NA,NA,NA,NA,Y,NA,A,01,0,0,1,0,0,0,0,0,0,-,-,NA,NA,ORANGE,WESTMINSTER,-118.02995005,33.75893008
6475349,2014,2015-12-04,3010,2014-04-20,1650,1116,442,7,5,6,3010,0,0,0,NA,0,003,DELAWARE,OSWEGO,121,S,N,A,-,N,NA,NA,NA,NA,NA,NA,NA,NA,NA,Y,4,0,1,2,A,-,08,22107,NA,N,D,E,A,A,H,-,A,D,0,NA,NA,NA,NA,Y,NA,A,01,0,0,1,0,0,0,0,0,0,-,-,NA,NA,ORANGE,HUNTINGTON BEACH,-117.99290639,33.67000825
6476628,2014,2014-07-24,3024,2014-05-08,0517,135,P35,4,5,5,3024,0,0,0,NA,0,EAST,BOLSA AV,BUSHARD ST,0,NA,Y,A,-,N,NA,NA,NA,NA,NA,NA,NA,NA,NA,Y,4,0,1,2,A,-,12,21453,A,N,D,C,A,A,H,-,C,A,0,NA,NA,NA,NA,Y,NA,A,01,0,0,1,0,0,0,0,0,0,-,-,NA,NA,ORANGE,WESTMINSTER,-117.96355008,33.74496005
6476816,2014,2014-07-11,3012,2014-04-20,2026,620,NA,7,5,5,3012,0,0,0,NA,0,0SE,HARBOR BL,SUPERIOR AV,0,NA,Y,A,-,N,NA,NA,NA,NA,NA,NA,NA,NA,NA,Y,4,0,4,2,A,-,09,21802,A,N,D,C,A,A,H,-,C,D,0,NA,NA,NA,NA,Y,NA,A,01,0,0,4,0,0,0,0,0,0,-,-,NA,NA,ORANGE,LA HABRA,-117.93305012,33.92804012
6477642,2014,2016-04-04,3010,2014-04-26,0200,1219,473,6,5,6,3010,0,0,0,NA,0,002,PCH,NEWLAND ST,0,NA,-,B,C,Y,ORA,12,1,-,-,23.14,H,-,S,Y,3,0,1,1,A,-,03,22350,NA,N,E,I,A,B,H,-,D,D,0,NA,NA,NA,NA,Y,Y,A,01,0,1,0,0,0,0,0,0,0,-,-,NA,NA,ORANGE,HUNTINGTON BEACH,-117.97940489,33.64314169
6479142,2014,2016-03-30,9675,2014-04-24,1545,18479,NA,4,2,6,3026,0,1,3,NA,2,074,RT 73,UNIVERSITY DR,1410,S,N,A,-,Y,ORA,12,73,-,-,24.05,H,-,S,Y,4,0,1,2,A,-,03,22350,NA,N,-,C,A,A,H,-,A,D,0,NA,NA,NA,NA,Y,NA,A,07,0,0,1,0,0,0,0,0,0,-,-,33.64641,-117.86108,ORANGE,IRVINE,-117.86083369,33.64569015
6480449,2014,2016-04-09,9675,2014-05-05,1235,14558,NA,1,1,5,3022,0,1,1,NA,2,503,RT 5,NEWPORT AV,1800,N,N,A,-,Y,ORA,12,5,-,R,29.97,H,-,N,Y,3,0,1,2,A,-,08,22107,NA,N,B,C,A,A,H,-,A,D,1,NA,NA,NA,Y,Y,NA,F,26,0,1,0,0,0,0,0,0,0,-,-,33.73953,-117.83008,ORANGE,TUSTIN,-117.82907942,33.73911594
6483684,2014,2015-03-23,3000,2014-05-01,0915,4589,891F7,4,5,3,3051,0,0,0,NA,0,1A80,PASEO DE VALENCIA,EL TORO RD,51,S,N,A,-,N,NA,NA,NA,NA,NA,NA,NA,NA,NA,N,3,0,1,2,A,-,09,21453,B,N,B,C,A,A,H,-,A,A,0,NA,NA,Y,NA,Y,NA,A,01,0,1,0,0,0,0,0,0,1,-,-,NA,NA,ORANGE,LAGUNA WOODS,-117.71301518,33.61245028
6484365,2014,2016-04-05,9690,2014-04-28,0732,14552,NA,1,1,4,3018,0,1,1,NA,2,057,RT 5,STONEHILL DR,1056,N,N,A,-,Y,ORA,12,5,-,-,7.59,H,-,N,Y,4,0,1,2,A,-,07,21658,A,N,C,C,A,A,H,-,A,D,1,NA,NA,NA,NA,Y,NA,A,01,0,0,1,0,0,0,0,0,0,-,-,33.47797,-117.67261,ORANGE,SAN JUAN CAPISTRANO,-117.67348662,33.47704446
6487546,2014,2014-07-28,3019,2014-05-10,1456,3194,SOUTH,6,5,7,3019,0,0,0,NA,0,003,STANDARD,MCFADDEN,20,N,N,A,-,N,NA,NA,NA,NA,NA,NA,NA,NA,NA,N,4,0,1,2,A,-,03,22350,NA,M,C,C,A,A,H,-,A,A,0,NA,NA,NA,NA,Y,NA,D,22,0,0,1,0,0,0,0,0,0,-,-,NA,NA,ORANGE,SANTA ANA,-117.85641347,33.73367475
6487716,2014,2014-07-31,3026,2014-05-20,1823,6352,NA,2,5,6,3026,0,0,0,NA,0,00C,WARNER AV,HARVARD AV,0,NA,Y,B,-,N,NA,NA,NA,NA,NA,NA,NA,NA,NA,Y,4,0,1,2,D,-,00,NA,NA,N,D,C,A,A,H,-,A,A,0,NA,NA,NA,NA,Y,NA,-,-,0,0,1,0,0,0,0,0,0,-,-,NA,NA,ORANGE,IRVINE,-117.81263008,33.69262006
6487738,2014,2014-07-24,3009,2014-05-11,2359,3294,146,7,5,6,3009,0,0,0,NA,0,023,TRASK AV,TRASK AV 12072,0,NA,N,A,-,N,NA,NA,NA,NA,NA,NA,NA,NA,NA,N,4,0,1,2,A,-,05,21650,1,N,D,G,A,A,H,-,A,A,0,NA,Y,NA,NA,Y,NA,L,04,0,0,1,0,0,0,1,0,0,-,-,NA,NA,ORANGE,GARDEN GROVE,-117.918548,33.7671
6488656,2014,2016-04-09,9670,2014-05-12,1745,19261,NA,1,2,3,3006,0,1,3,NA,2,092,RT 91,VALLEY VISTA ST,528,W,N,A,-,Y,ORA,12,91,-,R,0.75,H,-,E,Y,4,0,1,4,A,-,03,22350,NA,N,C,A,A,A,H,-,A,D,1,NA,NA,NA,Y,Y,NA,G,25,0,0,1,0,0,0,0,0,0,-,-,33.85747,-118.03126,ORANGE,LA PALMA,-118.03023738,33.85717512
6489318,2014,2014-08-01,3001,2014-05-29,1627,1373,NA,4,5,7,3001,0,0,0,NA,0,002,NORTH EAST ST,E BELMONT AV,381,S,N,A,-,N,NA,NA,NA,NA,NA,NA,NA,NA,NA,N,3,0,1,3,A,-,08,21460,5,N,D,C,A,A,H,-,A,D,0,NA,NA,NA,NA,Y,NA,A,08,0,1,0,0,0,0,0,0,0,-,-,NA,NA,ORANGE,ANAHEIM,-117.90567705,33.84722546
6489809,2014,2016-04-05,9675,2014-05-21,1740,19979,NA,3,2,6,3026,0,1,1,NA,2,503,RT 5,TUSTIN RANCH RD,40,S,N,A,-,Y,ORA,12,5,-,-,28.24,H,-,N,Y,4,0,1,3,A,-,07,21658,A,F,B,C,A,A,H,-,A,D,1,NA,NA,Y,NA,Y,NA,A,01,0,0,1,0,0,0,0,0,0,-,-,33.725,-117.80323,ORANGE,IRVINE,-117.80366723,33.72564674
6489825,2014,2015-02-12,9675,2014-06-06,1248,18832,NA,5,1,5,3014,0,1,3,NA,2,074,RT 73,UNIVERSITY DR,200,S,N,A,-,Y,ORA,12,73,-,-,24.28,H,-,S,Y,3,0,2,3,A,-,03,22350,NA,N,C,C,A,A,H,-,A,D,0,NA,NA,NA,NA,Y,NA,A,07,0,1,1,0,0,0,0,0,0,-,-,33.64776,-117.86138,ORANGE,NEWPORT BEACH,-117.86161626,33.64915306
6491967,2014,2016-04-09,9675,2014-05-11,2232,20535,NA,7,3,7,3019,0,1,1,NA,2,502,RT 5,4TH ST,200,N,N,A,-,Y,ORA,12,5,-,-,31.25,H,-,S,Y,4,0,1,1,A,-,08,22107,NA,N,E,J,A,A,H,-,C,D,1,NA,NA,NA,NA,Y,NA,A,01,0,0,1,0,0,0,0,0,0,-,-,33.75074,-117.84542,ORANGE,SANTA ANA,-117.84491588,33.7502433
6491974,2014,2016-04-04,9670,2014-05-04,2220,20472,NA,7,3,6,3010,0,1,1,NA,2,041,RT 405,NEWLAND ST,300,S,N,A,-,Y,ORA,12,405,-,-,15.84,H,-,S,Y,3,0,1,2,A,-,07,21658,A,N,B,C,A,A,H,-,C,D,1,NA,NA,NA,NA,Y,NA,A,01,0,1,0,0,0,0,0,0,0,-,-,33.72604,-117.9799,ORANGE,HUNTINGTON BEACH,-117.98012871,33.72613722
6491992,2014,2016-04-09,9675,2014-05-12,1655,19171,NA,1,2,6,3015,0,1,1,NA,2,502,RT 5,LA VETA AV,528,W,N,A,-,Y,ORA,12,5,-,R,33.68,R,2,N,Y,4,0,1,2,A,-,03,22350,NA,N,C,C,A,A,H,-,A,D,1,NA,NA,NA,NA,Y,NA,A,01,0,0,1,0,0,0,0,0,0,TO,-,33.77934,-117.87682,ORANGE,ORANGE,-117.87395051,33.77640868
6493572,2014,2014-08-07,3007,2014-05-12,1613,260,66,1,5,5,3007,0,0,0,NA,0,303,ELLIS,WARD,0,NA,Y,A,-,N,NA,NA,NA,NA,NA,NA,NA,NA,NA,Y,4,0,1,2,A,-,09,21801,A,N,D,C,A,A,H,-,A,A,0,NA,NA,NA,NA,Y,NA,A,01,0,0,1,0,0,0,0,0,0,-,-,NA,NA,ORANGE,FOUNTAIN VALLEY,-117.94547005,33.69420006
6495633,2014,2016-04-04,9670,2014-06-05,0900,17022,NA,4,1,5,3007,0,1,1,NA,2,041,RT 405,BROOKHURST ST,150,N,N,A,-,Y,ORA,12,405,-,-,13.81,H,-,S,Y,4,0,1,3,A,-,03,22350,NA,N,C,C,A,A,H,-,A,D,1,NA,NA,NA,NA,Y,NA,A,01,0,0,1,0,0,0,0,0,0,-,-,33.70507,-117.95443,ORANGE,FOUNTAIN VALLEY,-117.95477286,33.70546006
6497222,2014,2014-07-29,3014,2014-05-20,1235,1146,RD31,2,5,5,3014,0,0,0,NA,0,NA,IRVINE AV,SANTIAGO DR,146,N,N,A,-,N,NA,NA,NA,NA,NA,NA,NA,NA,NA,N,3,0,1,1,A,-,03,22350,NA,N,H,A,A,D,B,-,A,D,0,NA,Y,NA,NA,Y,NA,L,04,0,1,0,0,0,0,1,0,0,-,-,33.6427,-117.8943,ORANGE,NEWPORT BEACH,-117.89445929,33.64264071
6498537,2014,2014-07-18,3008,2014-04-30,1915,1297,NA,3,5,6,3008,0,0,0,NA,0,Z-2,HARBOR BL,IMPERIAL HWY,634,N,N,A,-,N,NA,NA,NA,NA,NA,NA,NA,NA,NA,N,3,0,1,2,A,-,05,21650,1,N,D,G,A,A,H,-,A,D,0,NA,Y,NA,NA,Y,NA,L,04,0,1,0,0,0,0,1,0,0,-,-,NA,NA,ORANGE,FULLERTON,-117.93305,33.91914811
6498588,2014,2016-04-09,9670,2014-04-29,1405,17086,NA,2,2,5,3024,0,1,1,NA,2,042,RT 405,GARDEN GROVE BL,60,S,N,A,-,Y,ORA,12,405,-,-,20.277,R,1,N,Y,4,0,1,3,A,-,03,22350,NA,N,C,C,A,A,H,-,A,D,1,NA,NA,NA,NA,Y,NA,A,01,0,0,1,0,0,0,0,0,0,-,-,NA,NA,ORANGE,WESTMINSTER,-118.03567061,33.77060504
6498801,2014,2014-08-08,3001,2014-06-03,1525,1373,NA,2,5,7,3001,0,0,0,NA,0,0D2,SOUTH EUCLID ST,W LINCOLN AV,62,S,N,A,-,N,NA,NA,NA,NA,NA,NA,NA,NA,NA,N,4,0,2,2,A,-,03,22350,NA,N,C,C,A,A,H,-,A,A,0,NA,NA,NA,Y,Y,NA,F,27,0,0,2,0,0,0,0,0,0,-,-,NA,NA,ORANGE,ANAHEIM,-117.94148304,33.83227004
6499039,2014,2016-04-05,3009,2014-04-20,1547,0030,55,7,5,6,3009,0,0,0,NA,0,011,BEACH BL,RT 22,15,N,N,A,-,Y,ORA,12,22,-,R,3.74,R,4,W,Y,4,0,1,2,A,-,-,NA,NA,N,C,C,A,A,H,-,A,A,0,NA,NA,NA,NA,Y,Y,A,01,0,0,1,0,0,0,0,0,0,-,SF,NA,NA,ORANGE,GARDEN GROVE,-117.98987871,33.77107582
6500407,2014,2014-07-29,3019,2014-05-05,1636,2528,SC,1,5,7,3019,0,0,0,NA,0,004,MACARTHUR BL,CRODDY WY,650,W,N,A,-,N,NA,NA,NA,NA,NA,NA,NA,NA,NA,N,4,0,1,3,A,-,03,22350,NA,N,C,C,A,A,H,-,A,D,0,NA,NA,NA,NA,Y,NA,A,01,0,0,1,0,0,0,0,0,0,-,-,NA,NA,ORANGE,SANTA ANA,-117.92385167,33.70197
6500519,2014,2014-07-30,3008,2014-05-09,1616,1117,NA,5,5,6,3008,0,0,0,NA,0,0Z3,DEERPARK DR,GARNET LN,30,S,N,A,-,N,NA,NA,NA,NA,NA,NA,NA,NA,NA,Y,3,0,2,1,A,-,08,22107,NA,N,E,I,A,A,H,-,A,D,0,NA,NA,NA,NA,Y,NA,A,01,0,1,1,0,0,0,0,0,0,-,-,NA,NA,ORANGE,FULLERTON,-117.87891658,33.88688781
6500744,2014,2014-08-06,3000,2014-05-19,1008,2785,921F6,1,5,4,3049,0,0,0,NA,0,784,PACIFIC PARK,ALICIA PKWY,50,W,N,A,-,N,NA,NA,NA,NA,NA,NA,NA,NA,NA,N,4,0,1,2,A,-,21,22106,NA,N,C,C,A,A,H,-,A,A,0,NA,NA,NA,NA,Y,NA,A,01,0,0,1,0,0,0,0,0,0,-,-,NA,NA,ORANGE,ALISO VIEJO,-117.71452016,33.57141461
6500780,2014,2014-07-29,3000,2014-05-22,1730,8737,922C4,4,5,5,3028,0,0,0,NA,0,753,OSO PKWY,MARKETPLACE,0,NA,Y,A,-,N,NA,NA,NA,NA,NA,NA,NA,NA,NA,Y,3,0,2,2,A,-,12,21453,A,N,D,C,A,A,H,-,A,A,0,NA,NA,NA,NA,Y,NA,A,07,0,1,1,0,0,0,0,0,0,-,-,NA,NA,ORANGE,MISSION VIEJO,-117.657688,33.585218
6501219,2014,2014-07-28,3000,2014-05-13,1330,2849,892A3,2,5,5,3050,0,0,0,NA,0,764,TRABUCO RD,EL TORO RD,226,N,N,A,-,N,NA,NA,NA,NA,NA,NA,NA,NA,NA,Y,3,0,2,2,A,-,09,21804,A,N,D,C,A,A,H,-,A,A,0,NA,NA,NA,NA,Y,NA,A,01,0,2,0,0,0,0,0,0,0,-,-,NA,NA,ORANGE,LAKE FOREST,-117.68071644,33.63746639