CASE_ID,ACCIDENT_YEAR,PROC_DATE,JURIS,COLLISION_DATE,COLLISION_TIME,OFFICER_ID,REPORTING_DISTRICT,DAY_OF_WEEK,CHP_SHIFT,POPULATION,CNTY_CITY_LOC,SPECIAL_COND,BEAT_TYPE,CHP_BEAT_TYPE,CITY_DIVISION_LAPD,CHP_BEAT_CLASS,BEAT_NUMBER,PRIMARY_RD,SECONDARY_RD,DISTANCE,DIRECTION,INTERSECTION,WEATHER_1,WEATHER_2,STATE_HWY_IND,CALTRANS_COUNTY,CALTRANS_DISTRICT,STATE_ROUTE,ROUTE_SUFFIX,POSTMILE_PREFIX,POSTMILE,LOCATION_TYPE,RAMP_INTERSECTION,SIDE_OF_HWY,TOW_AWAY,COLLISION_SEVERITY,NUMBER_KILLED,NUMBER_INJURED,PARTY_COUNT,PRIMARY_COLL_FACTOR,PCF_CODE_OF_VIOL,PCF_VIOL_CATEGORY,PCF_VIOLATION,PCF_VIOL_SUBSECTION,HIT_AND_RUN,TYPE_OF_COLLISION,MVIW,PED_ACTION,ROAD_SURFACE,ROAD_COND_1,ROAD_COND_2,LIGHTING,CONTROL_DEVICE,CHP_ROAD_TYPE,PEDESTRIAN_ACCIDENT,BICYCLE_ACCIDENT,MOTORCYCLE_ACCIDENT,TRUCK_ACCIDENT,NOT_PRIVATE_PROPERTY,ALCOHOL_INVOLVED,STWD_VEHTYPE_AT_FAULT,CHP_VEHTYPE_AT_FAULT,COUNT_SEVERE_INJ,COUNT_VISIBLE_INJ,COUNT_COMPLAINT_PAIN,COUNT_PED_KILLED,COUNT_PED_INJURED,COUNT_BICYCLIST_KILLED,COUNT_BICYCLIST_INJURED,COUNT_MC_KILLED,COUNT_MC_INJURED,PRIMARY_RAMP,SECONDARY_RAMP,LATITUDE,LONGITUDE,COUNTY,CITY,POINT_X,POINT_Y
6767235,2014,2015-02-03,3001,2014-12-21,2323,A1252,NA,7,5,7,3001,0,0,0,NA,0,0D1,SOUTH KNOTT AV,WEST BALL RD,0,NA,Y,A,-,N,NA,NA,NA,NA,NA,NA,NA,NA,NA,Y,4,0,1,2,A,-,09,21801,A,N,D,C,A,A,H,-,C,A,0,NA,NA,NA,NA,Y,NA,A,01,0,0,1,0,0,0,0,0,0,-,-,NA,NA,ORANGE,ANAHEIM,-118.01080013,33.81725009
6768224,2014,2016-06-18,9670,2014-11-27,0134,19893,NA,4,3,7,3001,0,1,1,NA,2,503,RT 5,LINCOLN AV,200,N,N,A,-,Y,ORA,12,5,-,-,39.433,R,2,S,Y,3,0,1,1,A,-,01,23152,A,N,F,A,A,A,H,-,C,D,0,NA,NA,NA,NA,Y,Y,A,01,0,1,0,0,0,0,0,0,0,TO,-,33.83358,-117.93518,ORANGE,ANAHEIM,-117.93518,33.83358
6768239,2014,2015-01-28,3026,2014-11-25,1538,545,NA,2,5,6,3026,0,0,0,NA,0,00C,EAST YALE LOOP,SPRINGBROOK N,20,S,N,A,-,N,NA,NA,NA,NA,NA,NA,NA,NA,NA,N,3,0,1,2,A,-,10,21950,A,N,G,B,B,A,H,-,A,D,0,Y,NA,NA,NA,Y,NA,A,01,0,1,0,0,1,0,0,0,0,-,-,NA,NA,ORANGE,IRVINE,-117.79358078,33.66848532
6768882,2015,2015-05-05,3024,2015-04-06,1318,166,P19,1,5,5,3024,0,0,0,NA,0,EAST,WESTMINSTER BL,NEWLAND ST,62,W,N,A,-,N,NA,NA,NA,NA,NA,NA,NA,NA,NA,N,3,0,2,2,A,-,03,22350,NA,F,C,C,A,A,H,-,A,A,0,NA,NA,NA,NA,Y,NA,A,01,0,1,1,0,0,0,0,0,0,-,-,NA,NA,ORANGE,WESTMINSTER,-117.9812535,33.75933797
6769436,2015,2015-05-27,9690,2015-04-09,0745,15335,NA,4,1,9,3000,0,2,4,NA,2,035,OSO PKWY,TESORO CREEK RD,0,NA,Y,A,-,N,NA,NA,NA,NA,NA,NA,NA,NA,NA,Y,3,0,1,2,A,-,12,21453,A,N,D,C,A,A,H,-,A,A,0,NA,NA,NA,Y,Y,NA,A,07,0,1,0,0,0,0,0,0,0,-,-,33.58578,-117.61311,ORANGE,UNINCORPORATED,-117.6132501,33.58595004
6770707,2014,2015-02-05,3019,2014-12-24,1435,1925,NE,3,5,7,3019,0,0,0,NA,0,164,MAIN ST,16TH ST,0,NA,Y,A,-,N,NA,NA,NA,NA,NA,NA,NA,NA,NA,N,4,0,1,2,A,-,09,21801,A,N,D,C,A,A,H,-,A,A,0,NA,NA,NA,NA,Y,NA,A,07,0,0,1,0,0,0,0,0,0,-,-,NA,NA,ORANGE,SANTA ANA,-117.86759006,33.75891005
6771386,2014,2016-06-18,9675,2014-12-14,2134,020545,NA,7,2,7,3019,0,1,1,NA,2,503,RT 5,RT 55,90,N,N,A,-,Y,ORA,12,5,-,-,30.323,R,2,N,Y,3,0,1,1,A,-,01,23152,A,N,E,I,A,A,H,-,C,D,1,NA,NA,NA,NA,Y,Y,D,22,0,1,0,0,0,0,0,0,0,TO,-,33.74092,-117.83406,ORANGE,SANTA ANA,-117.83456272,33.74105335
6771588,2014,2015-02-09,3008,2014-12-16,0710,1033,NA,2,5,6,3008,0,0,0,NA,0,0Z2,HARBOR BL,HERMOSA DR,0,N,N,B,-,N,NA,NA,NA,NA,NA,NA,NA,NA,NA,N,4,0,1,2,A,-,03,22350,NA,M,C,C,A,B,H,-,A,A,0,NA,NA,NA,NA,Y,NA,A,01,0,0,1,0,0,0,0,0,0,-,-,NA,NA,ORANGE,FULLERTON,-117.93082013,33.90948004
6773362,2014,2015-02-13,3019,2014-12-29,1601,2999,NE,1,5,7,3019,0,0,0,NA,0,002,MAIN ST,WALKIE WY,68,N,N,A,-,N,NA,NA,NA,NA,NA,NA,NA,NA,NA,Y,4,0,1,3,A,-,03,22350,NA,N,C,C,A,A,H,-,A,A,0,NA,NA,NA,NA,Y,NA,A,01,0,0,1,0,0,0,0,0,0,-,-,NA,NA,ORANGE,SANTA ANA,-117.86746,33.77083642
6773391,2014,2015-02-18,3004,2014-12-17,1510,P542,04,3,5,6,3004,0,0,0,NA,0,015,E 19TH ST,TUSTIN AV,216,E,N,A,-,N,NA,NA,NA,NA,NA,NA,NA,NA,NA,Y,4,0,1,2,A,-,03,22350,NA,N,C,C,A,A,H,-,A,D,0,NA,NA,NA,NA,Y,NA,A,01,0,0,1,0,0,0,0,0,0,-,-,33.6359,-117.9059,ORANGE,COSTA MESA,-117.9059203,33.63594675
6773702,2014,2015-02-06,3000,2014-12-09,1720,5013,891J2,2,5,5,3050,0,0,0,NA,0,764,CANADA RD,LAKE FOREST DR,402,N,N,A,-,N,NA,NA,NA,NA,NA,NA,NA,NA,NA,Y,4,0,1,3,A,-,09,21801,A,N,D,C,A,A,H,-,C,A,0,NA,NA,Y,NA,Y,NA,A,01,0,0,1,0,0,0,0,0,1,-,-,NA,NA,ORANGE,LAKE FOREST,-117.68201889,33.64927173
6773765,2014,2015-02-05,3008,2014-12-19,1113,1033,NA,5,5,6,3008,0,0,0,NA,0,0Z2,HARBOR BL,RT 90,120,S,N,A,-,Y,NA,NA,NA,NA,NA,NA,NA,NA,NA,Y,4,0,2,2,A,-,03,22350,NA,M,C,C,A,A,H,-,A,A,0,NA,NA,NA,NA,Y,NA,-,99,0,0,2,0,0,0,0,0,0,-,-,NA,NA,ORANGE,FULLERTON,NA,NA
6775407,2014,2015-02-11,3000,2014-12-13,0900,7168,951J4,6,5,5,3040,0,0,0,NA,0,144,STREET OF THE GOLDEN LANTERN,HIDDEN HILLS RD,0,NA,Y,A,-,N,NA,NA,NA,NA,NA,NA,NA,NA,NA,Y,4,0,1,3,A,-,12,21453,A,N,D,C,A,D,H,-,B,A,0,NA,NA,NA,NA,Y,NA,A,01,0,0,1,0,0,0,0,0,0,-,-,NA,NA,ORANGE,LAGUNA NIGUEL,-117.6851,33.52958
6776991,2014,2015-02-17,3014,2014-12-21,1408,1346,RD34,7,5,5,3014,0,0,0,NA,0,0A3,BRISTOL ST N,DOVE ST,2,W,N,A,-,N,NA,NA,NA,NA,NA,NA,NA,NA,NA,Y,4,0,1,2,A,-,09,21802,A,N,D,C,A,A,H,-,A,A,0,NA,NA,NA,NA,Y,NA,A,01,0,0,1,0,0,0,0,0,0,-,-,33.6569,-117.8659,ORANGE,NEWPORT BEACH,-117.86591507,33.65680348
6777982,2015,2015-02-19,3019,2015-01-14,0720,1561,SC,3,5,7,3019,0,0,0,NA,0,004,FLOWER AV,EDINGER,142,N,N,A,-,N,NA,NA,NA,NA,NA,NA,NA,NA,NA,N,3,0,1,2,C,-,18,NA,NA,N,B,G,A,A,H,-,A,D,0,NA,Y,NA,NA,Y,NA,-,-,0,1,0,0,0,0,1,0,0,-,-,NA,NA,ORANGE,SANTA ANA,-117.87655165,33.72759892
6778470,2015,2015-02-17,3014,2015-01-13,1459,1046,RD26,2,5,5,3014,0,0,0,NA,0,0A2,DOVER DR,16TH ST,244,S,N,A,-,N,NA,NA,NA,NA,NA,NA,NA,NA,NA,N,4,0,1,2,A,-,09,21804,A,M,D,C,A,A,H,-,A,D,0,NA,NA,NA,NA,Y,NA,A,01,0,0,1,0,0,0,0,0,0,-,-,33.6216,-117.9068,ORANGE,NEWPORT BEACH,-117.90679835,33.62165788
6780487,2014,2016-06-17,9675,2014-12-19,1035,012857,NA,5,1,6,3026,0,1,1,NA,2,407,RT 405,LAGUNA CANYON RD,1000,S,N,A,-,Y,ORA,12,405,-,-,2.212,I,5,S,Y,3,0,2,1,A,-,08,22107,NA,N,E,I,A,A,H,-,A,D,6,NA,NA,NA,NA,Y,NA,A,01,0,1,1,0,0,0,0,0,0,-,-,33.45867,-117.68221,ORANGE,IRVINE,-117.76801039,33.65268847
6781756,2015,2015-02-24,3001,2015-01-18,1747,A1252,NA,7,5,7,3001,0,0,0,NA,0,0D3,SOUTH HASTER ST,KATELLA AV,195,S,N,A,-,N,NA,NA,NA,NA,NA,NA,NA,NA,NA,Y,4,0,1,2,A,-,01,23152,A,N,C,C,A,A,H,-,C,A,0,NA,NA,NA,NA,Y,Y,D,22,0,0,1,0,0,0,0,0,0,-,-,NA,NA,ORANGE,ANAHEIM,-117.90657825,33.80272549
6783476,2015,2015-03-17,3012,2015-02-10,0749,571,42,2,5,5,3012,0,0,0,NA,0,004,2ND AV,BRIGHT ST,14,E,N,A,-,N,NA,NA,NA,NA,NA,NA,NA,NA,NA,N,3,0,3,4,A,-,10,21950,A,N,G,B,B,A,H,-,A,D,0,Y,NA,NA,NA,Y,NA,D,22,0,1,2,0,3,0,0,0,0,-,-,NA,NA,ORANGE,LA HABRA,-117.94060395,33.92989
6785406,2015,2015-02-18,3019,2015-01-06,1854,3345,SC,2,5,7,3019,0,0,0,NA,0,004,S CENTER ST,W RUSSEL AV,150,N,N,A,-,N,NA,NA,NA,NA,NA,NA,NA,NA,NA,Y,3,0,1,3,A,-,08,22107,NA,N,B,C,A,A,H,-,C,D,0,NA,NA,NA,NA,Y,NA,D,22,0,1,0,0,0,0,0,0,0,-,-,NA,NA,ORANGE,SANTA ANA,-117.89814,33.73302123
6786030,2014,2015-02-13,3019,2014-12-11,0748,2630,WE,4,5,7,3019,0,0,0,NA,0,001,NEWHOPE ST,SUNSWEPT AV,300,N,N,A,-,N,NA,NA,NA,NA,NA,NA,NA,NA,NA,N,4,0,2,2,A,-,09,21804,A,N,D,C,A,A,D,-,A,A,0,NA,NA,NA,NA,Y,NA,A,01,0,0,2,0,0,0,0,0,0,-,-,NA,NA,ORANGE,SANTA ANA,-117.92887831,33.75835245
6787131,2015,2015-02-20,3010,2015-01-01,2356,2146,451,4,5,6,3010,0,0,0,NA,0,004,WALNUT AV,MAIN ST,144,E,N,A,-,N,NA,NA,NA,NA,NA,NA,NA,NA,NA,N,3,0,1,1,A,-,08,22107,NA,N,A,I,A,A,H,-,C,D,0,NA,Y,NA,NA,Y,Y,L,04,0,1,0,0,0,0,1,0,0,-,-,NA,NA,ORANGE,HUNTINGTON BEACH,-118.00075647,33.6577883
6787218,2015,2015-05-13,3015,2015-01-08,1137,919,44N,4,5,6,3015,0,0,0,NA,0,712,EAST CHAPMAN AV,S SOLANA DR,0,NA,Y,A,-,N,NA,NA,NA,NA,NA,NA,NA,NA,NA,Y,4,0,2,2,A,-,09,21802,A,N,D,C,A,A,H,-,A,A,0,NA,NA,NA,NA,Y,NA,A,07,0,0,2,0,0,0,0,0,0,-,-,NA,NA,ORANGE,ORANGE,-117.80032007,33.78771002
6787234,2015,2015-02-19,3010,2015-01-21,0822,1035,281,3,5,6,3010,0,0,0,NA,0,006,SLATER,GOLDENWEST,195,E,N,A,-,N,NA,NA,NA,NA,NA,NA,NA,NA,NA,Y,4,0,1,2,A,-,09,21801,A,N,A,C,A,A,H,-,A,D,0,NA,NA,Y,NA,Y,NA,A,01,0,0,1,0,0,0,0,0,1,-,-,NA,NA,ORANGE,HUNTINGTON BEACH,-118.00585027,33.70831
6788999,2015,2016-10-12,9670,2015-02-01,1640,19690,NA,7,2,5,3024,0,1,1,NA,2,045,RT 405,BOLSA CHICA RD,500,N,N,A,-,Y,ORA,12,405,-,-,20.851,R,2,S,Y,3,0,1,1,A,-,03,22350,NA,N,E,I,A,A,H,-,A,D,1,NA,NA,NA,NA,Y,NA,A,01,0,1,0,0,0,0,0,0,0,-,-,33.7726,-118.04141,ORANGE,WESTMINSTER,-118.04417574,33.77464089
6789459,2015,2016-04-28,3003,2015-01-01,1147,665,23,4,5,5,3003,0,0,0,NA,0,008,BEACH BL,ORANGETHORPE AV,0,NA,Y,A,-,N,NA,NA,NA,NA,NA,NA,NA,NA,NA,Y,3,0,2,2,A,-,08,22107,NA,F,D,C,A,A,H,-,A,A,0,NA,NA,NA,NA,Y,NA,A,01,0,1,1,0,0,0,0,0,0,-,-,NA,NA,ORANGE,BUENA PARK,-117.99818013,33.85899009
6789634,2014,2015-02-09,3000,2014-12-10,2056,5163,951H5,3,5,5,3040,0,0,0,NA,0,18740,PASEO DE LA COLINAS,DEL CERRO,0,NA,Y,A,-,N,NA,NA,NA,NA,NA,NA,NA,NA,NA,N,4,0,2,2,A,-,03,22350,NA,N,C,C,A,A,H,-,A,A,0,NA,NA,NA,NA,Y,NA,A,01,0,0,2,0,0,0,0,0,0,-,-,NA,NA,ORANGE,LAGUNA NIGUEL,-117.68466008,33.54117001
6789711,2014,2016-03-01,3009,2014-12-08,2500,4021,114,1,5,6,3009,0,0,0,NA,0,021,LAMPSON AV,LAMPSON AV 10602,0,NA,Y,A,-,N,NA,NA,NA,NA,NA,NA,NA,NA,NA,NA,4,0,1,4,A,-,01,23152,A,N,B,C,A,A,H,-,C,A,0,NA,NA,NA,NA,Y,Y,A,01,0,0,1,0,0,0,0,0,0,-,-,NA,NA,ORANGE,GARDEN GROVE,-117.948011,33.781396
6790025,2015,2015-02-24,3001,2015-01-02,1419,A1355,NA,5,5,7,3001,0,0,0,NA,0,002,CHELSEA DR,DORCHESTER ST,0,NA,Y,A,-,N,NA,NA,NA,NA,NA,NA,NA,NA,NA,N,3,0,1,2,A,-,09,21802,A,M,D,C,A,A,H,-,A,D,0,NA,NA,Y,NA,Y,NA,A,01,0,1,0,0,0,0,0,0,1,-,-,NA,NA,ORANGE,ANAHEIM,-117.89224,33.83320009
6790094,2015,2016-11-01,9670,2015-01-09,0622,20809,NA,5,1,4,3020,0,1,1,NA,2,045,RT 405,RT 22,2480,N,N,A,-,Y,ORA,12,405,-,-,21.29,H,-,S,N,4,0,1,4,A,-,03,22350,NA,N,C,C,A,A,H,-,B,D,1,NA,NA,NA,NA,Y,NA,A,01,0,0,1,0,0,0,0,0,0,-,-,33.77422,-118.04965,ORANGE,SEAL BEACH,-118.05174531,33.77423347
6790635,2015,2016-10-10,9675,2015-01-08,1110,13308,NA,4,1,7,3001,0,1,3,NA,2,095,RT 91,COAL CANYON,300,E,N,A,-,Y,ORA,12,91,-,R,18.03,H,-,E,Y,4,0,1,2,A,-,07,21658,A,N,B,C,A,A,H,-,A,D,1,NA,NA,NA,NA,Y,NA,A,01,0,0,1,0,0,0,0,0,0,-,-,33.8713,-117.68646,ORANGE,ANAHEIM,-117.68596026,33.87134622
6791328,2015,2016-09-12,9670,2015-01-17,1555,19502,NA,6,2,7,3001,0,1,1,NA,2,503,RT 5,EUCLID ST,20,N,N,A,-,Y,ORA,12,5,-,-,39.83,R,1,S,Y,4,0,1,3,A,-,03,22350,NA,N,B,C,A,A,H,-,A,A,6,NA,NA,NA,NA,Y,NA,A,07,0,0,1,0,0,0,0,0,0,-,-,33.83651,-117.94151,ORANGE,ANAHEIM,-117.94626079,33.83807243
6792024,2014,2015-03-07,3002,2014-12-29,1314,1382,530Y,1,5,4,3002,0,0,0,NA,0,014,IMPERIAL HWY,SHOPPING MALL WY,45,W,N,A,-,Y,NA,NA,NA,NA,NA,NA,NA,NA,NA,N,4,0,1,2,D,-,00,NA,NA,N,C,C,A,A,H,-,A,A,0,NA,NA,NA,NA,Y,NA,-,-,0,0,1,0,0,0,0,0,0,-,-,NA,NA,ORANGE,BREA,NA,NA
6794357,2015,2016-09-14,9675,2015-01-04,2000,020582,NA,7,2,6,3015,0,1,3,NA,2,550,RT 55,WALNUT AV,150,N,N,A,-,Y,ORA,12,55,-,-,14.19,H,-,S,Y,4,0,1,2,A,-,08,22107,NA,N,D,C,A,A,H,-,C,D,6,NA,NA,NA,NA,Y,NA,A,01,0,0,1,0,0,0,0,0,0,-,-,33.79459,-117.83094,ORANGE,ORANGE,-117.83107671,33.79474848
6794389,2015,2016-09-23,9675,2015-01-07,0830,13308,NA,3,1,7,3001,0,1,3,NA,2,093,RT 91,RT 57,100,E,N,A,-,Y,ORA,12,91,-,-,6.14,H,-,W,N,4,0,1,3,A,-,03,22350,NA,N,C,C,A,A,H,-,A,D,6,NA,NA,NA,NA,Y,NA,A,01,0,0,1,0,0,0,0,0,0,-,-,33.8499,-117.87552,ORANGE,ANAHEIM,-117.87545879,33.84973277
6795723,2015,2015-03-03,3010,2015-01-12,1459,1122,169,1,5,6,3010,0,0,0,NA,0,007,MARILYN,DALE VISTA,270,E,N,A,-,N,NA,NA,NA,NA,NA,NA,NA,NA,NA,N,4,0,1,2,A,-,05,21650,NA,N,B,C,A,A,H,-,A,D,0,NA,NA,NA,NA,Y,NA,D,22,0,0,1,0,0,0,0,0,0,-,-,NA,NA,ORANGE,HUNTINGTON BEACH,-118.01182411,33.71805
6795872,2015,2015-02-18,3010,2015-01-06,0813,1145,412,2,5,6,3010,0,0,0,NA,0,005,MAIN,DELAWARE,3,E,N,A,-,N,NA,NA,NA,NA,NA,NA,NA,NA,NA,N,3,0,1,2,A,-,10,21950,NA,N,G,B,B,A,H,-,A,A,0,Y,NA,NA,NA,Y,NA,A,01,0,1,0,0,1,0,0,0,0,-,-,NA,NA,ORANGE,HUNTINGTON BEACH,-117.99318303,33.69067581
6796548,2015,2015-02-20,3015,2015-01-13,1221,1461,27E,2,5,6,3015,0,0,0,NA,0,221,W TAFT AV,N GLASSELL ST,268,W,N,A,-,N,NA,NA,NA,NA,NA,NA,NA,NA,NA,N,4,0,1,2,A,-,09,21804,A,N,D,G,A,A,H,-,A,D,0,NA,Y,NA,NA,Y,NA,L,04,0,0,1,0,0,0,1,0,0,-,-,NA,NA,ORANGE,ORANGE,-117.85383001,33.81572
6798432,2015,2015-02-18,3019,2015-01-22,0651,2001,WE,4,5,7,3019,0,0,0,NA,0,NA,NEWHOPE ST,5TH ST,0,NA,Y,A,-,N,NA,NA,NA,NA,NA,NA,NA,NA,NA,Y,3,0,1,2,A,-,12,21453,A,N,D,C,A,A,H,-,A,A,0,NA,NA,NA,NA,Y,NA,A,07,0,1,0,0,0,0,0,0,0,-,-,NA,NA,ORANGE,SANTA ANA,-117.92879006,33.74881009
6798914,2015,2016-09-26,3010,2015-01-16,1038,0149,262,5,5,6,3010,0,0,0,NA,0,007,RT 39,CHRYSLER,178,N,N,A,-,Y,ORA,12,39,-,-,5.03,H,-,S,Y,3,0,2,2,A,-,03,22350,NA,N,C,C,A,A,H,-,A,D,0,NA,NA,NA,NA,Y,NA,A,07,0,1,1,0,0,0,0,0,0,-,-,NA,NA,ORANGE,HUNTINGTON BEACH,-117.98931336,33.72144737
6799127,2015,2016-09-26,3012,2015-01-09,1520,586,37,5,5,5,3012,0,0,0,NA,0,003,BEACH BL,POWER POLE #1327919E,70,N,N,A,-,Y,ORA,12,39,-,-,18.59,H,-,S,Y,3,0,1,2,A,-,12,21453,A,N,D,C,A,A,H,-,A,A,0,NA,NA,NA,NA,Y,NA,A,01,0,1,0,0,0,0,0,0,0,-,-,NA,NA,ORANGE,LA HABRA,-117.97470648,33.91107465
6799724,2015,2015-02-23,3000,2015-01-09,1715,8737,922B4,5,5,5,3028,0,0,0,NA,0,755,EL PASEO RD,OSO PKWY,2605,N,N,A,-,N,NA,NA,NA,NA,NA,NA,NA,NA,NA,Y,2,0,1,2,A,-,03,22350,NA,N,C,C,A,A,H,-,C,D,0,NA,NA,NA,NA,Y,NA,A,01,1,0,0,0,0,0,0,0,0,-,-,NA,NA,ORANGE,MISSION VIEJO,NA,NA
6799735,2015,2015-02-23,3014,2015-01-24,0726,1395,24,6,5,5,3014,0,0,0,NA,0,0A2,PLACENTIA AV,SUPERIOR AV,159,E,N,A,-,N,NA,NA,NA,NA,NA,NA,NA,NA,NA,N,2,0,1,1,A,-,03,22350,NA,N,E,I,A,A,H,-,A,A,0,NA,Y,NA,NA,Y,Y,L,04,1,0,0,0,0,0,1,0,0,-,-,33.6273,-117.9316,ORANGE,NEWPORT BEACH,-117.93161027,33.62751506
6802858,2015,2016-09-26,3010,2015-01-24,1324,0147,283,6,5,6,3010,0,0,0,NA,0,006,RT 39,SLATER,580,S,N,A,-,Y,ORA,12,39,-,-,4.02,H,-,N,Y,4,0,1,2,A,-,03,22350,NA,N,C,C,A,A,H,-,A,A,0,NA,NA,NA,NA,Y,NA,D,22,0,0,1,0,0,0,0,0,0,-,-,NA,NA,ORANGE,HUNTINGTON BEACH,-117.98912962,33.70689019
6803569,2015,2015-03-02,3001,2015-01-23,1353,A1555,D1,5,5,7,3001,0,0,0,NA,0,NA,N BROOKHURST ST,W ALAMEDA AV,290,N,N,A,-,N,NA,NA,NA,NA,NA,NA,NA,NA,NA,Y,4,0,1,2,A,-,09,21804,A,N,D,C,A,A,H,-,A,D,0,NA,NA,NA,NA,Y,NA,A,01,0,0,1,0,0,0,0,0,0,-,-,NA,NA,ORANGE,ANAHEIM,-117.95903592,33.83870506
6806963,2015,2016-10-10,3009,2015-01-26,2230,0145,96,1,5,6,3009,0,0,0,NA,0,013,BROOKHURST ST,RT 22,10,S,N,A,-,Y,ORA,12,22,-,R,5.632,R,4,E,N,4,0,1,2,A,-,03,22350,NA,M,C,C,A,-,H,-,C,A,0,NA,NA,NA,NA,Y,NA,A,01,0,0,1,0,0,0,0,0,0,-,EF,NA,NA,ORANGE,GARDEN GROVE,-117.95851215,33.76586193
6806989,2015,2016-10-24,3012,2015-01-25,1509,612,45,7,5,5,3012,0,0,0,NA,0,0SE,IMPERIAL HWY,EUCLID ST,133,E,N,A,-,Y,ORA,12,90,-,-,1.79,H,-,W,N,4,0,1,2,A,-,03,22350,NA,N,C,C,A,A,H,-,A,A,0,NA,NA,Y,NA,Y,NA,A,01,0,0,1,0,0,0,0,0,1,-,-,NA,NA,ORANGE,LA HABRA,-117.94561596,33.91740093
6806990,2015,2015-03-04,3012,2015-01-13,1532,604,42,2,5,5,3012,0,0,0,NA,0,004,CYPRESS ST,LAMBERT RD,532,N,N,A,-,N,NA,NA,NA,NA,NA,NA,NA,NA,NA,Y,4,0,1,2,A,-,09,21804,A,N,D,C,A,A,H,-,A,D,0,NA,NA,NA,NA,Y,NA,A,01,0,0,1,0,0,0,0,0,0,-,-,NA,NA,ORANGE,LA HABRA,-117.94174346,33.92609852
6806994,2015,2015-03-04,3012,2015-01-25,1432,618,26,7,5,5,3012,0,0,0,NA,0,002,HARBOR BL,STEARNS AV,81,S,N,A,-,N,NA,NA,NA,NA,NA,NA,NA,NA,NA,N,4,0,1,2,A,-,03,22350,NA,N,C,C,A,A,H,-,A,A,0,NA,NA,NA,NA,Y,NA,A,01,0,0,1,0,0,0,0,0,0,-,-,NA,NA,ORANGE,LA HABRA,-117.93305,33.93347793
6807500,2014,2015-05-07,3010,2014-12-19,1052,0147,128,5,5,6,3010,0,0,0,NA,0,009,EDWARDS,MAR VISTA,0,NA,Y,A,-,N,NA,NA,NA,NA,NA,NA,NA,NA,NA,Y,1,1,5,5,A,-,03,22350,NA,N,C,C,A,A,H,-,A,A,0,NA,NA,Y,NA,Y,NA,A,01,0,2,3,0,0,0,0,0,1,-,-,NA,NA,ORANGE,HUNTINGTON BEACH,-118.01574009,33.74627011
6807630,2015,2015-03-03,3010,2015-01-29,1608,2057,291,4,5,6,3010,0,0,0,NA,0,005,GOLDENWEST,RIO VISTA,30,N,N,A,-,N,NA,NA,NA,NA,NA,NA,NA,NA,NA,N,3,0,1,2,A,-,01,23152,A,M,C,C,A,A,H,-,A,A,0,NA,NA,NA,NA,Y,Y,A,01,0,1,0,0,0,0,0,0,0,-,-,NA,NA,ORANGE,HUNTINGTON BEACH,-118.00651152,33.70516225
6807790,2014,2015-02-17,3009,2014-12-30,1539,3305,086,2,5,6,3009,0,0,0,NA,0,013,MAGNOLIA ST,HEWITT PL,0,NA,Y,A,-,N,NA,NA,NA,NA,NA,NA,NA,NA,NA,Y,4,0,2,2,A,-,09,21801,A,N,A,C,A,A,H,-,A,A,0,NA,NA,NA,NA,Y,NA,A,01,0,0,2,0,0,0,0,0,0,-,-,NA,NA,ORANGE,GARDEN GROVE,-117.97251009,33.76188009
6808040,2015,2015-02-25,3000,2015-01-28,1112,2785,921E1,3,5,4,3049,0,0,0,NA,0,784,ALISO CREEK,LIBERTY,25,N,N,A,-,N,NA,NA,NA,NA,NA,NA,NA,NA,NA,N,4,0,1,2,A,-,03,22350,NA,N,C,C,A,A,H,-,A,A,0,NA,NA,NA,NA,Y,NA,A,01,0,0,1,0,0,0,0,0,0,-,-,NA,NA,ORANGE,ALISO VIEJO,-117.72550599,33.55957498
6808994,2015,2015-03-06,3001,2015-02-01,1936,A1252,NA,7,5,7,3001,0,0,0,NA,0,0D3,SOUTH HASTER ST,EAST ORANGEWOOD AV,181,S,N,A,-,N,NA,NA,NA,NA,NA,NA,NA,NA,NA,Y,4,0,1,2,A,-,03,22350,NA,N,C,C,A,A,H,-,C,A,0,NA,NA,NA,NA,Y,NA,D,22,0,0,1,0,0,0,0,0,0,-,-,NA,NA,ORANGE,ANAHEIM,-117.90638714,33.79562415
6809832,2015,2016-11-01,3015,2015-01-31,1000,1364,41W,6,5,6,3015,0,0,0,NA,0,713,N THE CITY DR,RT 5,0,NA,Y,A,-,Y,ORA,12,5,-,-,35.684,R,4,S,Y,3,0,3,2,A,-,12,21453,A,N,D,C,A,A,H,-,A,A,0,NA,NA,NA,NA,Y,NA,A,01,0,1,2,0,0,0,0,0,0,-,SF,NA,NA,ORANGE,ORANGE,-117.89591345,33.79682141
6811001,2014,2015-02-12,3015,2014-12-23,1942,1440,51,2,5,6,3015,0,0,0,NA,0,NA,WEST CHAPMAN AV,N MAIN ST,4,W,N,A,-,N,NA,NA,NA,NA,NA,NA,NA,NA,NA,N,4,0,1,2,A,-,10,21950,A,N,G,B,B,A,H,-,C,A,0,Y,NA,NA,NA,Y,NA,A,07,0,0,1,0,1,0,0,0,0,-,-,NA,NA,ORANGE,ORANGE,-117.86731313,33.7879
6811361,2015,2015-02-27,3019,2015-01-23,0854,2630,NE,5,5,7,3019,0,0,0,NA,0,002,MAIN ST,BUFFALO AV,0,NA,Y,A,-,N,NA,NA,NA,NA,NA,NA,NA,NA,NA,Y,4,0,2,2,A,-,12,21453,A,N,A,C,A,A,H,-,A,A,0,NA,NA,NA,NA,Y,NA,A,01,0,0,2,0,0,0,0,0,0,-,-,NA,NA,ORANGE,SANTA ANA,-117.86753005,33.76560006
6812715,2015,2015-02-27,3026,2015-01-30,1147,416,NA,5,5,6,3026,0,0,0,NA,0,00C,WALNUT,FRANCISCAN,0,NA,Y,B,-,N,NA,NA,NA,NA,NA,NA,NA,NA,NA,Y,4,0,1,2,A,-,12,21453,A,N,D,C,A,A,H,-,A,A,0,NA,NA,NA,NA,Y,NA,A,07,0,0,1,0,0,0,0,0,0,-,-,NA,NA,ORANGE,IRVINE,-117.78643003,33.70384007
6813553,2015,2015-03-09,3019,2015-02-11,0803,2528,NE,3,5,7,3019,0,0,0,NA,0,002,BROADWAY,10TH ST,0,NA,Y,A,-,N,NA,NA,NA,NA,NA,NA,NA,NA,NA,Y,4,0,2,4,A,-,09,21801,A,N,D,C,A,A,H,-,A,A,0,NA,NA,NA,NA,Y,NA,A,01,0,0,2,0,0,0,0,0,0,-,-,NA,NA,ORANGE,SANTA ANA,-117.86969004,33.75336009