CASE_ID,ACCIDENT_YEAR,PROC_DATE,JURIS,COLLISION_DATE,COLLISION_TIME,OFFICER_ID,REPORTING_DISTRICT,DAY_OF_WEEK,CHP_SHIFT,POPULATION,CNTY_CITY_LOC,SPECIAL_COND,BEAT_TYPE,CHP_BEAT_TYPE,CITY_DIVISION_LAPD,CHP_BEAT_CLASS,BEAT_NUMBER,PRIMARY_RD,SECONDARY_RD,DISTANCE,DIRECTION,INTERSECTION,WEATHER_1,WEATHER_2,STATE_HWY_IND,CALTRANS_COUNTY,CALTRANS_DISTRICT,STATE_ROUTE,ROUTE_SUFFIX,POSTMILE_PREFIX,POSTMILE,LOCATION_TYPE,RAMP_INTERSECTION,SIDE_OF_HWY,TOW_AWAY,COLLISION_SEVERITY,NUMBER_KILLED,NUMBER_INJURED,PARTY_COUNT,PRIMARY_COLL_FACTOR,PCF_CODE_OF_VIOL,PCF_VIOL_CATEGORY,PCF_VIOLATION,PCF_VIOL_SUBSECTION,HIT_AND_RUN,TYPE_OF_COLLISION,MVIW,PED_ACTION,ROAD_SURFACE,ROAD_COND_1,ROAD_COND_2,LIGHTING,CONTROL_DEVICE,CHP_ROAD_TYPE,PEDESTRIAN_ACCIDENT,BICYCLE_ACCIDENT,MOTORCYCLE_ACCIDENT,TRUCK_ACCIDENT,NOT_PRIVATE_PROPERTY,ALCOHOL_INVOLVED,STWD_VEHTYPE_AT_FAULT,CHP_VEHTYPE_AT_FAULT,COUNT_SEVERE_INJ,COUNT_VISIBLE_INJ,COUNT_COMPLAINT_PAIN,COUNT_PED_KILLED,COUNT_PED_INJURED,COUNT_BICYCLIST_KILLED,COUNT_BICYCLIST_INJURED,COUNT_MC_KILLED,COUNT_MC_INJURED,PRIMARY_RAMP,SECONDARY_RAMP,LATITUDE,LONGITUDE,COUNTY,CITY,POINT_X,POINT_Y
6883456,2015,2015-05-13,3015,2015-04-01,0910,1098,22E,3,5,6,3015,0,0,0,NA,0,731,S OLIVE ST,WEST CHAPMAN AV,228,S,N,B,-,N,NA,NA,NA,NA,NA,NA,NA,NA,NA,N,2,0,1,2,A,-,10,21950,C,N,D,B,D,A,H,-,A,D,0,Y,NA,NA,NA,Y,NA,A,07,1,0,0,0,1,0,0,0,0,-,-,NA,NA,ORANGE,ORANGE,-117.85420344,33.78725497
6884969,2015,2015-05-13,3009,2015-03-24,1805,4284,WEST,2,5,6,3009,0,0,0,NA,0,013,GARDEN GROVE BL,GROVE AV,0,NA,Y,A,-,N,NA,NA,NA,NA,NA,NA,NA,NA,NA,Y,4,0,1,3,A,-,09,21802,A,N,D,C,A,A,H,-,A,D,0,NA,NA,NA,Y,Y,NA,F,26,0,0,1,0,0,0,0,0,0,-,-,NA,NA,ORANGE,GARDEN GROVE,-117.94213009,33.77422011
6885066,2015,2015-04-24,3009,2015-03-17,0827,1925,155,2,5,6,3009,0,0,0,NA,0,023,TRASK AV,HARBOR BL,0,NA,Y,A,-,N,NA,NA,NA,NA,NA,NA,NA,NA,NA,Y,4,0,2,2,A,-,12,21453,A,N,D,C,A,A,H,-,A,A,0,NA,NA,NA,NA,Y,NA,A,07,0,0,2,0,0,0,0,0,0,-,-,NA,NA,ORANGE,GARDEN GROVE,-117.92045005,33.76710003
6885068,2015,2015-04-24,3009,2015-03-14,0931,3826,144,6,5,6,3009,0,0,0,NA,0,2 2,GARDEN GROVE BL,RAINBOW ST,51,E,N,A,-,N,NA,NA,NA,NA,NA,NA,NA,NA,NA,Y,3,0,1,2,A,-,08,22107,NA,N,D,C,A,A,H,-,A,D,0,NA,NA,NA,NA,Y,NA,A,01,0,1,0,0,0,0,0,0,0,-,-,NA,NA,ORANGE,GARDEN GROVE,-117.91759257,33.77445
6886007,2015,2016-11-19,9675,2015-04-07,1633,18834,NA,2,2,6,3026,0,1,1,NA,2,406,RT 405,MACARTHUR BL,800,S,N,A,-,Y,ORA,12,405,-,-,7.65,H,-,N,Y,3,0,3,2,A,-,03,22350,NA,N,C,C,A,A,H,-,A,D,6,NA,NA,NA,NA,Y,NA,A,01,0,2,1,0,0,0,0,0,0,-,-,33.68249,-117.8558,ORANGE,IRVINE,-117.85464079,33.68184842
6886147,2015,2015-04-22,3001,2015-04-07,1549,1373,NA,2,5,7,3001,0,0,0,NA,0,0D1,W LINCOLN AV,N CRESCENT WY,40,E,N,B,-,N,NA,NA,NA,NA,NA,NA,NA,NA,NA,NA,3,0,1,2,D,-,00,NA,NA,N,F,A,A,A,H,-,A,A,0,NA,NA,Y,NA,Y,NA,-,-,0,1,0,0,0,0,0,0,1,-,-,NA,NA,ORANGE,ANAHEIM,-117.94715859,33.83257
6886421,2015,2016-12-22,9675,2015-04-15,0835,14558,NA,3,1,7,3019,0,1,1,NA,2,502,RT 5,LINCOLN,50,S,N,A,-,Y,ORA,12,5,-,-,32.06,H,-,N,N,4,0,1,2,A,-,04,21703,NA,N,C,C,A,A,H,-,A,D,1,NA,NA,NA,NA,Y,NA,A,08,0,0,1,0,0,0,0,0,0,-,-,NA,NA,ORANGE,SANTA ANA,-117.85608092,33.7569466
6886453,2015,2016-12-22,9675,2015-04-16,2222,018983,NA,4,3,7,3019,0,1,1,NA,2,502,RT 5,LINCOLN AV,200,N,N,A,-,Y,ORA,12,5,-,-,32.11,H,-,N,N,4,0,1,2,A,-,07,21658,A,N,B,C,A,A,H,-,C,D,1,NA,NA,NA,NA,Y,NA,A,01,0,0,1,0,0,0,0,0,0,-,-,NA,NA,ORANGE,SANTA ANA,-117.85679721,33.75727476
6886679,2015,2015-04-27,3001,2015-04-10,1815,1404,NA,5,5,7,3001,0,0,0,NA,0,003,SOUTH STATE COLLEGE BL,E WRIGHT CIR,0,NA,Y,A,-,N,NA,NA,NA,NA,NA,NA,NA,NA,NA,Y,3,0,1,2,A,-,09,21801,A,N,D,C,A,A,H,-,B,D,0,NA,NA,NA,NA,Y,NA,A,01,0,1,0,0,0,0,0,0,0,-,-,NA,NA,ORANGE,ANAHEIM,-117.8892301,33.8052401
6886749,2015,2015-04-27,3019,2015-04-10,1620,2001,SC,5,5,7,3019,0,0,0,NA,0,004,BRISTOL ST,CENTRAL AV,127,S,N,A,-,N,NA,NA,NA,NA,NA,NA,NA,NA,NA,Y,4,0,1,2,A,-,07,21658,A,N,B,C,A,A,H,-,A,D,0,NA,NA,Y,NA,Y,NA,A,01,0,0,1,0,0,0,0,0,1,-,-,NA,NA,ORANGE,SANTA ANA,-117.88539829,33.7122119
6891349,2015,2016-12-01,9670,2015-04-16,1432,15587,NA,4,2,7,3001,0,1,3,NA,2,094,RT 91,EUCLID ST,710,W,N,A,-,Y,ORA,12,91,-,-,2.07,H,-,E,Y,3,0,1,3,A,-,07,21658,A,N,B,C,A,A,H,-,A,D,1,NA,NA,NA,Y,Y,NA,A,01,0,1,0,0,0,0,0,0,0,-,-,33.85409,-117.94429,ORANGE,ANAHEIM,-117.94489968,33.85403388
6891547,2015,2016-12-10,9670,2015-04-02,1715,19675,NA,4,2,6,3009,0,1,3,NA,2,024,RT 22,TRASK AV,1500,W,N,A,-,Y,ORA,12,22,-,R,7.4,H,-,E,Y,2,0,1,3,A,-,07,21658,A,N,B,C,A,A,H,-,A,D,1,NA,NA,Y,NA,Y,NA,A,01,1,0,0,0,0,0,0,0,1,-,-,33.76606,-117.92744,ORANGE,GARDEN GROVE,-117.92778861,33.76610319
6893100,2015,2015-05-05,3024,2015-03-23,1454,160,P29,1,5,5,3024,0,0,0,NA,0,EAST,HAZARD AV,DEANANN PL,6,W,N,A,-,N,NA,NA,NA,NA,NA,NA,NA,NA,NA,N,4,0,1,2,A,-,03,22350,NA,N,C,C,A,A,H,-,A,D,0,NA,NA,NA,NA,Y,NA,D,22,0,0,1,0,0,0,0,0,0,-,-,NA,NA,ORANGE,WESTMINSTER,-117.95013969,33.75228985
6893107,2015,2016-11-09,3011,2015-04-15,2334,31277,98,3,5,4,3011,0,0,0,NA,0,001,N COAST HWY,SMITHCLIFFS RD,847,N,N,A,-,Y,ORA,12,1,-,-,10.76,H,-,N,Y,3,0,1,1,A,-,01,23152,A,N,F,-,A,A,H,-,C,D,0,NA,NA,NA,NA,Y,Y,D,23,0,1,0,0,0,0,0,0,0,-,-,NA,NA,ORANGE,LAGUNA BEACH,-117.80564554,33.55167927
6893469,2015,2016-12-12,9675,2015-04-11,1620,020582,NA,6,2,7,3001,0,1,3,NA,2,094,RT 91,IMPERIAL HWY,200,E,N,A,-,Y,ORA,12,91,-,R,11.6,H,-,W,Y,2,0,1,4,A,-,08,22107,NA,N,B,C,A,A,H,-,A,D,1,NA,NA,Y,NA,Y,NA,C,02,1,0,0,0,0,0,0,0,1,-,-,33.85485,-117.78921,ORANGE,ANAHEIM,-117.78952712,33.85474446
6893518,2015,2015-05-08,3015,2015-04-03,2053,1522,NA,5,5,6,3015,0,0,0,NA,0,NA,TUSTIN AV,E KATELLA,172,S,N,A,-,N,NA,NA,NA,NA,NA,NA,NA,NA,NA,N,4,0,1,4,A,-,03,22350,NA,N,C,C,A,A,H,-,C,A,0,NA,NA,NA,NA,Y,NA,A,01,0,0,1,0,0,0,0,0,0,-,-,NA,NA,ORANGE,ORANGE,-117.83573057,33.80872856
6894513,2015,2016-10-24,9675,2015-04-14,1630,15826,NA,2,2,7,3001,0,1,3,NA,2,572,RT 57,WAGNER AV,50,S,N,A,-,Y,ORA,12,57,-,-,13.91,H,-,N,Y,3,0,2,4,A,-,03,22350,NA,F,C,C,A,A,H,-,A,D,6,NA,NA,NA,NA,Y,NA,A,01,0,1,1,0,0,0,0,0,0,-,-,33.82546,-117.87592,ORANGE,ANAHEIM,-117.87598692,33.82524564
6895064,2015,2015-05-05,3019,2015-04-04,2200,3317,SE,6,5,7,3019,0,0,0,NA,0,003,CYPRESS AV,MYRTLE ST,135,S,N,A,-,N,NA,NA,NA,NA,NA,NA,NA,NA,NA,N,4,0,1,1,A,-,03,22350,NA,N,F,A,A,A,H,-,C,D,0,NA,NA,Y,NA,Y,NA,C,02,0,0,1,0,0,0,0,0,1,-,-,NA,NA,ORANGE,SANTA ANA,-117.86643,33.741169910000004
6895286,2015,2016-06-28,9690,2015-03-19,0615,019361,NA,4,1,9,3000,0,1,3,NA,1,074,RT 74,NICHOLS INSTITUTE,589,E,N,A,-,Y,ORA,12,74,-,-,9.78,H,-,W,N,4,0,1,3,A,-,03,22350,NA,N,C,C,A,A,H,-,D,A,0,NA,NA,NA,NA,Y,NA,A,07,0,0,1,0,0,0,0,0,0,-,-,33.56433,-117.54592,ORANGE,UNINCORPORATED,-117.54577449,33.5645311
6895472,2015,2015-05-07,3015,2015-04-01,1650,919,54W,3,5,6,3015,0,0,0,NA,0,711,EAST CHAPMAN AV,SERANADO ST,84,W,N,A,-,N,NA,NA,NA,NA,NA,NA,NA,NA,NA,Y,3,0,4,3,A,-,03,22350,NA,N,C,C,A,A,H,-,A,D,0,NA,NA,NA,NA,Y,NA,D,22,0,1,3,0,0,0,0,0,0,-,-,NA,NA,ORANGE,ORANGE,-117.81188573,33.78776441
6896500,2015,2017-01-18,9670,2015-04-24,1350,15587,NA,5,1,5,3003,0,1,3,NA,2,091,RT 91,WESTERN AV,120,E,N,B,-,Y,ORA,12,91,-,R,2.39,H,-,W,Y,4,0,2,3,A,-,03,22350,NA,N,C,C,A,A,H,-,A,D,1,NA,NA,NA,NA,Y,NA,A,01,0,0,2,0,0,0,0,0,0,-,-,33.85588,-118.0014,ORANGE,BUENA PARK,-118.00192776,33.85613485
6896551,2015,2016-12-10,9670,2015-04-18,2338,016271,NA,6,3,6,3009,0,1,3,NA,2,020,RT 22,VALLEY VIEW ST,2500,E,N,A,-,Y,ORA,12,22,-,R,1.389,H,-,E,Y,3,0,1,3,A,-,07,21658,A,N,C,C,A,A,H,-,C,D,1,NA,NA,NA,NA,Y,NA,A,01,0,1,0,0,0,0,0,0,0,-,-,33.7742,-118.03061,ORANGE,GARDEN GROVE,-118.02982817,33.7742448
6896827,2015,2015-05-20,3019,2015-03-27,2336,3345,WE,5,5,7,3019,0,0,0,NA,0,001,BRISTOL ST,W SANTA CLARA AV,200,S,N,A,-,N,NA,NA,NA,NA,NA,NA,NA,NA,NA,N,3,0,1,2,A,-,08,22107,NA,F,H,G,A,A,H,-,C,D,0,NA,Y,NA,NA,Y,Y,L,04,0,1,0,0,0,0,1,0,0,-,-,NA,NA,ORANGE,SANTA ANA,-117.88492904,33.76625176
6898168,2015,2015-05-07,3014,2015-04-04,2152,1079,RD26,6,5,5,3014,0,0,0,NA,0,0A2,16TH ST,IRVINE AV,645,E,N,A,-,N,NA,NA,NA,NA,NA,NA,NA,NA,NA,Y,4,0,1,3,A,-,01,23152,A,N,B,E,E,A,H,-,C,D,0,Y,NA,NA,NA,Y,NA,A,01,0,0,1,0,1,0,0,0,0,-,-,NA,NA,ORANGE,NEWPORT BEACH,-117.9098484,33.62448569
6898171,2015,2016-12-10,9670,2015-04-06,1135,16793,NA,1,1,6,3009,0,1,3,NA,2,022,RT 22,BROOKHURST ST,80,W,N,A,-,Y,ORA,12,22,-,R,5.632,R,1,E,N,4,0,1,2,A,-,03,22350,NA,N,C,C,A,A,H,-,A,D,1,NA,NA,NA,NA,Y,NA,A,01,0,0,1,0,0,0,0,0,0,-,-,NA,NA,ORANGE,GARDEN GROVE,-117.95851215,33.76586193
6898521,2015,2016-09-16,9690,2015-03-09,1350,16430,NA,1,1,4,3018,0,1,1,NA,2,057,RT 5,RT 74,528,N,N,A,-,Y,ORA,12,5,-,-,9.86,H,-,S,N,4,0,1,2,A,-,03,22350,NA,N,C,C,A,A,H,-,A,D,1,NA,NA,NA,Y,Y,NA,A,01,0,0,1,0,0,0,0,0,0,-,-,33.50589,-117.6597,ORANGE,SAN JUAN CAPISTRANO,-117.65964964,33.50593793
6898685,2015,2015-05-19,3012,2015-04-27,0843,568,36,1,5,5,3012,0,0,0,NA,0,003,LAMBERT RD,WALNUT ST,34,W,N,A,-,N,NA,NA,NA,NA,NA,NA,NA,NA,NA,N,4,0,1,2,A,-,03,22350,NA,M,C,C,A,A,H,-,A,A,0,NA,NA,NA,NA,Y,NA,A,07,0,0,1,0,0,0,0,0,0,-,-,NA,NA,ORANGE,LA HABRA,-117.95059182,33.92466
6899627,2015,2016-12-22,3019,2015-04-18,1003,3327,NE,6,5,7,3019,0,0,0,NA,0,002,4TH ST,RT 5,0,NA,Y,A,-,Y,ORA,12,5,-,-,31.246,R,4,S,Y,4,0,1,3,A,-,12,21453,A,N,D,C,A,A,H,-,A,A,0,NA,NA,NA,NA,Y,NA,D,22,0,0,1,0,0,0,0,0,0,-,SF,NA,NA,ORANGE,SANTA ANA,-117.84487502,33.75019326
6901168,2015,2015-05-12,3008,2015-03-31,0737,1158,NA,2,5,6,3008,0,0,0,NA,0,001,BENCHLEY ST,PIONEER,60,S,N,B,-,N,NA,NA,NA,NA,NA,NA,NA,NA,NA,N,4,0,1,2,A,-,11,21954,A,N,G,B,D,A,H,-,A,D,0,Y,NA,NA,NA,Y,NA,N,60,0,0,1,0,1,0,0,0,0,-,-,NA,NA,ORANGE,FULLERTON,-117.9550262,33.88803558
6901449,2015,2015-05-06,3019,2015-04-16,0816,1561,WE,4,5,7,3019,0,0,0,NA,0,001,17TH ST,ENGLISH ST,0,NA,Y,A,-,N,NA,NA,NA,NA,NA,NA,NA,NA,NA,N,4,0,1,2,A,-,09,21801,A,N,D,C,A,A,H,-,A,A,0,NA,NA,NA,NA,Y,NA,A,01,0,0,1,0,0,0,0,0,0,-,-,NA,NA,ORANGE,SANTA ANA,-117.89666009,33.75991011
6901547,2015,2015-05-22,3015,2015-04-14,1449,1386,22E,2,5,6,3015,0,0,0,NA,0,711,N GLASSELL ST,W PALMYRA AV,250,S,N,A,-,N,NA,NA,NA,NA,NA,NA,NA,NA,NA,Y,3,0,1,2,A,-,03,22350,NA,N,C,C,A,A,H,-,A,D,0,NA,NA,NA,NA,Y,NA,D,22,0,1,0,0,0,0,0,0,0,-,-,NA,NA,ORANGE,ORANGE,-117.85311,33.78353466
6902331,2015,2016-11-05,9690,2015-04-05,0427,20125,NA,7,3,4,3045,0,1,1,NA,2,055,RT 5,EL TORO RD,508,S,N,A,-,Y,ORA,12,5,-,-,18.59,H,-,S,N,4,0,1,2,A,-,03,22350,NA,F,G,B,E,A,H,-,A,D,1,Y,NA,NA,NA,Y,NA,-,99,0,0,1,0,1,0,0,0,0,-,-,33.30561,-117.42268,ORANGE,LAGUNA HILLS,-117.70645842,33.61349726
6903012,2015,2015-05-08,3024,2015-04-09,2000,311,P39,4,5,5,3024,0,0,0,NA,0,EAST,MAGNOLIA ST,MCFADDEN AV,60,S,N,A,-,N,NA,NA,NA,NA,NA,NA,NA,NA,NA,Y,3,0,1,2,A,-,01,23152,A,N,B,C,A,A,H,-,C,D,0,NA,NA,Y,NA,Y,Y,C,02,0,1,0,0,0,0,0,0,1,-,-,NA,NA,ORANGE,WESTMINSTER,-117.97215813,33.7374055
6905578,2015,2016-12-10,9670,2015-06-20,2025,019893,NA,6,2,6,3009,0,1,3,NA,2,024,RT 22,LEWIS ST,400,W,N,A,-,Y,ORA,12,22,-,R,9.33,H,-,E,Y,4,0,2,2,A,-,03,22350,NA,N,C,C,A,A,H,-,D,D,1,NA,NA,NA,NA,Y,NA,A,08,0,0,2,0,0,0,0,0,0,-,-,33.7767,-117.89984,ORANGE,GARDEN GROVE,-117.89775338,33.77798864
6907263,2015,2015-06-08,3004,2015-04-22,1705,P543,09,3,5,6,3004,0,0,0,NA,0,012,VICTORIA ST,PLACENTIA AV,0,NA,Y,B,-,N,NA,NA,NA,NA,NA,NA,NA,NA,NA,Y,4,0,1,3,A,-,03,22350,NA,N,B,C,A,A,H,-,A,A,0,NA,NA,NA,NA,Y,NA,A,01,0,0,1,0,0,0,0,0,0,-,-,33.3909,-117.555,ORANGE,COSTA MESA,-117.93210013,33.65246009
6908857,2015,2015-05-18,3000,2015-04-18,2229,5377,952A6,6,5,5,3040,0,0,0,NA,0,743,GOLDEN LANTERN,SARDINA LN,10,S,N,A,-,N,NA,NA,NA,NA,NA,NA,NA,NA,NA,Y,3,0,1,1,A,-,08,22107,NA,N,E,I,A,A,H,-,C,A,0,NA,NA,NA,NA,Y,NA,A,01,0,1,0,0,0,0,0,0,0,-,-,NA,NA,ORANGE,LAGUNA NIGUEL,-117.68410853,33.50818741
6908925,2015,2015-06-02,3004,2015-05-01,1159,P543,22,5,5,6,3004,0,0,0,NA,0,015,BEAR ST,PAULARINO ST,57,S,N,A,-,N,NA,NA,NA,NA,NA,NA,NA,NA,NA,N,4,0,2,2,A,-,03,22350,NA,N,C,C,A,A,H,-,A,A,0,NA,NA,NA,NA,Y,NA,A,01,0,0,2,0,0,0,0,0,0,-,-,33.6844,-117.8919,ORANGE,COSTA MESA,-117.89249391,33.68272011
6909176,2015,2016-11-04,3024,2015-04-13,1715,184,P 13,1,5,5,3024,0,0,0,NA,0,EAST,RT 39,22ND ST,0,NA,Y,A,-,Y,ORA,12,39,-,-,7.946,I,5,N,Y,3,0,1,4,A,-,03,22350,NA,N,C,C,A,A,H,-,A,A,0,NA,NA,NA,NA,Y,NA,D,22,0,1,0,0,0,0,0,0,0,-,-,NA,NA,ORANGE,WESTMINSTER,-117.98959344,33.76376786
6910673,2015,2015-05-15,3001,2015-03-27,1621,A0845,NA,5,5,7,3001,0,0,0,NA,0,0D2,W WATER ST,S INDIANA ST,0,NA,Y,A,-,N,NA,NA,NA,NA,NA,NA,NA,NA,NA,Y,4,0,1,2,A,-,09,21802,A,N,D,C,A,A,H,-,A,A,0,NA,NA,NA,NA,Y,NA,A,01,0,0,1,0,0,0,0,0,0,-,-,NA,NA,ORANGE,ANAHEIM,-117.92302005,33.82631009
6912949,2015,2015-05-28,3000,2015-04-03,1415,2785,921F5,5,5,4,3049,0,0,0,NA,0,784,ALICIA PKY,PACIFIC PARK,0,NA,Y,A,-,N,NA,NA,NA,NA,NA,NA,NA,NA,NA,Y,4,0,1,2,A,-,09,21453,C,N,A,C,A,A,H,-,A,A,0,NA,NA,NA,NA,Y,NA,D,22,0,0,1,0,0,0,0,0,0,-,-,NA,NA,ORANGE,ALISO VIEJO,-117.71437002,33.57136009
6912953,2015,2015-05-19,3000,2015-03-30,1815,5301,892H6,1,5,4,3048,0,0,0,NA,0,766,ANTONIO PKY,LA VENTANA,254,N,N,A,-,N,NA,NA,NA,NA,NA,NA,NA,NA,NA,Y,3,0,1,2,A,-,07,21658,A,N,C,C,A,A,H,-,A,D,0,NA,NA,Y,NA,Y,NA,D,22,0,1,0,0,0,0,0,0,1,-,-,NA,NA,ORANGE,RANCHO SANTA MARGARITA,-117.61328047,33.61820692
6913739,2015,2015-05-26,3008,2015-04-19,2119,1467,I,7,5,6,3008,0,0,0,NA,0,NA,DAPHNE PL,GRANT ST,120,E,N,A,-,N,NA,NA,NA,NA,NA,NA,NA,NA,NA,N,4,0,1,2,A,-,11,21954,A,N,G,B,D,A,H,-,D,D,0,Y,NA,NA,NA,Y,NA,N,60,0,0,1,0,1,0,0,0,0,-,-,NA,NA,ORANGE,FULLERTON,-117.967797,33.886163
6913817,2015,2015-05-29,3000,2015-04-05,1630,5013,892A4,7,5,5,3050,0,0,0,NA,0,765,TRABUCO RD,MANALASTAS DR,212,N,N,A,-,N,NA,NA,NA,NA,NA,NA,NA,NA,NA,N,3,0,1,1,A,-,03,22350,NA,N,F,A,A,A,H,-,A,D,0,NA,NA,Y,NA,Y,NA,C,03,0,1,0,0,0,0,0,0,1,-,-,NA,NA,ORANGE,LAKE FOREST,-117.67596961,33.63238399
6913886,2015,2015-05-26,3013,2015-05-04,1427,170,3013,1,5,3,3013,0,0,0,NA,0,NA,KATELLA AV,COTTONWOOD WY,23,W,N,A,-,N,NA,NA,NA,NA,NA,NA,NA,NA,NA,Y,3,0,4,4,A,-,03,22350,NA,F,C,C,A,A,H,-,A,A,0,NA,NA,NA,NA,Y,NA,A,01,0,3,1,0,0,0,0,0,0,-,-,NA,NA,ORANGE,LOS ALAMITOS,-118.05195554,33.80314046
6913945,2015,2016-06-18,3012,2015-04-30,1911,288,37,4,5,5,3012,0,0,0,NA,0,S W,IMPERIAL HWY,BRASS LANTERN DR,0,NA,Y,A,-,N,NA,NA,NA,NA,NA,NA,NA,NA,NA,N,3,0,1,2,A,-,10,21950,A,N,G,B,B,A,H,-,B,A,0,Y,NA,NA,NA,Y,NA,A,01,0,1,0,0,1,0,0,0,0,-,-,NA,NA,ORANGE,LA HABRA,-117.97161009,33.91729006
6914664,2015,2015-05-21,3019,2015-04-24,0802,2528,SC,5,5,7,3019,0,0,0,NA,0,004,BRISTOL ST,WARNER AV,112,S,N,A,-,N,NA,NA,NA,NA,NA,NA,NA,NA,NA,N,4,0,1,2,A,-,09,21801,A,N,A,G,A,A,H,-,A,A,0,NA,Y,NA,NA,Y,NA,L,04,0,0,1,0,0,0,1,0,0,-,-,NA,NA,ORANGE,SANTA ANA,-117.88534495,33.71591298
6916172,2015,2015-06-01,3001,2015-04-30,2109,A1252,NA,4,5,7,3001,0,0,0,NA,0,0D2,NORTH HARBOR BL,WEST LA PALMA AV,0,NA,Y,A,-,N,NA,NA,NA,NA,NA,NA,NA,NA,NA,Y,4,0,2,2,A,-,09,21801,A,N,D,C,A,A,H,-,C,A,0,NA,NA,NA,NA,Y,NA,A,01,0,0,2,0,0,0,0,0,0,-,-,NA,NA,ORANGE,ANAHEIM,-117.92385012,33.84721007
6918082,2015,2016-12-22,9675,2015-04-27,0541,16923,NA,1,3,7,3019,0,1,1,NA,2,502,RT 5,FIRST ST,50,N,N,A,-,Y,ORA,12,5,-,-,30.92,H,-,S,Y,4,0,2,4,A,-,03,22350,NA,N,C,C,A,A,H,-,B,D,1,NA,NA,NA,NA,Y,NA,D,22,0,0,2,0,0,0,0,0,0,-,-,33.74624,-117.8429,ORANGE,SANTA ANA,-117.84262407,33.74583985
6918125,2015,2016-12-22,9675,2015-05-05,1725,017192,NA,2,2,6,3026,0,1,1,NA,2,503,RT 5,CULVER DR,200,N,N,B,-,Y,ORA,12,5,-,R,26.66,H,-,N,N,4,0,1,2,A,-,03,22350,NA,N,C,C,A,A,H,-,A,D,1,NA,NA,NA,NA,Y,NA,D,22,0,0,1,0,0,0,0,0,0,-,-,33.71386,-117.78643,ORANGE,IRVINE,-117.78288737,33.71086181
6918153,2015,2016-11-19,9675,2015-04-30,0738,19404,NA,4,1,6,3015,0,1,3,NA,2,550,RT 55,CHAPMAN AV,500,N,N,A,-,Y,ORA,12,55,-,-,13.82,H,-,S,Y,4,0,2,3,A,-,03,22350,NA,N,C,C,A,A,H,-,A,D,6,NA,NA,NA,NA,Y,NA,D,22,0,0,2,0,0,0,0,0,0,-,-,33.47215,-117.49535,ORANGE,ORANGE,-117.83114273,33.78934872
6918566,2015,2016-11-09,3000,2015-04-26,0200,4601,992D1,7,5,4,3029,0,0,0,NA,0,434,PACIFIC COAST HWY,CAMINO CAPISTRANO,4187,N,N,B,-,Y,ORA,12,1,-,-,5.02,H,-,N,Y,3,0,1,1,A,-,01,23152,A,N,E,I,A,A,H,-,D,D,0,NA,NA,NA,NA,Y,Y,A,01,0,1,0,0,0,0,0,0,0,-,-,NA,NA,ORANGE,DANA POINT,-117.73656452,33.49388034
6921780,2015,2016-11-09,3014,2015-04-30,1854,1253,RD33,4,5,5,3014,0,0,0,NA,0,0A3,JAMBOREE RD,BRISTOL ST S,0,NA,Y,A,-,Y,ORA,12,73,-,-,24.49,R,4,S,N,3,0,3,2,A,-,12,21453,A,N,D,C,A,A,H,-,A,A,0,NA,NA,NA,NA,Y,NA,A,01,0,1,2,0,0,0,0,0,0,-,-,33.6549,-117.8653,ORANGE,NEWPORT BEACH,-117.86254909,33.65223583
6922461,2015,2015-06-04,3026,2015-05-04,1348,390,U3,1,5,6,3026,0,0,0,NA,0,00U,MICHELSON DR,ROYCE,0,NA,Y,B,-,N,NA,NA,NA,NA,NA,NA,NA,NA,NA,Y,4,0,2,2,A,-,09,21802,A,N,F,C,A,A,H,-,A,A,0,NA,NA,NA,NA,Y,NA,A,07,0,0,2,0,0,0,0,0,0,-,-,NA,NA,ORANGE,IRVINE,-117.81745008,33.66351004
6922475,2015,2015-05-26,3000,2015-03-23,1625,6532,971F6,1,5,4,3029,0,0,0,NA,0,734,SELVA RD,DANA STRANDS BEACH ENTRANCE,0,NA,Y,A,-,N,NA,NA,NA,NA,NA,NA,NA,NA,NA,Y,3,0,1,2,A,-,21,22106,NA,N,B,C,A,A,H,-,A,D,0,NA,NA,NA,NA,Y,NA,A,01,0,1,0,0,0,0,0,0,0,-,-,NA,NA,ORANGE,DANA POINT,-117.71259,33.4654
6923224,2015,2015-10-13,3008,2015-08-30,1552,1310,NA,7,5,6,3008,0,0,0,NA,0,Z-2,ORANGEFAIR AV,SOUTH HARBOR BL,320,E,N,A,-,N,NA,NA,NA,NA,NA,NA,NA,NA,NA,Y,4,0,1,2,A,-,06,21750,A,N,B,C,A,A,H,-,A,D,0,NA,NA,NA,NA,Y,NA,A,07,0,0,1,0,0,0,0,0,0,-,-,NA,NA,ORANGE,FULLERTON,-117.92330845,33.85631
6924773,2015,2016-12-10,9670,2015-05-18,1545,16209,NA,1,2,6,3009,0,1,3,NA,2,024,RT 22,PEARCE ST,1740,E,N,A,-,Y,ORA,12,22,-,R,8.63,H,-,E,Y,4,0,1,3,A,-,03,22350,NA,N,C,C,A,A,H,-,A,D,1,NA,NA,NA,NA,Y,NA,A,01,0,0,1,0,0,0,0,0,0,-,-,33.7122,-117.90885,ORANGE,GARDEN GROVE,-117.90820355,33.77267084
6925513,2015,2015-05-26,3003,2015-04-21,0108,752,3003,2,5,5,3003,0,0,0,NA,0,005,LOS ALTOS DR,LINCOLN AV,197,N,N,A,-,N,NA,NA,NA,NA,NA,NA,NA,NA,NA,Y,3,0,1,1,A,-,01,23152,A,N,A,I,A,A,H,-,C,D,0,NA,NA,NA,NA,Y,NA,A,01,0,1,0,0,0,0,0,0,0,-,-,NA,NA,ORANGE,BUENA PARK,-118.03226,33.83232015
6927027,2015,2015-06-26,3026,2015-05-05,1414,7094,NA,2,5,6,3026,0,0,0,NA,0,00U,DAIMLER ST,MCGAW AV,24,S,N,B,-,N,NA,NA,NA,NA,NA,NA,NA,NA,NA,Y,4,0,1,2,A,-,08,22107,NA,N,E,I,A,A,H,-,A,A,0,NA,NA,NA,NA,Y,NA,A,01,0,0,1,0,0,0,0,0,0,-,-,NA,NA,ORANGE,IRVINE,-117.85606984,33.70028907
6927849,2015,2015-06-12,3019,2015-05-05,1304,2771,SC,2,5,7,3019,0,0,0,NA,0,004,MACARTHUR BL,BRISTOL ST,9,E,N,B,-,N,NA,NA,NA,NA,NA,NA,NA,NA,NA,N,3,0,1,2,A,-,05,21650,1,N,D,G,A,A,H,-,A,A,0,NA,Y,NA,NA,Y,NA,L,04,0,1,0,0,0,0,1,0,0,-,-,NA,NA,ORANGE,SANTA ANA,-117.88558048,33.70008