CASE_ID,ACCIDENT_YEAR,PROC_DATE,JURIS,COLLISION_DATE,COLLISION_TIME,OFFICER_ID,REPORTING_DISTRICT,DAY_OF_WEEK,CHP_SHIFT,POPULATION,CNTY_CITY_LOC,SPECIAL_COND,BEAT_TYPE,CHP_BEAT_TYPE,CITY_DIVISION_LAPD,CHP_BEAT_CLASS,BEAT_NUMBER,PRIMARY_RD,SECONDARY_RD,DISTANCE,DIRECTION,INTERSECTION,WEATHER_1,WEATHER_2,STATE_HWY_IND,CALTRANS_COUNTY,CALTRANS_DISTRICT,STATE_ROUTE,ROUTE_SUFFIX,POSTMILE_PREFIX,POSTMILE,LOCATION_TYPE,RAMP_INTERSECTION,SIDE_OF_HWY,TOW_AWAY,COLLISION_SEVERITY,NUMBER_KILLED,NUMBER_INJURED,PARTY_COUNT,PRIMARY_COLL_FACTOR,PCF_CODE_OF_VIOL,PCF_VIOL_CATEGORY,PCF_VIOLATION,PCF_VIOL_SUBSECTION,HIT_AND_RUN,TYPE_OF_COLLISION,MVIW,PED_ACTION,ROAD_SURFACE,ROAD_COND_1,ROAD_COND_2,LIGHTING,CONTROL_DEVICE,CHP_ROAD_TYPE,PEDESTRIAN_ACCIDENT,BICYCLE_ACCIDENT,MOTORCYCLE_ACCIDENT,TRUCK_ACCIDENT,NOT_PRIVATE_PROPERTY,ALCOHOL_INVOLVED,STWD_VEHTYPE_AT_FAULT,CHP_VEHTYPE_AT_FAULT,COUNT_SEVERE_INJ,COUNT_VISIBLE_INJ,COUNT_COMPLAINT_PAIN,COUNT_PED_KILLED,COUNT_PED_INJURED,COUNT_BICYCLIST_KILLED,COUNT_BICYCLIST_INJURED,COUNT_MC_KILLED,COUNT_MC_INJURED,PRIMARY_RAMP,SECONDARY_RAMP,LATITUDE,LONGITUDE,COUNTY,CITY,POINT_X,POINT_Y
81514072,2021,2021-07-07,3001,2021-06-26,0840,A2392,D-3,6,5,7,3001,0,0,0,NA,0,D-3,LINCOLN AVENUE,LOARA STREET,0,NA,Y,A,-,N,NA,NA,NA,NA,NA,NA,NA,NA,NA,Y,4,0,1,2,A,-,09,21801,A,N,D,C,A,A,H,-,A,A,0,NA,NA,NA,NA,Y,NA,A,07,0,0,1,0,0,0,0,0,0,-,-,33.83272171020508,-117.93724822998048,ORANGE,ANAHEIM,-117.93718719482422,33.832584381103516
81514138,2021,2021-07-07,3010,2021-07-03,1642,3042,157,6,5,6,3010,0,0,0,NA,0,008,HEIL AVE,DEL MAR LN,205,W,N,A,-,N,NA,NA,NA,NA,NA,NA,NA,NA,NA,Y,3,0,1,2,A,-,01,23152,A,N,C,E,A,A,H,-,A,D,0,NA,NA,NA,NA,Y,Y,A,01,0,1,0,0,0,0,0,0,0,-,-,33.722530364990234,-118.0361785888672,ORANGE,HUNTINGTON BEACH,-118.03676605224608,33.722618103027344
81514175,2021,2021-07-07,3019,2021-06-23,1643,3752,NE,3,5,7,3019,0,0,0,NA,0,002,FLOWER STREET,1ST STREET,0,NA,Y,A,-,N,NA,NA,NA,NA,NA,NA,NA,NA,NA,Y,4,0,1,2,A,-,12,21453,A,N,D,C,A,A,H,-,A,A,0,NA,NA,NA,NA,Y,NA,A,01,0,0,1,0,0,0,0,0,0,-,-,33.74544143676758,-117.87622833251952,ORANGE,SANTA ANA,-117.8764190673828,33.745418548583984
81515237,2021,2021-07-08,3022,2021-06-21,1624,1193,North,1,5,5,3022,0,0,0,NA,0,NA,SHERBROOK DR,AMBERWICK LN,381,W,N,A,-,N,NA,NA,NA,NA,NA,NA,NA,NA,NA,Y,4,0,1,2,A,-,08,22107,NA,N,A,E,A,A,H,-,A,D,0,NA,NA,NA,NA,Y,NA,A,08,0,0,1,0,0,0,0,0,0,-,-,33.75239944458008,-117.82314300537108,ORANGE,TUSTIN,-117.82431793212892,33.75225067138672
8151843,2016,2016-10-26,3001,2016-10-12,2052,415,NA,3,5,7,3001,0,0,0,NA,0,0D1,WEST ORANGE AV,SOUTH VALLEY ST,0,NA,Y,A,-,N,NA,NA,NA,NA,NA,NA,NA,NA,NA,N,4,0,1,2,A,-,06,21755,NA,M,B,C,A,A,H,-,C,D,0,NA,NA,Y,NA,Y,NA,A,01,0,0,1,0,0,0,0,0,1,-,-,NA,NA,ORANGE,ANAHEIM,-117.95628004,33.82506001
81518545,2021,2021-07-13,3022,2021-06-26,1940,1387,North,6,5,5,3022,0,0,0,NA,0,NA,IRVINE BLVD,JAMBOREE RD,0,NA,Y,A,-,N,NA,NA,NA,NA,NA,NA,NA,NA,NA,Y,4,0,2,2,A,-,09,21453,C,N,D,C,A,A,H,-,B,A,0,NA,NA,NA,NA,Y,NA,A,01,0,0,2,0,0,0,0,0,0,-,-,33.729881286621094,-117.78717041015624,ORANGE,TUSTIN,-117.78728485107422,33.73054122924805
81518576,2021,2021-07-13,3001,2021-07-11,0237,A1047,NA,7,5,7,3001,0,0,0,NA,0,D-3,MANCHESTER AVENUE,BROADWAY,0,NA,Y,A,-,N,NA,NA,NA,NA,NA,NA,NA,NA,NA,Y,3,0,1,2,A,-,09,21801,A,M,D,C,A,A,H,-,C,A,0,NA,NA,NA,NA,Y,NA,D,22,0,1,0,0,0,0,0,0,0,-,-,33.8294792175293,-117.93023681640624,ORANGE,ANAHEIM,-117.93007659912108,33.82943344116211
81518623,2021,2021-07-13,3002,2021-06-21,0533,1709,NA,1,5,4,3002,0,0,0,NA,0,011,CENTRAL AV,STEELE DR,0,NA,Y,A,-,N,NA,NA,NA,NA,NA,NA,NA,NA,NA,Y,4,0,1,3,A,-,12,21453,A,N,D,C,A,A,H,-,A,A,0,NA,NA,NA,NA,Y,NA,D,22,0,0,1,0,0,0,0,0,0,-,-,33.93185043334961,-117.91156768798828,ORANGE,BREA,-117.91156768798828,33.931880950927734
81518625,2021,2021-07-13,3002,2021-06-28,0847,1646,NA,1,5,4,3002,0,0,0,NA,0,012,CARBON CANYON RD,NOT STATED,0,NA,-,A,-,Y,NA,NA,NA,NA,NA,NA,NA,NA,NA,Y,4,0,1,2,A,-,09,21801,A,N,D,C,A,A,H,-,A,D,0,NA,NA,NA,NA,Y,NA,A,01,0,0,1,0,0,0,0,0,0,-,-,NA,NA,ORANGE,BREA,NA,NA
81519592,2021,2021-07-14,3010,2021-07-10,2216,2166,425,6,5,6,3010,0,0,0,NA,0,003,BUSHARD ST,GARFIELD AVE,293,S,N,A,-,N,NA,NA,NA,NA,NA,NA,NA,NA,NA,Y,3,0,1,2,A,-,05,21650,1,N,D,G,A,A,H,-,C,A,0,NA,Y,Y,NA,Y,NA,L,04,0,1,0,0,0,0,0,0,1,-,-,33.685279846191406,-117.9634017944336,ORANGE,HUNTINGTON BEACH,-117.96273803710938,33.68596649169922
81520556,2021,2021-07-15,3019,2021-06-21,1746,3058,SC,1,5,7,3019,0,0,0,NA,0,004,MCFADDEN AVENUE,FAIRVIEW STREET,239,E,N,A,-,N,NA,NA,NA,NA,NA,NA,NA,NA,NA,Y,4,0,1,2,A,-,08,22107,NA,N,B,C,A,A,H,-,A,D,0,NA,NA,NA,NA,Y,NA,A,07,0,0,1,0,0,0,0,0,0,-,-,33.73421096801758,-117.90704345703124,ORANGE,SANTA ANA,-117.906005859375,33.7345085144043
81520567,2021,2021-07-15,3019,2021-06-22,1616,3751,NE,2,5,7,3019,0,0,0,NA,0,002,TUSTIN AVENUE,SANTA CLARA AVENUE,0,NA,Y,A,-,N,NA,NA,NA,NA,NA,NA,NA,NA,NA,N,4,0,2,3,A,-,09,21801,A,N,A,C,A,A,H,-,A,A,0,NA,NA,NA,NA,Y,NA,A,01,0,0,2,0,0,0,0,0,0,-,-,NA,NA,ORANGE,SANTA ANA,-117.83575439453124,33.767154693603516
81520576,2021,2021-07-15,3019,2021-06-24,1023,3749,WE,4,5,7,3019,0,0,0,NA,0,001,17TH STREET,SANTA ANA COLLEGE,0,NA,Y,A,-,N,NA,NA,NA,NA,NA,NA,NA,NA,NA,Y,4,0,3,2,A,-,09,21453,C,M,E,J,A,A,H,-,A,A,0,NA,NA,NA,NA,Y,NA,A,01,0,0,3,0,0,0,0,0,0,-,-,33.76007080078125,-117.88848876953124,ORANGE,SANTA ANA,-117.91539764404295,33.633079528808594
8152084,2016,2016-10-31,3002,2016-09-15,0652,1395,226Z,4,5,4,3002,0,0,0,NA,0,011,CENTRAL AV,TAMARACK AV,375,W,N,A,-,N,NA,NA,NA,NA,NA,NA,NA,NA,NA,Y,4,0,3,2,A,-,03,22350,NA,N,C,C,A,A,H,-,A,A,0,NA,NA,NA,NA,Y,NA,A,07,0,0,3,0,0,0,0,0,0,-,-,NA,NA,ORANGE,BREA,-117.90041278,33.9320289
8152104,2016,2017-02-18,3008,2016-09-29,1211,1431,NA,4,5,6,3008,0,0,0,NA,0,0Z1,MAGNOLIA AV,RT 91,0,NA,Y,A,-,Y,ORA,12,91,-,R,4.031,R,4,W,Y,4,0,1,2,A,-,12,21453,A,N,D,C,A,A,H,-,A,A,0,NA,NA,NA,NA,Y,NA,A,01,0,0,1,0,0,0,0,0,0,-,WF,NA,NA,ORANGE,FULLERTON,-117.97405846,33.85677466
8152148,2016,2016-10-31,3008,2016-09-01,1753,1499,NA,4,5,6,3008,0,0,0,NA,0,0Z2,EUCLID ST,ORANGETHORPE AV,0,NA,Y,A,-,N,NA,NA,NA,NA,NA,NA,NA,NA,NA,Y,4,0,1,3,A,-,12,21453,A,N,A,C,A,A,H,-,B,A,0,NA,NA,NA,NA,Y,NA,A,01,0,0,1,0,0,0,0,0,0,-,-,NA,NA,ORANGE,FULLERTON,-117.94183006,33.85935002
81521588,2021,2021-07-16,3001,2021-07-10,1856,A1047,NA,6,5,7,3001,0,0,0,NA,0,D-1,LINCOLN AVENUE,LINHAVEN CIRCLE,0,NA,Y,A,-,N,NA,NA,NA,NA,NA,NA,NA,NA,NA,Y,3,0,1,2,A,-,09,21804,A,N,D,C,A,A,H,-,A,A,0,NA,NA,NA,NA,Y,NA,A,01,0,1,0,0,0,0,0,0,0,-,-,33.83237838745117,-117.95575714111328,ORANGE,ANAHEIM,-117.95597076416016,33.83246612548828
81522779,2021,2021-07-19,3022,2021-07-04,1134,1326,NA,7,5,5,3022,0,0,0,NA,0,NA,JAMBOREE RD,BARRANCA PKWY,330,N,N,A,-,N,NA,NA,NA,NA,NA,NA,NA,NA,NA,N,4,0,1,3,A,-,01,23152,F,N,C,C,A,A,H,-,A,A,0,NA,NA,NA,NA,Y,NA,A,01,0,0,1,0,0,0,0,0,0,-,-,NA,NA,ORANGE,TUSTIN,-117.82604217529295,33.69487380981445
81523989,2021,2021-07-20,3001,2021-07-16,1628,A2367,D-3,5,5,7,3001,0,0,0,NA,0,D-3,EUCLID STREET,KATELLA AVENUE,111,N,N,A,-,N,NA,NA,NA,NA,NA,NA,NA,NA,NA,N,4,0,1,2,A,-,03,22350,NA,N,C,C,A,A,H,-,A,A,0,NA,NA,NA,NA,Y,NA,D,22,0,0,1,0,0,0,0,0,0,-,-,33.80231857299805,-117.9418716430664,ORANGE,ANAHEIM,-117.94142150878906,33.80355453491211
8152433,2016,2016-10-31,3026,2016-10-16,1214,488,NA,7,5,6,3026,0,0,0,NA,0,00C,WALNUT,JAMBOREE,0,NA,Y,A,-,N,NA,NA,NA,NA,NA,NA,NA,NA,NA,Y,3,0,1,3,A,-,01,23152,A,N,D,C,A,A,H,-,A,A,0,NA,NA,NA,NA,Y,Y,A,07,0,1,0,0,0,0,0,0,0,-,-,NA,NA,ORANGE,IRVINE,-117.80107008,33.71171012
8152633,2016,2016-10-28,3015,2016-09-19,0842,1540,37E,1,5,6,3015,0,0,0,NA,0,713,WEST LINCOLN,NORTH BERKELEY ST,350,E,N,A,G,N,NA,NA,NA,NA,NA,NA,NA,NA,NA,Y,4,0,1,2,A,-,08,22100,B,N,D,C,A,A,H,-,A,D,0,NA,NA,NA,NA,Y,NA,A,01,0,0,1,0,0,0,0,0,0,-,-,NA,NA,ORANGE,ORANGE,-117.85581945,33.83525117
81527044,2021,2021-07-23,3001,2021-07-12,2309,A1278,NA,1,5,7,3001,0,0,0,NA,0,D-3,BALL ROAD,DISNEYLAND DRIVE,41,E,N,A,-,N,NA,NA,NA,NA,NA,NA,NA,NA,NA,Y,4,0,2,2,A,-,03,22350,NA,M,C,C,A,A,H,-,C,A,0,NA,NA,NA,NA,Y,NA,A,07,0,0,2,0,0,0,0,0,0,-,-,33.817928314208984,-117.92196655273438,ORANGE,ANAHEIM,-117.92220306396484,33.81814956665039
81528094,2021,2021-07-26,3008,2021-05-18,2127,1573,Zone,2,5,6,3008,0,0,0,NA,0,NA,COMMONWEALTH AVE,POMONA AVE,23,E,N,B,-,N,NA,NA,NA,NA,NA,NA,NA,NA,NA,Y,3,0,1,2,D,-,00,NA,NA,N,D,C,A,A,H,-,C,A,0,NA,NA,NA,NA,Y,NA,-,-,0,1,0,0,0,0,0,0,0,-,-,NA,NA,ORANGE,FULLERTON,-117.92200469970705,33.8703727722168
81528134,2021,2021-07-26,3024,2021-06-12,1205,505,P-11,6,5,5,3024,0,0,0,NA,0,WEST,TRASK AVENUE,CHESTNUT STREET,0,NA,Y,A,-,N,NA,NA,NA,NA,NA,NA,NA,NA,NA,Y,4,0,1,2,A,-,09,21802,A,N,D,C,A,A,H,-,A,A,0,NA,NA,NA,NA,Y,NA,A,01,0,0,1,0,0,0,0,0,0,-,-,33.766361236572266,-118.00237274169922,ORANGE,WESTMINSTER,-118.00249481201172,33.766414642333984
8152822,2016,2016-10-31,3010,2016-10-11,1523,251,156,2,5,6,3010,0,0,0,NA,0,008,BOLSA CHICA,EDINGER,0,NA,Y,A,-,N,NA,NA,NA,NA,NA,NA,NA,NA,NA,N,3,0,1,2,A,-,05,21650,NA,N,D,G,A,A,H,-,A,A,0,NA,Y,NA,NA,Y,NA,L,04,0,1,0,0,0,0,1,0,0,-,-,NA,NA,ORANGE,HUNTINGTON BEACH,-118.04169011,33.72986003
8152833,2016,2016-10-31,3010,2016-10-17,0659,1145,251,1,5,6,3010,0,0,0,NA,0,007,EDINGER,GOTHARD,0,NA,Y,B,-,N,NA,NA,NA,NA,NA,NA,NA,NA,NA,Y,4,0,2,3,A,-,12,21453,A,N,D,C,A,B,H,-,A,A,0,NA,NA,NA,NA,Y,NA,A,01,0,0,2,0,0,0,0,0,0,-,-,NA,NA,ORANGE,HUNTINGTON BEACH,-118.00028012,33.73018011
8152910,2016,2016-12-27,3008,2016-08-24,2149,1213,NA,3,5,6,3008,0,0,0,NA,0,001,EUCLID ST,COMMONWEALTH AV,0,NA,Y,A,-,N,NA,NA,NA,NA,NA,NA,NA,NA,NA,Y,4,0,1,2,A,-,12,21453,A,N,D,C,A,A,H,-,C,A,0,NA,NA,NA,NA,Y,NA,-,-,0,0,1,0,0,0,0,0,0,-,-,NA,NA,ORANGE,FULLERTON,-117.9419601,33.87022001
81529326,2021,2021-07-27,3008,2021-05-25,2029,1527,Zone,2,5,6,3008,0,0,0,NA,0,NA,RAYMOND AVE,ORANGETHORPE AVE,0,NA,Y,A,-,N,NA,NA,NA,NA,NA,NA,NA,NA,NA,N,4,0,1,2,A,-,12,21453,A,N,D,C,A,A,H,-,C,A,0,NA,NA,NA,NA,Y,NA,A,01,0,0,1,0,0,0,0,0,0,-,-,NA,NA,ORANGE,FULLERTON,-117.90676879882813,33.85958480834961
81530234,2021,2021-07-28,3010,2021-07-21,1603,3042,293,3,5,6,3010,0,0,0,NA,0,005,NEWLAND ST,ELLIS AVE,500,S,N,A,-,N,NA,NA,NA,NA,NA,NA,NA,NA,NA,Y,3,0,4,3,A,-,09,21801,A,N,A,C,A,A,H,-,A,D,0,NA,NA,NA,NA,Y,NA,M,47,0,2,2,0,0,0,0,0,0,-,-,33.69269943237305,-117.98075103759766,ORANGE,HUNTINGTON BEACH,-117.98021697998048,33.69260025024414
81531251,2021,2021-07-29,3019,2021-07-23,0607,3756,WE,5,5,7,3019,0,0,0,NA,0,001,1ST STREET,FIGUEROA STREET,54,W,N,A,-,N,NA,NA,NA,NA,NA,NA,NA,NA,NA,N,4,0,1,1,C,-,18,NA,NA,N,E,I,A,A,H,-,A,D,0,NA,NA,NA,NA,Y,NA,-,-,0,0,1,0,0,0,0,0,0,-,-,33.745399475097656,-117.9189910888672,ORANGE,SANTA ANA,-117.9192352294922,33.74516677856445
81534343,2021,2021-08-02,3008,2021-06-04,0039,1466,Zone,5,5,6,3008,0,0,0,NA,0,NA,ORANGETHORPE AVE,HARBOR BLVD,372,W,N,A,-,N,NA,NA,NA,NA,NA,NA,NA,NA,NA,Y,2,0,2,3,A,-,09,21801,A,N,D,C,A,A,H,-,E,D,0,NA,NA,NA,NA,Y,NA,A,01,2,0,0,0,0,0,0,0,0,-,-,NA,NA,ORANGE,FULLERTON,-117.92559051513672,33.85948944091797
81535302,2021,2021-08-03,3022,2021-07-02,1904,1395,NA,5,5,5,3022,0,0,0,NA,0,NA,RED HILL AV,EL CAMINO REAL,0,NA,Y,A,-,N,NA,NA,NA,NA,NA,NA,NA,NA,NA,Y,3,0,1,2,A,-,12,21453,A,N,D,C,A,A,H,-,A,A,0,NA,NA,NA,NA,Y,NA,-,-,0,1,0,0,0,0,0,0,0,-,-,33.73445129394531,-117.81468200683594,ORANGE,TUSTIN,-117.8146743774414,33.73426818847656
81535329,2021,2021-08-03,3015,2021-07-17,1841,1640,41W,6,5,6,3015,0,0,0,NA,0,311,STATE COLLEGE BLVD,ANAHEIM WAY,0,NA,Y,A,-,N,NA,NA,NA,NA,NA,NA,NA,NA,NA,Y,4,0,1,2,A,-,12,21453,A,N,D,C,A,A,H,-,A,A,0,NA,NA,NA,NA,Y,NA,A,07,0,0,1,0,0,0,0,0,0,-,-,33.79256057739258,-117.88968658447266,ORANGE,ORANGE,-117.8899383544922,33.792667388916016
8153605,2016,2016-12-28,3000,2016-09-13,2330,8817,952B4,2,5,4,3018,0,0,0,NA,0,432,VILLAGE RD,MARINA RD,12,E,N,A,-,N,NA,NA,NA,NA,NA,NA,NA,NA,NA,Y,4,0,1,1,A,-,01,23152,A,M,E,I,A,A,H,-,C,D,0,NA,NA,NA,NA,Y,Y,A,01,0,0,1,0,0,0,0,0,0,-,-,NA,NA,ORANGE,SAN JUAN CAPISTRANO,-117.6720334,33.53099193
81536292,2021,2021-08-04,3008,2021-06-24,0256,1624,Zone,4,5,6,3008,0,0,0,NA,0,NA,BASTANCHURY RD,HARBOR BLVD,0,NA,Y,A,-,N,NA,NA,NA,NA,NA,NA,NA,NA,NA,Y,3,0,1,2,A,-,01,23153,A,F,B,C,A,A,H,-,C,A,0,NA,NA,NA,NA,Y,Y,D,22,0,1,0,0,0,0,0,0,0,-,-,NA,NA,ORANGE,FULLERTON,-117.92890167236328,33.8956184387207
81539286,2021,2021-08-09,3022,2021-07-31,0029,1368,NA,6,5,5,3022,0,0,0,NA,0,NA,1ST ST,NEWPORT AV,87,W,N,A,-,N,NA,NA,NA,NA,NA,NA,NA,NA,NA,Y,3,0,1,1,A,-,01,23152,A,N,E,I,A,A,H,-,C,A,0,NA,NA,NA,NA,Y,Y,D,22,0,1,0,0,0,0,0,0,0,-,-,33.745601654052734,-117.81472778320313,ORANGE,TUSTIN,-117.81501770019533,33.7455940246582
81539318,2021,2021-08-09,3019,2021-07-11,1625,3639,WE,7,5,7,3019,0,0,0,NA,0,001,17TH STREET,SUSAN STREET,0,NA,Y,A,-,N,NA,NA,NA,NA,NA,NA,NA,NA,NA,Y,3,0,3,2,A,-,09,21801,A,N,D,C,A,A,H,-,A,D,0,NA,NA,NA,NA,Y,NA,A,01,0,3,0,0,0,0,0,0,0,-,-,NA,NA,ORANGE,SANTA ANA,NA,NA
81539563,2021,2021-08-09,3015,2021-07-24,0159,1556,21W,6,5,6,3015,0,0,0,NA,0,112,CHAPMAN AVE,MANCHESTER AVE,0,NA,Y,A,-,N,NA,NA,NA,NA,NA,NA,NA,NA,NA,Y,4,0,1,2,A,-,01,23152,A,M,C,C,A,A,H,-,C,A,0,NA,NA,NA,NA,Y,Y,A,01,0,0,1,0,0,0,0,0,0,-,-,33.78887939453125,-117.89314270019533,ORANGE,ORANGE,-117.89321899414063,33.78889846801758
81541890,2021,2021-08-11,3001,2021-08-05,1836,A2524,D-3,4,5,7,3001,0,0,0,NA,0,D-3,BALL ROAD,LEMON STREET,0,NA,Y,A,-,N,NA,NA,NA,NA,NA,NA,NA,NA,NA,Y,3,0,1,2,A,-,12,21453,A,N,D,C,A,A,H,-,A,A,0,NA,NA,NA,NA,Y,NA,-,-,0,1,0,0,0,0,0,0,0,-,-,33.818359375,-117.91007995605467,ORANGE,ANAHEIM,-117.91026306152344,33.818023681640625
81544018,2021,2021-08-13,3001,2021-08-11,1439,A2187,D-2,3,5,7,3001,0,0,0,NA,0,NA,EUCLID STREET,WESTMONT DRIVE,109,S,N,A,-,N,NA,NA,NA,NA,NA,NA,NA,NA,NA,Y,4,0,1,1,A,-,08,22107,NA,N,E,I,A,A,H,-,A,D,0,NA,NA,NA,NA,Y,NA,D,22,0,0,1,0,0,0,0,0,0,-,-,33.836769104003906,-117.94132232666016,ORANGE,ANAHEIM,-117.94158935546876,33.83729934692383
81544051,2021,2021-08-13,3019,2021-05-14,2141,3735,SC,5,5,7,3019,0,0,0,NA,0,004,EDINGER AVENUE,TOWNSEND STREET,300,W,N,A,-,N,NA,NA,NA,NA,NA,NA,NA,NA,NA,Y,4,0,1,5,A,-,03,22350,NA,F,C,E,A,A,H,-,C,D,0,NA,NA,NA,NA,Y,NA,A,01,0,0,1,0,0,0,0,0,0,-,-,33.7270393371582,-117.89531707763672,ORANGE,SANTA ANA,-117.89630126953124,33.72724151611328
81544056,2021,2021-08-13,3019,2021-06-03,1755,3638,SE,4,5,7,3019,0,0,0,NA,0,003,MAIN STREET,CAMILE STREET,30,S,N,A,-,N,NA,NA,NA,NA,NA,NA,NA,NA,NA,N,4,0,2,2,A,-,03,22350,NA,N,C,D,A,A,H,-,A,D,0,NA,NA,NA,NA,Y,NA,A,07,0,0,2,0,0,0,0,0,0,-,-,33.74065017700195,-117.86756134033205,ORANGE,SANTA ANA,-117.86768341064452,33.74064636230469
81546645,2021,2021-08-17,3014,2021-08-04,1355,1418,RD31,3,5,5,3014,0,0,0,NA,0,A2,IRVINE AVE,23RD ST,30,N,N,A,-,N,NA,NA,NA,NA,NA,NA,NA,NA,NA,N,3,0,1,1,A,-,08,22107,NA,N,F,A,A,A,H,-,A,D,0,NA,NA,Y,NA,Y,NA,O,05,0,1,0,0,0,0,0,0,1,-,-,33.64609146118164,-117.89299774169922,ORANGE,NEWPORT BEACH,-117.89332580566406,33.64615249633789
81546683,2021,2021-08-17,3014,2021-08-08,0159,1572,RD39,7,5,5,3014,0,0,0,NA,0,A3,JAMBOREE RD,SANTA BARBARA DR,1200,S,N,A,-,N,NA,NA,NA,NA,NA,NA,NA,NA,NA,Y,2,0,1,1,A,-,03,22350,NA,N,F,A,A,A,H,-,C,A,0,NA,NA,Y,NA,Y,NA,C,02,1,0,0,0,0,0,0,0,1,-,-,33.619300842285156,-117.88509368896484,ORANGE,NEWPORT BEACH,-117.8837432861328,33.62067794799805
81549885,2021,2021-08-20,3019,2021-07-23,0515,3424,SE,5,5,7,3019,0,0,0,NA,0,003,MCFADDEN AVENUE,FLOWER STREET,0,NA,Y,A,-,N,NA,NA,NA,NA,NA,NA,NA,NA,NA,N,4,0,3,2,A,-,03,22350,NA,N,C,C,A,A,H,-,B,D,0,NA,NA,NA,NA,Y,NA,D,22,0,0,3,0,0,0,0,0,0,-,-,33.73381042480469,-117.87683868408205,ORANGE,SANTA ANA,-117.87645721435548,33.734500885009766
81550644,2021,2021-08-23,3001,2021-08-18,1736,A2666,NA,3,5,7,3001,0,0,0,NA,0,D-1,BROADWAY,EMPIRE STREET,115,E,N,B,-,N,NA,NA,NA,NA,NA,NA,NA,NA,NA,N,4,0,2,4,A,-,07,21658,A,N,C,E,A,A,H,-,A,D,0,NA,NA,NA,NA,Y,NA,A,01,0,0,2,0,0,0,0,0,0,-,-,33.8282585144043,-117.9543685913086,ORANGE,ANAHEIM,-117.95409393310548,33.82887649536133
8155259,2016,2016-11-28,3001,2016-10-18,1239,1555,D2,2,5,7,3001,0,0,0,NA,0,NA,STATE COLLEGE BL,SYCAMORE AV,103,N,N,A,-,N,NA,NA,NA,NA,NA,NA,NA,NA,NA,N,4,0,1,2,A,-,03,22350,NA,N,C,C,A,A,H,-,A,D,0,NA,NA,NA,NA,Y,NA,I,20,0,0,1,0,0,0,0,0,0,-,-,NA,NA,ORANGE,ANAHEIM,-117.88929206,33.84617237
8155487,2016,2016-11-01,3000,2016-09-14,1921,9696,971J1,3,5,5,3040,0,0,0,NA,0,743,GOLDEN LANTERN,OLD RANCH RD,0,NA,Y,A,-,N,NA,NA,NA,NA,NA,NA,NA,NA,NA,Y,4,0,2,2,A,-,09,21453,C,N,D,C,A,A,H,-,A,A,0,NA,NA,NA,NA,Y,NA,A,01,0,0,2,0,0,0,0,0,0,-,-,NA,NA,ORANGE,LAGUNA NIGUEL,-117.69281003,33.50029
8155548,2016,2016-11-07,3019,2016-06-27,1303,1291,WESTE,1,5,7,3019,0,0,0,NA,0,001,FLOWER ST,HIGHLAND ST,121,N,N,A,-,N,NA,NA,NA,NA,NA,NA,NA,NA,NA,N,4,0,2,4,A,-,03,22350,NA,N,C,C,A,A,H,-,A,D,0,NA,NA,NA,NA,Y,NA,D,22,0,0,2,0,0,0,0,0,0,-,-,NA,NA,ORANGE,SANTA ANA,-117.87644732,33.73756168
8155571,2016,2016-11-03,3015,2016-09-30,1713,0656,24,5,5,6,3015,0,0,0,NA,0,722,CHAPMAN AV E,YORBA ST S,45,E,N,A,-,N,NA,NA,NA,NA,NA,NA,NA,NA,NA,N,4,0,1,2,A,-,06,21755,A,N,D,G,A,A,H,-,A,D,0,NA,Y,NA,NA,Y,NA,L,04,0,0,1,0,0,0,1,0,0,-,-,NA,NA,ORANGE,ORANGE,-117.82693226,33.78783
81559001,2021,2021-08-31,3008,2021-07-19,0930,1387,Zone,1,5,6,3008,0,0,0,NA,0,NA,ORANGETHORPE AVE,BROOKHURST RD,432,W,N,A,-,N,NA,NA,NA,NA,NA,NA,NA,NA,NA,Y,3,0,2,2,A,-,09,21801,A,N,D,C,A,A,H,-,A,A,0,NA,NA,NA,NA,Y,NA,A,01,0,2,0,0,0,0,0,0,0,-,-,NA,NA,ORANGE,FULLERTON,-117.96073150634766,33.85919952392578
81559920,2021,2021-08-31,3007,2021-03-27,0826,316,15,6,5,5,3007,0,0,0,NA,0,001,BROOKHURST,EDINGER,82,N,N,A,-,N,NA,NA,NA,NA,NA,NA,NA,NA,NA,N,3,0,1,3,A,-,07,21658,A,N,B,C,A,A,H,-,A,D,0,NA,NA,Y,NA,Y,NA,C,02,0,1,0,0,0,0,0,0,1,-,-,NA,NA,ORANGE,FOUNTAIN VALLEY,-117.95474243164063,33.73063659667969
81561806,2021,2021-09-03,3015,2021-08-26,1250,1240,NA,4,5,6,3015,0,0,0,NA,0,NA,TUSTIN ST,TAFT AVE (S),120,N,N,A,-,N,NA,NA,NA,NA,NA,NA,NA,NA,NA,N,3,0,1,2,A,-,03,22350,NA,N,C,C,A,A,H,-,A,A,0,NA,NA,NA,NA,Y,NA,A,07,0,1,0,0,0,0,0,0,0,-,-,33.81502914428711,-117.83535003662108,ORANGE,ORANGE,-117.8359375,33.817787170410156