CASE_ID,ACCIDENT_YEAR,PROC_DATE,JURIS,COLLISION_DATE,COLLISION_TIME,OFFICER_ID,REPORTING_DISTRICT,DAY_OF_WEEK,CHP_SHIFT,POPULATION,CNTY_CITY_LOC,SPECIAL_COND,BEAT_TYPE,CHP_BEAT_TYPE,CITY_DIVISION_LAPD,CHP_BEAT_CLASS,BEAT_NUMBER,PRIMARY_RD,SECONDARY_RD,DISTANCE,DIRECTION,INTERSECTION,WEATHER_1,WEATHER_2,STATE_HWY_IND,CALTRANS_COUNTY,CALTRANS_DISTRICT,STATE_ROUTE,ROUTE_SUFFIX,POSTMILE_PREFIX,POSTMILE,LOCATION_TYPE,RAMP_INTERSECTION,SIDE_OF_HWY,TOW_AWAY,COLLISION_SEVERITY,NUMBER_KILLED,NUMBER_INJURED,PARTY_COUNT,PRIMARY_COLL_FACTOR,PCF_CODE_OF_VIOL,PCF_VIOL_CATEGORY,PCF_VIOLATION,PCF_VIOL_SUBSECTION,HIT_AND_RUN,TYPE_OF_COLLISION,MVIW,PED_ACTION,ROAD_SURFACE,ROAD_COND_1,ROAD_COND_2,LIGHTING,CONTROL_DEVICE,CHP_ROAD_TYPE,PEDESTRIAN_ACCIDENT,BICYCLE_ACCIDENT,MOTORCYCLE_ACCIDENT,TRUCK_ACCIDENT,NOT_PRIVATE_PROPERTY,ALCOHOL_INVOLVED,STWD_VEHTYPE_AT_FAULT,CHP_VEHTYPE_AT_FAULT,COUNT_SEVERE_INJ,COUNT_VISIBLE_INJ,COUNT_COMPLAINT_PAIN,COUNT_PED_KILLED,COUNT_PED_INJURED,COUNT_BICYCLIST_KILLED,COUNT_BICYCLIST_INJURED,COUNT_MC_KILLED,COUNT_MC_INJURED,PRIMARY_RAMP,SECONDARY_RAMP,LATITUDE,LONGITUDE,COUNTY,CITY,POINT_X,POINT_Y
8540108,2017,2018-01-27,3008,2017-09-28,1552,1297,NA,4,5,6,3008,0,0,0,NA,0,003,VICTORIA DR,CHAPMAN AV,500,N,N,A,-,N,NA,NA,NA,NA,NA,NA,NA,NA,NA,N,3,0,1,2,A,-,17,22517,NA,N,E,G,A,A,H,-,A,D,0,NA,Y,NA,NA,Y,NA,A,01,0,1,0,0,0,0,1,0,0,-,-,NA,NA,ORANGE,FULLERTON,-117.90401531,33.87539681
8540291,2018,2018-03-16,3000,2018-02-01,1730,2257,770B6,4,5,2,3023,0,0,0,NA,0,014,FEATHERHILL DR,MOUNTAIN VIEW CIR,147,N,N,A,-,N,NA,NA,NA,NA,NA,NA,NA,NA,NA,N,3,0,1,2,A,-,11,21950,B,N,G,B,D,A,H,-,A,D,0,Y,NA,NA,NA,Y,NA,N,60,0,1,0,0,1,0,0,0,0,-,-,NA,NA,ORANGE,VILLA PARK,-117.82154083251952,33.8244743347168
8540486,2017,2018-01-26,3000,2017-12-20,0730,5446,972C1,3,5,4,3018,0,0,0,NA,0,6M30,SPRING ST,EL CAMINO REAL,0,NA,Y,A,-,N,NA,NA,NA,NA,NA,NA,NA,NA,NA,N,4,0,1,2,A,-,10,21950,A,F,G,B,B,A,H,-,A,D,0,Y,NA,NA,NA,Y,NA,A,01,0,0,1,0,1,0,0,0,0,-,-,NA,NA,ORANGE,SAN JUAN CAPISTRANO,-117.66188004,33.50276001
8541135,2018,2018-02-01,3000,2018-01-07,0215,8968,797J6,7,5,4,3021,0,0,0,NA,0,023,STANFORD AV,FERN ST,0,NA,Y,A,-,N,NA,NA,NA,NA,NA,NA,NA,NA,NA,NA,3,0,1,3,A,-,17,21663,NA,N,B,E,A,A,H,-,C,D,0,NA,NA,NA,NA,Y,Y,A,01,0,1,0,0,0,0,0,0,0,-,-,NA,NA,ORANGE,STANTON,-117.98838043212892,33.77745056152344
8541711,2018,2018-02-07,3014,2018-01-12,1541,1462,RD38,5,5,5,3014,0,0,0,NA,0,0A3,JAMBOREE RD,SAN JOAQUIN HILLS RD,74,N,N,A,-,N,NA,NA,NA,NA,NA,NA,NA,NA,NA,Y,4,0,3,3,A,-,03,22350,NA,N,C,C,A,A,H,-,A,A,0,NA,NA,NA,NA,Y,NA,A,01,0,0,3,0,0,0,0,0,0,-,-,33.6349983215332,-117.87799835205078,ORANGE,NEWPORT BEACH,-117.87914276123048,33.62546157836914
8542096,2018,2018-02-02,3003,2018-01-11,1043,1056,NA,4,5,5,3003,0,0,0,NA,0,NA,STANTON AV,COMMONWEALTH AV,6,N,N,A,-,N,NA,NA,NA,NA,NA,NA,NA,NA,NA,Y,4,0,2,2,A,-,09,21801,A,N,D,C,A,A,H,-,A,A,0,NA,NA,NA,NA,Y,NA,D,22,0,0,2,0,0,0,0,0,0,-,-,33.869598388671875,-117.99379730224608,ORANGE,BUENA PARK,-117.99385833740234,33.869895935058594
8543180,2017,2018-07-09,3010,2017-12-26,2230,1109,283,2,5,6,3010,0,0,0,NA,0,006,RT 39,SLATER,45,S,N,A,-,Y,ORA,12,39,-,-,4.12,H,-,N,Y,4,0,1,2,A,-,01,23152,A,N,C,C,A,A,H,-,C,A,0,NA,NA,NA,NA,Y,Y,A,01,0,0,1,0,0,0,0,0,0,-,-,NA,NA,ORANGE,HUNTINGTON BEACH,-117.9891057,33.70832963
8543348,2017,2018-06-08,3022,2017-12-23,1941,1284,NORTH,6,5,5,3022,0,0,0,NA,0,NA,IRVINE BL,ROBINSON DR,0,NA,Y,A,-,N,NA,NA,NA,NA,NA,NA,NA,NA,NA,Y,2,0,4,2,A,-,00,21453,NA,N,D,C,A,A,H,-,C,A,0,NA,NA,NA,NA,Y,NA,-,-,1,0,3,0,0,0,0,0,0,-,-,33.73466,-117.79067,ORANGE,TUSTIN,-117.79076011,33.73453012
8545306,2018,2018-02-09,3010,2018-01-16,0827,1225,146,2,5,6,3010,0,0,0,NA,0,009,EDINGER,BOLSA CHICA,0,NA,Y,E,-,N,NA,NA,NA,NA,NA,NA,NA,NA,NA,Y,3,0,1,2,A,-,01,23152,A,M,D,C,A,A,H,-,A,A,0,NA,NA,NA,NA,Y,Y,A,01,0,1,0,0,0,0,0,0,0,-,-,NA,NA,ORANGE,HUNTINGTON BEACH,-118.04168701171876,33.7298583984375
8545357,2018,2018-02-09,3010,2018-01-20,1447,1208,272,6,5,6,3010,0,0,0,NA,0,006,WARNER,NICHOLS,0,NA,Y,A,-,N,NA,NA,NA,NA,NA,NA,NA,NA,NA,Y,4,0,2,2,A,-,12,21453,A,N,D,C,A,A,H,-,A,A,0,NA,NA,NA,NA,Y,NA,A,01,0,0,2,0,0,0,0,0,0,-,-,NA,NA,ORANGE,HUNTINGTON BEACH,-117.99574279785156,33.71567916870117
8545721,2017,2018-02-07,3019,2017-12-30,1336,2647,WE,6,5,7,3019,0,0,0,NA,0,001,HARBOR BL,WASHINGTON AV,260,N,N,A,-,N,NA,NA,NA,NA,NA,NA,NA,NA,NA,Y,4,0,2,3,A,-,03,22350,NA,N,C,C,A,A,H,-,A,D,0,NA,NA,NA,NA,Y,NA,A,01,0,0,2,0,0,0,0,0,0,-,-,33.75605,-117.92014,ORANGE,SANTA ANA,-117.92031248,33.75687273
8545777,2018,2018-02-09,3019,2018-01-02,0636,3531,SC,2,5,7,3019,0,0,0,NA,0,004,DAHL LN,FAIRVIEW ST,0,NA,Y,E,-,N,NA,NA,NA,NA,NA,NA,NA,NA,NA,Y,3,0,2,2,A,-,09,21802,A,N,D,C,A,A,H,-,B,A,0,NA,NA,NA,NA,Y,NA,A,01,0,1,1,0,0,0,0,0,0,-,-,33.731529235839844,-117.90634155273438,ORANGE,SANTA ANA,-117.90650177001952,33.73149108886719
8546254,2018,2018-02-09,3005,2018-01-24,2139,8160,C21,3,5,4,3005,0,0,0,NA,0,003,ORANGE AV,GRAHAM ST,0,NA,Y,A,-,N,NA,NA,NA,NA,NA,NA,NA,NA,NA,Y,4,0,3,2,A,-,09,21804,A,N,D,D,A,A,H,-,E,D,0,NA,NA,NA,NA,Y,NA,A,01,0,0,3,0,0,0,0,0,0,-,-,NA,NA,ORANGE,CYPRESS,-118.03475952148438,33.82434844970703
8546879,2018,2018-02-07,3020,2018-01-24,1247,437,S17,3,5,4,3020,0,0,0,NA,0,NA,SEAL BEACH BL,WESTMINSTER AV,0,NA,Y,A,-,N,NA,NA,NA,NA,NA,NA,NA,NA,NA,Y,4,0,1,2,A,-,09,21453,C,N,D,C,A,A,H,-,A,A,0,NA,NA,NA,NA,Y,NA,A,01,0,0,1,0,0,0,0,0,0,-,-,NA,NA,ORANGE,SEAL BEACH,-118.07778167724608,33.75947952270508
8548161,2018,2018-02-09,3009,2018-01-26,1057,3927,074,5,5,6,3009,0,0,0,NA,0,1 1,MAGNOLIA ST,GARDEN GROVE BL,0,NA,Y,A,-,N,NA,NA,NA,NA,NA,NA,NA,NA,NA,Y,4,0,1,2,A,-,12,21453,A,N,D,C,A,A,H,-,A,A,0,NA,NA,NA,NA,Y,NA,A,01,0,0,1,0,0,0,0,0,0,-,-,NA,NA,ORANGE,GARDEN GROVE,-117.97531127929688,33.773990631103516
8548497,2018,2018-02-09,3007,2018-01-17,1817,247,75,3,5,5,3007,0,0,0,NA,0,003,BROOKHURST,NIAGARA RIVER,0,NA,Y,A,-,N,NA,NA,NA,NA,NA,NA,NA,NA,NA,Y,4,0,1,3,A,-,09,21801,B,N,D,C,A,A,H,-,C,D,0,NA,NA,NA,NA,Y,NA,A,07,0,0,1,0,0,0,0,0,0,-,-,NA,NA,ORANGE,FOUNTAIN VALLEY,-117.95420074462892,33.689579010009766
8548978,2018,2018-02-20,3024,2018-02-04,1621,435,P23,7,5,5,3024,0,0,0,NA,0,WEST,GOLDENWEST ST,SANTEE AV,0,NA,Y,A,-,N,NA,NA,NA,NA,NA,NA,NA,NA,NA,Y,2,0,3,2,A,-,09,21801,A,N,D,C,A,A,H,-,A,D,0,NA,NA,NA,NA,Y,NA,A,01,1,1,1,0,0,0,0,0,0,-,-,33.7505989074707,-118.00724792480467,ORANGE,WESTMINSTER,-118.00704956054688,33.75059127807617
8549239,2018,2018-02-15,3008,2018-01-28,0248,1559,ZONE1,7,5,6,3008,0,0,0,NA,0,001,BROOKHURST ST,COMMONWEALTH AV,72,N,N,A,-,N,NA,NA,NA,NA,NA,NA,NA,NA,NA,Y,3,0,1,2,A,-,01,23153,A,N,H,G,A,A,H,-,A,A,0,NA,Y,NA,NA,Y,NA,D,22,0,1,0,0,0,0,1,0,0,-,-,NA,NA,ORANGE,FULLERTON,-117.95941162109376,33.87032699584961
8549243,2017,2018-02-21,3008,2017-07-19,1429,1296,NA,3,5,6,3008,0,0,0,NA,0,0Z3,MALVERN AV,BASTANCHURY RD,0,NA,Y,A,-,N,NA,NA,NA,NA,NA,NA,NA,NA,NA,N,4,0,1,2,A,-,05,21650,1,N,D,G,A,A,H,-,A,A,0,NA,Y,NA,NA,Y,NA,L,04,0,0,1,0,0,0,1,0,0,-,-,NA,NA,ORANGE,FULLERTON,-117.95776009,33.87662006
8549567,2017,2018-02-16,3008,2017-12-23,2038,1547,NA,6,5,6,3008,0,0,0,NA,0,Z-3,BASTANCHURY RD,DEREK DR,39,E,N,A,-,N,NA,NA,NA,NA,NA,NA,NA,NA,NA,Y,4,0,1,1,A,-,08,22107,NA,N,E,I,A,A,H,-,C,D,0,NA,NA,NA,NA,Y,NA,A,01,0,0,1,0,0,0,0,0,0,-,-,NA,NA,ORANGE,FULLERTON,-117.88259838,33.89562868
8549665,2018,2018-02-15,3026,2018-01-22,1058,313,NA,1,5,6,3026,0,0,0,NA,0,NA,IRVINE CENTER DR,ALTON,0,NA,Y,A,-,N,NA,NA,NA,NA,NA,NA,NA,NA,NA,Y,4,0,1,2,A,-,12,21453,A,N,D,C,A,A,H,-,A,A,0,NA,NA,NA,NA,Y,NA,A,01,0,0,1,0,0,0,0,0,0,-,-,NA,NA,ORANGE,IRVINE,-117.74903106689452,33.655391693115234
8550217,2018,2018-07-31,3001,2018-01-04,0520,1410,NA,4,5,7,3001,0,0,0,NA,0,EAST,SANTA ANA CANYON RD,RT 91,0,NA,Y,A,-,Y,ORA,12,91,-,R,9.856,R,4,E,Y,3,0,1,2,D,-,00,NA,NA,N,D,C,A,A,H,-,B,A,0,NA,NA,NA,NA,Y,NA,-,-,0,1,0,0,0,0,0,0,0,-,EF,NA,NA,ORANGE,ANAHEIM,-117.81720733642578,33.84829330444336
8550229,2018,2018-08-06,3010,2018-01-26,2220,1261,195,5,5,6,3010,0,0,0,NA,0,004,RT 1,ECOLOGY WY,516,S,N,A,-,Y,ORA,12,1,-,-,28.34,H,-,N,Y,3,0,2,2,A,-,08,22107,NA,N,A,C,A,A,H,-,D,D,0,NA,NA,NA,NA,Y,NA,A,01,0,2,0,0,0,0,0,0,0,-,-,NA,NA,ORANGE,HUNTINGTON BEACH,-118.0461654663086,33.694644927978516
8550768,2018,2018-02-14,3012,2018-01-02,0247,633,21,2,5,5,3012,0,0,0,NA,0,003,BRASS LANTERN DR,ZEKE AND ELSIE AV,465,N,N,A,-,N,NA,NA,NA,NA,NA,NA,NA,NA,NA,N,3,0,1,3,A,-,01,23152,A,M,C,E,A,A,H,-,C,D,0,NA,NA,NA,NA,Y,Y,A,01,0,1,0,0,0,0,0,0,0,-,-,NA,NA,ORANGE,LA HABRA,-117.97601318359376,33.914241790771484
8550779,2017,2018-02-15,3000,2017-11-16,1445,8926,972B6,4,5,4,3029,0,0,0,NA,0,903,DOHENY PARK RD,CAMINO CAPISTRANO,701,S,N,A,-,N,NA,NA,NA,NA,NA,NA,NA,NA,NA,Y,4,0,1,2,A,-,01,23152,F,N,C,C,A,A,H,-,A,A,0,NA,NA,NA,Y,Y,Y,A,01,0,0,1,0,0,0,0,0,0,-,-,NA,NA,ORANGE,DANA POINT,-117.67599104,33.46822694
8551106,2018,2018-02-12,3000,2018-01-06,0930,1056,892E1,6,5,5,3028,0,0,0,NA,0,051,SANTA MARGARITA PKWY,LOS ALISOS BL,500,E,N,B,-,N,NA,NA,NA,NA,NA,NA,NA,NA,NA,Y,3,0,2,2,A,-,12,21453,A,N,D,C,A,A,H,-,A,A,0,NA,NA,NA,NA,Y,NA,A,01,0,1,1,0,0,0,0,0,0,-,-,33.65193176269531,-117.64495849609376,ORANGE,MISSION VIEJO,-117.6467056274414,33.65298080444336
8551169,2018,2018-02-13,3000,2018-01-09,2210,8948,9T3A6,2,5,5,3017,0,0,0,NA,0,475,AVA LA PATA,AVA VISTA HERMOSA,0,NA,Y,C,-,N,NA,NA,NA,NA,NA,NA,NA,NA,NA,Y,4,0,1,2,A,-,12,21453,A,N,D,C,A,B,H,-,C,A,0,NA,NA,NA,NA,Y,NA,A,01,0,0,1,0,0,0,0,0,0,-,-,NA,NA,ORANGE,SAN CLEMENTE,-117.604641,33.463754
8551553,2018,2018-02-15,3010,2018-01-31,1938,1118,434,3,5,6,3010,0,0,0,NA,0,003,ADAMS,MAGNOLIA,627,W,N,A,-,N,NA,NA,NA,NA,NA,NA,NA,NA,NA,Y,4,0,1,2,A,-,03,22350,NA,N,C,C,A,A,H,-,C,D,0,NA,NA,NA,NA,Y,NA,A,01,0,0,1,0,0,0,0,0,0,-,-,NA,NA,ORANGE,HUNTINGTON BEACH,-117.97335815429688,33.67218017578125
8551902,2018,2018-02-16,3009,2018-01-26,1812,3486,096,5,5,6,3009,0,0,0,NA,0,1 3,WESTMINSTER AV,ERIN ST,0,NA,Y,A,-,N,NA,NA,NA,NA,NA,NA,NA,NA,NA,N,4,0,1,2,A,-,09,21801,A,N,D,C,A,A,H,-,C,D,0,NA,NA,NA,NA,Y,NA,D,22,0,0,1,0,0,0,0,0,0,-,-,NA,NA,ORANGE,GARDEN GROVE,-117.9621124267578,33.759490966796875
8552439,2018,2018-02-20,3009,2018-02-03,2349,3965,104,6,5,6,3009,0,0,0,NA,0,1-3,BROOKHURST ST,GARDEN GROVE BL,35,N,N,A,-,N,NA,NA,NA,NA,NA,NA,NA,NA,NA,N,4,0,1,2,A,-,11,21955,NA,N,G,B,D,A,H,-,C,A,0,Y,NA,NA,NA,Y,NA,N,60,0,0,1,0,1,0,0,0,0,-,-,33.77404022216797,-117.95514678955078,ORANGE,GARDEN GROVE,-117.95516967773438,33.77413558959961
8553736,2017,2018-02-21,3008,2017-07-31,0630,1320,NA,1,5,6,3008,0,0,0,NA,0,NA,ACACIA AV,VALENCIA DR,0,NA,Y,B,-,N,NA,NA,NA,NA,NA,NA,NA,NA,NA,N,4,0,1,2,A,-,09,21801,A,N,D,C,A,A,H,-,A,D,0,NA,NA,NA,NA,Y,NA,A,08,0,0,1,0,0,0,0,0,0,-,-,NA,NA,ORANGE,FULLERTON,-117.89820008,33.86683012
8554055,2017,2018-06-26,3000,2017-10-22,1909,4535,952C5,7,5,4,3018,0,0,0,NA,0,432,ORTEGA HWY,RT 5,0,NA,Y,A,-,Y,ORA,12,74,-,-,0.039,I,5,E,Y,3,0,2,2,A,-,08,22107,NA,N,D,C,A,A,H,-,C,A,0,NA,NA,Y,NA,Y,NA,A,01,0,1,1,0,0,0,0,0,1,-,-,NA,NA,ORANGE,SAN JUAN CAPISTRANO,-117.65791519,33.50263916
8556589,2017,2018-02-26,3000,2017-11-28,0731,9220,972H1,2,5,4,3018,0,0,0,NA,0,730,STALLION RIDGE,VIA PAMPLONA,10,E,N,A,-,N,NA,NA,NA,NA,NA,NA,NA,NA,NA,N,2,0,1,2,A,-,10,21950,A,N,G,B,B,A,H,-,A,A,0,Y,NA,NA,NA,Y,NA,A,07,1,0,0,0,1,0,0,0,0,-,-,NA,NA,ORANGE,SAN JUAN CAPISTRANO,-117.62265,33.499349
8557351,2017,2018-02-21,3008,2017-08-04,1014,1436,NA,5,5,6,3008,0,0,0,NA,0,NA,HARBOR BL,CHAPMAN AV,0,NA,Y,A,-,N,NA,NA,NA,NA,NA,NA,NA,NA,NA,Y,4,0,2,2,A,-,09,21801,A,N,A,C,A,A,H,-,A,A,0,NA,NA,NA,NA,Y,NA,A,01,0,0,2,0,0,0,0,0,0,-,-,NA,NA,ORANGE,FULLERTON,-117.92434,33.87393007
8557761,2018,2018-03-09,3026,2018-02-03,1650,8929,UNIVE,6,5,6,3026,0,0,0,NA,0,002,MAC ARTHUR BL,FAIRCHILD,278,N,N,A,-,N,NA,NA,NA,NA,NA,NA,NA,NA,NA,Y,4,0,1,2,A,-,03,22350,NA,N,C,C,A,A,H,-,A,D,0,NA,NA,NA,NA,Y,NA,A,01,0,0,1,0,0,0,0,0,0,-,-,33.65439987182617,-117.86148071289063,ORANGE,IRVINE,-117.86193084716795,33.65479278564453
8558744,2018,2018-02-20,3014,2018-01-27,1825,1483,RD29,6,5,5,3014,0,0,0,NA,0,0A2,IRVINE AV,WINDWARD LN,90,S,N,A,-,N,NA,NA,NA,NA,NA,NA,NA,NA,NA,Y,4,0,6,5,A,-,03,22350,NA,N,B,C,A,A,H,-,C,D,0,NA,NA,NA,NA,Y,NA,A,07,0,0,6,0,0,0,0,0,0,-,-,33.382999420166016,-117.5344009399414,ORANGE,NEWPORT BEACH,-117.89607238769533,33.641109466552734
8558745,2017,2018-02-26,3019,2017-11-26,2305,3422,WE,7,5,7,3019,0,0,0,NA,0,001,MCFADDEN AV,HARBOR BL,730,W,N,A,-,N,NA,NA,NA,NA,NA,NA,NA,NA,NA,N,4,0,2,2,A,-,03,22350,NA,N,C,C,A,A,H,-,C,D,0,NA,NA,NA,NA,Y,NA,A,01,0,0,2,0,0,0,0,0,0,-,-,33.73845,-117.9198,ORANGE,SANTA ANA,-117.9201,33.73826
8558856,2017,2018-02-21,3019,2017-12-06,1535,3532,SC,3,5,7,3019,0,0,0,NA,0,004,BRISTOL ST,MACARTHUR BL,1080,S,N,A,-,N,NA,NA,NA,NA,NA,NA,NA,NA,NA,N,2,0,1,2,A,-,17,21451,A,N,G,B,C,A,H,-,A,A,0,Y,NA,NA,NA,Y,NA,A,01,1,0,0,0,1,0,0,0,0,-,-,33.69998,-117.88549,ORANGE,SANTA ANA,-117.88558272,33.69711932
8559422,2018,2018-02-22,3019,2018-01-26,0656,2771,SE,5,5,7,3019,0,0,0,NA,0,003,WARNER AV,STANDARD AV,18,E,N,A,-,N,NA,NA,NA,NA,NA,NA,NA,NA,NA,N,3,0,1,2,A,-,12,21453,A,N,G,B,D,A,H,-,A,A,0,Y,NA,NA,NA,Y,NA,A,07,0,1,0,0,1,0,0,0,0,-,-,33.71598815917969,-117.85659027099608,ORANGE,SANTA ANA,-117.85654449462892,33.71595001220703
8559634,2017,2018-02-27,3000,2017-12-24,0205,1332,891H5,7,5,5,3050,0,0,0,NA,0,465,RATON DR,TORO RD,73,NA,N,A,-,N,NA,NA,NA,NA,NA,NA,NA,NA,NA,Y,4,0,1,2,A,-,01,23152,A,M,B,E,A,A,H,-,C,D,0,NA,NA,NA,NA,Y,Y,A,01,0,0,1,0,0,0,0,0,0,-,-,NA,NA,ORANGE,LAKE FOREST,-117.696381,33.624024
8559658,2018,2018-03-06,3000,2018-02-13,1632,9220,972B4,2,5,4,3018,0,0,0,NA,0,730,CAMINO CAPISTRANO,AVE AEROPUERTO,0,NA,Y,A,-,N,NA,NA,NA,NA,NA,NA,NA,NA,NA,Y,4,0,1,2,A,-,12,21453,A,N,D,C,A,A,H,-,A,A,0,NA,NA,NA,NA,Y,NA,A,01,0,0,1,0,0,0,0,0,0,-,-,NA,NA,ORANGE,SAN JUAN CAPISTRANO,-117.67079162597656,33.48114013671875
8561119,2018,2018-03-09,3004,2018-01-31,1733,P542,13,3,5,6,3004,0,0,0,NA,0,012,VICTORIA ST,DOCTORS CIR,470,E,N,A,-,N,NA,NA,NA,NA,NA,NA,NA,NA,NA,Y,3,0,2,2,A,-,09,21804,B,N,D,C,A,A,H,-,A,D,0,NA,NA,NA,NA,Y,NA,A,01,0,2,0,0,0,0,0,0,0,-,-,33.652400970458984,-117.91190338134766,ORANGE,COSTA MESA,-117.91136169433594,33.65262985229492
8561227,2018,2018-02-22,3026,2018-01-28,0149,566,7,7,5,6,3026,0,0,0,NA,0,00P,CULVER DR,BRYAN AV,20,N,N,A,-,N,NA,NA,NA,NA,NA,NA,NA,NA,NA,Y,2,0,2,1,A,-,01,23153,A,N,E,I,A,A,H,-,C,A,0,NA,NA,NA,NA,Y,Y,A,07,1,0,1,0,0,0,0,0,0,-,-,NA,NA,ORANGE,IRVINE,-117.7765884399414,33.71601104736328
8561798,2018,2018-03-20,3015,2018-02-08,0609,1098,203,4,5,6,3015,0,0,0,NA,0,731,E SANTIAGO CANYON RD,JAMBOREE RD,902,E,N,A,-,N,NA,NA,NA,NA,NA,NA,NA,NA,NA,N,2,0,2,1,A,-,03,22350,NA,N,F,I,A,A,H,-,B,D,0,NA,NA,NA,Y,Y,NA,F,27,1,1,0,0,0,0,0,0,0,-,-,NA,NA,ORANGE,ORANGE,-117.75843811035156,33.79138946533203
8562015,2018,2018-02-26,3007,2018-02-01,1843,296,45,4,5,5,3007,0,0,0,NA,0,001,BROOKHURST,LA HACIENDA,0,NA,Y,A,-,N,NA,NA,NA,NA,NA,NA,NA,NA,NA,N,4,0,1,2,A,-,10,21950,A,N,G,B,B,A,H,-,D,A,0,Y,NA,NA,NA,Y,NA,A,01,0,0,1,0,1,0,0,0,0,-,-,NA,NA,ORANGE,FOUNTAIN VALLEY,-117.9545669555664,33.714271545410156
8562403,2018,2018-03-02,3022,2018-02-14,1035,1225,NA,3,5,5,3022,0,0,0,NA,0,NA,1ST ST,YORBA ST,0,NA,Y,A,B,N,NA,NA,NA,NA,NA,NA,NA,NA,NA,Y,4,0,1,2,A,-,09,21801,A,N,A,C,A,A,H,-,A,A,0,NA,NA,NA,NA,Y,NA,A,01,0,0,1,0,0,0,0,0,0,-,-,33.7457389831543,-117.83014678955078,ORANGE,TUSTIN,-117.830078125,33.745750427246094
8564792,2018,2018-03-07,3019,2018-01-12,1742,3514,NE,5,5,7,3019,0,0,0,NA,0,002,CABRILLO PARK DR,FRUIT ST,0,NA,Y,A,-,N,NA,NA,NA,NA,NA,NA,NA,NA,NA,N,4,0,1,2,A,-,09,21802,A,N,D,C,A,A,H,-,C,A,0,NA,NA,NA,NA,Y,NA,-,-,0,0,1,0,0,0,0,0,0,-,-,33.75267028808594,-117.84082794189452,ORANGE,SANTA ANA,-117.84075927734376,33.75278091430664
8565317,2018,2018-03-06,3008,2018-02-17,2023,1551,NA,6,5,6,3008,0,0,0,NA,0,002,W ORANGETHORPE AV,SOUTH LEMON ST,0,NA,Y,A,-,N,NA,NA,NA,NA,NA,NA,NA,NA,NA,Y,3,0,2,2,A,-,01,23153,A,F,A,C,A,A,H,-,C,A,0,NA,NA,NA,NA,Y,Y,A,08,0,1,1,0,0,0,0,0,0,-,-,NA,NA,ORANGE,FULLERTON,-117.91986846923828,33.8595085144043
8565452,2017,2018-03-07,3008,2017-10-21,1226,1497,ZONE,6,5,6,3008,0,0,0,NA,0,NA,EUCLID ST,WEST VALLEY VIEW DR,430,S,N,A,-,N,NA,NA,NA,NA,NA,NA,NA,NA,NA,Y,3,0,1,2,A,-,03,22350,A,M,C,C,A,A,H,-,A,A,0,NA,NA,NA,NA,Y,NA,-,99,0,1,0,0,0,0,0,0,0,-,-,NA,NA,ORANGE,FULLERTON,-117.94208,33.88001201
8565498,2018,2018-03-12,3026,2018-02-13,1804,313,NA,2,5,6,3026,0,0,0,NA,0,NA,CULVER DR,BARRANCA PKWY,100,S,N,C,-,N,NA,NA,NA,NA,NA,NA,NA,NA,NA,N,4,0,1,2,A,-,21,22106,NA,N,C,C,A,B,H,-,C,A,0,NA,NA,NA,NA,Y,NA,D,22,0,0,1,0,0,0,0,0,0,-,-,33.68423843383789,-117.80847930908205,ORANGE,IRVINE,-117.80862426757813,33.68388366699219
8565583,2018,2018-03-08,3026,2018-02-13,1523,7094,UNIVE,2,5,6,3026,0,0,0,NA,0,003,UNIVERSITY DR,MESA RD,326,S,N,A,-,N,NA,NA,NA,NA,NA,NA,NA,NA,NA,N,4,0,1,2,A,-,21,22106,NA,N,C,C,A,A,H,-,A,A,0,NA,NA,NA,NA,Y,NA,A,07,0,0,1,0,0,0,0,0,0,-,-,NA,NA,ORANGE,IRVINE,-117.84800720214844,33.652496337890625
8565587,2018,2018-03-08,3026,2018-02-07,0650,4779,CROSS,3,5,6,3026,0,0,0,NA,0,004,DEL TREVI,PASEO WESTPARK,9,E,N,B,-,N,NA,NA,NA,NA,NA,NA,NA,NA,NA,N,2,0,1,2,A,-,08,22107,NA,N,H,G,A,A,H,-,A,A,0,NA,Y,NA,NA,Y,NA,A,01,1,0,0,0,0,0,1,0,0,-,-,33.69227981567383,-117.80605316162108,ORANGE,IRVINE,-117.80597686767578,33.692108154296875
8566354,2018,2018-03-20,3019,2018-02-08,1451,2776,WE,4,5,7,3019,0,0,0,NA,0,001,21ST ST,BRISTOL ST,67,W,N,A,-,N,NA,NA,NA,NA,NA,NA,NA,NA,NA,N,4,0,1,2,A,-,03,22350,NA,N,C,C,A,A,H,-,A,D,0,NA,NA,NA,NA,Y,NA,A,01,0,0,1,0,0,0,0,0,0,-,-,33.76322937011719,-117.88497161865234,ORANGE,SANTA ANA,-117.88520050048828,33.763214111328125
8566623,2018,2018-03-14,3015,2018-02-13,1600,9684,921G2,2,5,6,3015,0,0,0,NA,0,745,PASEO DE VALENCIA,STOCKPORT ST,56,S,N,A,-,N,NA,NA,NA,NA,NA,NA,NA,NA,NA,N,4,0,3,3,A,-,21,22106,NA,N,C,C,A,A,H,-,A,A,0,NA,NA,NA,NA,Y,NA,A,01,0,0,3,0,0,0,0,0,0,-,-,NA,NA,ORANGE,ORANGE,-117.70133209228516,33.59553909301758
8567137,2018,2018-04-03,3012,2018-01-19,2212,647,21,5,5,5,3012,0,0,0,NA,0,004,W LAMBERT RD,BEACH BL,820,E,N,A,-,N,NA,NA,NA,NA,NA,NA,NA,NA,NA,N,4,0,1,3,A,-,01,23152,A,N,D,C,A,A,H,-,C,D,0,NA,NA,NA,NA,Y,NA,A,01,0,0,1,0,0,0,0,0,0,-,-,NA,NA,ORANGE,LA HABRA,-117.96520233154295,33.924659729003906