CASE_ID,ACCIDENT_YEAR,PROC_DATE,JURIS,COLLISION_DATE,COLLISION_TIME,OFFICER_ID,REPORTING_DISTRICT,DAY_OF_WEEK,CHP_SHIFT,POPULATION,CNTY_CITY_LOC,SPECIAL_COND,BEAT_TYPE,CHP_BEAT_TYPE,CITY_DIVISION_LAPD,CHP_BEAT_CLASS,BEAT_NUMBER,PRIMARY_RD,SECONDARY_RD,DISTANCE,DIRECTION,INTERSECTION,WEATHER_1,WEATHER_2,STATE_HWY_IND,CALTRANS_COUNTY,CALTRANS_DISTRICT,STATE_ROUTE,ROUTE_SUFFIX,POSTMILE_PREFIX,POSTMILE,LOCATION_TYPE,RAMP_INTERSECTION,SIDE_OF_HWY,TOW_AWAY,COLLISION_SEVERITY,NUMBER_KILLED,NUMBER_INJURED,PARTY_COUNT,PRIMARY_COLL_FACTOR,PCF_CODE_OF_VIOL,PCF_VIOL_CATEGORY,PCF_VIOLATION,PCF_VIOL_SUBSECTION,HIT_AND_RUN,TYPE_OF_COLLISION,MVIW,PED_ACTION,ROAD_SURFACE,ROAD_COND_1,ROAD_COND_2,LIGHTING,CONTROL_DEVICE,CHP_ROAD_TYPE,PEDESTRIAN_ACCIDENT,BICYCLE_ACCIDENT,MOTORCYCLE_ACCIDENT,TRUCK_ACCIDENT,NOT_PRIVATE_PROPERTY,ALCOHOL_INVOLVED,STWD_VEHTYPE_AT_FAULT,CHP_VEHTYPE_AT_FAULT,COUNT_SEVERE_INJ,COUNT_VISIBLE_INJ,COUNT_COMPLAINT_PAIN,COUNT_PED_KILLED,COUNT_PED_INJURED,COUNT_BICYCLIST_KILLED,COUNT_BICYCLIST_INJURED,COUNT_MC_KILLED,COUNT_MC_INJURED,PRIMARY_RAMP,SECONDARY_RAMP,LATITUDE,LONGITUDE,COUNTY,CITY,POINT_X,POINT_Y
8603237,2018,2018-05-09,3016,2018-04-12,1602,1153,20,4,5,5,3016,0,0,0,NA,0,002,ORANGETHORPE AV,OHIO AV,20,W,N,A,-,N,NA,NA,NA,NA,NA,NA,NA,NA,NA,N,3,0,1,2,A,-,05,21650,NA,F,H,G,A,A,H,-,A,D,0,NA,Y,NA,NA,Y,Y,L,04,0,1,0,0,0,0,1,0,0,-,-,33.860511779785156,-117.88076782226563,ORANGE,PLACENTIA,-117.88070678710938,33.8603630065918
8603241,2018,2018-05-09,3004,2018-04-08,1835,P627,20,7,5,6,3004,0,0,0,NA,0,008,FAIRVIEW RD,BAKER ST,0,NA,Y,A,-,N,NA,NA,NA,NA,NA,NA,NA,NA,NA,N,3,0,2,2,A,-,01,23152,A,N,D,C,A,A,H,-,A,A,0,NA,NA,NA,NA,Y,Y,D,22,0,2,0,0,0,0,0,0,0,-,-,33.68009948730469,-117.90789794921876,ORANGE,COSTA MESA,-117.90785217285156,33.68013000488281
8604083,2018,2018-07-30,3004,2018-04-18,1432,P459,12,3,5,6,3004,0,0,0,NA,0,002,NEWPORT BL,MONTE VISTA,58,S,N,A,-,N,NA,NA,NA,NA,NA,NA,NA,NA,NA,Y,4,0,1,2,A,-,01,23153,A,N,C,C,A,A,H,-,A,D,0,NA,NA,NA,NA,Y,Y,A,01,0,0,1,0,0,0,0,0,0,-,-,33.39350128173828,-117.54000091552734,ORANGE,COSTA MESA,-117.89997100830078,33.65993881225586
8604108,2018,2018-08-21,3024,2018-04-25,1100,329,P19,3,5,5,3024,0,0,0,NA,0,EAST,RT 39,15TH ST,0,NA,Y,A,-,Y,ORA,12,39,-,-,7.511,I,5,N,N,4,0,1,2,A,-,09,21801,A,N,D,C,A,A,H,-,A,D,0,NA,NA,NA,NA,Y,NA,A,01,0,0,1,0,0,0,0,0,0,-,-,NA,NA,ORANGE,WESTMINSTER,-117.98953247070313,33.757423400878906
8605737,2018,2018-05-09,3019,2018-04-20,0559,3369,WE,5,5,7,3019,0,0,0,NA,0,001,5TH ST,ROSITA ST,62,E,N,B,-,N,NA,NA,NA,NA,NA,NA,NA,NA,NA,Y,2,0,1,2,A,-,11,21954,A,N,G,B,D,A,H,-,C,D,0,Y,NA,NA,NA,Y,NA,N,60,1,0,0,0,1,0,0,0,0,-,-,33.74884033203125,-117.93325042724608,ORANGE,SANTA ANA,-117.93299865722656,33.7487907409668
8605888,2018,2018-05-15,3019,2018-04-21,0441,3371,WE,6,5,7,3019,0,0,0,NA,0,001,HARBOR BL,HAZARD AV,0,NA,Y,A,-,N,NA,NA,NA,NA,NA,NA,NA,NA,NA,N,4,0,1,2,A,-,12,21453,A,M,D,C,A,A,H,-,C,A,0,NA,NA,NA,NA,Y,NA,A,01,0,0,1,0,0,0,0,0,0,-,-,33.7524299621582,-117.92018127441406,ORANGE,SANTA ANA,-117.92027282714844,33.75252151489258
8605988,2018,2018-05-21,3026,2018-04-21,1158,8929,UNIVE,6,5,6,3026,0,0,0,NA,0,001,CORONADO,VENETO,218,W,N,A,-,N,NA,NA,NA,NA,NA,NA,NA,NA,NA,Y,3,0,1,2,A,I,-,NA,NA,N,H,G,A,A,H,-,A,A,0,NA,Y,NA,NA,Y,NA,L,04,0,1,0,0,0,0,1,0,0,-,-,33.67689895629883,-117.83438873291016,ORANGE,IRVINE,-117.8349609375,33.67721176147461
8606029,2018,2018-05-11,3019,2018-04-07,1243,3489,WE,6,5,7,3019,0,0,0,NA,0,001,FAIRVIEW ST,1ST ST,180,N,N,A,-,N,NA,NA,NA,NA,NA,NA,NA,NA,NA,Y,4,0,3,2,A,-,03,22350,NA,N,C,C,A,A,H,-,A,D,0,NA,NA,NA,NA,Y,NA,A,07,0,0,3,0,0,0,0,0,0,-,-,33.74531173706055,-117.9052505493164,ORANGE,SANTA ANA,-117.90535736083984,33.74577331542969
8606908,2018,2018-08-17,3010,2018-04-28,1402,205,422,6,5,6,3010,0,0,0,NA,0,003,RT 39,SEABRIDGE,0,NA,Y,A,-,Y,ORA,12,39,-,-,1.381,H,-,N,Y,4,0,1,2,A,-,09,21804,A,N,D,C,A,A,H,-,A,A,0,NA,NA,NA,NA,Y,NA,A,01,0,0,1,0,0,0,0,0,0,-,-,NA,NA,ORANGE,HUNTINGTON BEACH,-117.98842620849608,33.66848373413086
8606927,2018,2018-05-14,3014,2018-04-26,1432,1253,RD33,4,5,5,3014,0,0,0,NA,0,0A3,BIRCH ST,BRISTOL ST S,120,S,N,A,-,N,NA,NA,NA,NA,NA,NA,NA,NA,NA,Y,3,0,1,2,A,-,09,21804,A,N,D,C,A,A,H,-,A,A,0,NA,NA,NA,NA,Y,NA,A,07,0,1,0,0,0,0,0,0,0,-,-,33.660400390625,-117.8740005493164,ORANGE,NEWPORT BEACH,-117.87370300292967,33.66073989868164
8607150,2018,2018-05-18,3007,2018-04-21,0914,295,34,6,5,5,3007,0,0,0,NA,0,001,BUSHARD,SCIOTO RD,27,N,N,A,-,N,NA,NA,NA,NA,NA,NA,NA,NA,NA,N,2,0,1,2,A,-,09,21804,A,N,A,C,A,A,H,-,A,D,0,NA,NA,Y,NA,Y,NA,A,08,1,0,0,0,0,0,0,0,1,-,-,NA,NA,ORANGE,FOUNTAIN VALLEY,NA,NA
8607776,2018,2018-06-04,3001,2018-04-28,1259,1278,NA,6,5,7,3001,0,0,0,NA,0,0D2,SOUTH STATE COLLEGE BL,E UNDERHILL AV,23,S,N,A,-,N,NA,NA,NA,NA,NA,NA,NA,NA,NA,Y,4,0,2,2,A,-,12,21453,A,N,D,C,A,A,H,-,A,A,0,NA,NA,NA,NA,Y,NA,-,-,0,0,2,0,0,0,0,0,0,-,-,NA,NA,ORANGE,ANAHEIM,-117.88929748535156,33.842105865478516
8610131,2018,2018-05-07,3000,2018-03-02,1500,8896,972D7,5,5,4,3029,0,0,0,NA,0,739,CAMINO DE ESTRELLA,VISTA DEL MAR,47,N,N,C,-,N,NA,NA,NA,NA,NA,NA,NA,NA,NA,N,4,0,1,1,A,-,03,22350,NA,N,E,I,A,B,H,-,C,D,0,NA,NA,NA,NA,Y,NA,A,01,0,0,1,0,0,0,0,0,0,-,-,NA,NA,ORANGE,DANA POINT,-117.65904235839844,33.455406188964844
8610212,2018,2018-05-07,3000,2018-04-15,1140,7734,922D5,7,5,5,3028,0,0,0,NA,0,752,FELIPE RD,CAMDEN,40,W,N,A,-,N,NA,NA,NA,NA,NA,NA,NA,NA,NA,Y,4,0,3,2,A,-,07,21658,A,N,B,C,A,A,H,-,A,D,0,NA,NA,NA,NA,Y,NA,A,01,0,0,3,0,0,0,0,0,0,-,-,NA,NA,ORANGE,MISSION VIEJO,-117.65316009521484,33.57478713989258
8610465,2018,2018-07-17,3003,2018-03-01,0653,752,NA,4,5,5,3003,0,0,0,NA,0,002,9TH ST,BEACH BL,312,W,N,A,-,N,NA,NA,NA,NA,NA,NA,NA,NA,NA,N,1,1,0,3,A,-,00,21964,A,N,G,B,E,A,H,-,A,D,0,Y,NA,NA,NA,Y,NA,N,60,0,0,0,1,0,0,0,0,0,-,-,33.865299224853516,-117.99939727783205,ORANGE,BUENA PARK,-117.999267578125,33.86531066894531
8610772,2018,2018-05-08,3000,2018-02-18,1525,3602,971H7,7,5,4,3029,0,0,0,NA,0,735,CASITAS PL,DANA POINT HARBOR DR,203,S,N,A,-,N,NA,NA,NA,NA,NA,NA,NA,NA,NA,N,3,0,3,4,A,-,21,22106,NA,N,G,B,D,A,H,-,A,D,0,Y,NA,NA,NA,Y,NA,A,01,0,3,0,0,3,0,0,0,0,-,-,NA,NA,ORANGE,DANA POINT,-117.69594573974608,33.46178436279297
8611416,2018,2018-04-23,3026,2018-03-25,0956,465,NA,7,5,6,3026,0,0,0,NA,0,00C,CULVER,DEERFIELD,409,S,N,A,-,N,NA,NA,NA,NA,NA,NA,NA,NA,NA,Y,4,0,1,1,A,-,08,22107,NA,N,E,-,A,A,H,-,A,D,0,NA,NA,NA,NA,Y,NA,A,01,0,0,1,0,0,0,0,0,0,-,-,NA,NA,ORANGE,IRVINE,-117.79720306396484,33.695350646972656
8612100,2018,2018-04-27,3019,2018-04-10,1537,3449,SE,2,5,7,3019,0,0,0,NA,0,003,WOODLAND PL,SAINT ANDREW PL,20,N,N,A,-,N,NA,NA,NA,NA,NA,NA,NA,NA,NA,N,3,0,1,3,A,-,08,22107,NA,N,-,E,A,A,H,-,A,D,0,NA,NA,NA,NA,Y,NA,A,01,0,1,0,0,0,0,0,0,0,-,-,33.72249984741211,-117.87613677978516,ORANGE,SANTA ANA,-117.87596130371094,33.7225456237793
8612140,2018,2018-04-25,3019,2018-04-10,1559,2776,SE,2,5,7,3019,0,0,0,NA,0,003,WARNER AV,WRIGHT ST,0,NA,Y,A,-,N,NA,NA,NA,NA,NA,NA,NA,NA,NA,Y,4,0,2,2,A,-,09,21801,A,N,D,C,A,A,H,-,A,A,0,NA,NA,NA,NA,Y,NA,A,01,0,0,2,0,0,0,0,0,0,-,-,33.7158203125,-117.84703063964844,ORANGE,SANTA ANA,-117.84703063964844,33.71588897705078
8612211,2018,2018-04-26,3019,2018-04-07,1351,3327,SE,6,5,7,3019,0,0,0,NA,0,NA,DYER RD,ORANGE AV,0,NA,Y,A,-,N,NA,NA,NA,NA,NA,NA,NA,NA,NA,Y,3,0,1,2,A,-,09,21801,A,N,D,C,A,A,H,-,A,D,0,NA,NA,NA,NA,Y,NA,A,01,0,1,0,0,0,0,0,0,0,-,-,33.70888137817383,-117.86599731445313,ORANGE,SANTA ANA,-117.86585998535156,33.70869827270508
8612567,2018,2018-05-01,3015,2018-03-11,2117,1487,22W,7,5,6,3015,0,0,0,NA,0,313,WEST CHAPMAN AV,N BATAVIA ST,61,E,N,A,-,N,NA,NA,NA,NA,NA,NA,NA,NA,NA,Y,3,0,2,2,A,-,03,22350,NA,M,C,C,A,A,H,-,C,A,0,NA,NA,NA,NA,Y,NA,-,99,0,1,1,0,0,0,0,0,0,-,-,NA,NA,ORANGE,ORANGE,-117.86164093017578,33.787879943847656
8613114,2018,2018-05-11,3015,2018-04-17,1021,1449,575,2,5,6,3015,0,0,0,NA,0,711M,NORTH TUSTIN ST,LINCOLN AV,300,N,N,A,-,N,NA,NA,NA,NA,NA,NA,NA,NA,NA,N,3,0,1,2,A,-,07,21658,A,N,B,C,A,A,C,-,A,A,0,NA,NA,NA,NA,Y,NA,A,01,0,1,0,0,0,0,0,0,0,-,-,NA,NA,ORANGE,ORANGE,-117.8361587524414,33.83578872680664
8617048,2018,2018-05-24,3014,2018-05-03,1309,1046,RD24,4,5,5,3014,0,0,0,NA,0,0A2,MONROVIA AV,W 15TH ST,305,N,N,A,-,N,NA,NA,NA,NA,NA,NA,NA,NA,NA,N,4,0,2,2,A,-,09,21804,A,N,D,C,A,A,H,-,A,D,0,NA,NA,NA,NA,Y,NA,A,01,0,0,2,0,0,0,0,0,0,-,-,33.62969970703125,-117.93609619140624,ORANGE,NEWPORT BEACH,-117.93617248535156,33.62964630126953
8617546,2018,2018-08-21,3024,2018-05-02,0748,329,P12,3,5,5,3024,0,0,0,NA,0,WEST,RT 39,23RD ST,0,NA,Y,B,-,Y,ORA,12,39,-,-,8.009,I,5,S,N,4,0,1,2,A,-,09,21801,A,F,D,G,A,A,H,-,A,D,0,NA,Y,NA,NA,Y,NA,A,01,0,0,1,0,0,0,1,0,0,-,-,NA,NA,ORANGE,WESTMINSTER,-117.98983764648438,33.76472473144531
8618079,2018,2018-05-24,3014,2018-05-09,1742,1253,RD34,3,5,5,3014,0,0,0,NA,0,0A3,JAMBOREE RD,FAIRCHILD RD,500,N,N,A,-,N,NA,NA,NA,NA,NA,NA,NA,NA,NA,Y,3,0,3,3,A,-,03,22350,NA,N,C,C,A,A,H,-,A,A,0,NA,NA,NA,NA,Y,NA,A,07,0,1,2,0,0,0,0,0,0,-,-,33.6614990234375,-117.85880279541016,ORANGE,NEWPORT BEACH,-117.85888671875,33.661537170410156
8618609,2018,2018-08-17,3010,2018-05-05,1815,1019,293,6,5,6,3010,0,0,0,NA,0,005,RT 39,TAYLOR,12,S,N,A,-,Y,ORA,12,39,-,-,3.385,I,5,N,Y,3,0,1,2,A,-,09,21801,A,N,D,C,A,A,H,-,A,D,0,NA,NA,Y,NA,Y,NA,A,01,0,1,0,0,0,0,0,0,1,-,-,NA,NA,ORANGE,HUNTINGTON BEACH,-117.98896026611328,33.697608947753906
8618996,2018,2018-05-18,3026,2018-04-26,1631,602,HJC,4,5,6,3026,0,0,0,NA,0,00C,IRVINE CENTER DR,HUBBLE,75,S,N,A,-,N,NA,NA,NA,NA,NA,NA,NA,NA,NA,Y,4,0,4,3,A,-,03,22350,NA,N,C,C,A,A,D,-,A,A,0,NA,NA,NA,NA,Y,NA,A,07,0,0,4,0,0,0,0,0,0,-,-,NA,NA,ORANGE,IRVINE,-117.74232482910156,33.64033508300781
8619032,2018,2018-05-18,3019,2018-04-25,0257,3389,SE,3,5,7,3019,0,0,0,NA,0,001,VAN NESS AV,MCFADDEN AV,300,S,N,A,-,N,NA,NA,NA,NA,NA,NA,NA,NA,NA,Y,3,0,1,5,A,-,01,23152,A,N,C,E,A,A,H,-,C,D,0,NA,NA,NA,NA,Y,Y,A,01,0,1,0,0,0,0,0,0,0,-,-,33.73445129394531,-117.8734130859375,ORANGE,SANTA ANA,-117.87346649169922,33.73369598388672
8619765,2018,2018-05-29,3000,2018-03-29,1700,6742,972A5,4,5,4,3029,0,0,0,NA,0,037,STONEHILL DR,DEL OBISPO ST,0,NA,Y,A,-,N,NA,NA,NA,NA,NA,NA,NA,NA,NA,Y,3,0,1,3,A,-,12,21453,A,N,D,C,A,A,H,-,A,A,0,NA,NA,NA,NA,Y,NA,D,22,0,1,0,0,0,0,0,0,0,-,-,NA,NA,ORANGE,DANA POINT,-117.68498229980467,33.47555923461914
8622444,2018,2018-05-29,3006,2018-04-16,1422,318,39,1,5,3,3006,0,0,0,NA,0,002,CRESCENT AV,WATSON ST,33,E,N,A,-,N,NA,NA,NA,NA,NA,NA,NA,NA,NA,N,4,0,1,2,A,-,03,22350,NA,N,C,C,A,A,H,-,A,A,0,NA,NA,NA,NA,Y,NA,D,22,0,0,1,0,0,0,0,0,0,-,-,NA,NA,ORANGE,LA PALMA,-118.0392608642578,33.83902359008789
8622753,2018,2018-06-01,3010,2018-05-20,1421,1208,262,7,5,6,3010,0,0,0,NA,0,007,WARNER,NICHOLS,31,E,N,D,-,N,NA,NA,NA,NA,NA,NA,NA,NA,NA,N,4,0,1,2,A,-,21,22106,NA,N,C,C,A,A,H,-,A,A,0,NA,NA,NA,NA,Y,NA,A,07,0,0,1,0,0,0,0,0,0,-,-,NA,NA,ORANGE,HUNTINGTON BEACH,-117.99563598632813,33.71567916870117
8622953,2018,2018-05-30,3010,2018-04-29,0154,3026,455,7,5,6,3010,0,0,0,NA,0,002,BEACHWOOD LN,SKI HARBOR DR,0,NA,Y,B,-,N,NA,NA,NA,NA,NA,NA,NA,NA,NA,N,4,0,3,4,A,-,11,21954,A,N,G,B,E,A,H,-,C,D,0,Y,NA,NA,NA,Y,NA,N,60,0,0,3,0,3,0,0,0,0,-,-,NA,NA,ORANGE,HUNTINGTON BEACH,-117.96822357177734,33.65943145751953
8623542,2018,2018-05-25,3004,2018-03-17,1747,P632,20,6,5,6,3004,0,0,0,NA,0,011,ADAMS AV,FAIRVIEW RD,947,W,N,A,-,N,NA,NA,NA,NA,NA,NA,NA,NA,NA,N,3,0,1,2,A,-,09,21804,A,N,H,G,A,A,H,-,A,D,0,NA,Y,NA,NA,Y,NA,A,01,0,1,0,0,0,0,1,0,0,-,-,33.675750732421875,-117.9111099243164,ORANGE,COSTA MESA,-117.91092681884766,33.67572021484375
8623811,2018,2018-05-25,3004,2018-04-26,1408,P429,25,4,5,6,3004,0,0,0,NA,0,008,FAIRVIEW RD,SOUTH COAST HWY,574,N,N,A,-,N,NA,NA,NA,NA,NA,NA,NA,NA,NA,N,4,0,1,2,A,-,08,22107,NA,N,B,C,A,A,H,-,A,D,0,NA,NA,NA,NA,Y,NA,A,01,0,0,1,0,0,0,0,0,0,-,-,33.41350173950195,-117.5427017211914,ORANGE,COSTA MESA,-117.9078369140625,33.692832946777344
8623815,2018,2018-05-25,3004,2018-04-29,2347,P655,1,7,5,6,3004,0,0,0,NA,0,001,NEWPORT BL,BROADWAY,0,NA,Y,A,-,N,NA,NA,55,NA,NA,NA,NA,NA,NA,N,3,0,1,2,A,-,11,21954,A,N,G,B,D,A,H,-,C,A,0,Y,NA,NA,NA,Y,NA,N,60,0,1,0,0,1,0,0,0,0,-,-,33.64179992675781,-117.91780090332033,ORANGE,COSTA MESA,-117.9179458618164,33.64194869995117
8623868,2018,2018-08-23,3012,2018-04-28,0849,649,35,6,5,5,3012,0,0,0,NA,0,003,IMPERIAL HWY,IDAHO ST,9,W,N,A,-,Y,ORA,12,90,-,-,1.011,I,6,E,N,3,0,1,2,D,-,00,NA,NA,N,G,B,B,A,H,-,A,A,0,Y,NA,NA,NA,Y,NA,-,-,0,1,0,0,1,0,0,0,0,-,-,NA,NA,ORANGE,LA HABRA,-117.95915985107422,33.9172477722168
8625538,2018,2018-05-30,3019,2018-05-09,2034,3492,NE,3,5,7,3019,0,0,0,NA,0,003,MAIN ST,BUFFALO AV,490,S,N,A,-,N,NA,NA,NA,NA,NA,NA,NA,NA,NA,N,4,0,2,2,A,-,03,22350,NA,N,C,C,A,A,H,-,C,A,0,NA,NA,NA,NA,Y,NA,A,01,0,0,2,0,0,0,0,0,0,-,-,33.76581954956055,-117.86736297607422,ORANGE,SANTA ANA,-117.86749267578124,33.764259338378906
8626464,2018,2018-06-07,3024,2018-05-15,0832,329,P15,2,5,5,3024,0,0,0,NA,0,WEST,SPRINGDALE ST,WESTMINSTER AV,90,S,N,B,-,N,NA,NA,NA,NA,NA,NA,NA,NA,NA,Y,4,0,1,2,A,-,09,21804,A,N,D,C,A,A,H,-,A,D,0,NA,NA,NA,NA,Y,NA,D,22,0,0,1,0,0,0,0,0,0,-,-,33.75897979736328,-118.0246810913086,ORANGE,WESTMINSTER,-118.02460479736328,33.75883483886719
8627073,2018,2018-06-06,3007,2018-05-10,0810,250,26,4,5,5,3007,0,0,0,NA,0,002,EUCLID,BELLFLOWER,0,NA,Y,B,-,N,NA,NA,NA,NA,NA,NA,NA,NA,NA,Y,4,0,1,2,A,-,03,22350,NA,N,C,C,A,A,H,-,A,D,0,NA,NA,NA,NA,Y,NA,A,07,0,0,1,0,0,0,0,0,0,-,-,NA,NA,ORANGE,FOUNTAIN VALLEY,-117.93733215332033,33.728919982910156
8628015,2018,2018-06-07,3000,2018-05-15,1700,9704,952C2,2,5,5,3028,0,0,0,NA,0,754,AVERY PKY,OLIVA DR,86,S,N,A,-,N,NA,NA,NA,NA,NA,NA,NA,NA,NA,N,3,0,1,1,A,-,03,22350,NA,N,F,A,A,A,H,-,A,D,0,NA,NA,Y,NA,Y,NA,C,02,0,1,0,0,0,0,0,0,1,-,-,NA,NA,ORANGE,MISSION VIEJO,-117.66556549072266,33.5435676574707
8628059,2018,2018-06-07,3009,2018-05-31,1119,3972,125,4,5,6,3009,0,0,0,NA,0,2-1,EUCLID,SHERMAN WY,120,S,N,C,-,N,NA,NA,NA,NA,NA,NA,NA,NA,NA,Y,4,0,1,1,A,-,01,23152,A,N,E,I,A,B,H,-,A,D,0,NA,NA,NA,NA,Y,Y,A,07,0,0,1,0,0,0,0,0,0,-,-,NA,NA,ORANGE,GARDEN GROVE,-117.9379653930664,33.772029876708984
8628079,2018,2018-06-07,3009,2018-05-26,1020,4576,104,6,5,6,3009,0,0,0,NA,0,1-2,BROOKHURST ST,STANFORD AV,691,S,N,A,-,N,NA,NA,NA,NA,NA,NA,NA,NA,NA,Y,4,0,1,2,A,-,03,22350,NA,N,C,C,A,A,H,-,A,D,0,NA,NA,NA,NA,Y,NA,A,01,0,0,1,0,0,0,0,0,0,-,-,NA,NA,ORANGE,GARDEN GROVE,-117.9564208984375,33.776092529296875
8628397,2018,2018-06-20,3001,2018-05-20,1858,A2201,D4,7,5,7,3001,0,0,0,NA,0,043,NOHL RANCH RD,KINGSGATE DR,508,W,N,A,-,N,NA,NA,NA,NA,NA,NA,NA,NA,NA,Y,4,0,1,2,A,-,05,21651,A,N,B,C,A,A,H,-,A,D,0,NA,NA,NA,NA,Y,NA,A,01,0,0,1,0,0,0,0,0,0,-,-,NA,NA,ORANGE,ANAHEIM,-117.81779479980467,33.8371467590332
8628789,2018,2018-06-18,3015,2018-05-25,1119,1386,55W,5,5,6,3015,0,0,0,NA,0,711,GLASSELL ST,CARLETON AV,82,S,N,A,-,N,NA,NA,NA,NA,NA,NA,NA,NA,NA,Y,3,0,1,3,A,-,09,21804,A,N,B,C,A,A,H,-,A,D,0,NA,NA,NA,NA,Y,NA,A,07,0,1,0,0,0,0,0,0,0,-,-,NA,NA,ORANGE,ORANGE,-117.85299682617188,33.810306549072266
8628920,2018,2018-06-21,3019,2018-05-24,1158,3201,SE,4,5,7,3019,0,0,0,NA,0,003,GRAND AV,SAINT GERTRUDE PL,400,S,N,A,-,N,NA,NA,NA,NA,NA,NA,NA,NA,NA,Y,4,0,1,3,A,-,03,22350,NA,N,C,C,A,A,H,-,A,D,0,NA,NA,NA,NA,Y,NA,A,01,0,0,1,0,0,0,0,0,0,-,-,33.71950912475586,-117.85050201416016,ORANGE,SANTA ANA,-117.8505630493164,33.71845245361328
8628956,2018,2018-06-19,3019,2018-05-14,2059,3424,WE,1,5,7,3019,0,0,0,NA,0,001,1ST ST,MOUNTAIN VIEW ST,30,E,N,A,-,N,NA,NA,NA,NA,NA,NA,NA,NA,NA,Y,4,0,1,2,A,-,03,22350,NA,N,C,C,A,A,H,-,C,D,0,NA,NA,NA,NA,Y,NA,A,08,0,0,1,0,0,0,0,0,0,-,-,33.74509048461914,-117.92784118652344,ORANGE,SANTA ANA,-117.92761993408205,33.745113372802734
8629136,2018,2018-06-21,3001,2018-05-11,2129,A2001,D4,5,5,7,3001,0,0,0,NA,0,042,LA PALMA AV,IMPERIAL HWY,354,W,N,B,-,N,NA,NA,NA,NA,NA,NA,NA,NA,NA,Y,4,0,2,2,D,-,00,NA,NA,N,D,C,A,A,H,-,C,A,0,NA,NA,NA,NA,Y,NA,-,-,0,0,2,0,0,0,0,0,0,-,-,NA,NA,ORANGE,ANAHEIM,-117.92437744140624,33.91746139526367
8632292,2018,2018-08-17,3010,2018-05-23,0739,1176,446,3,5,6,3010,0,0,0,NA,0,003,RT 39,ATLANTA,65,N,N,B,-,Y,ORA,12,39,-,-,0.65,H,-,S,Y,4,0,2,3,A,-,03,22350,NA,N,C,C,A,A,H,-,A,A,0,NA,NA,NA,NA,Y,NA,A,01,0,0,2,0,0,0,0,0,0,-,-,NA,NA,ORANGE,HUNTINGTON BEACH,-117.9884796142578,33.65800094604492
8633137,2018,2018-06-18,3026,2018-05-15,1709,7094,CROSS,2,5,6,3026,0,0,0,NA,0,004,VALLEY OAK,IRVINE CENTER DR,417,N,N,A,-,N,NA,NA,NA,NA,NA,NA,NA,NA,NA,N,2,0,1,2,D,-,00,NA,NA,N,B,C,A,A,H,-,A,D,0,NA,NA,Y,NA,Y,NA,-,-,1,0,0,0,0,0,0,0,1,-,-,33.672420501708984,-117.76825714111328,ORANGE,IRVINE,-117.767822265625,33.67329406738281
8633253,2018,2018-06-18,3003,2018-05-28,1001,1160,74,1,5,5,3003,0,0,0,NA,0,004,WESTERN AV,EL FERROL WY,0,NA,Y,A,-,N,NA,NA,NA,NA,NA,NA,NA,NA,NA,Y,3,0,2,2,A,-,09,21804,B,N,D,C,A,A,H,-,A,D,0,NA,NA,NA,NA,Y,NA,A,01,0,1,1,0,0,0,0,0,0,-,-,33.85137939453125,-118.00240325927734,ORANGE,BUENA PARK,-118.00240325927734,33.85108184814453
8634043,2018,2018-06-11,3014,2018-05-17,1401,1046,RD24,4,5,5,3014,0,0,0,NA,0,0A2,HOSPITAL RD,PLACENTIA AV,380,E,N,A,-,N,NA,NA,NA,NA,NA,NA,NA,NA,NA,Y,4,0,2,4,A,-,01,23152,A,N,C,C,A,A,H,-,A,A,0,NA,NA,NA,NA,Y,Y,A,01,0,0,2,0,0,0,0,0,0,-,-,33.625701904296875,-117.9293975830078,ORANGE,NEWPORT BEACH,-117.92948150634766,33.62576675415039
8634980,2018,2018-06-19,3019,2018-05-16,1744,2776,WE,3,5,7,3019,0,0,0,NA,0,001,NEWHOPE ST,HAZARD AV,0,NA,Y,A,-,N,NA,NA,NA,NA,NA,NA,NA,NA,NA,Y,4,0,1,2,A,-,09,21801,A,N,D,C,A,A,H,-,A,A,0,NA,NA,NA,NA,Y,NA,A,07,0,0,1,0,0,0,0,0,0,-,-,33.75246047973633,-117.92887115478516,ORANGE,SANTA ANA,-117.9288330078125,33.75244903564453
8634988,2018,2018-06-19,3019,2018-05-16,0722,3196,SE,3,5,7,3019,0,0,0,NA,0,003,MAIN ST,SANDPOINTE AV,0,NA,Y,A,-,N,NA,NA,NA,NA,NA,NA,NA,NA,NA,Y,3,0,2,2,A,-,12,21453,A,N,D,C,A,A,H,-,A,A,0,NA,NA,NA,NA,Y,NA,A,01,0,2,0,0,0,0,0,0,0,-,-,33.69792938232422,-117.86814880371094,ORANGE,SANTA ANA,-117.86814880371094,33.69813919067383
8636630,2018,2018-06-22,3014,2018-05-17,2218,1382,RD64,4,5,5,3014,0,0,0,NA,0,0A4,NEWPORT COAST,SAGE HILL,0,NA,Y,A,-,N,NA,NA,NA,NA,NA,NA,NA,NA,NA,Y,4,0,1,2,A,-,08,22107,NA,N,C,C,A,A,H,-,C,A,0,NA,NA,NA,NA,Y,NA,A,01,0,0,1,0,0,0,0,0,0,-,-,33.6068000793457,-117.82589721679688,ORANGE,NEWPORT BEACH,-117.82610321044922,33.61690139770508