CASE_ID,ACCIDENT_YEAR,PROC_DATE,JURIS,COLLISION_DATE,COLLISION_TIME,OFFICER_ID,REPORTING_DISTRICT,DAY_OF_WEEK,CHP_SHIFT,POPULATION,CNTY_CITY_LOC,SPECIAL_COND,BEAT_TYPE,CHP_BEAT_TYPE,CITY_DIVISION_LAPD,CHP_BEAT_CLASS,BEAT_NUMBER,PRIMARY_RD,SECONDARY_RD,DISTANCE,DIRECTION,INTERSECTION,WEATHER_1,WEATHER_2,STATE_HWY_IND,CALTRANS_COUNTY,CALTRANS_DISTRICT,STATE_ROUTE,ROUTE_SUFFIX,POSTMILE_PREFIX,POSTMILE,LOCATION_TYPE,RAMP_INTERSECTION,SIDE_OF_HWY,TOW_AWAY,COLLISION_SEVERITY,NUMBER_KILLED,NUMBER_INJURED,PARTY_COUNT,PRIMARY_COLL_FACTOR,PCF_CODE_OF_VIOL,PCF_VIOL_CATEGORY,PCF_VIOLATION,PCF_VIOL_SUBSECTION,HIT_AND_RUN,TYPE_OF_COLLISION,MVIW,PED_ACTION,ROAD_SURFACE,ROAD_COND_1,ROAD_COND_2,LIGHTING,CONTROL_DEVICE,CHP_ROAD_TYPE,PEDESTRIAN_ACCIDENT,BICYCLE_ACCIDENT,MOTORCYCLE_ACCIDENT,TRUCK_ACCIDENT,NOT_PRIVATE_PROPERTY,ALCOHOL_INVOLVED,STWD_VEHTYPE_AT_FAULT,CHP_VEHTYPE_AT_FAULT,COUNT_SEVERE_INJ,COUNT_VISIBLE_INJ,COUNT_COMPLAINT_PAIN,COUNT_PED_KILLED,COUNT_PED_INJURED,COUNT_BICYCLIST_KILLED,COUNT_BICYCLIST_INJURED,COUNT_MC_KILLED,COUNT_MC_INJURED,PRIMARY_RAMP,SECONDARY_RAMP,LATITUDE,LONGITUDE,COUNTY,CITY,POINT_X,POINT_Y
90182965,2016,2016-05-19,9670,2016-05-17,1515,018212,NA,2,2,5,3024,0,1,1,NA,2,043,I-405 S/B (SAN DIEGO FREEWAY),EDWARDS ST,2112,S,N,A,-,Y,NA,NA,405,NA,NA,NA,NA,NA,S,Y,4,0,1,2,A,-,03,22350,NA,N,C,C,A,A,H,-,A,D,0,NA,NA,NA,Y,Y,NA,F,26,0,0,1,0,0,0,0,0,0,-,-,33.7502,-118.01234,ORANGE,WESTMINSTER,-118.01203699,33.7505618
90185310,2016,2016-05-23,9675,2016-05-17,1655,018834,NA,2,2,7,3001,0,1,3,NA,2,093,SR-91 EASTBOUND,STATE COLLEGE BLVD,10,E,N,A,-,Y,NA,NA,91,NA,NA,NA,NA,NA,E,N,4,0,2,3,A,-,03,22350,NA,N,C,C,A,A,H,-,A,D,0,NA,NA,NA,NA,Y,NA,A,07,0,0,2,0,0,0,0,0,0,-,-,33.85402,-117.88932,ORANGE,ANAHEIM,-117.88932153,33.85413627
90185321,2016,2016-05-23,9675,2016-05-11,1600,020780,NA,3,2,7,3019,0,1,1,NA,2,520,INTERSTATE 5 NORTHBOUND,GRAND AVENUE,1000,S,N,A,-,Y,NA,NA,5,NA,NA,NA,NA,NA,N,N,4,0,2,3,A,-,03,22350,NA,N,C,C,A,A,H,-,A,D,0,NA,NA,NA,NA,Y,NA,D,22,0,0,2,0,0,0,0,0,0,-,-,33.7537,-117.84915,ORANGE,SANTA ANA,-117.84908361,33.75384413
90191991,2016,2016-06-06,9675,2016-05-22,0542,021224,NA,7,3,6,3015,0,1,3,NA,2,550,SR-55 SOUTHBOUND TO CHAPMAN AVENUE,CHAPMAN AVENUE,160,N,N,A,-,Y,NA,NA,55,NA,NA,NA,R,NA,S,Y,3,0,1,1,A,-,01,23152,A,N,E,I,A,A,H,-,A,A,0,NA,NA,NA,NA,Y,NA,A,01,0,1,0,0,0,0,0,0,0,-,-,33.78828,-117.83259,ORANGE,ORANGE,-117.83259,33.78828
90192149,2016,2016-06-01,9675,2016-05-23,1713,017192,NA,1,2,6,3004,0,1,1,NA,2,405,I-405 N/B (SAN DIEGO FREEWAY),SR-73 NORTHBOUND,20,N,N,A,-,Y,NA,NA,NA,NA,NA,NA,NA,NA,NA,N,4,0,1,2,A,-,08,22107,NA,N,B,C,A,A,H,-,A,D,0,NA,NA,Y,NA,Y,NA,A,01,0,0,1,0,0,0,0,0,1,-,-,33.67918,-117.87824,ORANGE,COSTA MESA,-117.90448595,33.6879018
90192518,2016,2016-06-01,9675,2016-05-30,1700,015208,NA,1,2,9,3000,0,3,5,NA,2,002,CIELO PLACE,FAREN DRIVE,73,N,N,A,-,Y,NA,NA,NA,NA,NA,NA,NA,NA,NA,Y,4,0,1,2,C,-,18,NA,NA,N,E,I,A,A,H,-,A,D,0,NA,NA,NA,NA,Y,NA,-,-,0,0,1,0,0,0,0,0,0,-,-,33.76446,-117.78889,ORANGE,UNINCORPORATED,-117.78897495,33.76428663
90193595,2016,2016-06-02,9675,2016-05-21,0857,016748,NA,6,1,6,3008,0,1,3,NA,2,571,SR-57 NORTHBOUND,NUTWOOD AVE,1339,N,N,A,-,Y,NA,NA,NA,NA,NA,NA,NA,NA,NA,Y,3,0,3,3,A,-,03,22350,NA,N,C,C,A,A,H,-,A,D,0,NA,NA,NA,NA,Y,NA,A,01,0,2,1,0,0,0,0,0,0,-,-,33.52553,-117.52489,ORANGE,FULLERTON,-117.88032204,33.88188028
90194125,2016,2016-06-03,9690,2016-05-26,0950,020588,NA,4,1,5,3028,0,1,1,NA,2,055,I-5 N/B (SAN DIEGO FRWY),ALICIA PKWY,381,S,N,B,-,Y,NA,NA,5,NA,NA,NA,NA,NA,N,Y,3,0,1,1,A,-,08,22107,NA,N,E,I,A,A,H,-,A,D,0,NA,NA,NA,NA,Y,NA,D,22,0,1,0,0,0,0,0,0,0,-,-,33.6042,-117.68903,ORANGE,MISSION VIEJO,-117.68926014,33.60385479
90194849,2016,2016-06-06,9675,2016-05-07,1701,020746,NA,6,2,5,3016,0,1,3,NA,2,571,SR-57 NORTHBOUND,CHAPMAN AVE,400,S,N,A,-,Y,NA,NA,57,NA,NA,NA,NA,NA,N,Y,3,0,2,4,A,-,07,21658,A,F,B,C,A,A,H,-,A,D,0,NA,NA,NA,NA,Y,NA,A,01,0,1,1,0,0,0,0,0,0,-,-,33.8738,-117.8795,ORANGE,PLACENTIA,-117.88028121,33.87382648
90194879,2016,2016-06-06,9670,2016-05-16,1532,021212,NA,1,2,9,3000,0,3,5,NA,2,004,CERRITOS AVE (1400 BLOCK),BROOKHURST ST,20,W,N,A,-,N,NA,NA,NA,NA,NA,NA,NA,NA,NA,N,4,0,1,2,A,-,05,21650,NA,N,H,G,A,A,H,-,A,A,0,NA,Y,NA,NA,Y,NA,L,04,0,0,1,0,0,0,1,0,0,-,-,33.81056,-117.95907,ORANGE,UNINCORPORATED,-117.95896567,33.81048878
90194888,2016,2016-06-06,9675,2016-05-19,1430,019979,NA,4,2,6,3026,1,4,S,NA,2,901,HARVARD AVE.,WARNER AVE,60,S,N,A,-,Y,NA,NA,NA,NA,NA,NA,NA,NA,NA,N,4,0,2,2,A,-,09,21453,B,N,C,C,A,A,H,-,A,A,0,NA,NA,NA,NA,Y,NA,A,07,0,0,2,0,0,0,0,0,0,-,-,33.6925,-117.81298,ORANGE,IRVINE,-117.81281735,33.69256974
90195098,2016,2016-06-06,9675,2016-05-25,1645,021297,NA,3,2,6,3004,0,1,3,NA,2,553,SR-55 SOUTHBOUND,BAKER ST,500,N,N,A,-,Y,NA,NA,55,NA,NA,NA,NA,NA,S,Y,4,0,1,4,A,-,03,22350,NA,N,C,C,A,A,H,-,A,D,0,NA,NA,NA,NA,Y,NA,A,01,0,0,1,0,0,0,0,0,0,-,-,33.6813,-117.8783,ORANGE,COSTA MESA,-117.87820085,33.68120204
90195444,2016,2016-06-06,9675,2016-05-27,0835,021206,NA,5,1,5,3016,0,1,3,NA,2,571,SR-57 SOUTHBOUND FROM ORANGETHORPE AVE.,ORANGETHORPE AVE,40,N,N,A,-,Y,NA,NA,NA,NA,NA,NA,NA,NA,NA,N,4,0,2,2,A,-,03,22350,NA,N,C,C,A,A,H,-,A,D,0,NA,NA,NA,NA,Y,NA,A,01,0,0,2,0,0,0,0,0,0,-,-,33.51407,-117.52424,ORANGE,PLACENTIA,-117.87736816,33.86132493
90196036,2016,2016-06-07,9670,2016-06-02,1055,021286,NA,4,1,3,3006,0,1,3,NA,2,091,SR-91 WESTBOUND (RIVERSIDE FREEWAY),CARMENITA STREET PEDESTRIAN O/C,82,E,N,A,-,Y,NA,NA,91,NA,NA,NA,NA,NA,W,Y,4,0,1,2,A,-,03,22350,NA,N,C,C,A,A,H,-,A,D,0,NA,NA,NA,NA,Y,NA,A,01,0,0,1,0,0,0,0,0,0,-,-,33.857169999999996,-118.03029,ORANGE,LA PALMA,-118.0301984,33.85739518
90197328,2016,2016-06-08,9675,2016-06-02,1730,018834,NA,4,2,7,3019,0,1,3,NA,2,552,SR-55 SOUTHBOUND,MACARTHUR BLVD,1500,N,N,A,-,Y,NA,NA,55,NA,NA,NA,NA,NA,S,Y,4,0,1,3,A,-,03,22350,NA,N,C,C,A,A,H,-,A,D,0,NA,NA,NA,NA,Y,NA,A,01,0,0,1,0,0,0,0,0,0,-,-,33.70051,-117.85982,ORANGE,SANTA ANA,-117.85974779,33.70044129
90197892,2016,2016-06-09,9675,2016-06-03,1600,019171,NA,5,2,7,3001,0,1,3,NA,2,094,SR-91 W/B (RIVERSIDE FWY),SR-90(IMPERIAL HWY),2000,E,N,A,-,Y,NA,NA,91,NA,NA,NA,NA,NA,W,Y,3,0,2,2,A,-,03,22350,NA,N,C,C,A,A,H,-,A,D,0,NA,NA,NA,NA,Y,NA,A,07,0,2,0,0,0,0,0,0,0,-,-,33.85908,-117.78067,ORANGE,ANAHEIM,-117.78058765,33.85891154
90197991,2016,2016-06-09,9675,2016-06-04,0432,020732,NA,6,3,7,3019,0,1,3,NA,2,552,SR-55 SOUTHBOUND,WARNER AVE,700,S,N,A,-,Y,NA,NA,55,NA,NA,NA,NA,NA,S,Y,4,0,1,2,A,-,03,22350,NA,N,C,C,A,A,H,-,C,D,0,NA,NA,NA,NA,Y,NA,A,01,0,0,1,0,0,0,0,0,0,-,-,33.71201,-117.84828,ORANGE,SANTA ANA,-117.8483471,33.71207798
90198230,2016,2016-06-09,9675,2016-06-04,1328,020746,NA,6,1,5,3022,0,1,3,NA,2,551,SR-55 SOUTHBOUND,MCFADDEN ST,600,N,N,A,-,Y,NA,NA,55,NA,NA,NA,NA,NA,S,Y,4,0,1,2,A,-,03,22350,NA,N,C,C,A,A,H,-,A,D,0,NA,NA,Y,NA,Y,NA,C,02,0,0,1,0,0,0,0,0,1,-,-,33.73469,-117.8336,ORANGE,TUSTIN,-117.83404168,33.73470118
9019881,2019,2019-12-31,3010,2019-11-16,2344,2086,445,6,5,6,3010,0,0,0,NA,0,003,BUSHARD ST,HAZELBROOK DR,137,N,N,E,-,N,NA,NA,NA,NA,NA,NA,NA,NA,NA,Y,4,0,2,2,A,-,01,23152,A,N,C,C,A,B,H,-,C,D,0,NA,NA,NA,NA,Y,Y,A,01,0,0,2,0,0,0,0,0,0,-,-,NA,NA,ORANGE,HUNTINGTON BEACH,-117.96247100830078,33.66746520996094
9019891,2019,2019-12-30,3001,2019-10-15,0918,A2194,NA,2,5,7,3001,0,0,0,NA,0,NA,HARBOR BL,ORANGEWOOD AV,497,N,N,A,-,N,NA,NA,NA,NA,NA,NA,NA,NA,NA,Y,4,0,1,2,A,-,03,22350,NA,N,C,C,A,A,H,-,A,D,0,NA,NA,NA,NA,Y,NA,A,01,0,0,1,0,0,0,0,0,0,-,-,NA,NA,ORANGE,ANAHEIM,-117.91522979736328,33.79743194580078
9019917,2019,2019-12-30,3001,2019-10-21,0712,1252,NA,1,5,7,3001,0,0,0,NA,0,0D4,NORTH LAKEVIEW AV,LA PALMA AV,528,S,N,A,-,N,NA,NA,NA,NA,NA,NA,NA,NA,NA,Y,3,0,1,1,A,-,08,22107,NA,M,E,I,A,A,H,-,C,D,0,NA,NA,NA,NA,Y,NA,A,01,0,1,0,0,0,0,0,0,0,-,-,NA,NA,ORANGE,ANAHEIM,-117.81830596923828,33.85808181762695
90201741,2016,2016-06-15,9675,2016-05-19,1927,019942,NA,4,2,7,3001,0,1,3,NA,2,095,SR-91 EASTBOUND,GYPSUM CYN ROAD,800,E,N,A,-,Y,NA,NA,91,NA,NA,NA,NA,NA,E,Y,3,0,1,2,A,-,03,22350,NA,N,F,A,A,A,H,-,A,D,0,NA,NA,Y,NA,Y,NA,C,02,0,1,0,0,0,0,0,0,1,-,-,33.86628,-117.71739,ORANGE,ANAHEIM,-117.71738506,33.86633104
90204277,2016,2016-06-17,9675,2016-06-04,1000,019693,NA,6,1,5,3022,0,3,5,NA,2,002,IRVINE BLVD,DEL REY DR,5,N,N,A,-,N,NA,NA,NA,NA,NA,NA,NA,NA,NA,Y,4,0,1,1,A,-,08,22107,NA,N,E,I,A,A,H,-,A,D,0,NA,NA,NA,NA,Y,NA,A,01,0,0,1,0,0,0,0,0,0,-,-,33.74311,-117.80179,ORANGE,TUSTIN,-117.80198249,33.74309888
9020659,2019,2020-05-15,3003,2019-11-29,0401,1052,76,5,5,5,3003,0,0,0,NA,0,003,BEACH BL,LA PALMA AV,906,S,N,B,-,N,NA,NA,NA,NA,NA,NA,NA,NA,NA,Y,3,0,1,2,A,-,00,20001,B,F,B,C,A,B,H,-,C,D,0,NA,NA,NA,NA,Y,NA,-,NA,0,1,0,0,0,0,0,0,0,-,-,33.845001220703125,-117.997802734375,ORANGE,BUENA PARK,-117.99765777587892,33.84419631958008
9020660,2019,2020-06-29,3000,2019-11-16,0656,7929,797J1,6,5,4,3021,0,0,0,NA,0,2A24,BEACH BL,CERRITOS AV,15,S,N,A,-,Y,ORA,12,39,-,-,11.181,I,5,S,N,4,0,1,2,A,-,08,22107,NA,F,G,B,B,A,H,-,A,A,0,Y,NA,NA,NA,Y,NA,A,01,0,0,1,0,1,0,0,0,0,-,-,NA,NA,ORANGE,STANTON,-117.99330902099608,33.81023406982422
90210534,2016,2016-06-27,9675,2016-05-24,0720,015207,NA,2,1,7,3001,0,1,3,NA,2,095,SR-91 W/B,WEIR CANYON RD.,2112,E,N,A,-,Y,NA,NA,91,NA,NA,NA,NA,NA,W,Y,4,0,1,1,A,-,08,22107,NA,N,E,I,A,A,H,-,A,D,0,NA,NA,NA,NA,Y,NA,A,01,0,0,1,0,0,0,0,0,0,-,-,33.86977,-117.73102,ORANGE,ANAHEIM,-117.73109842,33.86954345
90210618,2016,2016-06-27,9675,2016-06-15,2233,019938,NA,3,3,7,3001,0,1,3,NA,2,094,SR-91 WESTBOUND,IMPERIAL HIGHWAY,50,W,N,A,-,Y,NA,NA,91,NA,NA,NA,NA,NA,W,Y,2,0,2,7,A,-,03,22350,NA,F,C,C,A,A,H,-,C,D,0,NA,NA,NA,Y,Y,NA,-,99,1,1,0,0,0,0,0,0,0,-,-,33.85453,-117.79024,ORANGE,ANAHEIM,-117.79025128,33.85459393
90210891,2016,2016-06-28,9670,2016-05-29,1802,019290,NA,7,2,5,3007,0,1,1,NA,2,041,I-405 S/B TO WARNER AVENUE,WARNER AVE,180,S,N,A,-,Y,NA,NA,405,NA,NA,NA,R,NA,S,Y,4,0,1,2,A,-,03,22350,NA,N,C,C,A,A,H,-,A,D,0,NA,NA,NA,NA,Y,NA,A,01,0,0,1,0,0,0,0,0,0,-,-,33.71505,-117.9673,ORANGE,FOUNTAIN VALLEY,-117.9673,33.71505
90211782,2016,2016-06-29,9675,2016-06-29,0005,020766,NA,3,3,6,3008,0,1,3,NA,2,571,SR-57 N/B,NUTWOOD AVE,2000,N,N,A,-,Y,NA,NA,57,NA,NA,NA,NA,NA,N,Y,4,0,1,2,A,-,01,23152,A,F,C,C,A,A,D,E,C,A,0,NA,NA,NA,NA,Y,Y,A,01,0,0,1,0,0,0,0,0,0,-,-,33.88244,-117.88028,ORANGE,FULLERTON,-117.88031463,33.88243945
9021179,2019,2020-01-13,3000,2019-11-30,2005,9281,921F6,6,5,4,3049,0,0,0,NA,0,3A82,ALICIA PKWY,PACIFIC PARK DR,0,NA,Y,A,-,N,NA,NA,NA,NA,NA,NA,NA,NA,NA,Y,4,0,1,2,A,-,03,22350,NA,N,C,C,A,A,H,-,C,A,0,NA,NA,NA,NA,Y,NA,A,01,0,0,1,0,0,0,0,0,0,-,-,NA,NA,ORANGE,ALISO VIEJO,-117.71437072753906,33.57136154174805
90216208,2016,2016-07-05,9675,2016-06-22,0735,015670,NA,3,1,7,3001,0,1,1,NA,2,520,I-5 S/B,STATE COLLEGE BLVD,500,S,N,A,-,Y,NA,NA,5,NA,NA,NA,NA,NA,S,Y,4,0,1,2,A,-,07,21658,A,F,B,C,A,A,H,-,A,D,0,NA,NA,Y,NA,Y,NA,D,22,0,0,1,0,0,0,0,0,1,-,-,33.79125,-117.88987,ORANGE,ANAHEIM,-117.88985844,33.79126291
90216402,2016,2016-07-05,9675,2016-06-22,0830,015670,NA,3,1,6,3004,0,1,3,NA,2,553,SR-55 N/B,PAULARINO AVE,200,N,N,A,-,Y,NA,NA,55,NA,NA,NA,NA,NA,N,Y,4,0,2,3,A,-,03,22350,NA,N,C,C,A,A,H,-,A,D,0,NA,NA,NA,NA,Y,NA,A,01,0,0,2,0,0,0,0,0,0,-,-,33.68283,-117.87629,ORANGE,COSTA MESA,-117.87647209,33.68299041
90218254,2016,2016-07-07,9670,2016-07-06,0725,015927,NA,3,1,7,3001,0,1,1,NA,2,503,I-5 S/B,HARBOR BLVD.,72,S,N,B,-,Y,NA,NA,5,NA,NA,NA,NA,NA,S,Y,4,0,1,3,A,-,03,22350,NA,N,C,C,A,A,H,-,A,D,0,NA,NA,NA,Y,Y,NA,F,26,0,0,1,0,0,0,0,0,0,-,-,33.81514,-117.91536,ORANGE,ANAHEIM,-117.91534755,33.81515288
90218755,2016,2016-07-08,9690,2016-07-03,1530,020588,NA,7,2,5,3017,0,1,1,NA,2,059,I-5 S/B (SAN DIEGO FRWY),AVENIDA VAQUERO,340,N,N,A,-,Y,NA,NA,NA,NA,NA,NA,NA,NA,NA,N,4,0,1,2,A,-,03,22350,NA,N,C,C,A,A,D,-,A,D,0,NA,NA,NA,NA,Y,NA,A,01,0,0,1,0,0,0,0,0,0,-,-,33.27188,-117.38678,ORANGE,SAN CLEMENTE,-117.64468829,33.4531659
90219015,2016,2016-07-08,9670,2016-06-29,1052,015587,NA,3,1,3,3006,0,1,3,NA,2,091,SR-91 W/B (RIVERSIDE FREEWAY),CARMENITA ROAD PEDESTRIAN O/C,363,E,N,A,-,Y,NA,NA,91,NA,NA,NA,NA,NA,W,N,4,0,1,3,A,-,03,22350,NA,N,C,C,A,A,H,-,A,D,0,NA,NA,NA,NA,Y,NA,D,22,0,0,1,0,0,0,0,0,0,-,-,33.86171,-118.04049,ORANGE,LA PALMA,-118.04053186,33.8615964
90221022,2016,2016-07-12,9670,2016-06-27,2057,021302,NA,1,2,6,3010,0,1,1,NA,2,040,I-405  (SAN DIEGO FWY) N/B,HEIL AVE. PED. O/C,129,S,N,B,-,Y,NA,NA,405,NA,NA,NA,NA,NA,N,Y,4,0,1,1,A,-,08,22107,NA,N,E,I,A,A,H,-,D,A,0,NA,NA,NA,NA,Y,NA,A,01,0,0,1,0,0,0,0,0,0,-,-,33.72235,-117.97497,ORANGE,HUNTINGTON BEACH,-117.97481355,33.72253172
90221045,2016,2016-07-12,9670,2016-07-07,1000,012927,NA,4,1,5,3003,0,1,3,NA,2,091,SR-91 W/B (RIVERSIDE FWY),HOLDER ST PED O/C,100,E,N,A,-,Y,NA,NA,91,NA,NA,NA,NA,NA,W,N,4,0,1,2,A,-,03,22350,NA,N,C,C,A,A,H,-,A,D,0,NA,NA,NA,NA,Y,NA,A,01,0,0,1,0,0,0,0,0,0,-,-,33.85599,-118.02017,ORANGE,BUENA PARK,-118.02016941,33.85602974
90222811,2016,2016-07-14,9675,2016-07-01,2500,016923,NA,5,4,7,3001,0,1,3,NA,2,093,STATE ROUTE 91 WESTBOUND,TUSTIN AVENUE,116,E,N,A,-,Y,NA,NA,91,NA,NA,NA,NA,NA,W,Y,1,1,0,1,A,-,08,22107,NA,N,E,I,A,A,H,-,D,D,0,NA,NA,Y,NA,Y,Y,C,02,0,0,0,0,0,0,0,1,0,-,-,33.85126,-117.83731,ORANGE,ANAHEIM,-117.83742078,33.85100685
9022320,2019,2020-02-10,3010,2019-12-29,0913,2057,A33,7,5,6,3010,0,0,0,NA,0,002,ATLANTA,NEWLAND,304,W,N,B,-,N,NA,NA,NA,NA,NA,NA,NA,NA,NA,Y,4,0,2,5,A,-,08,22107,NA,N,C,E,A,A,H,-,A,D,0,NA,NA,NA,NA,Y,NA,A,01,0,0,2,0,0,0,0,0,0,-,-,NA,NA,ORANGE,HUNTINGTON BEACH,-117.9807357788086,33.65768051147461
90226753,2016,2016-07-20,9675,2016-07-13,1846,018832,NA,3,2,6,3026,0,1,1,NA,2,406,I-405 S/B FROM CULVER DR E/B,CULVER DR,50,S,N,A,-,Y,NA,NA,405,NA,NA,NA,R,NA,S,Y,3,0,2,2,A,-,03,22350,NA,N,C,C,A,A,H,-,A,D,0,NA,NA,NA,NA,Y,NA,A,01,0,2,0,0,0,0,0,0,0,-,-,33.66871,-117.82333,ORANGE,IRVINE,-117.82333,33.66871
90230423,2016,2016-07-26,9675,2016-07-16,0935,021206,NA,6,1,7,3019,0,1,1,NA,2,502,I-5 SOUTHBOUND TO 4TH STREET,4TH ST,650,N,N,A,-,Y,NA,NA,5,NA,NA,NA,R,NA,S,Y,4,0,1,1,A,-,08,22107,NA,N,E,I,A,A,H,-,A,D,0,NA,NA,NA,NA,Y,NA,A,01,0,0,1,0,0,0,0,0,0,-,-,33.74996,-117.84495,ORANGE,SANTA ANA,-117.84495,33.74996
90230612,2016,2016-07-26,9675,2016-07-19,1740,018539,NA,2,2,6,3015,0,1,3,NA,2,572,SR-57 S/B TO SR-22 E/B,BEDFORD RD,1250,N,N,A,-,Y,NA,NA,NA,NA,NA,NA,NA,NA,NA,Y,2,0,1,2,A,-,03,22350,NA,N,C,C,A,A,H,-,A,D,0,NA,NA,Y,NA,Y,NA,C,02,1,0,0,0,0,0,0,0,1,-,-,33.77715,-117.87338,ORANGE,ORANGE,NA,NA
90230680,2016,2016-07-26,9690,2016-07-23,1155,020588,NA,6,1,4,3018,0,1,1,NA,2,057,I-5 S/B (SAN DIEGO FRWY),SR-74 (ORTEGA HWY),2332,N,N,A,-,Y,NA,NA,NA,NA,NA,NA,NA,NA,NA,Y,2,0,1,2,A,-,03,22350,NA,N,F,I,A,A,H,-,A,D,0,NA,NA,Y,NA,Y,NA,C,02,1,0,0,0,0,0,0,0,1,-,-,33.30532,-117.39653,ORANGE,SAN JUAN CAPISTRANO,NA,NA
90230764,2016,2016-07-26,9670,2016-07-12,1930,018867,NA,2,2,5,3003,0,1,3,NA,2,092,SR-91 EB,KNOTT AVE,200,W,N,A,-,Y,NA,NA,91,NA,NA,NA,NA,NA,E,N,4,0,1,2,A,-,03,22350,NA,N,C,C,A,A,H,-,B,D,0,NA,NA,NA,NA,Y,NA,A,07,0,0,1,0,0,0,0,0,0,-,-,33.85579,-118.01288,ORANGE,BUENA PARK,-118.01288099,33.85587579
90231049,2016,2016-07-27,9675,2016-07-18,1845,020627,NA,1,2,5,3022,0,1,1,NA,2,503,I-5 NORTHBOUND,TUSTIN RANCH RD,100,N,N,A,-,Y,NA,NA,5,NA,NA,NA,NA,NA,N,Y,4,0,1,3,A,-,07,21658,A,N,C,C,A,A,H,-,A,D,0,NA,NA,NA,NA,Y,NA,A,07,0,0,1,0,0,0,0,0,0,-,-,33.72626,-117.80462,ORANGE,TUSTIN,-117.8046099,33.72627513
90232397,2016,2016-07-28,9675,2016-07-20,1210,015109,NA,3,1,4,3002,0,1,3,NA,2,570,SR-57 SOUTHBOUND,TONNER CYN. RD.,528,N,N,A,-,Y,NA,NA,NA,NA,NA,NA,NA,NA,NA,Y,4,0,1,2,A,-,03,22350,NA,N,C,C,A,A,H,-,A,D,0,NA,NA,NA,NA,Y,NA,A,07,0,0,1,0,0,0,0,0,0,-,-,33.94445,-117.87015,ORANGE,BREA,-117.87636054,33.93991531
90232671,2016,2016-07-28,9670,2016-07-02,0955,018516,NA,6,1,7,3001,0,1,1,NA,2,503,I-5 S/B,ORANGEWOOD AVE,450,N,N,B,-,Y,NA,NA,5,NA,NA,NA,NA,NA,S,Y,3,0,2,2,A,-,03,22350,NA,N,C,C,A,A,H,-,A,D,0,NA,NA,NA,NA,Y,NA,A,01,0,1,1,0,0,0,0,0,0,-,-,33.79722,-117.89638,ORANGE,ANAHEIM,-117.89635191,33.79724881
90237113,2016,2016-08-04,9675,2016-07-25,0159,020545,NA,1,3,6,3026,0,1,1,NA,2,504,I-5 NORTHBOUND,JAMBOREE ROAD,910,S,N,A,-,Y,NA,NA,5,NA,NA,NA,NA,NA,N,Y,4,0,1,1,A,-,08,22107,NA,N,B,I,A,A,H,-,D,D,0,NA,NA,NA,NA,Y,NA,A,01,0,0,1,0,0,0,0,0,0,-,-,33.7167,-117.7909,ORANGE,IRVINE,-117.79083549,33.71679299
90237514,2016,2016-08-04,9675,2016-07-22,1610,019954,NA,5,2,6,3026,0,1,1,NA,2,530,I-5 NORTHBOUND,JEFFREY RD,400,S,N,A,-,Y,NA,NA,5,NA,NA,NA,NA,NA,N,N,4,0,2,3,A,-,03,22350,NA,N,C,C,A,A,H,-,A,D,0,NA,NA,NA,NA,Y,NA,D,22,0,0,2,0,0,0,0,0,0,-,-,33.68445,-117.76457,ORANGE,IRVINE,-117.76456503,33.68445328
90239111,2016,2016-08-08,9675,2016-07-31,2225,020027,NA,7,3,6,3026,0,1,3,NA,2,130,SR-133 NORTHBOUND,IRVINE BLVD,300,N,N,A,-,Y,NA,NA,133,NA,NA,NA,NA,NA,N,Y,4,0,1,2,A,-,07,21658,A,N,C,C,A,A,H,-,C,D,0,NA,NA,NA,NA,Y,NA,A,01,0,0,1,0,0,0,0,0,0,-,-,33.68785,-117.74315,ORANGE,IRVINE,-117.74317309,33.68786947
90239490,2016,2016-08-08,9670,2016-07-06,0705,015587,NA,3,1,5,3003,0,1,3,NA,2,092,SR-91 E/B (RIVERSIDE FREEWAY),STANFORD AVE.,300,W,N,A,-,Y,NA,NA,91,NA,NA,NA,NA,NA,E,Y,2,0,3,3,A,-,03,22350,NA,N,B,C,A,A,H,-,A,D,0,NA,NA,NA,NA,Y,NA,A,01,1,0,2,0,0,0,0,0,0,-,-,33.85604,-117.99485,ORANGE,BUENA PARK,-117.99484936,33.8560305
90239607,2016,2016-08-08,9675,2016-07-15,1850,019652,NA,5,2,7,3019,0,1,3,NA,2,572,SR-57 SOUTHBOUND TO I-5 SOUTHBOUND,LA VETA AVE,107,N,N,A,-,Y,NA,NA,57,NA,NA,NA,R,NA,S,Y,2,0,1,1,A,-,08,22107,NA,N,E,C,A,A,H,-,A,D,0,NA,NA,NA,NA,Y,NA,A,07,1,0,0,0,0,0,0,0,0,-,-,33.78026,-117.87879,ORANGE,SANTA ANA,-117.87879,33.78026
90239921,2016,2016-08-08,9690,2016-08-05,1625,020194,NA,5,2,4,3018,0,1,1,NA,2,057,I-5 S/B (SAN DIEGO FRWY),ORTEGA HWY,400,N,N,A,-,Y,NA,NA,NA,NA,NA,NA,NA,NA,NA,N,4,0,1,2,A,-,03,22350,NA,N,C,C,A,A,H,-,A,D,0,NA,NA,NA,NA,Y,NA,D,22,0,0,1,0,0,0,0,0,0,-,-,33.50257,-117.65763,ORANGE,SAN JUAN CAPISTRANO,-117.65880025,33.5034831
90242088,2016,2016-08-10,9675,2016-08-03,1725,015208,NA,3,2,7,3001,0,1,3,NA,2,194,SR-91 E/B,LAKEVIEW AVE. O/C.,100,W,N,A,-,Y,NA,NA,91,NA,NA,NA,NA,NA,E,Y,4,0,1,4,A,-,03,22350,NA,N,C,C,A,A,H,-,A,D,0,NA,NA,NA,NA,Y,NA,D,22,0,0,1,0,0,0,0,0,0,-,-,33.87105,-117.74018,ORANGE,ANAHEIM,-117.74017655,33.87081619
90242893,2016,2016-08-11,9675,2016-08-04,1700,018714,NA,4,2,6,3004,0,1,1,NA,2,405,I-405 N/B (SAN DIEGO FWY),BRISTOL ST,500,S,N,A,-,Y,NA,NA,405,NA,NA,NA,NA,NA,N,N,4,0,1,2,A,-,03,22350,NA,N,C,C,A,A,H,-,A,D,0,NA,NA,NA,NA,Y,NA,A,07,0,0,1,0,0,0,0,0,0,-,-,33.68771,-117.88356,ORANGE,COSTA MESA,-117.88356193,33.68749528