CASE_ID,ACCIDENT_YEAR,PROC_DATE,JURIS,COLLISION_DATE,COLLISION_TIME,OFFICER_ID,REPORTING_DISTRICT,DAY_OF_WEEK,CHP_SHIFT,POPULATION,CNTY_CITY_LOC,SPECIAL_COND,BEAT_TYPE,CHP_BEAT_TYPE,CITY_DIVISION_LAPD,CHP_BEAT_CLASS,BEAT_NUMBER,PRIMARY_RD,SECONDARY_RD,DISTANCE,DIRECTION,INTERSECTION,WEATHER_1,WEATHER_2,STATE_HWY_IND,CALTRANS_COUNTY,CALTRANS_DISTRICT,STATE_ROUTE,ROUTE_SUFFIX,POSTMILE_PREFIX,POSTMILE,LOCATION_TYPE,RAMP_INTERSECTION,SIDE_OF_HWY,TOW_AWAY,COLLISION_SEVERITY,NUMBER_KILLED,NUMBER_INJURED,PARTY_COUNT,PRIMARY_COLL_FACTOR,PCF_CODE_OF_VIOL,PCF_VIOL_CATEGORY,PCF_VIOLATION,PCF_VIOL_SUBSECTION,HIT_AND_RUN,TYPE_OF_COLLISION,MVIW,PED_ACTION,ROAD_SURFACE,ROAD_COND_1,ROAD_COND_2,LIGHTING,CONTROL_DEVICE,CHP_ROAD_TYPE,PEDESTRIAN_ACCIDENT,BICYCLE_ACCIDENT,MOTORCYCLE_ACCIDENT,TRUCK_ACCIDENT,NOT_PRIVATE_PROPERTY,ALCOHOL_INVOLVED,STWD_VEHTYPE_AT_FAULT,CHP_VEHTYPE_AT_FAULT,COUNT_SEVERE_INJ,COUNT_VISIBLE_INJ,COUNT_COMPLAINT_PAIN,COUNT_PED_KILLED,COUNT_PED_INJURED,COUNT_BICYCLIST_KILLED,COUNT_BICYCLIST_INJURED,COUNT_MC_KILLED,COUNT_MC_INJURED,PRIMARY_RAMP,SECONDARY_RAMP,LATITUDE,LONGITUDE,COUNTY,CITY,POINT_X,POINT_Y
90921991,2019,2019-02-08,9690,2019-02-06,1540,015035,NA,3,2,5,3017,0,1,1,NA,2,059,I-5 S/B (SAN DIEGO FRWY),AVENIDA PICO,1584,N,N,A,-,Y,NA,NA,5,NA,NA,NA,NA,NA,S,Y,4,0,6,3,A,-,03,22350,NA,N,C,C,A,A,H,-,A,A,0,NA,NA,NA,NA,Y,NA,A,07,0,0,6,0,0,0,0,0,0,-,-,33.44289016723633,-117.62890625,ORANGE,SAN CLEMENTE,-117.62879943847656,33.443023681640625
90922200,2019,2019-02-08,9690,2019-02-06,1627,014765,NA,3,2,5,3028,0,1,1,NA,2,056,I-5 N/B (SAN DIEGO FRWY),LA PAZ RD,1584,S,N,A,-,Y,NA,NA,5,NA,NA,NA,NA,NA,N,Y,4,0,1,3,C,-,18,NA,NA,N,D,C,A,A,H,-,A,D,0,NA,NA,NA,Y,Y,NA,-,-,0,0,1,0,0,0,0,0,0,-,-,33.591400146484375,-117.67146301269533,ORANGE,MISSION VIEJO,-117.67155456542967,33.591392517089844
90923444,2019,2019-02-11,9670,2019-02-03,1100,022081,NA,7,1,7,3001,0,1,1,NA,2,501,I-5 S/B TO SR-91 E/B,ORANGETHORPE AVENUE O/C,1000,S,N,B,C,Y,NA,NA,5,NA,NA,NA,R,NA,S,Y,4,0,1,2,A,-,03,22350,NA,N,B,C,A,B,H,-,A,D,0,NA,NA,NA,NA,Y,NA,A,01,0,0,1,0,0,0,0,0,0,-,-,33.8565788269043,-117.98039245605467,ORANGE,ANAHEIM,-117.98039245605467,33.8565788269043
90924142,2019,2019-02-12,9675,2019-02-06,1750,021397,NA,3,2,6,3026,0,1,1,NA,2,406,I-405 SOUTHBOUND,VON KARMAN AVE,545,S,N,A,-,Y,NA,NA,405,NA,NA,NA,NA,NA,S,N,4,0,1,2,A,-,03,22350,NA,M,C,C,A,A,H,-,A,D,0,NA,NA,NA,NA,Y,NA,-,99,0,0,1,0,0,0,0,0,0,-,-,33.679779052734375,-117.85073089599608,ORANGE,IRVINE,-117.85072326660156,33.6797981262207
90924699,2019,2019-02-12,9675,2019-02-06,1840,021983,NA,3,2,6,3015,0,1,1,NA,2,502,I-5 SOUTHBOUND,CHAPMAN AVE,200,N,N,A,-,Y,NA,NA,5,NA,NA,NA,NA,NA,S,Y,4,0,1,2,A,-,03,22350,NA,N,C,C,A,A,H,-,D,D,0,NA,NA,NA,NA,Y,NA,A,07,0,0,1,0,0,0,0,0,0,-,-,33.78828811645508,-117.88632965087892,ORANGE,ORANGE,-117.8864974975586,33.78813171386719
90925476,2019,2019-02-13,9690,2019-02-07,1640,017313,NA,4,2,5,3028,0,1,1,NA,2,056,I-5 S/B (SAN DIEGO FRWY),OSO PKWY,2640,N,N,A,-,Y,NA,NA,5,NA,NA,NA,NA,NA,S,Y,4,0,2,2,A,-,03,22350,NA,N,C,C,A,A,H,-,A,D,0,NA,NA,NA,NA,Y,NA,D,22,0,0,2,0,0,0,0,0,0,-,-,33.590728759765625,-117.6718292236328,ORANGE,MISSION VIEJO,-117.67176818847656,33.590728759765625
90926151,2019,2019-02-14,9675,2019-02-07,0033,020699,NA,4,3,6,3026,0,1,3,NA,2,073,SR-73 SOUTHBOUND,BONITA CYN DR,380,S,N,A,-,Y,NA,NA,73,NA,NA,NA,NA,NA,S,Y,3,0,1,1,A,-,08,22107,NA,N,E,J,A,A,H,-,C,D,0,NA,NA,NA,NA,Y,NA,A,01,0,1,0,0,0,0,0,0,0,-,-,33.630348205566406,-117.84088897705078,ORANGE,IRVINE,-117.8408660888672,33.63043212890625
90927669,2019,2019-02-15,9690,2019-02-14,0635,017932,NA,4,1,5,3050,0,1,3,NA,2,041,SR 241 N/B (FOOTHILL TRANS CORRIDOR),EL TORO ROAD,1000,N,N,B,C,Y,NA,NA,241,NA,NA,NA,NA,NA,N,Y,4,0,1,1,A,-,08,22107,NA,N,E,I,A,B,H,-,B,D,0,NA,NA,NA,NA,Y,NA,A,01,0,0,1,0,0,0,0,0,0,-,-,33.66395950317383,-117.64034271240234,ORANGE,LAKE FOREST,-117.64036560058594,33.66389846801758
90928821,2019,2019-02-19,9670,2019-02-12,0905,021821,NA,2,1,6,3008,0,1,3,NA,2,094,SR-91 E/B,MAGNOLIA AVE,260,E,N,A,-,Y,NA,NA,91,NA,NA,NA,NA,NA,E,Y,4,0,2,2,A,-,03,22350,NA,N,C,C,A,A,H,-,A,D,0,NA,NA,NA,NA,Y,NA,A,07,0,0,2,0,0,0,0,0,0,-,-,33.85681915283203,-117.97527313232422,ORANGE,FULLERTON,-117.97527313232422,33.8568229675293
90930001,2018,2019-02-20,9675,2018-11-02,0533,022058,NA,5,3,6,3004,0,1,1,NA,2,405,I-405 N/B TO HARBOR BLVD COLLECTOR RD,FAIRVIEW ROAD,1121,S,N,A,-,Y,NA,NA,405,NA,NA,NA,R,NA,N,Y,1,1,0,3,A,-,03,22350,NA,N,C,C,A,A,H,-,D,D,0,NA,NA,Y,Y,Y,NA,C,02,0,0,0,0,0,0,0,1,0,-,-,33.68819046020508,-117.90431213378906,ORANGE,COSTA MESA,-117.90431213378906,33.68819046020508
90931829,2019,2019-02-22,9675,2019-02-14,0550,018039,NA,4,3,5,3022,0,1,3,NA,2,551,SR-55 NORTHBOUND,17TH STREET,180,N,N,C,-,Y,NA,NA,55,NA,NA,NA,NA,NA,N,Y,4,0,1,1,A,-,03,22350,NA,N,E,I,A,B,H,-,C,D,0,NA,NA,NA,NA,Y,NA,A,01,0,0,1,0,0,0,0,0,0,-,-,33.76081085205078,-117.83075714111328,ORANGE,TUSTIN,-117.83090972900392,33.76081466674805
90932163,2019,2019-02-22,9675,2019-02-16,0956,018834,NA,6,1,7,3001,0,1,3,NA,2,094,SR-91 WESTBOUND,IMPERIAL HIGHWAY,3000,E,N,A,-,Y,NA,NA,91,NA,NA,NA,NA,NA,W,Y,4,0,1,2,A,-,03,22350,NA,N,C,C,A,A,H,-,A,D,0,NA,NA,NA,Y,Y,NA,F,26,0,0,1,0,0,0,0,0,0,-,-,33.86103820800781,-117.77657318115234,ORANGE,ANAHEIM,-117.77650451660156,33.86090850830078
90932646,2019,2019-02-25,9675,2019-02-15,0236,021914,NA,5,3,7,3001,0,1,3,NA,2,095,SR-91 EASTBOUND,COAL CYN RD,3660,E,N,C,-,Y,NA,NA,91,NA,NA,NA,NA,NA,E,Y,3,0,2,2,A,-,03,22350,NA,N,E,I,A,B,H,-,D,D,0,NA,NA,NA,NA,Y,NA,A,01,0,1,1,0,0,0,0,0,0,-,-,33.8686408996582,-117.67574310302734,ORANGE,ANAHEIM,-117.67575073242188,33.86874771118164
90932732,2018,2019-02-25,9675,2018-12-07,1815,021397,NA,5,2,7,3001,0,1,3,NA,2,571,SR-57 NORTHBOUND,SR-91 WESTBOUND,1560,S,N,A,-,Y,NA,NA,57,NA,NA,NA,NA,NA,N,Y,4,0,1,2,A,-,03,22350,NA,F,C,C,A,A,H,-,D,D,0,NA,NA,NA,NA,Y,NA,-,99,0,0,1,0,0,0,0,0,0,-,-,33.847171783447266,-117.87589263916016,ORANGE,ANAHEIM,-117.87590026855467,33.847171783447266
90932806,2019,2019-02-25,9690,2019-02-14,0730,018526,NA,4,1,5,3017,0,1,1,NA,2,059,I-5 S/B (SAN DIEGO FRWY),CAMINO DE ESTRELLA,1300,S,N,C,-,Y,NA,NA,5,NA,NA,NA,NA,NA,S,Y,4,0,2,2,D,-,00,NA,NA,N,C,C,A,B,H,-,A,D,0,NA,NA,NA,NA,Y,NA,-,-,0,0,2,0,0,0,0,0,0,-,-,33.45521926879883,-117.64981079101563,ORANGE,SAN CLEMENTE,-117.64974975585938,33.45535659790039
90932936,2019,2019-02-25,9675,2019-02-14,0020,019888,NA,4,3,6,3015,0,1,3,NA,2,572,SR-57 SOUTHBOUND,ORANGEWOOD AVE,520,S,N,C,-,Y,NA,NA,57,NA,NA,NA,NA,NA,S,Y,3,0,1,1,A,-,03,22350,NA,N,F,A,A,B,H,-,C,D,0,NA,NA,NA,NA,Y,NA,D,22,0,1,0,0,0,0,0,0,0,-,-,33.7947883605957,-117.87866973876952,ORANGE,ORANGE,-117.87845611572266,33.794673919677734
90933744,2019,2019-02-26,9670,2019-02-19,1210,015207,NA,2,1,7,3001,0,1,3,NA,2,094,SR-91 E/B,EUCLID ST.,1056,W,N,A,-,Y,NA,NA,91,NA,NA,NA,NA,NA,E,Y,3,0,1,4,A,-,03,22350,NA,N,C,C,A,A,H,-,A,D,0,NA,NA,NA,Y,Y,NA,G,25,0,1,0,0,0,0,0,0,0,-,-,33.85422897338867,-117.94767761230467,ORANGE,ANAHEIM,-117.94767761230467,33.854000091552734
90938823,2019,2019-03-04,9675,2019-03-01,1145,019942,NA,5,1,7,3001,0,1,3,NA,2,094,SR-91 WESTBOUND,IMPERIAL HIGHWAY,500,W,N,B,-,Y,NA,NA,91,NA,NA,NA,NA,NA,W,Y,4,0,1,3,A,-,03,22350,NA,N,C,C,A,A,H,-,A,D,0,NA,NA,NA,NA,Y,NA,D,22,0,0,1,0,0,0,0,0,0,-,-,33.85445022583008,-117.79882049560548,ORANGE,ANAHEIM,-117.79882049560548,33.8544921875
90942907,2019,2019-03-11,9675,2019-03-01,1615,021322,NA,5,2,7,3001,0,1,3,NA,2,093,SR-91 EASTBOUND,KRAEMER BLVD,1700,E,N,A,-,Y,NA,NA,91,NA,NA,NA,NA,NA,E,Y,2,0,1,3,A,-,03,22350,NA,F,F,A,A,A,H,-,A,D,0,NA,NA,Y,NA,Y,NA,C,02,1,0,0,0,0,0,0,0,1,-,-,33.84986114501953,-117.84748077392578,ORANGE,ANAHEIM,-117.84747314453124,33.8498420715332
90944098,2019,2019-03-12,9670,2019-03-06,0520,018516,NA,3,3,5,3003,0,1,3,NA,2,092,SR-91 E/B FROM N/B BEACH BLVD.,BEACH BLVD,270,E,N,B,-,Y,NA,NA,91,NA,NA,NA,R,NA,E,Y,4,0,1,1,A,-,08,22107,NA,N,F,J,A,B,H,-,D,D,0,NA,NA,NA,NA,Y,NA,A,01,0,0,1,0,0,0,0,0,0,-,-,33.85559844970703,-117.99690246582033,ORANGE,BUENA PARK,-117.99690246582033,33.85559844970703
90944258,2019,2019-03-12,9670,2019-03-11,1855,019690,NA,1,2,4,3020,0,1,1,NA,2,044,I-405 N/B,SEAL BEACH BLVD,800,N,N,B,-,Y,NA,NA,405,NA,NA,NA,NA,NA,N,N,4,0,1,2,A,-,07,21658,A,F,B,C,A,A,D,E,D,D,0,NA,NA,NA,NA,Y,NA,-,99,0,0,1,0,0,0,0,0,0,-,-,33.77471160888672,-118.08062744140624,ORANGE,SEAL BEACH,-118.08062744140624,33.7745361328125
90944634,2019,2019-03-12,9670,2019-03-09,1440,020175,NA,6,2,5,3003,0,1,3,NA,2,091,SR-91 W/B,KNOTT AVE,528,E,N,A,-,Y,NA,NA,91,NA,NA,NA,NA,NA,W,Y,4,0,1,2,A,-,03,22350,NA,N,C,C,A,A,H,-,A,D,0,NA,NA,NA,NA,Y,NA,A,07,0,0,1,0,0,0,0,0,0,-,-,33.856239318847656,-118.00511932373048,ORANGE,BUENA PARK,-118.00511932373048,33.85612487792969
90945022,2019,2019-03-13,9690,2019-03-07,0120,020629,NA,4,3,5,3028,0,1,1,NA,2,056,I-5 S/B TO CROWN VALLEY PARKWAY,CROWN VALLEY PKWY,125,N,N,C,-,Y,NA,NA,5,NA,NA,NA,R,NA,S,Y,2,0,1,1,A,-,01,23152,F,N,E,I,A,B,H,-,C,D,0,NA,NA,NA,NA,Y,NA,A,01,1,0,0,0,0,0,0,0,0,-,-,33.55950164794922,-117.67359924316406,ORANGE,MISSION VIEJO,-117.67359924316406,33.55950164794922
90945051,2019,2019-03-13,9670,2019-03-04,0000,021733,NA,1,3,4,3020,0,1,1,NA,2,045,I-405 S/B,SEAL BEACH BLVD,3960,S,N,A,-,Y,NA,NA,405,NA,NA,NA,NA,NA,S,Y,4,0,1,2,A,-,03,22350,NA,N,C,C,A,A,D,E,C,D,0,NA,NA,NA,NA,Y,NA,A,01,0,0,1,0,0,0,0,0,0,-,-,33.774139404296875,-118.06424713134766,ORANGE,SEAL BEACH,-118.06424713134766,33.77423095703125
9094568,2020,2020-06-30,3000,2020-03-10,1242,5805,891G3,2,5,5,3050,0,0,0,NA,0,764,LAKE FOREST DR,TOLEDO WY,817,W,N,C,-,N,NA,NA,NA,NA,NA,NA,NA,NA,NA,Y,4,0,1,1,A,-,08,22107,NA,N,E,I,A,B,H,-,A,A,0,NA,NA,NA,NA,Y,NA,A,01,0,0,1,0,0,0,0,0,0,-,-,NA,NA,ORANGE,LAKE FOREST,-117.70012664794922,33.64152526855469
90946121,2019,2019-03-14,9675,2019-03-04,1413,020545,NA,1,2,7,3019,0,1,3,NA,2,552,SR-55 NORTHBOUND,DYER RD,1250,S,N,A,-,Y,NA,NA,55,NA,NA,NA,NA,NA,N,N,4,0,1,2,A,-,03,22350,NA,N,C,C,A,A,H,-,A,D,0,NA,NA,Y,NA,Y,NA,C,02,0,0,1,0,0,0,0,0,1,-,-,33.70608901977539,-117.85399627685548,ORANGE,SANTA ANA,-117.85413360595705,33.70622253417969
90946211,2019,2019-03-14,9670,2019-03-03,0317,021071,NA,7,3,3,3006,0,1,3,NA,2,092,SR-91 E/B,WALKER ST,1056,W,N,B,-,Y,NA,NA,91,NA,NA,NA,NA,NA,E,Y,3,0,1,1,A,-,01,23152,A,N,E,I,A,B,H,-,C,D,0,NA,NA,NA,NA,Y,Y,A,07,0,1,0,0,0,0,0,0,0,-,-,33.86130905151367,-118.04013061523438,ORANGE,LA PALMA,-118.0401611328125,33.86124038696289
9094682,2020,2020-08-18,3008,2020-04-26,1757,1526,ZONE2,7,5,6,3008,0,0,0,NA,0,NA,HARBOR BL,ORANGETHORPE AV,0,NA,Y,A,-,N,NA,NA,NA,NA,NA,NA,NA,NA,NA,Y,3,0,2,2,A,-,12,21453,A,N,D,C,A,A,H,-,A,A,0,NA,NA,NA,NA,Y,NA,A,07,0,1,1,0,0,0,0,0,0,-,-,NA,NA,ORANGE,FULLERTON,-117.92436981201172,33.859500885009766
9094698,2020,2020-09-21,3022,2020-04-16,1300,1169,NA,4,5,5,3022,0,0,0,NA,0,NA,NEWPORT AV,EL CAMINO REAL,134,N,N,A,-,N,NA,NA,NA,NA,NA,NA,NA,NA,NA,NA,2,0,1,2,A,-,10,21952,NA,N,G,B,D,A,H,-,A,D,0,Y,NA,NA,NA,Y,NA,A,07,1,0,0,0,1,0,0,0,0,-,-,33.73807144165039,-117.82225036621094,ORANGE,TUSTIN,-117.82194519042967,33.73841857910156
90948549,2019,2019-03-19,9675,2019-03-08,1435,021322,NA,5,2,7,3001,0,1,3,NA,2,572,SR-57 SOUTHBOUND,KATELLA AVE,1300,N,N,A,-,Y,NA,NA,57,NA,NA,NA,NA,NA,S,N,4,0,1,3,A,-,03,22350,NA,N,C,C,A,A,H,-,A,D,0,NA,NA,NA,NA,Y,NA,A,07,0,0,1,0,0,0,0,0,0,-,-,33.810279846191406,-117.87911224365234,ORANGE,ANAHEIM,-117.87908935546876,33.810272216796875
9095022,2020,2020-11-03,3009,2020-05-11,1402,4767,084,1,5,6,3009,0,0,0,NA,0,1 3,GARDEN GROVE BL,GILBERT ST,0,NA,Y,A,-,N,NA,NA,NA,NA,NA,NA,NA,NA,NA,Y,3,0,2,2,A,-,12,21453,A,N,D,C,A,A,H,-,A,A,0,NA,NA,NA,NA,Y,NA,-,-,0,2,0,0,0,0,0,0,0,-,-,NA,NA,ORANGE,GARDEN GROVE,-117.96700286865234,33.77397155761719
90950963,2019,2019-03-21,9670,2019-03-20,0728,016209,NA,3,1,7,3001,0,1,1,NA,2,501,I-5 S/B (SANTA ANA FREEWAY),MAGNOLIA ST.,200,S,N,A,B,Y,NA,NA,5,NA,NA,NA,NA,NA,S,Y,4,0,1,2,A,-,03,22350,NA,N,C,C,A,A,H,-,A,D,0,NA,NA,NA,NA,Y,NA,A,01,0,0,1,0,0,0,0,0,0,-,-,33.85411834716797,-117.97550201416016,ORANGE,ANAHEIM,-117.97542572021484,33.854209899902344
90952543,2019,2019-03-25,9670,2019-03-21,1555,019304,NA,4,2,7,3001,0,1,1,NA,2,502,I-5 N/B,BALL RD,100,S,N,B,-,Y,NA,NA,5,NA,NA,NA,NA,NA,N,N,4,0,1,2,A,-,03,22350,NA,N,C,C,A,A,H,-,A,D,0,NA,NA,NA,NA,Y,NA,D,22,0,0,1,0,0,0,0,0,0,-,-,33.81760025024414,-117.91734313964844,ORANGE,ANAHEIM,-117.91733551025392,33.817604064941406
90952612,2019,2019-03-25,9675,2019-03-17,1705,021960,NA,7,2,7,3019,0,1,1,NA,2,520,I-5 N/B,4TH ST,300,S,N,A,-,Y,NA,NA,5,NA,NA,NA,NA,NA,N,Y,3,0,4,2,A,-,03,22350,NA,N,C,C,A,A,H,-,A,D,0,NA,NA,NA,NA,Y,NA,A,01,0,1,3,0,0,0,0,0,0,-,-,33.74721145629883,-117.8427963256836,ORANGE,SANTA ANA,-117.84276580810548,33.747222900390625
90953213,2019,2019-03-26,9675,2019-03-14,0800,019979,NA,4,1,7,3019,0,1,3,NA,2,222,SR-22 EASTBOUND,MAIN ST,300,W,N,A,-,Y,NA,NA,22,NA,NA,NA,NA,NA,E,N,3,0,1,2,A,-,03,22350,NA,F,C,C,A,A,H,-,A,D,0,NA,NA,NA,NA,Y,NA,-,99,0,1,0,0,0,0,0,0,0,-,-,33.7781982421875,-117.86853790283205,ORANGE,SANTA ANA,-117.86853790283205,33.778175354003906
90953650,2019,2019-03-26,9675,2019-03-19,1044,016923,NA,2,1,7,3001,0,1,3,NA,2,093,SR-91 W/B (RIVERSIDE FWY),ATSF RXR,200,W,N,A,-,Y,NA,NA,91,NA,NA,NA,NA,NA,W,Y,2,0,3,3,A,-,07,21658,A,F,C,C,A,A,H,-,A,D,0,NA,NA,NA,NA,Y,NA,D,22,1,0,2,0,0,0,0,0,0,-,-,33.851318359375,-117.84323120117188,ORANGE,ANAHEIM,-117.84317779541016,33.85112380981445
90955136,2019,2019-03-28,9675,2019-03-19,1015,015914,NA,2,1,9,3000,0,3,5,NA,2,004,20362 SANTA ANA AVE.,MESA DR,300,N,N,A,-,N,NA,NA,NA,NA,NA,NA,NA,NA,NA,N,4,0,1,2,A,-,05,21650,NA,N,D,G,A,A,H,-,A,D,0,NA,Y,NA,NA,Y,NA,L,04,0,0,1,0,0,0,1,0,0,-,-,33.662498474121094,-117.88610076904295,ORANGE,UNINCORPORATED,-117.88701629638672,33.66161346435547
90955518,2019,2019-03-28,9675,2019-03-25,1650,019938,NA,1,2,6,3004,0,1,1,NA,2,405,I-405 NORTHBOUND TO SR-55 SOUTHBOUND,PAULARINO AVE,1317,N,N,A,-,Y,NA,NA,NA,NA,NA,NA,NA,NA,NA,Y,4,0,1,2,A,-,03,22350,NA,N,C,C,A,A,H,-,A,D,0,NA,NA,NA,NA,Y,NA,A,01,0,0,1,0,0,0,0,0,0,-,-,33.417171478271484,-117.52307891845705,ORANGE,COSTA MESA,NA,NA
90955907,2019,2019-03-28,9675,2019-03-21,0845,019979,NA,4,1,6,3026,0,1,1,NA,2,504,I-5 SOUTHBOUND,ALTON PKWY,1005,N,N,A,-,Y,NA,NA,5,NA,NA,NA,NA,NA,S,Y,3,0,1,2,A,-,03,22350,NA,N,C,C,A,A,H,-,A,D,0,NA,NA,NA,NA,Y,NA,A,01,0,1,0,0,0,0,0,0,0,-,-,33.65855026245117,-117.74648284912108,ORANGE,IRVINE,-117.74645233154295,33.658573150634766
90958022,2019,2019-04-01,9675,2019-03-24,1340,021809,NA,7,1,5,3022,0,1,1,NA,2,503,I-5 S/B,TUSTIN RANCH RD,400,N,N,A,-,Y,NA,NA,5,NA,NA,NA,NA,NA,S,Y,4,0,1,4,A,-,07,21658,A,N,B,C,A,A,H,-,A,D,0,NA,NA,NA,NA,Y,NA,A,01,0,0,1,0,0,0,0,0,0,-,-,33.72610092163086,-117.80518341064452,ORANGE,TUSTIN,-117.80509185791016,33.72623062133789
90961596,2019,2019-04-05,9675,2019-03-28,1730,020240,NA,4,2,7,3001,0,1,3,NA,2,093,SR-91 EASTBOUND,TUSTIN AVE,523,E,N,A,-,Y,NA,NA,91,NA,NA,NA,NA,NA,E,Y,4,0,1,2,A,-,08,22107,NA,N,F,A,A,A,H,-,A,D,0,NA,NA,Y,NA,Y,NA,C,02,0,0,1,0,0,0,0,0,1,-,-,33.85026168823242,-117.83627319335938,ORANGE,ANAHEIM,-117.83628845214844,33.85023880004883
90964078,2019,2019-04-09,9670,2019-04-03,1650,019138,NA,3,2,5,3007,0,1,1,NA,2,400,I-405 NB (SAN DIEGO FREEWAY),BROOKHURST ST,250,N,N,A,-,Y,NA,NA,405,NA,NA,NA,NA,NA,N,N,4,0,2,2,A,-,03,22350,NA,N,C,C,A,A,H,-,A,D,0,NA,NA,NA,NA,Y,NA,A,01,0,0,2,0,0,0,0,0,0,-,-,33.705970764160156,-117.95510864257813,ORANGE,FOUNTAIN VALLEY,-117.9550552368164,33.70603561401367
90967910,2019,2019-04-15,9670,2019-04-06,1030,018757,NA,6,1,6,3009,0,1,3,NA,2,020,SR-22 E/B FROM BEACH BLVD.,BEACH BLVD,10,E,N,A,-,Y,NA,NA,22,NA,NA,NA,R,NA,E,Y,4,0,3,3,A,-,03,22350,NA,N,C,C,A,A,H,-,A,D,0,NA,NA,NA,NA,Y,NA,A,01,0,0,3,0,0,0,0,0,0,-,-,33.77090072631836,-117.99240112304688,ORANGE,GARDEN GROVE,-117.99240112304688,33.77090072631836
90968344,2019,2019-04-25,9670,2019-04-14,2118,021715,NA,7,2,7,3001,0,1,3,NA,2,094,SR-91 E/B,HARBOR BLVD,500,W,N,A,-,Y,NA,NA,91,NA,NA,NA,NA,NA,E,N,3,0,1,2,A,-,03,22350,NA,F,C,C,A,A,H,-,D,D,0,NA,NA,NA,NA,Y,NA,-,99,0,1,0,0,0,0,0,0,0,-,-,33.85395050048828,-117.93097686767578,ORANGE,ANAHEIM,-117.93096923828124,33.85408401489258
9096900,2020,2020-10-13,3012,2020-05-03,0728,667,13,7,5,5,3012,0,0,0,NA,0,0NW,BEACH BL,WHITTIER BL,462,S,N,A,-,Y,ORA,12,39,-,-,20.61,H,-,N,Y,4,0,2,2,A,-,03,22350,NA,N,C,C,A,A,H,-,A,A,0,NA,NA,NA,NA,Y,NA,A,01,0,0,2,0,0,0,0,0,0,-,-,NA,NA,ORANGE,LA HABRA,-117.96784210205078,33.9389533996582
90969273,2019,2019-04-17,9675,2019-04-09,1238,017773,NA,2,1,6,3004,0,1,3,NA,2,553,SR-55 N/B,BAKER ST,1056,S,N,A,-,Y,NA,NA,55,NA,NA,NA,NA,NA,N,N,4,0,1,2,A,-,03,22350,NA,N,C,C,A,A,H,-,A,D,0,NA,NA,NA,NA,Y,NA,A,01,0,0,1,0,0,0,0,0,0,-,-,33.67879867553711,-117.88009643554688,ORANGE,COSTA MESA,-117.88026428222656,33.678951263427734
9097351,2020,2020-11-10,3001,2020-05-17,0534,A2537,D1,7,5,7,3001,0,0,0,NA,0,0D1,DALE AV,BALL RD,240,S,N,A,-,N,NA,NA,NA,NA,NA,NA,NA,NA,NA,Y,3,0,1,3,A,-,01,23152,A,N,C,E,A,A,H,-,B,D,0,NA,NA,NA,NA,Y,Y,A,01,0,1,0,0,0,0,0,0,0,-,-,33.81772994995117,-117.98461151123048,ORANGE,ANAHEIM,-117.98455047607422,33.81686019897461
9097358,2020,2020-11-10,3015,2020-05-19,1320,1419,65E,2,5,6,3015,0,0,0,NA,0,722M,TUSTIN ST,ADAMS AV,120,S,N,A,-,N,NA,NA,NA,NA,NA,NA,NA,NA,NA,N,4,0,1,2,A,-,09,21804,A,N,D,G,A,A,H,-,A,A,0,NA,Y,NA,NA,Y,NA,A,01,0,0,1,0,0,0,1,0,0,-,-,33.806419372558594,-117.83583068847656,ORANGE,ORANGE,-117.83570098876952,33.80635070800781
90973896,2019,2019-04-24,9675,2019-04-14,1644,021960,NA,7,2,7,3001,0,1,3,NA,2,094,SR-91 E/B,WEIR CYN RD,2640,W,N,A,-,Y,NA,NA,91,NA,NA,NA,NA,NA,E,N,4,0,1,3,A,-,03,22350,NA,N,C,C,A,A,H,-,A,D,0,NA,NA,NA,NA,Y,NA,A,07,0,0,1,0,0,0,0,0,0,-,-,33.86909866333008,-117.75308227539063,ORANGE,ANAHEIM,-117.75308227539063,33.869110107421875
90974044,2019,2019-04-24,9675,2019-04-16,1722,019938,NA,2,2,6,3026,0,1,1,NA,2,503,I-5 NORTHBOUND,CULVER DR,663,S,N,B,-,Y,NA,NA,NA,NA,NA,NA,NA,NA,NA,Y,4,0,1,2,A,-,03,22350,NA,N,C,C,A,A,H,-,A,D,0,NA,NA,Y,NA,Y,NA,C,02,0,0,1,0,0,0,0,0,1,-,-,33.42306900024414,-117.46511840820313,ORANGE,IRVINE,-117.78090667724608,33.708805084228516