CASE_ID,ACCIDENT_YEAR,PROC_DATE,JURIS,COLLISION_DATE,COLLISION_TIME,OFFICER_ID,REPORTING_DISTRICT,DAY_OF_WEEK,CHP_SHIFT,POPULATION,CNTY_CITY_LOC,SPECIAL_COND,BEAT_TYPE,CHP_BEAT_TYPE,CITY_DIVISION_LAPD,CHP_BEAT_CLASS,BEAT_NUMBER,PRIMARY_RD,SECONDARY_RD,DISTANCE,DIRECTION,INTERSECTION,WEATHER_1,WEATHER_2,STATE_HWY_IND,CALTRANS_COUNTY,CALTRANS_DISTRICT,STATE_ROUTE,ROUTE_SUFFIX,POSTMILE_PREFIX,POSTMILE,LOCATION_TYPE,RAMP_INTERSECTION,SIDE_OF_HWY,TOW_AWAY,COLLISION_SEVERITY,NUMBER_KILLED,NUMBER_INJURED,PARTY_COUNT,PRIMARY_COLL_FACTOR,PCF_CODE_OF_VIOL,PCF_VIOL_CATEGORY,PCF_VIOLATION,PCF_VIOL_SUBSECTION,HIT_AND_RUN,TYPE_OF_COLLISION,MVIW,PED_ACTION,ROAD_SURFACE,ROAD_COND_1,ROAD_COND_2,LIGHTING,CONTROL_DEVICE,CHP_ROAD_TYPE,PEDESTRIAN_ACCIDENT,BICYCLE_ACCIDENT,MOTORCYCLE_ACCIDENT,TRUCK_ACCIDENT,NOT_PRIVATE_PROPERTY,ALCOHOL_INVOLVED,STWD_VEHTYPE_AT_FAULT,CHP_VEHTYPE_AT_FAULT,COUNT_SEVERE_INJ,COUNT_VISIBLE_INJ,COUNT_COMPLAINT_PAIN,COUNT_PED_KILLED,COUNT_PED_INJURED,COUNT_BICYCLIST_KILLED,COUNT_BICYCLIST_INJURED,COUNT_MC_KILLED,COUNT_MC_INJURED,PRIMARY_RAMP,SECONDARY_RAMP,LATITUDE,LONGITUDE,COUNTY,CITY,POINT_X,POINT_Y
91044009,2019,2019-08-02,9670,2019-07-30,0615,018757,NA,2,1,4,3020,0,1,1,NA,2,045,I-405 S/B,BOLSA CHICA RD,1000,N,N,B,-,Y,NA,NA,405,NA,NA,NA,NA,NA,S,Y,4,0,1,4,A,-,03,22350,NA,N,C,C,A,A,C,D,A,D,0,NA,NA,NA,NA,Y,NA,A,07,0,0,1,0,0,0,0,0,0,-,-,33.77450180053711,-118.04409790039063,ORANGE,SEAL BEACH,-118.04408264160156,33.774627685546875
9104413,2019,2020-07-21,3008,2019-11-22,1154,1195,ZONE2,5,5,6,3008,0,0,0,NA,0,NA,EUCLID ST,BAKER AV,435,S,N,A,-,N,NA,NA,NA,NA,NA,NA,NA,NA,NA,Y,4,0,1,3,A,-,03,22350,NA,N,C,C,A,A,H,-,A,D,0,NA,NA,NA,NA,Y,NA,A,01,0,0,1,0,0,0,0,0,0,-,-,NA,NA,ORANGE,FULLERTON,-117.94181823730467,33.85572052001953
91051887,2019,2019-08-14,9690,2019-08-12,1410,014765,NA,1,2,9,3000,0,3,5,NA,2,004,SIENNA PARKWAY,BLAKEMORE DRIVE,0,NA,Y,A,-,N,NA,NA,NA,NA,NA,NA,NA,NA,NA,Y,3,0,2,2,A,-,09,21801,A,N,D,C,A,A,H,-,A,A,0,NA,NA,NA,NA,Y,NA,A,01,0,2,0,0,0,0,0,0,0,-,-,33.34640884399414,-117.37557220458984,ORANGE,UNINCORPORATED,-117.63221740722656,33.56840133666992
9105457,2020,2020-12-01,3002,2020-05-27,1840,1694,NA,3,5,4,3002,0,0,0,NA,0,012,CARBON CANYON RD,OLINDA DR,1320,E,N,B,-,Y,ORA,12,142,-,-,4.73,H,-,W,Y,4,0,2,2,A,-,21,22106,NA,N,D,C,A,A,H,-,B,D,0,NA,NA,NA,NA,Y,NA,A,01,0,0,2,0,0,0,0,0,0,-,-,33.925899505615234,-117.80207824707033,ORANGE,BREA,-117.79913330078124,33.92836380004883
91055365,2019,2019-08-20,9675,2019-08-13,1033,021941,NA,2,1,4,3002,0,1,3,NA,2,570,SR-57 S/B,LAMBERT RD,2750,N,N,A,-,Y,NA,NA,57,NA,NA,NA,NA,NA,S,Y,3,0,1,3,A,-,03,22350,NA,N,C,C,A,A,H,-,A,D,0,NA,NA,NA,NA,Y,NA,A,07,0,1,0,0,0,0,0,0,0,-,-,33.932830810546875,-117.87922668457033,ORANGE,BREA,-117.87928009033205,33.93284606933594
91056257,2019,2019-08-21,9690,2019-08-18,0150,020496,NA,7,3,9,3000,0,1,3,NA,2,072,SR 73 S/B (SAN JOAQUIN HILLS TRANS COR),SR 133 (LAGUNA CANYON ROAD),2640,N,N,A,-,Y,NA,NA,73,NA,NA,NA,NA,NA,S,Y,3,0,1,1,A,-,01,23152,A,N,E,I,A,A,H,-,D,D,0,NA,NA,NA,NA,Y,Y,A,07,0,1,0,0,0,0,0,0,0,-,-,33.59878158569336,-117.77496337890624,ORANGE,UNINCORPORATED,-117.7749481201172,33.59885787963867
91057216,2019,2019-08-22,9670,2019-08-17,2130,021755,NA,6,2,6,3009,0,1,3,NA,2,022,SR-22 EASTBOUND TO BROOKHURST ST,BROOKHURST ST,5,W,N,A,-,Y,NA,NA,22,NA,NA,NA,R,NA,E,N,3,0,1,2,A,-,10,21950,A,N,G,B,B,A,H,-,C,A,0,Y,NA,NA,NA,Y,NA,A,01,0,1,0,0,1,0,0,0,0,-,-,33.764671325683594,-117.95520782470705,ORANGE,GARDEN GROVE,-117.95520782470705,33.764671325683594
91058316,2019,2019-08-23,9675,2019-08-14,1800,018714,NA,3,2,7,3001,0,1,3,NA,2,194,SR-91 W/B,IMPERIAL HIGHWAY,2500,E,N,A,-,Y,NA,NA,NA,NA,NA,NA,NA,NA,NA,Y,4,0,2,2,A,-,08,22107,NA,N,C,C,A,A,H,-,A,D,0,NA,NA,NA,NA,Y,NA,A,01,0,0,2,0,0,0,0,0,0,-,-,33.51279830932617,-117.4655990600586,ORANGE,ANAHEIM,NA,NA
9106226,2020,2020-10-28,3001,2020-05-28,2141,A1047,NA,4,5,7,3001,0,0,0,NA,0,0D3,9TH ST,STELLA AV,300,S,N,B,-,N,NA,NA,NA,NA,NA,NA,NA,NA,NA,Y,4,0,2,2,A,-,09,21801,A,N,D,C,A,A,H,-,C,D,0,NA,NA,NA,NA,Y,NA,A,07,0,0,2,0,0,0,0,0,0,-,-,33.80223846435547,-117.93273162841795,ORANGE,ANAHEIM,-117.9326629638672,33.801387786865234
9106229,2020,2020-10-30,3001,2020-05-22,1908,2544,D1,5,5,7,3001,0,0,0,NA,0,012,WESTERN AV,BALL RD,0,NA,Y,B,-,N,NA,NA,NA,NA,NA,NA,NA,NA,NA,Y,4,0,2,2,A,-,09,21801,A,N,D,C,A,A,H,-,A,A,0,NA,NA,NA,NA,Y,NA,A,01,0,0,2,0,0,0,0,0,0,-,-,NA,NA,ORANGE,ANAHEIM,-118.00205993652344,33.81734085083008
91062822,2019,2019-08-29,9675,2019-08-23,1217,018714,NA,5,1,6,3004,0,1,1,NA,2,405,I-405 S/B,BRISTOL ST,1300,N,N,A,-,Y,NA,NA,NA,NA,NA,NA,NA,NA,NA,Y,3,0,2,2,A,-,03,22350,NA,N,C,C,A,A,H,-,A,D,0,NA,NA,NA,NA,Y,NA,A,07,0,1,1,0,0,0,0,0,0,-,-,33.411399841308594,-117.53240203857422,ORANGE,COSTA MESA,-117.88567352294922,33.687259674072266
91063939,2019,2019-08-30,9670,2019-08-27,1613,019138,NA,2,2,6,3009,0,1,3,NA,2,025,SR-22 WB (GARDEN GROVE FREEWAY),GARDEN GROVE BLVD,1500,E,N,A,-,Y,NA,NA,22,NA,NA,NA,NA,NA,W,N,4,0,1,2,A,-,03,22350,NA,N,C,C,A,A,H,-,A,D,0,NA,NA,NA,NA,Y,NA,A,01,0,0,1,0,0,0,0,0,0,-,-,33.776519775390625,-117.90097045898438,ORANGE,GARDEN GROVE,-117.90097808837892,33.77653503417969
9106403,2020,2020-09-08,3008,2020-06-01,0227,1574,ZONE2,1,5,6,3008,0,0,0,NA,0,NA,BREA BL,SAN ANTONIO AV,290,N,N,A,-,N,NA,NA,NA,NA,NA,NA,NA,NA,NA,Y,2,0,2,4,A,-,01,23152,F,F,A,E,A,A,H,-,C,D,0,NA,NA,NA,NA,Y,Y,A,01,1,0,1,0,0,0,0,0,0,-,-,NA,NA,ORANGE,FULLERTON,-117.90647888183594,33.90512466430664
91064242,2019,2019-08-30,9670,2019-08-29,0635,013953,NA,4,1,6,3009,0,1,3,NA,2,024,SR-22 E/B (GARDEN GROVE FWY),NEWHOPE STREET,50,W,N,A,-,Y,NA,NA,22,NA,NA,NA,NA,NA,E,Y,4,0,1,3,A,-,03,22350,NA,N,C,C,A,A,H,-,A,D,0,NA,NA,NA,NA,Y,NA,A,01,0,0,1,0,0,0,0,0,0,-,-,33.76605987548828,-117.92903137207033,ORANGE,GARDEN GROVE,-117.92903137207033,33.76609420776367
91064278,2019,2019-08-30,9675,2019-08-21,1204,018039,NA,3,1,9,3000,0,3,5,NA,2,002,HEWES AVENUE,FAIRWOOD LANE,0,NA,Y,A,-,Y,NA,NA,NA,NA,NA,NA,NA,NA,NA,N,3,0,1,2,A,-,03,22350,NA,N,D,G,A,A,H,-,A,D,0,NA,Y,NA,NA,Y,NA,L,04,0,1,0,0,0,0,1,0,0,-,-,33.76913070678711,-117.80567932128906,ORANGE,UNINCORPORATED,-117.80565643310548,33.76911926269531
91067187,2019,2019-09-04,9675,2019-08-26,1525,021272,NA,1,2,5,3022,0,1,3,NA,2,551,SR-55 NORTHBOUND,17TH ST.,75,S,N,A,-,Y,NA,NA,55,NA,NA,NA,NA,NA,N,Y,4,0,1,2,A,-,03,22350,NA,N,C,C,A,A,H,-,A,D,0,NA,NA,NA,NA,Y,NA,A,01,0,0,1,0,0,0,0,0,0,-,-,33.75939178466797,-117.83094787597656,ORANGE,TUSTIN,-117.83095550537108,33.75939178466797
91067456,2019,2019-09-04,9670,2019-08-26,1825,019290,NA,1,2,5,3003,0,1,3,NA,2,091,SR-91 E/B (RIVERSIDE FWY),BEACH BLVD,2112,W,N,A,-,Y,NA,NA,91,NA,NA,NA,NA,NA,E,Y,4,0,1,2,A,-,03,22350,NA,N,C,C,A,A,H,-,A,D,0,NA,NA,NA,NA,Y,NA,A,01,0,0,1,0,0,0,0,0,0,-,-,33.85593032836914,-118.00357818603516,ORANGE,BUENA PARK,-118.00357818603516,33.8559455871582
9107090,2020,2020-12-02,3011,2020-08-23,1658,31407,45,7,5,4,3011,0,0,0,NA,0,003,RT 1,SOLANA WY,73,N,N,A,-,Y,ORA,12,1,-,-,7.63,H,-,N,Y,2,0,2,2,A,-,07,21658,A,N,C,C,A,A,H,-,A,D,0,NA,NA,Y,NA,Y,NA,A,01,1,1,0,0,0,0,0,0,1,-,-,NA,NA,ORANGE,LAGUNA BEACH,-117.76496887207033,33.523681640625
91071438,2019,2019-09-10,9690,2019-09-05,1406,020366,NA,4,2,9,3000,0,1,3,NA,1,074,SR 74 E/B (ORTEGA HWY),GATEWAY PLACE,1740,E,N,A,-,Y,NA,NA,74,NA,NA,NA,NA,NA,E,Y,3,0,1,2,A,-,08,22107,NA,N,F,I,A,A,H,-,A,D,0,NA,NA,Y,NA,Y,NA,C,02,0,1,0,0,0,0,0,0,1,-,-,33.52183151245117,-117.61077117919922,ORANGE,UNINCORPORATED,-117.61076354980467,33.521873474121094
91071565,2019,2019-09-10,9675,2019-09-03,1510,017998,NA,2,2,7,3019,0,1,3,NA,2,552,SR-55 NORTHBOUND,DYER RD,1584,S,N,A,-,Y,NA,NA,55,NA,NA,NA,NA,NA,N,N,4,0,1,2,A,-,03,22350,NA,N,C,C,A,A,H,-,A,D,0,NA,NA,NA,NA,Y,NA,A,01,0,0,1,0,0,0,0,0,0,-,-,33.704891204833984,-117.85530090332033,ORANGE,SANTA ANA,-117.85538482666016,33.70497512817383
91072791,2019,2019-09-11,9675,2019-09-02,1825,021386,NA,1,2,6,3008,0,1,3,NA,2,571,SR 57 NB FROM YORBA LINDA BLVD WB,YORBA LINDA BOULEVARD,30,N,N,A,-,Y,NA,NA,57,NA,NA,NA,R,NA,N,N,4,0,1,2,A,-,03,22350,NA,N,G,B,C,A,H,-,B,D,0,Y,NA,NA,NA,Y,NA,A,01,0,0,1,0,1,0,0,0,0,-,-,33.88922119140625,-117.87841033935548,ORANGE,FULLERTON,-117.87841033935548,33.88922119140625
91073975,2019,2019-09-13,9675,2019-09-06,1530,021305,NA,5,2,7,3001,0,1,3,NA,2,194,SR-91 EASTBOUND,IMPERIAL HIGHWAY,1253,W,N,A,-,Y,NA,NA,91,NA,NA,NA,NA,NA,E,Y,4,0,1,3,A,-,07,21658,A,N,B,C,A,A,H,-,A,D,0,NA,NA,Y,NA,Y,NA,A,01,0,0,1,0,0,0,0,0,1,-,-,33.85419845581055,-117.79483795166016,ORANGE,ANAHEIM,-117.79483795166016,33.854164123535156
91075456,2019,2019-09-16,9690,2019-09-11,2135,020366,NA,3,2,9,3000,0,1,1,NA,2,057,SR 74 E/B (ORTEGA HWY),CRISTIANITOS RD,610,W,N,A,-,Y,NA,NA,74,NA,NA,NA,NA,NA,E,Y,2,0,1,1,A,-,08,22107,NA,N,F,A,A,A,H,-,D,D,0,NA,NA,Y,NA,Y,NA,C,02,1,0,0,0,0,0,0,0,1,-,-,33.513648986816406,-117.58271026611328,ORANGE,UNINCORPORATED,-117.58270263671876,33.513702392578125
91076917,2019,2019-09-18,9675,2019-09-11,0123,021483,NA,3,3,7,3001,0,1,3,NA,2,572,SR-57 SOUTHBOUND,BALL RD,660,N,N,A,-,Y,NA,NA,57,NA,NA,NA,NA,NA,S,Y,3,0,1,1,A,-,01,23152,A,N,E,I,A,A,H,-,C,D,0,NA,NA,NA,NA,Y,Y,A,01,0,1,0,0,0,0,0,0,0,-,-,33.81993865966797,-117.8764419555664,ORANGE,ANAHEIM,-117.87627410888672,33.81993865966797
91079100,2019,2019-09-20,9675,2019-09-12,1600,017313,NA,4,2,5,3014,0,1,3,NA,2,074,SR-73 N/B FROM MACARTHUR BLVD,MACARTHUR BLVD O/C,175,S,N,A,-,Y,NA,NA,73,NA,NA,NA,R,NA,N,Y,4,0,2,3,A,-,03,22350,NA,N,C,C,A,A,H,-,A,D,0,NA,NA,NA,NA,Y,NA,A,01,0,0,2,0,0,0,0,0,0,-,-,33.642948150634766,-117.85887145996094,ORANGE,NEWPORT BEACH,-117.85887145996094,33.642948150634766
91082656,2019,2019-10-04,9675,2019-09-13,0810,019979,NA,5,1,6,3026,0,1,1,NA,2,504,I-5 SOUTHBOUND,JEFFREY RD,300,S,N,A,-,Y,NA,NA,5,NA,NA,NA,NA,NA,S,Y,3,0,1,3,A,-,07,21658,A,N,B,C,A,A,H,-,A,D,0,NA,NA,Y,NA,Y,NA,A,07,0,1,0,0,0,0,0,0,1,-,-,33.689701080322266,-117.76840209960938,ORANGE,IRVINE,-117.76841735839844,33.68968963623047
91083107,2019,2019-09-25,9675,2019-09-19,0845,018714,NA,4,1,6,3004,0,1,1,NA,2,405,I-405 S/B,BRISTOL ST,2000,S,N,B,-,Y,NA,NA,NA,NA,NA,NA,NA,NA,NA,Y,4,0,1,2,A,-,03,22350,NA,N,C,C,A,A,H,-,A,D,0,NA,NA,NA,NA,Y,NA,A,01,0,0,1,0,0,0,0,0,0,-,-,33.41130065917969,-117.52420043945313,ORANGE,COSTA MESA,-117.88567352294922,33.687259674072266
91083535,2019,2019-09-26,9675,2019-09-20,1600,021834,NA,5,2,7,3001,0,1,3,NA,2,095,SR-91 EASTBOUND,COAL CYN RD,1300,E,N,A,-,Y,NA,NA,91,NA,NA,NA,NA,NA,E,Y,4,0,1,3,A,-,03,22350,NA,N,C,C,A,A,H,-,A,D,0,NA,NA,NA,NA,Y,NA,A,01,0,0,1,0,0,0,0,0,0,-,-,33.870201110839844,-117.68324279785156,ORANGE,ANAHEIM,-117.6832275390625,33.8702392578125
91085304,2019,2019-09-27,9675,2019-09-19,1845,021982,NA,4,2,7,3019,0,1,1,NA,2,502,I-5 N/B,17TH ST,500,S,N,A,-,Y,NA,NA,5,NA,NA,NA,NA,NA,N,Y,3,0,2,3,A,-,03,22350,NA,N,C,C,A,A,H,-,A,D,0,NA,NA,NA,NA,Y,NA,A,01,0,2,0,0,0,0,0,0,0,-,-,33.75870132446289,-117.85968780517578,ORANGE,SANTA ANA,-117.85971832275392,33.75864791870117
91089002,2019,2019-10-02,9675,2019-09-25,1520,020240,NA,3,2,6,3026,0,1,1,NA,2,530,I-5 NORTHBOUND,CULVER DR,2301,S,N,A,-,Y,NA,NA,5,NA,NA,NA,NA,NA,N,N,4,0,2,2,A,-,03,22350,NA,N,C,C,A,A,H,-,A,D,0,NA,NA,NA,NA,Y,NA,A,01,0,0,2,0,0,0,0,0,0,-,-,33.70476150512695,-117.77790069580078,ORANGE,IRVINE,-117.77788543701172,33.704769134521484
91089594,2019,2019-10-03,9690,2019-09-25,0115,020364,NA,3,3,9,3000,0,2,4,NA,2,037,TRABUCO CANYON ROAD,TRABUCO CREEK ROAD,140,S,N,A,-,N,NA,NA,NA,NA,NA,NA,NA,NA,NA,Y,3,0,1,1,A,-,01,23152,A,N,E,I,A,A,H,-,C,D,0,NA,NA,NA,NA,Y,Y,A,01,0,1,0,0,0,0,0,0,0,-,-,33.65296936035156,-117.59967041015624,ORANGE,UNINCORPORATED,-117.58538055419922,33.65887451171875
91089655,2019,2019-10-03,9675,2019-09-23,0550,018039,NA,1,3,7,3001,0,1,3,NA,2,095,SR-91 WESTBOUND,SR-241,673,W,N,B,-,Y,NA,NA,91,NA,NA,NA,NA,NA,W,Y,4,0,1,3,A,-,07,21658,A,F,B,C,A,A,H,-,B,D,0,NA,NA,NA,NA,Y,NA,-,99,0,0,1,0,0,0,0,0,0,-,-,33.86655044555664,-117.7168426513672,ORANGE,ANAHEIM,-117.71683502197266,33.8665771484375
91089904,2019,2019-10-03,9675,2019-09-26,2156,021483,NA,4,2,7,3001,0,1,3,NA,2,093,SR-91 EASTBOUND TO TUSTIN AVENUE,TUSTIN AVE,1040,W,N,A,-,Y,NA,NA,91,NA,NA,NA,R,NA,E,Y,4,0,1,1,A,-,08,22107,NA,N,E,I,A,A,H,-,C,D,0,NA,NA,NA,NA,Y,NA,A,07,0,0,1,0,0,0,0,0,0,-,-,33.85121154785156,-117.8410186767578,ORANGE,ANAHEIM,-117.8410186767578,33.85121154785156
9108999,2020,2020-11-13,3001,2020-05-24,1407,A2411,D3,7,5,7,3001,0,0,0,NA,0,0D3,STATE COLLEGE BL,BALL RD,0,NA,Y,A,-,N,NA,NA,NA,NA,NA,NA,NA,NA,NA,Y,4,0,1,2,A,-,12,21453,A,N,D,C,A,A,H,-,A,A,0,NA,NA,NA,NA,Y,NA,A,01,0,0,1,0,0,0,0,0,0,-,-,33.818111419677734,-117.88915252685548,ORANGE,ANAHEIM,-117.88938903808594,33.81808853149414
9109001,2020,2020-11-09,3001,2020-05-26,1447,A1825,NA,2,5,7,3001,0,0,0,NA,0,D-1,GARZA ST,CERRITOS AV,0,NA,Y,A,-,N,NA,NA,NA,NA,NA,NA,NA,NA,NA,Y,3,0,2,2,A,-,09,21802,A,N,D,C,A,A,H,-,A,A,0,NA,NA,NA,NA,Y,NA,A,01,0,1,1,0,0,0,0,0,0,-,-,33.81040954589844,-117.97042083740234,ORANGE,ANAHEIM,-117.97026824951172,33.81037139892578
91090260,2019,2019-10-03,9690,2019-09-21,1628,018349,NA,6,2,4,3018,0,1,1,NA,2,057,I-5 S/B (SAN DIEGO FRWY),SR-73,4200,S,N,A,-,Y,NA,NA,5,NA,NA,NA,NA,NA,S,Y,3,0,1,2,A,-,03,22350,NA,N,C,C,A,A,H,-,A,D,0,NA,NA,Y,NA,Y,NA,C,02,0,1,0,0,0,0,0,0,1,-,-,33.531288146972656,-117.6743621826172,ORANGE,SAN JUAN CAPISTRANO,-117.67444610595705,33.53125
91091395,2019,2019-10-07,9675,2019-09-26,1625,021982,NA,4,2,5,3022,0,1,1,NA,2,503,I-5 S/B,TUSTIN RANCH RD,200,N,N,A,-,Y,NA,NA,5,NA,NA,NA,NA,NA,S,Y,4,0,1,2,A,-,08,22107,NA,N,B,C,A,A,H,-,A,D,0,NA,NA,NA,NA,Y,NA,A,01,0,0,1,0,0,0,0,0,0,-,-,33.72576904296875,-117.804443359375,ORANGE,TUSTIN,-117.80442810058594,33.72578811645508
91091651,2019,2019-10-07,9670,2019-10-05,1235,018757,NA,6,1,9,3000,0,3,5,NA,2,005,NEWLAND STREET (14500 BLOCK),HAZARD AVE,300,S,N,A,-,N,NA,NA,NA,NA,NA,NA,NA,NA,NA,N,4,0,1,2,A,-,03,22350,NA,N,C,C,A,A,H,-,A,D,0,NA,NA,NA,NA,Y,NA,A,01,0,0,1,0,0,0,0,0,0,-,-,33.75120162963867,-117.98090362548828,ORANGE,UNINCORPORATED,-117.98094177246094,33.75126647949219
91091989,2019,2019-10-07,9670,2019-09-25,1255,015207,NA,3,1,3,3006,0,1,3,NA,2,092,SR-91 W/B,WALKER ST,528,W,N,A,-,Y,NA,NA,91,NA,NA,NA,NA,NA,W,N,2,0,1,2,A,-,07,21658,A,N,D,C,A,A,H,-,A,D,0,NA,NA,Y,NA,Y,NA,C,02,1,0,0,0,0,0,0,0,1,-,-,33.85956954956055,-118.0360107421875,ORANGE,LA PALMA,-118.0359344482422,33.859745025634766
91092306,2019,2019-10-08,9675,2019-09-30,1440,018733,NA,1,2,7,3019,0,1,3,NA,2,551,SR-55 NORTHBOUND,MCFADDEN AVE,300,N,N,A,-,Y,NA,NA,55,NA,NA,NA,NA,NA,N,Y,3,0,1,2,A,-,03,22350,NA,N,C,C,A,A,H,-,A,D,0,NA,NA,NA,NA,Y,NA,A,07,0,1,0,0,0,0,0,0,0,-,-,33.73445129394531,-117.83377838134766,ORANGE,SANTA ANA,-117.83353424072266,33.734458923339844
91093582,2019,2019-10-09,9675,2019-10-01,0733,017043,NA,2,1,6,3026,0,1,1,NA,2,406,I-405 S/B,JEFFREY RD,525,N,N,B,-,Y,NA,NA,405,NA,NA,NA,NA,NA,S,Y,4,0,1,2,A,-,03,22350,NA,N,C,C,A,A,H,-,A,D,0,NA,NA,NA,NA,Y,NA,A,01,0,0,1,0,0,0,0,0,0,-,-,33.66353988647461,-117.79786682128906,ORANGE,IRVINE,-117.7978515625,33.6636848449707
91094870,2019,2019-10-10,9675,2019-10-02,1730,020240,NA,3,2,7,3001,0,1,3,NA,2,094,SR-91 WESTBOUND,IMPERIAL HIGHWAY,967,W,N,A,-,Y,NA,NA,91,NA,NA,NA,NA,NA,W,Y,4,0,1,3,A,-,03,22350,NA,N,C,C,A,A,H,-,A,D,0,NA,NA,NA,NA,Y,NA,D,22,0,0,1,0,0,0,0,0,0,-,-,33.85430908203125,-117.79389190673828,ORANGE,ANAHEIM,-117.79389190673828,33.85437774658203
91097958,2019,2019-10-15,9675,2019-10-07,1436,021386,NA,1,2,7,3019,0,1,1,NA,2,502,INTERSTATE 5 NORTHBOUND,17TH STREET,1500,S,N,A,-,Y,NA,NA,5,NA,NA,NA,NA,NA,N,Y,4,0,1,2,A,-,03,22350,NA,N,C,C,A,A,H,-,A,D,0,NA,NA,NA,NA,Y,NA,A,01,0,0,1,0,0,0,0,0,0,-,-,33.75754928588867,-117.8568115234375,ORANGE,SANTA ANA,-117.8569107055664,33.757328033447266
91099272,2019,2019-10-17,9675,2019-10-08,1833,019938,NA,2,2,6,3004,0,1,1,NA,2,405,I-405 NORTHBOUND,BEAR ST,20,N,N,A,-,Y,NA,NA,405,NA,NA,NA,NA,NA,N,Y,4,0,2,2,A,-,03,22350,NA,N,C,C,A,A,H,-,B,D,0,NA,NA,NA,NA,Y,NA,A,01,0,0,2,0,0,0,0,0,0,-,-,33.68770980834961,-117.89254760742188,ORANGE,COSTA MESA,-117.8925552368164,33.687557220458984
91100030,2019,2019-10-17,9675,2019-10-10,0825,020027,NA,4,1,6,3026,0,1,1,NA,2,504,I-5 NORTHBOUND,SAND CANYON AVE,500,N,N,A,-,Y,NA,NA,5,NA,NA,NA,NA,NA,N,Y,4,0,1,2,A,-,03,22350,NA,N,C,C,A,A,H,-,A,D,0,NA,NA,NA,NA,Y,NA,A,07,0,0,1,0,0,0,0,0,0,-,-,33.67864990234375,-117.75894165039063,ORANGE,IRVINE,-117.75894165039063,33.67864990234375
91102388,2019,2019-10-22,9675,2019-10-12,2200,021305,NA,6,3,6,3026,0,1,1,NA,2,504,I-5 NORTHBOUND,ALTON PKWY,2200,S,N,A,-,Y,NA,NA,5,NA,NA,NA,NA,NA,N,Y,4,0,1,1,A,-,08,22107,NA,N,E,I,A,A,H,-,C,D,0,NA,NA,NA,NA,Y,NA,A,07,0,0,1,0,0,0,0,0,0,-,-,33.65058898925781,-117.73960876464844,ORANGE,IRVINE,-117.73963165283205,33.650569915771484
91104569,2019,2019-10-24,9670,2019-10-22,1840,021207,NA,2,2,4,3020,0,1,1,NA,2,044,I-405 N/B (SAN DIEGO FREEWAY),SEAL BEACH BLVD,1584,S,N,A,-,Y,NA,NA,405,NA,NA,NA,NA,NA,N,N,4,0,1,2,A,-,03,22350,NA,N,C,C,A,A,H,-,C,D,0,NA,NA,NA,NA,Y,NA,A,01,0,0,1,0,0,0,0,0,0,-,-,33.774620056152344,-118.068603515625,ORANGE,SEAL BEACH,-118.068603515625,33.774436950683594
91105055,2019,2019-10-24,9675,2019-10-16,1849,018832,NA,3,2,6,3008,0,1,3,NA,2,570,SR-57 S/B,ROLLING HILLS RD,150,S,N,A,-,Y,NA,NA,NA,NA,NA,NA,NA,NA,NA,N,4,0,1,2,A,-,03,22350,NA,N,C,C,A,A,H,-,D,D,0,NA,NA,NA,NA,Y,NA,A,07,0,0,1,0,0,0,0,0,0,-,-,33.98733901977539,-117.5732879638672,ORANGE,FULLERTON,-117.88111114501952,33.9030876159668
91105287,2019,2019-10-24,9675,2019-10-17,1644,020240,NA,4,2,6,3026,0,1,1,NA,2,504,I-5 SOUTHBOUND,LAKE FOREST DR,2937,N,N,A,-,Y,NA,NA,5,NA,NA,NA,NA,NA,S,Y,4,0,1,2,A,-,03,22350,NA,N,C,C,A,A,H,-,A,D,0,NA,NA,NA,NA,Y,NA,A,07,0,0,1,0,0,0,0,0,0,-,-,33.634521484375,-117.72746276855467,ORANGE,IRVINE,-117.72737121582033,33.63459014892578
9110582,2020,2020-08-24,3026,2020-06-01,1211,4779,C,1,5,6,3026,0,0,0,NA,0,00C,ALTON PKWY,EAST YALE LOOP,77,W,N,B,-,N,NA,NA,NA,NA,NA,NA,NA,NA,NA,Y,3,0,5,3,D,-,00,NA,NA,N,C,C,A,A,H,-,A,A,0,NA,NA,NA,NA,Y,NA,-,-,0,2,3,0,0,0,0,0,0,-,-,NA,NA,ORANGE,IRVINE,-117.79176330566406,33.671417236328125
9110840,2020,2020-11-17,3001,2020-05-26,1301,A2382,NA,2,5,7,3001,0,0,0,NA,0,0D1,BALL RD,BROOKHURST ST,44,E,N,A,-,N,NA,NA,NA,NA,NA,NA,NA,NA,NA,Y,3,0,3,2,A,-,03,22350,NA,N,C,C,A,A,H,-,A,A,0,NA,NA,NA,NA,Y,NA,A,07,0,1,2,0,0,0,0,0,0,-,-,33.817649841308594,-117.95894622802734,ORANGE,ANAHEIM,-117.9589385986328,33.81776809692383