CASE_ID,ACCIDENT_YEAR,PROC_DATE,JURIS,COLLISION_DATE,COLLISION_TIME,OFFICER_ID,REPORTING_DISTRICT,DAY_OF_WEEK,CHP_SHIFT,POPULATION,CNTY_CITY_LOC,SPECIAL_COND,BEAT_TYPE,CHP_BEAT_TYPE,CITY_DIVISION_LAPD,CHP_BEAT_CLASS,BEAT_NUMBER,PRIMARY_RD,SECONDARY_RD,DISTANCE,DIRECTION,INTERSECTION,WEATHER_1,WEATHER_2,STATE_HWY_IND,CALTRANS_COUNTY,CALTRANS_DISTRICT,STATE_ROUTE,ROUTE_SUFFIX,POSTMILE_PREFIX,POSTMILE,LOCATION_TYPE,RAMP_INTERSECTION,SIDE_OF_HWY,TOW_AWAY,COLLISION_SEVERITY,NUMBER_KILLED,NUMBER_INJURED,PARTY_COUNT,PRIMARY_COLL_FACTOR,PCF_CODE_OF_VIOL,PCF_VIOL_CATEGORY,PCF_VIOLATION,PCF_VIOL_SUBSECTION,HIT_AND_RUN,TYPE_OF_COLLISION,MVIW,PED_ACTION,ROAD_SURFACE,ROAD_COND_1,ROAD_COND_2,LIGHTING,CONTROL_DEVICE,CHP_ROAD_TYPE,PEDESTRIAN_ACCIDENT,BICYCLE_ACCIDENT,MOTORCYCLE_ACCIDENT,TRUCK_ACCIDENT,NOT_PRIVATE_PROPERTY,ALCOHOL_INVOLVED,STWD_VEHTYPE_AT_FAULT,CHP_VEHTYPE_AT_FAULT,COUNT_SEVERE_INJ,COUNT_VISIBLE_INJ,COUNT_COMPLAINT_PAIN,COUNT_PED_KILLED,COUNT_PED_INJURED,COUNT_BICYCLIST_KILLED,COUNT_BICYCLIST_INJURED,COUNT_MC_KILLED,COUNT_MC_INJURED,PRIMARY_RAMP,SECONDARY_RAMP,LATITUDE,LONGITUDE,COUNTY,CITY,POINT_X,POINT_Y
91308085,2020,2020-09-21,9675,2020-09-14,0700,020240,NA,1,1,7,3019,0,1,1,NA,2,502,I-5 SOUTHBOUND,GRAND AVE,466,N,N,A,-,Y,NA,NA,5,NA,NA,NA,NA,NA,S,Y,4,0,1,3,A,-,03,22350,NA,N,C,C,A,A,H,-,A,D,0,NA,NA,NA,NA,Y,NA,A,01,0,0,1,0,0,0,0,0,0,-,-,33.75543975830078,-117.85343170166016,ORANGE,SANTA ANA,-117.85347747802734,33.755340576171875
91313135,2020,2020-09-28,9675,2020-09-18,1402,021274,NA,5,2,6,3008,0,1,3,NA,2,570,STATE ROUTE 57 S/B,NUTWOOD AVE,465,N,N,A,-,Y,NA,NA,57,NA,NA,NA,NA,NA,S,Y,3,0,2,5,A,-,03,22350,NA,N,C,C,A,A,H,-,A,D,0,NA,NA,NA,NA,Y,NA,A,01,0,1,1,0,0,0,0,0,0,-,-,33.879539489746094,-117.88057708740234,ORANGE,FULLERTON,-117.88054656982422,33.879539489746094
91313437,2020,2020-09-28,9690,2020-09-26,0700,019879,NA,6,1,5,3028,0,1,1,NA,2,055,I-5 N/B (SAN DIEGO FRWY),OSO PKWY,681,N,N,B,-,Y,NA,NA,5,NA,NA,NA,NA,NA,N,N,3,0,1,1,C,-,18,NA,NA,N,A,J,A,A,H,-,A,D,0,NA,NA,NA,NA,Y,NA,-,-,0,1,0,0,0,0,0,0,0,-,-,33.582149505615234,-117.6716079711914,ORANGE,MISSION VIEJO,-117.67159271240234,33.582149505615234
91314242,2020,2020-09-29,9675,2020-09-22,1905,019135,NA,2,2,6,3008,0,1,3,NA,2,071,SR-57 SOUTHBOUND,CHAPMAN AVE,400,S,N,A,-,Y,NA,NA,57,NA,NA,NA,NA,NA,S,Y,3,0,2,1,A,-,03,22350,NA,N,E,I,A,A,H,-,C,D,0,NA,NA,NA,NA,Y,NA,A,01,0,2,0,0,0,0,0,0,0,-,-,33.87321090698242,-117.88057708740234,ORANGE,FULLERTON,-117.8805923461914,33.87321090698242
91316855,2020,2020-10-02,9675,2020-09-23,1343,021752,NA,3,1,9,3000,0,3,5,NA,2,001,VALENCIA AVE,SANDPIPER WAY,2740,N,N,A,-,N,NA,NA,NA,NA,NA,NA,NA,NA,NA,Y,4,0,1,1,C,-,18,NA,NA,N,E,I,A,A,H,-,A,D,0,NA,NA,NA,NA,Y,NA,-,-,0,0,1,0,0,0,0,0,0,-,-,33.93600082397461,-117.84217071533205,ORANGE,UNINCORPORATED,-117.84538269042967,33.93265914916992
9131828,2020,2020-10-13,3008,2020-07-06,1505,1511,ZONE3,1,5,6,3008,0,0,0,NA,0,NA,CHAPMAN AV,STATE COLLEGE BL,436,E,N,A,-,N,NA,NA,NA,NA,NA,NA,NA,NA,NA,Y,4,0,1,2,A,-,09,21804,A,N,D,C,A,A,H,-,A,A,0,NA,NA,NA,NA,Y,NA,A,07,0,0,1,0,0,0,0,0,0,-,-,NA,NA,ORANGE,FULLERTON,-117.88819122314452,33.874168395996094
9131885,2020,2020-10-08,3026,2020-07-09,0641,548,CROSS,4,5,6,3026,0,0,0,NA,0,005,IRVINE CENTER DR,ORANGETREE,0,NA,Y,B,-,N,NA,NA,NA,NA,NA,NA,NA,NA,NA,Y,3,0,1,2,A,-,09,21800,D,N,D,C,A,A,H,-,A,B,0,NA,NA,NA,NA,Y,NA,A,01,0,1,0,0,0,0,0,0,0,-,-,33.67469024658203,-117.77200317382813,ORANGE,IRVINE,-117.77216339111328,33.67483901977539
91320033,2020,2020-10-08,9670,2020-09-30,0845,019502,NA,3,1,6,3010,0,1,1,NA,2,043,I-405 S/B,BEACH BLVD,100,N,N,A,-,Y,NA,NA,405,NA,NA,NA,NA,NA,S,N,4,0,1,4,A,-,03,22350,NA,N,C,C,A,A,D,-,A,D,0,NA,NA,NA,NA,Y,NA,D,22,0,0,1,0,0,0,0,0,0,-,-,33.733219146728516,-117.99009704589844,ORANGE,HUNTINGTON BEACH,-117.99017333984376,33.73310852050781
91320671,2020,2020-10-09,9675,2020-10-03,1825,022023,NA,6,2,7,3001,0,1,3,NA,2,095,SR-91 E/B,WEIR CYN RD,100,E,N,A,-,Y,NA,NA,91,NA,NA,NA,NA,NA,E,Y,4,0,3,3,A,-,03,22350,NA,N,C,C,A,A,H,-,A,D,0,NA,NA,NA,NA,Y,NA,A,07,0,0,3,0,0,0,0,0,0,-,-,33.87068176269531,-117.74144744873048,ORANGE,ANAHEIM,-117.741455078125,33.870689392089844
9132171,2020,2020-10-08,3015,2020-07-16,0004,1512,21,4,5,6,3015,0,0,0,NA,0,312,METROPOLITAN DR,LEWIS ST,320,E,N,A,-,N,NA,NA,NA,NA,NA,NA,NA,NA,NA,N,3,0,1,1,A,-,08,22107,NA,M,E,I,A,A,H,-,C,D,0,NA,NA,NA,NA,Y,NA,A,01,0,1,0,0,0,0,0,0,0,-,-,33.78171920776367,-117.89759063720705,ORANGE,ORANGE,-117.89649963378906,33.78140640258789
91323191,2020,2020-10-13,9675,2020-10-12,0730,021272,NA,1,1,6,3015,0,1,3,NA,2,572,SR-57 SOUTHBOUND,CHAPMAN AVE,250,N,N,A,-,Y,NA,NA,57,NA,NA,NA,NA,NA,S,N,4,0,2,2,D,-,00,NA,NA,N,B,C,A,A,H,-,A,D,0,NA,NA,NA,NA,Y,NA,-,-,0,0,2,0,0,0,0,0,0,-,-,33.798431396484375,-117.87767791748048,ORANGE,ORANGE,-117.87776184082033,33.79841995239258
91328222,2020,2020-10-21,9690,2020-10-18,1455,020375,NA,7,2,9,3000,0,3,5,NA,2,004,ETHEREAL,SOL ST,0,NA,Y,A,-,N,NA,NA,NA,NA,NA,NA,NA,NA,NA,N,2,0,1,1,A,-,03,22350,NA,N,E,I,A,A,H,-,A,D,0,NA,Y,NA,NA,Y,NA,L,04,1,0,0,0,0,0,1,0,0,-,-,33.54121017456055,-117.64417266845705,ORANGE,UNINCORPORATED,-117.644104,33.541245
91329482,2020,2020-10-22,9675,2020-10-17,1630,022023,NA,6,2,7,3019,0,1,1,NA,2,502,I-5 N/B,MAIN ST,50,S,N,A,-,Y,NA,NA,5,NA,NA,NA,NA,NA,N,Y,4,0,1,2,A,-,03,22350,NA,N,C,C,A,A,H,-,A,D,0,NA,NA,NA,NA,Y,NA,A,01,0,0,1,0,0,0,0,0,0,-,-,33.766441345214844,-117.8663330078125,ORANGE,SANTA ANA,-117.86641693115234,33.76639175415039
9133041,2020,2020-09-21,3002,2020-06-23,1403,10165,740B4,2,5,5,3025,0,0,0,NA,0,701,YORBA LINDA BL,IMPERIAL HWY,0,NA,Y,A,-,N,NA,NA,NA,NA,NA,NA,NA,NA,NA,Y,4,0,1,2,A,-,12,21453,A,N,F,C,A,A,H,-,A,A,0,NA,NA,NA,NA,Y,NA,A,08,0,0,1,0,0,0,0,0,0,-,-,NA,NA,ORANGE,YORBA LINDA,-117.81340789794922,33.88861083984375
91330830,2020,2020-10-26,9675,2020-10-16,0808,021397,NA,5,1,7,3019,0,1,1,NA,2,502,I-5 SOUTHBOUND,SR-22 EASTBOUND,1220,S,N,A,-,Y,NA,NA,5,NA,NA,NA,NA,NA,S,Y,4,0,1,6,A,-,03,22350,NA,N,C,C,A,A,H,-,A,D,0,NA,NA,NA,Y,Y,NA,F,26,0,0,1,0,0,0,0,0,0,-,-,33.776710510253906,-117.87461090087892,ORANGE,SANTA ANA,-117.87461853027344,33.776702880859375
91333872,2020,2020-10-29,9675,2020-10-19,1225,016589,NA,1,1,7,3001,0,1,3,NA,2,094,SR-91 EASTBOUND,IMPERIAL HIGHWAY,450,W,N,A,-,Y,NA,NA,91,NA,NA,NA,NA,NA,E,Y,3,0,1,2,C,-,18,NA,NA,N,E,J,A,A,H,-,A,D,0,NA,NA,NA,NA,Y,NA,-,-,0,1,0,0,0,0,0,0,0,-,-,33.85409927368164,-117.79218292236328,ORANGE,ANAHEIM,-117.79218292236328,33.8541374206543
91337810,2020,2020-11-03,9690,2020-10-31,0210,020637,NA,6,3,5,3050,0,1,1,NA,2,055,I-5 N/B (SAN DIEGO FRWY),LAKE FOREST DR,600,S,N,A,-,Y,NA,NA,5,NA,NA,NA,NA,NA,N,Y,4,0,1,2,A,-,03,22350,NA,N,C,C,A,A,H,-,C,D,0,NA,NA,NA,NA,Y,NA,D,22,0,0,1,0,0,0,0,0,0,-,-,33.626590728759766,-117.71878814697266,ORANGE,LAKE FOREST,-117.71875,33.626625061035156
91338303,2020,2020-11-03,9675,2020-10-29,2010,021633,NA,4,2,7,3001,0,1,3,NA,2,094,SR-91 W/B,IMPERIAL HIGHWAY,1300,W,N,A,-,Y,NA,NA,91,NA,NA,NA,NA,NA,W,Y,2,0,1,3,A,-,08,22107,NA,N,B,C,A,A,H,-,C,D,0,NA,NA,NA,NA,Y,NA,A,07,1,0,0,0,0,0,0,0,0,-,-,33.85432815551758,-117.79319763183594,ORANGE,ANAHEIM,-117.79320526123048,33.8543701171875
91341020,2020,2020-11-06,9675,2020-10-31,0800,019652,NA,6,1,6,3004,0,1,1,NA,2,405,I-405 N/B TO HARBOR BLVD.,HARBOR BLVD,50,S,N,B,-,Y,NA,NA,405,NA,NA,NA,R,NA,N,N,4,0,2,2,A,-,03,22350,NA,N,C,C,A,A,H,-,A,D,0,NA,NA,NA,NA,Y,NA,A,01,0,0,2,0,0,0,0,0,0,-,-,33.6904296875,-117.91885375976563,ORANGE,COSTA MESA,-117.91885375976563,33.6904296875
91342248,2020,2020-11-09,9675,2020-11-06,1038,016748,NA,5,1,5,3016,0,1,3,NA,2,571,SR-57 SOUTHBOUND,ORANGETHORPE AVE,1000,S,N,A,-,Y,NA,NA,NA,NA,NA,NA,NA,NA,NA,Y,4,0,1,2,A,-,03,22350,NA,N,C,C,A,A,H,-,A,D,0,NA,NA,NA,NA,Y,NA,A,07,0,0,1,0,0,0,0,0,0,-,-,33.513038635253906,-117.52352142333984,ORANGE,PLACENTIA,-117.87647247314452,33.85857391357422
91342690,2020,2020-11-10,9675,2020-11-08,1426,021633,NA,7,2,7,3001,0,1,3,NA,2,093,SR-91 W/B,GLASSELL ST.,45,W,N,A,-,Y,NA,NA,91,NA,NA,NA,NA,NA,W,Y,4,0,2,3,A,-,03,22350,NA,N,C,C,A,A,H,-,A,D,0,NA,NA,NA,NA,Y,NA,A,07,0,0,2,0,0,0,0,0,0,-,-,33.84796142578125,-117.85558319091795,ORANGE,ANAHEIM,-117.85559844970705,33.8480339050293
91344256,2020,2020-11-12,9675,2020-11-07,0828,019979,NA,6,1,6,3026,0,1,1,NA,2,504,I-5 SOUTHBOUND,SAND CANYON AVE,1500,S,N,B,C,Y,NA,NA,5,NA,NA,NA,NA,NA,S,Y,3,0,1,1,A,-,03,22350,NA,N,E,I,A,B,H,-,A,D,0,NA,NA,NA,NA,Y,NA,A,01,0,1,0,0,0,0,0,0,0,-,-,33.66756820678711,-117.75359344482422,ORANGE,IRVINE,-117.75359344482422,33.66756820678711
91344365,2020,2020-12-09,9690,2020-11-12,0755,014329,NA,4,1,5,3028,0,1,1,NA,2,055,I-5 N/B (SAN DIEGO FRWY),ALICIA PKWY,2500,S,N,A,-,Y,NA,NA,5,NA,NA,NA,NA,NA,N,Y,4,0,1,4,A,-,03,22350,NA,N,C,C,A,A,D,-,A,D,0,NA,NA,NA,NA,Y,NA,A,01,0,0,1,0,0,0,0,0,0,-,-,33.601890563964844,-117.68544769287108,ORANGE,MISSION VIEJO,-117.68544006347656,33.60190963745117
91345802,2020,2020-11-16,9675,2020-11-05,1245,016589,NA,4,1,7,3001,0,1,3,NA,2,093,SR-91 EASTBOUND,TUSTIN AVE,1700,W,N,A,-,Y,NA,NA,91,NA,NA,NA,NA,NA,E,N,4,0,1,3,A,-,03,22350,NA,N,C,C,A,A,H,-,A,D,0,NA,NA,NA,Y,Y,NA,G,25,0,0,1,0,0,0,0,0,0,-,-,33.850730895996094,-117.84374237060548,ORANGE,ANAHEIM,-117.84375,33.85077667236328
91346496,2020,2020-11-17,9670,2020-11-16,1539,019925,NA,1,2,5,3003,0,1,3,NA,2,092,SR-91 E/B,I-5,800,W,N,A,-,Y,NA,NA,91,NA,NA,NA,NA,NA,E,Y,3,0,1,3,A,-,03,22350,NA,N,C,C,A,A,H,-,A,D,0,NA,NA,NA,NA,Y,NA,A,08,0,1,0,0,0,0,0,0,0,-,-,33.856239318847656,-117.9844970703125,ORANGE,BUENA PARK,-117.9844970703125,33.85622024536133
9134738,2020,2020-10-06,3001,2020-08-10,1818,A2187,D1,1,5,7,3001,0,0,0,NA,0,NA,LINCOLN AV,GILBERT ST,611,W,N,A,-,N,NA,NA,NA,NA,NA,NA,NA,NA,NA,Y,4,0,4,2,A,-,01,23152,A,N,C,C,A,A,H,-,A,D,0,NA,NA,NA,NA,Y,Y,A,07,0,0,4,0,0,0,0,0,0,-,-,33.831878662109375,-117.9675064086914,ORANGE,ANAHEIM,-117.96968841552734,33.8323974609375
9134743,2020,2020-10-14,3001,2020-08-08,1225,2367,D-1,6,5,7,3001,0,0,0,NA,0,D-1,LINCOLN AV,LAXORE ST,26,N,N,A,-,N,NA,NA,NA,NA,NA,NA,NA,NA,NA,Y,4,0,2,2,A,-,09,21802,A,N,D,C,A,A,H,-,A,D,0,NA,NA,NA,NA,Y,NA,A,01,0,0,2,0,0,0,0,0,0,-,-,33.8319206237793,-117.99124908447266,ORANGE,ANAHEIM,-117.99138641357422,33.83203125
9134749,2020,2020-10-14,3001,2020-08-05,1756,2310,NA,3,5,7,3001,0,0,0,NA,0,D-1,LINCOLN AV,GRAND AV,0,NA,Y,A,-,N,NA,NA,NA,NA,NA,NA,NA,NA,NA,Y,3,0,2,2,A,-,09,21801,A,N,D,C,A,A,H,-,A,A,0,NA,NA,NA,NA,Y,NA,A,01,0,2,0,0,0,0,0,0,0,-,-,33.83195877075195,-117.99774932861328,ORANGE,ANAHEIM,-117.99790954589844,33.832088470458984
91347528,2020,2021-02-26,9690,2020-11-13,2012,019089,NA,5,2,5,3040,0,1,3,NA,2,073,SR 73 S/B (SAN JOAQUIN HILLS TRANS COR),LA PAZ RD,69,N,N,A,-,Y,NA,NA,NA,NA,NA,NA,NA,NA,NA,Y,4,0,1,2,A,-,01,23152,A,N,C,C,A,A,H,-,D,A,0,NA,NA,NA,NA,Y,Y,A,07,0,0,1,0,0,0,0,0,0,-,-,33.5724983215332,-117.70762634277344,ORANGE,LAGUNA NIGUEL,NA,NA
91348138,2020,2020-11-18,9690,2020-11-17,1730,016493,NA,2,2,4,3045,0,1,1,NA,2,055,I-5 S/B (SAN DIEGO FRWY),LOS ALISOS BLVD,200,N,N,A,-,Y,NA,NA,5,NA,NA,NA,NA,NA,S,N,4,0,1,2,A,-,03,22350,NA,N,C,C,A,A,H,-,D,D,0,NA,NA,NA,NA,Y,NA,D,22,0,0,1,0,0,0,0,0,0,-,-,33.60818099975586,-117.69831085205078,ORANGE,LAGUNA HILLS,-117.6982650756836,33.60828399658203
91358059,2020,2020-12-03,9675,2020-11-30,2015,020091,NA,1,2,5,3022,0,1,1,NA,2,503,I-5 NORTHBOUND,TUSTIN RANCH RD,1320,N,N,A,-,Y,NA,NA,5,NA,NA,NA,NA,NA,N,N,4,0,1,2,A,-,07,21658,A,N,B,C,A,A,H,-,D,A,0,NA,NA,NA,NA,Y,NA,A,07,0,0,1,0,0,0,0,0,0,-,-,33.72909164428711,-117.80859375,ORANGE,TUSTIN,-117.8086395263672,33.72901916503906
9136435,2020,2020-09-14,3009,2020-06-22,2237,1234,93,1,5,6,3009,0,0,0,NA,0,012,BROOKHURST ST,LAMPSON AV,186,N,N,A,-,N,NA,NA,NA,NA,NA,NA,NA,NA,NA,N,4,0,1,3,A,-,03,22350,NA,N,C,C,A,A,H,-,C,A,0,NA,NA,NA,NA,Y,NA,A,07,0,0,1,0,0,0,0,0,0,-,-,NA,NA,ORANGE,GARDEN GROVE,-117.95865631103516,33.78181076049805
91367331,2020,2020-12-15,9690,2020-12-06,1330,012712,NA,7,1,5,3017,0,1,1,NA,2,059,I-5 S/B TO CAMINO DE ESTRELLA,CAMINO DE ESTRELLA,100,N,N,A,-,Y,NA,NA,5,NA,NA,NA,R,NA,S,N,4,0,3,2,A,-,03,22350,NA,N,C,C,A,A,H,-,A,D,0,NA,NA,NA,NA,Y,NA,A,01,0,0,3,0,0,0,0,0,0,-,-,33.4586296081543,-117.65673828125,ORANGE,SAN CLEMENTE,-117.65673828125,33.4586296081543
91368360,2020,2020-12-16,9670,2020-12-14,1258,014558,NA,1,1,6,3009,0,1,3,NA,2,024,SR-22 E/B,HARBOR BLVD,2500,W,N,A,-,Y,NA,NA,22,NA,NA,NA,NA,NA,E,N,4,0,1,3,A,-,01,23152,A,M,C,C,A,A,H,-,A,D,0,NA,NA,NA,NA,Y,Y,A,01,0,0,1,0,0,0,0,0,0,-,-,33.7659797668457,-117.92984008789063,ORANGE,GARDEN GROVE,-117.92984008789063,33.76608657836914
9137037,2020,2020-12-02,3008,2020-07-20,1720,1548,ZONE1,1,5,6,3008,0,0,0,NA,0,001,ORANGETHORPE AV,AUTO CENTER DR,0,NA,Y,A,-,Y,ORA,12,5,-,-,42.561,R,4,N,Y,4,0,2,2,A,-,09,21800,A,N,D,C,A,A,H,-,A,A,0,NA,NA,NA,NA,Y,NA,A,01,0,0,2,0,0,0,0,0,0,-,-,NA,NA,ORANGE,FULLERTON,-117.9853515625,33.85933303833008
91371156,2020,2020-12-18,9670,2020-12-10,0956,018516,NA,4,1,7,3001,0,1,1,NA,2,502,I-5 N/B,LINCOLN AVENUE,700,S,N,A,-,Y,NA,NA,5,NA,NA,NA,NA,NA,N,Y,3,0,1,2,A,-,08,22107,NA,N,C,C,A,A,H,-,A,D,0,NA,NA,NA,Y,Y,NA,A,01,0,1,0,0,0,0,0,0,0,-,-,33.83076095581055,-117.9301528930664,ORANGE,ANAHEIM,-117.9301300048828,33.83078384399414
9137362,2020,2020-10-02,3008,2020-07-04,1455,1486,ZONE3,6,5,6,3008,0,0,0,NA,0,NA,BREA BL,BASTANCHURY RD,464,N,N,A,-,N,NA,NA,NA,NA,NA,NA,NA,NA,NA,N,4,0,1,2,D,-,00,NA,NA,N,B,C,A,A,H,-,A,D,0,NA,NA,NA,NA,Y,NA,-,-,0,0,1,0,0,0,0,0,0,-,-,NA,NA,ORANGE,FULLERTON,-117.90976715087892,33.898555755615234
91373820,2020,2020-12-23,9675,2020-12-18,0746,017773,NA,5,1,6,3026,0,1,1,NA,2,406,I-405 S/B,JEFFREY RD,300,N,N,A,-,Y,NA,NA,405,NA,NA,NA,NA,NA,S,Y,4,0,2,3,A,-,03,22350,NA,N,C,C,A,A,C,-,A,D,0,NA,NA,NA,NA,Y,NA,A,01,0,0,2,0,0,0,0,0,0,-,-,33.66358947753906,-117.79763793945313,ORANGE,IRVINE,-117.7976303100586,33.66365432739258
9137639,2020,2020-10-20,3000,2020-06-12,1405,9680,971J6,5,5,4,3029,0,0,0,NA,0,734,PACIFIC COAST HWY,DOHENY PARK PLZ,153,S,N,A,-,N,NA,NA,NA,NA,NA,NA,NA,NA,NA,N,4,0,1,2,-,-,-,NA,NA,N,B,C,A,A,H,-,A,D,0,NA,NA,Y,NA,Y,NA,C,02,0,0,1,0,0,0,0,0,1,-,-,NA,NA,ORANGE,DANA POINT,-117.68486785888672,33.46434783935547
9137663,2020,2020-10-23,3000,2020-08-10,1930,9704,892D4,1,5,5,3028,0,0,0,NA,0,754,MARGUERITE PKWY,VISTA DEL LAGO,0,NA,Y,A,-,N,NA,NA,NA,NA,NA,NA,NA,NA,NA,Y,3,0,3,3,A,-,12,21453,A,N,D,C,A,A,H,-,A,A,0,NA,NA,NA,NA,Y,NA,D,22,0,1,2,0,0,0,0,0,0,-,-,NA,NA,ORANGE,MISSION VIEJO,-117.64765167236328,33.63386154174805
9137801,2020,2020-09-17,3000,2020-07-28,1640,2849,862F4,2,5,5,3050,0,0,0,NA,0,764,SADDLEBACK RANCH RD,SHADY RIDGE LN,0,NA,Y,A,-,N,NA,NA,NA,NA,NA,NA,NA,NA,NA,Y,3,0,2,1,A,-,00,23153,F,N,E,I,A,A,H,-,A,D,0,NA,NA,NA,NA,Y,NA,A,07,0,2,0,0,0,0,0,0,0,-,-,NA,NA,ORANGE,LAKE FOREST,-117.63088989257813,33.68144989013672
9137867,2020,2020-10-15,3000,2020-08-01,2002,6717,891G5,6,5,5,3050,0,0,0,NA,0,18762,MUIRLANDS BL,RIDGE ROUTE DR,80,S,N,A,-,N,NA,NA,NA,NA,NA,NA,NA,NA,NA,N,3,0,1,2,A,-,07,21658,A,N,B,C,A,A,H,-,C,A,0,NA,NA,Y,NA,Y,NA,C,02,0,1,0,0,0,0,0,0,1,-,-,33.37419891357422,-117.42166137695313,ORANGE,LAKE FOREST,-117.70478057861328,33.62849426269531
91380177,2020,2021-01-04,9675,2020-12-28,1045,017773,NA,1,1,6,3026,0,1,1,NA,2,504,I-5 NORTHBOUND,BAKE PKWY,500,N,N,B,-,Y,NA,NA,5,NA,NA,NA,NA,NA,N,Y,4,0,1,2,A,-,03,22350,NA,N,C,C,A,B,H,-,A,D,0,NA,NA,NA,Y,Y,NA,A,01,0,0,1,0,0,0,0,0,0,-,-,33.64036178588867,-117.7309112548828,ORANGE,IRVINE,-117.73121643066406,33.64012145996094
91381188,2021,2021-01-05,9670,2021-01-01,2255,021755,NA,5,3,6,3009,0,1,3,NA,2,023,SR-22 W/B,MAGNOLIA ST,2112,W,N,A,-,Y,NA,NA,22,NA,NA,NA,NA,NA,W,Y,4,0,1,2,A,-,03,22350,NA,N,C,C,A,A,H,-,C,D,0,NA,NA,NA,NA,Y,NA,A,01,0,0,1,0,0,0,0,0,0,-,-,33.770111083984375,-117.98014068603516,ORANGE,GARDEN GROVE,-117.98020935058594,33.76995849609375
91382706,2021,2021-07-15,9690,2021-01-01,1222,014552,NA,5,1,9,3000,0,1,3,NA,1,074,SR 74 W/B (ORTEGA HWY),CALL BOX 74-88,360,E,N,A,-,Y,NA,NA,74,NA,NA,NA,NA,NA,W,Y,3,0,1,1,A,-,03,22350,NA,N,F,A,A,A,H,-,A,D,0,NA,NA,Y,NA,Y,NA,C,02,0,1,0,0,0,0,0,0,1,-,-,33.552391052246094,-117.5490493774414,ORANGE,UNINCORPORATED,-117.54904174804688,33.552391052246094
91383169,2020,2021-01-07,9675,2020-12-31,1115,019979,NA,4,1,6,3026,0,1,1,NA,2,504,I-5 N/B TO I-405 N/B,BAKE PKWY,1200,N,N,A,-,Y,NA,NA,5,NA,NA,NA,R,NA,N,Y,4,0,1,1,A,-,08,22107,NA,N,E,I,A,A,H,-,A,D,0,NA,NA,NA,NA,Y,NA,A,01,0,0,1,0,0,0,0,0,0,-,-,33.644989013671875,-117.73480987548828,ORANGE,IRVINE,-117.73480987548828,33.644989013671875
91385722,2021,2021-01-12,9675,2021-01-05,1440,017998,NA,2,2,6,3004,0,1,1,NA,2,405,I-405 N/B,BRISTOL ST,1056,S,N,A,-,Y,NA,NA,405,NA,NA,NA,NA,NA,N,N,4,0,1,2,A,-,11,21956,NA,N,G,B,E,A,H,-,A,D,0,Y,NA,NA,NA,Y,NA,N,60,0,0,1,0,1,0,0,0,0,-,-,33.68730926513672,-117.88542938232422,ORANGE,COSTA MESA,-117.88542938232422,33.6875114440918
91386060,2021,2021-01-12,9675,2021-01-08,2020,021834,NA,5,2,6,3015,0,1,3,NA,2,550,SR-55 SOUTHBOUND,KATELLA AVE,2300,N,N,A,-,Y,NA,NA,55,NA,NA,NA,NA,NA,S,N,4,0,2,2,A,-,03,22350,NA,F,C,C,A,A,H,-,D,D,0,NA,NA,NA,NA,Y,NA,-,99,0,0,2,0,0,0,0,0,0,-,-,33.816680908203125,-117.8321533203125,ORANGE,ORANGE,-117.83216094970705,33.816680908203125
91390112,2021,2021-01-18,9670,2021-01-14,0735,019138,NA,4,1,6,3010,0,1,1,NA,2,041,I-405 SB (SAN DIEGO FREEWAY),BEACH BLVD,10,S,N,A,-,Y,NA,NA,405,NA,NA,NA,NA,NA,S,Y,4,0,1,2,A,-,03,22350,NA,N,C,C,A,A,C,D,A,D,0,NA,NA,NA,NA,Y,NA,A,01,0,0,1,0,0,0,0,0,0,-,-,33.73234176635742,-117.98899841308594,ORANGE,HUNTINGTON BEACH,-117.98902130126952,33.7323112487793
9139159,2020,2020-10-22,3003,2020-08-13,1658,1184,NA,4,5,5,3003,0,0,0,NA,0,NA,WESTERN AV,MELROSE ST S,0,NA,Y,A,-,N,NA,NA,NA,NA,NA,NA,NA,NA,NA,Y,3,0,1,2,A,-,08,22100,NA,N,D,C,A,A,H,-,A,D,0,NA,NA,NA,NA,Y,NA,A,01,0,1,0,0,0,0,0,0,0,-,-,33.86140060424805,-118.00240325927734,ORANGE,BUENA PARK,-118.00253295898438,33.861881256103516
91393857,2020,2021-05-06,9690,2020-05-30,2312,021894,NA,6,3,5,3028,0,1,1,NA,2,056,INTERSTATE 5 NORTHBOUND,OSO PARKWAY,2640,S,N,A,-,Y,NA,NA,5,NA,NA,NA,NA,NA,N,Y,3,0,2,2,A,-,01,23152,F,N,C,C,A,A,D,-,D,D,0,NA,NA,NA,NA,Y,NA,A,07,0,2,0,0,0,0,0,0,0,-,-,33.57236099243164,-117.67169952392578,ORANGE,MISSION VIEJO,-117.67174530029295,33.57236099243164