CASE_ID,ACCIDENT_YEAR,PROC_DATE,JURIS,COLLISION_DATE,COLLISION_TIME,OFFICER_ID,REPORTING_DISTRICT,DAY_OF_WEEK,CHP_SHIFT,POPULATION,CNTY_CITY_LOC,SPECIAL_COND,BEAT_TYPE,CHP_BEAT_TYPE,CITY_DIVISION_LAPD,CHP_BEAT_CLASS,BEAT_NUMBER,PRIMARY_RD,SECONDARY_RD,DISTANCE,DIRECTION,INTERSECTION,WEATHER_1,WEATHER_2,STATE_HWY_IND,CALTRANS_COUNTY,CALTRANS_DISTRICT,STATE_ROUTE,ROUTE_SUFFIX,POSTMILE_PREFIX,POSTMILE,LOCATION_TYPE,RAMP_INTERSECTION,SIDE_OF_HWY,TOW_AWAY,COLLISION_SEVERITY,NUMBER_KILLED,NUMBER_INJURED,PARTY_COUNT,PRIMARY_COLL_FACTOR,PCF_CODE_OF_VIOL,PCF_VIOL_CATEGORY,PCF_VIOLATION,PCF_VIOL_SUBSECTION,HIT_AND_RUN,TYPE_OF_COLLISION,MVIW,PED_ACTION,ROAD_SURFACE,ROAD_COND_1,ROAD_COND_2,LIGHTING,CONTROL_DEVICE,CHP_ROAD_TYPE,PEDESTRIAN_ACCIDENT,BICYCLE_ACCIDENT,MOTORCYCLE_ACCIDENT,TRUCK_ACCIDENT,NOT_PRIVATE_PROPERTY,ALCOHOL_INVOLVED,STWD_VEHTYPE_AT_FAULT,CHP_VEHTYPE_AT_FAULT,COUNT_SEVERE_INJ,COUNT_VISIBLE_INJ,COUNT_COMPLAINT_PAIN,COUNT_PED_KILLED,COUNT_PED_INJURED,COUNT_BICYCLIST_KILLED,COUNT_BICYCLIST_INJURED,COUNT_MC_KILLED,COUNT_MC_INJURED,PRIMARY_RAMP,SECONDARY_RAMP,LATITUDE,LONGITUDE,COUNTY,CITY,POINT_X,POINT_Y
91472208,2021,2021-05-13,9670,2021-04-27,2302,021715,NA,2,3,5,3003,0,1,1,NA,2,502,I-5 NORTHBOUND,ARTESIA BOULEVARD,485,N,N,A,-,Y,NA,NA,5,NA,NA,NA,NA,NA,N,Y,2,0,3,1,A,-,03,22350,NA,N,E,J,A,A,D,E,D,D,0,NA,NA,NA,NA,Y,NA,A,01,3,0,0,0,0,0,0,0,0,-,-,33.87200927734375,-118.0080795288086,ORANGE,BUENA PARK,-118.00802612304688,33.87208557128906
9147235,2020,2020-09-24,3008,2020-07-24,1025,1158,NA,5,5,6,3008,0,0,0,NA,0,001,VALENCIA DR,GILBERT ST,310,W,N,A,-,N,NA,NA,NA,NA,NA,NA,NA,NA,NA,NA,3,0,1,2,A,-,03,22350,NA,N,B,C,A,A,H,-,A,A,0,NA,NA,Y,NA,Y,NA,C,02,0,1,0,0,0,0,0,0,1,-,-,NA,NA,ORANGE,FULLERTON,-117.9691162109375,33.866451263427734
91472753,2021,2021-05-13,9675,2021-05-07,1521,021633,NA,5,2,7,3001,0,1,3,NA,2,094,SR-91 E/B,IMPERIAL HIGHWAY,7180,E,N,A,-,Y,NA,NA,91,NA,NA,NA,NA,NA,E,Y,4,0,1,3,A,-,03,22350,NA,N,C,C,A,A,H,-,A,D,0,NA,NA,NA,Y,Y,NA,G,25,0,0,1,0,0,0,0,0,0,-,-,33.86402893066406,-117.76914215087892,ORANGE,ANAHEIM,-117.76919555664063,33.8641471862793
91474322,2021,2021-05-17,9690,2021-05-06,1335,014765,NA,4,1,5,3028,0,1,1,NA,2,055,I-5 N/B (SAN DIEGO FRWY),LOS ALISOS BLVD,275,S,N,A,-,Y,NA,NA,NA,NA,NA,NA,NA,NA,NA,Y,4,0,1,4,A,-,03,22350,NA,N,C,C,A,A,D,-,A,D,0,NA,NA,NA,NA,Y,NA,D,22,0,0,1,0,0,0,0,0,0,-,-,33.36286926269531,-117.41475677490234,ORANGE,MISSION VIEJO,-117.69680786132813,33.60795974731445
9147582,2020,2020-10-15,3000,2020-08-14,0925,9680,972C7,5,5,4,3029,0,0,0,NA,0,734,CAMINO CAPISTRANO,CALLE DEL SOL,7,E,N,A,-,N,NA,NA,NA,NA,NA,NA,NA,NA,NA,Y,4,0,1,2,A,-,08,22107,NA,N,D,C,A,A,H,-,A,D,0,NA,NA,NA,NA,Y,NA,D,22,0,0,1,0,0,0,0,0,0,-,-,NA,NA,ORANGE,DANA POINT,-117.66716766357422,33.45744705200195
91476689,2021,2021-07-16,9670,2021-05-15,0525,019420,NA,6,3,7,3001,0,1,3,NA,2,093,SR-91 W/B (RIVERSIDE FWY),BROOKHURST ST,1000,E,N,A,-,Y,NA,NA,91,NA,NA,NA,NA,NA,W,Y,3,0,2,2,A,-,07,21658,A,N,C,C,A,A,H,-,A,D,0,NA,NA,NA,NA,Y,NA,A,01,0,1,1,0,0,0,0,0,0,-,-,33.85416030883789,-117.9508819580078,ORANGE,ANAHEIM,-117.9508819580078,33.85414505004883
91479612,2021,2021-05-24,9675,2021-05-14,1355,021377,NA,5,1,7,3001,0,1,3,NA,2,094,SR-91 WESTBOUND,LAKEVIEW AVE,5280,E,N,A,-,Y,NA,NA,91,NA,NA,NA,NA,NA,W,N,4,0,1,2,A,-,03,22350,NA,N,C,C,A,A,H,-,A,D,0,NA,NA,NA,NA,Y,NA,-,99,0,0,1,0,0,0,0,0,0,-,-,33.85456848144531,-117.80538940429688,ORANGE,ANAHEIM,-117.80538177490234,33.85466003417969
91482745,2021,2021-05-27,9690,2021-05-20,0415,016430,NA,4,3,4,3029,0,1,1,NA,2,059,I-5 SOUTHBOUND TO CAMINO DE ESTRELA,CAMINO DE ESTRELLA,707,N,N,A,-,Y,NA,NA,5,NA,NA,NA,R,NA,S,Y,3,0,1,1,A,-,08,22107,NA,N,E,I,A,A,H,-,C,D,0,NA,NA,NA,NA,Y,NA,A,01,0,1,0,0,0,0,0,0,0,-,-,33.45975112915039,-117.65859222412108,ORANGE,DANA POINT,-117.65859222412108,33.45975112915039
91483174,2021,2021-05-27,9675,2021-05-19,1610,018102,NA,3,2,6,3026,1,1,S,NA,2,061,I-5 NORTHBOUND,JEFFREY ROAD,40,N,N,A,-,Y,NA,NA,5,NA,NA,NA,NA,NA,N,N,4,0,1,2,A,-,03,22350,NA,N,C,C,A,A,H,-,A,D,0,NA,NA,NA,NA,Y,NA,A,07,0,0,1,0,0,0,0,0,0,-,-,33.691688537597656,-117.76911926269533,ORANGE,IRVINE,-117.76922607421876,33.691619873046875
91487484,2021,2021-06-02,9690,2021-05-23,0940,020472,NA,7,1,4,3045,0,1,1,NA,2,550,I-5 SOUTHBOUND (SAN DIEGO FREEWAY),LA PAZ ROAD,250,N,N,A,-,Y,NA,NA,5,NA,NA,NA,NA,NA,S,Y,2,0,1,1,A,-,08,22107,NA,N,E,I,A,A,D,-,A,D,0,NA,NA,Y,NA,Y,NA,C,02,1,0,0,0,0,0,0,0,1,-,-,33.598419189453125,-117.67719268798828,ORANGE,LAGUNA HILLS,-117.6772232055664,33.598350524902344
9148850,2020,2020-09-18,3000,2020-07-29,1400,6532,971-F,3,5,4,3029,0,0,0,NA,0,736,NIGUEL RD,MONARCH BEACH DR,0,NA,Y,A,-,N,NA,NA,NA,NA,NA,NA,NA,NA,NA,N,3,0,1,2,A,-,05,21650,NA,N,D,G,A,A,H,-,A,A,0,NA,Y,NA,NA,Y,NA,L,04,0,1,0,0,0,0,1,0,0,-,-,NA,NA,ORANGE,DANA POINT,-117.71234130859376,33.487281799316406
91491637,2021,2021-06-08,9675,2021-05-31,1841,019938,NA,1,2,6,3026,0,1,3,NA,2,074,SR-73 NORTHBOUND,JAMBOREE RD,800,S,N,A,-,Y,NA,NA,NA,NA,NA,NA,NA,NA,NA,Y,4,0,1,2,A,-,07,21658,A,N,B,C,A,A,H,-,B,D,0,NA,NA,Y,NA,Y,NA,C,02,0,0,1,0,0,0,0,0,1,-,-,33.39133834838867,-117.51466369628906,ORANGE,IRVINE,-117.86313629150392,33.653934478759766
91491896,2021,2021-06-08,9675,2021-05-20,0925,019979,NA,4,1,7,3001,0,1,3,NA,2,093,SR-91 WESTBOUND,TUSTIN AVE.,500,E,N,A,-,Y,NA,NA,91,NA,NA,NA,NA,NA,W,N,4,0,1,2,A,-,03,22350,NA,F,C,C,A,A,H,-,A,D,0,NA,NA,NA,NA,Y,NA,-,99,0,0,1,0,0,0,0,0,0,-,-,33.84891891479492,-117.83412170410156,ORANGE,ANAHEIM,-117.83414459228516,33.84889221191406
91495080,2021,2021-06-11,9675,2021-06-07,1555,018714,NA,1,2,6,3004,0,1,1,NA,2,405,I-405 NORTHBOUND,BRISTOL ST,100,N,N,B,-,Y,NA,NA,405,NA,NA,NA,NA,NA,N,Y,4,0,1,2,A,-,07,21658,A,N,C,C,A,A,H,-,A,D,0,NA,NA,NA,NA,Y,NA,A,01,0,0,1,0,0,0,0,0,0,-,-,33.68764877319336,-117.88636779785156,ORANGE,COSTA MESA,-117.88636779785156,33.68751525878906
91496342,2021,2021-06-14,9670,2021-06-05,0240,022055,NA,6,3,6,3009,0,1,3,NA,2,024,SR-22 EB,BROOKHURST ST.,300,E,N,A,-,Y,NA,NA,NA,NA,NA,NA,NA,NA,NA,N,4,0,1,2,A,-,03,22350,NA,N,C,C,A,A,H,-,C,D,0,NA,NA,NA,NA,Y,NA,A,07,0,0,1,0,0,0,0,0,0,-,-,38.582401275634766,-121.49539947509766,ORANGE,GARDEN GROVE,-117.95494079589844,33.76578903198242
9149657,2020,2020-11-30,3010,2020-08-21,1729,2134,172,5,5,6,3010,0,0,0,NA,0,008,RT 1,6TH ST,9,N,N,A,-,Y,ORA,12,1,-,-,30.19,H,-,S,N,3,0,1,2,A,-,17,22517,NA,N,B,G,A,A,H,-,A,D,0,NA,Y,NA,NA,Y,NA,A,01,0,1,0,0,0,0,1,0,0,-,-,NA,NA,ORANGE,HUNTINGTON BEACH,-118.06665802001952,33.71470260620117
9149661,2020,2020-11-30,3010,2020-08-20,1628,1243,262,4,5,6,3010,0,0,0,NA,0,007,HEIL AV,BEACH BL,226,NA,N,A,-,Y,ORA,12,39,-,-,5.141,I,5,N,Y,3,0,1,2,A,-,09,21801,A,N,D,C,A,A,H,-,A,D,0,NA,NA,Y,NA,Y,NA,A,01,0,1,0,0,0,0,0,0,1,-,-,33.72269821166992,-117.9893035888672,ORANGE,HUNTINGTON BEACH,-117.98911285400392,33.7230224609375
91497356,2021,2021-06-15,9670,2021-06-06,1405,021679,NA,7,2,5,3007,0,1,1,NA,2,040,I-405 N/B (SAN DIEGO FREEWAY),BROOKHURST ST OC,150,N,N,A,-,Y,NA,NA,405,NA,NA,NA,NA,NA,N,Y,4,0,1,2,A,-,08,22107,NA,N,D,C,A,A,D,E,A,D,0,NA,NA,NA,NA,Y,NA,A,08,0,0,1,0,0,0,0,0,0,-,-,33.70600128173828,-117.95491027832033,ORANGE,FOUNTAIN VALLEY,-117.9549560546875,33.70594787597656
91497488,2021,2021-06-15,9690,2021-06-09,1625,016493,NA,3,2,4,3045,0,1,1,NA,2,055,I-5 S/B (SDF) FROM AVE DE LA CARLOTA,EL TORO RD,650,N,N,A,-,Y,NA,NA,5,NA,NA,NA,R,NA,S,N,3,0,2,2,A,-,21,22106,NA,N,C,C,A,A,C,-,A,A,0,NA,NA,NA,NA,Y,NA,A,01,0,2,0,0,0,0,0,0,0,-,-,33.61539840698242,-117.70905303955078,ORANGE,LAGUNA HILLS,-117.70905303955078,33.61539840698242
9149824,2020,2020-09-15,3013,2020-06-22,0912,206,L05,1,5,3,3013,0,0,0,NA,0,NA,KATELLA AV,MAPLE ST,71,E,N,A,-,N,NA,NA,NA,NA,NA,NA,NA,NA,NA,N,3,0,1,2,A,-,08,22107,NA,N,C,C,A,A,H,-,A,D,0,NA,NA,NA,NA,Y,NA,A,01,0,1,0,0,0,0,0,0,0,-,-,NA,NA,ORANGE,LOS ALAMITOS,-118.06514739990234,33.80316162109375
9149849,2020,2020-11-30,3002,2020-07-25,1507,1693,NA,6,5,4,3002,0,0,0,NA,0,012,IMPERIAL HWY,KINGSWOOD CT,175,E,N,A,-,Y,ORA,12,90,-,-,5.83,H,-,E,Y,4,0,1,3,A,-,03,22350,NA,N,C,C,A,A,H,-,A,A,0,NA,NA,NA,NA,Y,NA,A,01,0,0,1,0,0,0,0,0,0,-,-,33.910850524902344,-117.87751007080078,ORANGE,BREA,-117.87705993652344,33.910789489746094
91498861,2021,2021-06-16,9675,2021-06-09,2056,017998,NA,3,2,6,3026,0,1,1,NA,2,406,I-405 SOUTHBOUND,CULVER DR,2600,N,N,A,-,Y,NA,NA,NA,NA,NA,NA,NA,NA,NA,Y,4,0,1,2,A,-,03,22350,NA,N,C,C,A,A,H,-,D,D,0,NA,NA,NA,NA,Y,Y,A,01,0,0,1,0,0,0,0,0,0,-,-,33.69525909423828,-117.93405151367188,ORANGE,IRVINE,-117.83075714111328,33.672027587890625
91501260,2021,2021-06-21,9675,2021-06-11,0155,021914,NA,5,3,7,3019,0,1,3,NA,2,552,SR-55 NORTHBOUND TO DYER ROAD,DYER ROAD,345,S,N,A,-,Y,NA,NA,55,NA,NA,NA,R,NA,N,Y,4,0,1,1,A,-,01,23152,A,M,E,I,A,A,H,-,D,D,0,NA,NA,NA,NA,Y,Y,A,01,0,0,1,0,0,0,0,0,0,-,-,33.70751190185547,-117.85059356689452,ORANGE,SANTA ANA,-117.85059356689452,33.70751190185547
91501914,2021,2021-06-21,9675,2021-05-31,2058,021834,NA,1,2,9,3000,0,3,5,NA,2,002,ARROYO AVENUE,LA LOMA DRIVE,6,S,N,A,-,N,NA,NA,NA,NA,NA,NA,NA,NA,NA,N,4,0,1,2,A,-,10,21950,A,M,G,B,B,A,H,-,D,D,0,Y,NA,NA,NA,Y,NA,-,99,0,0,1,0,1,0,0,0,0,-,-,33.76091003417969,-117.79380035400392,ORANGE,UNINCORPORATED,-117.79373168945313,33.760929107666016
91504407,2021,2021-06-23,9675,2021-06-12,1555,021960,NA,6,2,7,3001,0,1,3,NA,2,195,SR-91 EASTBOUND,GYPSUM CYN ROAD,500,W,N,A,-,Y,NA,NA,91,NA,NA,NA,NA,NA,E,Y,3,0,2,3,A,-,03,22350,NA,N,C,C,A,C,H,-,A,D,0,NA,NA,NA,NA,Y,NA,A,01,0,1,1,0,0,0,0,0,0,-,-,33.86642074584961,-117.71327972412108,ORANGE,ANAHEIM,-117.71326446533205,33.8663444519043
91504433,2021,2021-06-23,9670,2021-06-15,1930,017951,NA,2,2,5,3024,0,1,1,NA,2,042,I-405 NORTHBOUND (SAN DIEGO FREEWAY),BOLSA CHICA ROAD,1674,S,N,A,-,Y,NA,NA,NA,NA,NA,NA,NA,NA,NA,N,4,0,1,1,A,-,08,22107,NA,N,E,I,A,A,H,-,A,D,0,NA,NA,NA,NA,Y,NA,A,01,0,0,1,0,0,0,0,0,0,-,-,33.77008056640625,-117.03514099121094,ORANGE,WESTMINSTER,-118.0352020263672,33.77017593383789
91506925,2021,2021-06-25,9675,2021-06-20,0020,022023,NA,7,3,6,3004,0,1,3,NA,2,553,SR-55 NORTHBOUND,FAIR DR.,1300,S,N,A,-,Y,NA,NA,55,NA,NA,NA,NA,NA,N,Y,3,0,2,2,A,-,03,22350,NA,N,D,C,A,A,H,-,C,D,0,NA,NA,NA,NA,Y,Y,A,01,0,2,0,0,0,0,0,0,0,-,-,33.66209030151367,-117.89849853515624,ORANGE,COSTA MESA,-117.89858245849608,33.66217041015625
91508087,2021,2021-06-28,9675,2021-06-20,0019,022023,NA,7,3,6,3004,0,1,3,NA,2,553,SR-55 NORTHBOUND,FAIR DR.,1350,S,N,A,-,Y,NA,NA,55,NA,NA,NA,NA,NA,N,Y,3,0,2,2,A,-,03,22350,NA,N,D,C,A,A,H,-,C,D,0,NA,NA,NA,NA,Y,Y,A,01,0,2,0,0,0,0,0,0,0,-,-,33.662750244140625,-117.89785003662108,ORANGE,COSTA MESA,-117.89794158935548,33.66283416748047
91508102,2021,2021-06-28,9670,2021-06-18,1504,019925,NA,5,2,5,3003,0,1,3,NA,2,092,SR-91 E/B TO KNOTT AVE.,KNOTT AVE.,80,W,N,A,-,Y,NA,NA,91,NA,NA,NA,R,NA,E,N,4,0,1,2,A,-,03,22350,NA,N,E,8,A,A,H,-,A,D,0,NA,NA,NA,NA,Y,NA,A,01,0,0,1,0,0,0,0,0,0,-,-,33.854801177978516,-118.01178741455078,ORANGE,BUENA PARK,-118.01178741455078,33.854801177978516
91511727,2021,2021-07-02,9670,2021-07-01,1416,017022,NA,4,2,6,3009,0,1,3,NA,2,124,SR-22 E/B (GARDEN GROVE FREEWAY),HARBOR BOULEVARD,500,E,N,A,-,Y,NA,NA,22,NA,NA,NA,NA,NA,E,N,4,0,3,2,A,-,07,21658,A,N,B,C,A,A,H,-,A,D,0,NA,NA,NA,NA,Y,NA,D,22,0,0,3,0,0,0,0,0,0,-,-,33.76826095581055,-117.91869354248048,ORANGE,GARDEN GROVE,-117.91871643066406,33.768341064453125
91512311,2021,2021-07-02,9675,2021-06-25,1745,020923,NA,5,2,6,3004,0,1,3,NA,2,553,SR-55 N/B,PAULARINO AVE,100,S,N,A,-,Y,NA,NA,55,NA,NA,NA,NA,NA,N,N,4,0,2,2,A,-,03,22350,NA,N,C,C,A,A,H,-,A,D,0,NA,NA,NA,NA,Y,NA,D,22,0,0,2,0,0,0,0,0,0,-,-,33.68159866333008,-117.87751007080078,ORANGE,COSTA MESA,-117.87765502929688,33.6817512512207
91512923,2021,2021-07-05,9690,2021-06-25,1650,020086,NA,5,2,5,3017,0,1,1,NA,2,059,I-5 SOUTHBOUND TO AVENIDA PALIZADA,AVENIDA PALIZADA,20,N,N,A,-,Y,NA,NA,5,NA,NA,NA,R,NA,S,N,4,0,1,3,A,-,03,22350,NA,N,C,C,A,A,H,-,A,D,0,NA,NA,NA,NA,Y,NA,A,01,0,0,1,0,0,0,0,0,0,-,-,33.43074035644531,-117.61483764648438,ORANGE,SAN CLEMENTE,-117.61483764648438,33.43074035644531
9151399,2020,2020-10-20,3026,2020-08-07,0718,548,PORTO,5,5,6,3026,0,0,0,NA,0,008,IRVINE BL,SAND CANYON AV,11,E,N,A,-,N,NA,NA,NA,NA,NA,NA,NA,NA,NA,N,2,0,1,2,A,-,10,21950,A,N,G,B,B,A,H,-,A,A,0,Y,NA,NA,NA,Y,NA,A,07,1,0,0,0,1,0,0,0,0,-,-,33.69839096069336,-117.74732208251952,ORANGE,IRVINE,-117.7384033203125,33.698551177978516
91514516,2021,2021-07-07,9675,2021-06-28,1440,021377,NA,1,2,7,3001,0,1,3,NA,2,094,SR-91 WESTBOUND,IMPERIAL HIGHWAY,500,W,N,A,-,Y,NA,NA,91,NA,NA,NA,NA,NA,W,N,4,0,3,2,A,-,21,22106,NA,N,C,C,A,A,H,-,A,D,0,NA,NA,NA,NA,Y,NA,A,01,0,0,3,0,0,0,0,0,0,-,-,33.8543586730957,-117.79296112060548,ORANGE,ANAHEIM,-117.79296112060548,33.8543815612793
91514589,2021,2021-07-07,9670,2021-06-25,1005,019138,NA,5,1,6,3010,0,1,1,NA,2,043,I-405 SB (SAN DIEGO FREEWAY),MCFADDEN AVE,300,N,N,A,-,Y,NA,NA,405,NA,NA,NA,NA,NA,S,Y,4,0,1,2,A,-,03,22350,NA,N,C,C,A,A,D,E,A,D,0,NA,NA,NA,Y,Y,NA,G,25,0,0,1,0,0,0,0,0,0,-,-,33.73733139038086,-117.99622344970705,ORANGE,HUNTINGTON BEACH,-117.99618530273438,33.73738098144531
9151459,2020,2020-10-13,3000,2020-08-06,1544,3905,921F2,4,5,4,3045,0,0,0,NA,0,280,MOULTON PKY,CALLE ARAGON,27,N,N,A,-,N,NA,NA,NA,NA,NA,NA,NA,NA,NA,N,4,0,1,2,A,-,03,22350,NA,N,C,C,A,A,H,-,A,A,0,NA,NA,NA,NA,Y,NA,A,01,0,0,1,0,0,0,0,0,0,-,-,NA,NA,ORANGE,LAGUNA HILLS,-117.71659088134766,33.59964370727539
91515471,2021,2021-07-08,9670,2021-06-30,1515,021459,NA,3,2,7,3001,0,1,1,NA,2,502,I-5 N/B FROM HARBOR BOULVARD (SANTA ANA FREEWAY),HARBOR BOULEVARD,150,S,N,A,-,Y,NA,NA,5,NA,NA,NA,R,NA,N,N,4,0,4,2,A,-,03,22350,NA,N,C,C,A,A,H,-,A,A,0,NA,NA,NA,NA,Y,NA,A,07,0,0,4,0,0,0,0,0,0,-,-,33.81563949584961,-117.91470336914063,ORANGE,ANAHEIM,-117.91470336914063,33.81563949584961
91515990,2021,2021-07-08,9690,2021-06-30,1815,014765,NA,3,2,9,3000,0,3,5,NA,2,004,FIELDHOUSE,POTTERS BEND,112,W,N,A,-,N,NA,NA,NA,NA,NA,NA,NA,NA,NA,N,3,0,1,2,A,-,21,22106,NA,N,B,C,A,A,H,-,A,D,0,NA,NA,Y,NA,Y,NA,D,22,0,1,0,0,0,0,0,0,1,-,-,33.33256149291992,-117.38288879394533,ORANGE,UNINCORPORATED,-117.64131927490234,33.557090759277344
91520693,2021,2021-09-07,9670,2021-07-10,1000,019502,NA,6,1,5,3003,0,1,3,NA,2,092,SR-91 E/B,ORANGETHORPE AVE,100,E,N,A,-,Y,NA,NA,91,NA,NA,NA,NA,NA,E,Y,4,0,2,3,A,-,21,22106,NA,N,C,C,A,A,H,-,A,D,0,NA,NA,NA,NA,Y,NA,A,01,0,0,2,0,0,0,0,0,0,-,-,33.85913848876953,-118.03502655029295,ORANGE,BUENA PARK,-118.03502655029295,33.85914611816406
91521707,2021,2021-07-16,9670,2021-07-15,0750,018687,NA,4,1,6,3009,0,1,3,NA,2,023,SR-22 W/B,PEARCE STREET PEDESTRIAN OVER-CROSSING,1700,W,N,A,-,Y,NA,NA,22,NA,NA,NA,NA,NA,W,Y,4,0,2,2,A,-,07,21658,A,N,D,C,A,A,H,-,A,D,0,NA,NA,NA,NA,Y,NA,A,01,0,0,2,0,0,0,0,0,0,-,-,33.7735481262207,-117.90679931640624,ORANGE,GARDEN GROVE,-117.90679931640624,33.7735481262207
91523038,2021,2021-11-01,9690,2021-07-06,2347,020637,NA,2,3,4,3045,0,1,1,NA,2,056,INTERSTATE 5 SOUTHBOUND,ALICIA PKWY,1500,S,N,A,-,Y,NA,NA,5,NA,NA,NA,NA,NA,S,Y,3,0,2,3,A,-,07,21658,A,F,B,C,A,A,D,-,D,A,0,NA,NA,NA,NA,Y,NA,-,-,0,2,0,0,0,0,0,0,0,-,-,33.60197067260742,-117.68621063232422,ORANGE,LAGUNA HILLS,-117.68620300292967,33.60198211669922
9152410,2020,2020-12-02,3001,2020-09-12,0105,A1047,NA,6,5,7,3001,0,0,0,NA,0,D-1,BROOKHURST ST,ORANGE AV,227,N,N,A,-,N,NA,NA,NA,NA,NA,NA,NA,NA,NA,Y,3,0,2,2,A,-,08,22100,B,N,B,C,A,A,H,-,C,A,0,NA,NA,NA,NA,Y,NA,A,01,0,2,0,0,0,0,0,0,0,-,-,33.82490158081055,-117.95880889892578,ORANGE,ANAHEIM,-117.9589385986328,33.825653076171875
91524585,2021,2021-07-20,9670,2021-07-10,0339,021715,NA,6,3,5,3003,0,1,3,NA,2,091,SR-91 W/B,KNOTT AVE,400,E,N,A,-,Y,NA,NA,91,NA,NA,NA,NA,NA,W,Y,3,0,1,2,C,-,18,NA,NA,N,C,C,A,A,H,-,D,D,0,NA,NA,NA,NA,Y,NA,-,-,0,1,0,0,0,0,0,0,0,-,-,33.85620880126953,-118.00351715087892,ORANGE,BUENA PARK,-118.00351715087892,33.85613250732422
91525563,2021,2021-07-21,9675,2021-02-26,1544,020923,NA,5,2,6,3004,0,1,3,NA,2,553,SR-55 S/B TO SR-73 S/B,BAKER ST,4800,S,N,A,-,Y,NA,NA,NA,NA,NA,NA,NA,NA,NA,Y,4,0,1,2,A,-,07,21658,A,F,C,C,A,A,H,-,A,D,0,NA,NA,NA,NA,Y,NA,A,01,0,0,1,0,0,0,0,0,0,-,-,33.66962814331055,-117.88372802734376,ORANGE,COSTA MESA,-117.89022064208984,33.6704216003418
91527240,2021,2021-07-23,9675,2021-07-15,0655,020131,NA,4,1,7,3001,0,1,3,NA,2,093,SR-91 EASTBOUND,LA PALMA AVE,20,E,N,A,-,Y,NA,NA,91,NA,NA,NA,NA,NA,E,Y,4,0,1,1,A,-,08,22107,NA,N,E,C,A,A,H,-,A,D,0,NA,NA,NA,NA,Y,NA,A,01,0,0,1,0,0,0,0,0,0,-,-,33.8474006652832,-117.87116241455078,ORANGE,ANAHEIM,-117.8711166381836,33.84750747680664
9152765,2020,2020-11-20,3002,2020-09-16,1151,1672,NA,3,5,4,3002,0,0,0,NA,0,013,ASSOCIATED RD,CHEVY CHASE DR,28,N,N,A,-,N,NA,NA,NA,NA,NA,NA,NA,NA,NA,N,4,0,1,2,A,-,09,21802,A,N,D,C,A,A,H,-,A,A,0,NA,NA,NA,NA,Y,NA,A,07,0,0,1,0,0,0,0,0,0,-,-,33.91550827026367,-117.87648010253906,ORANGE,BREA,-117.87646484375,33.91567611694336
91530481,2021,2021-07-28,9675,2021-07-21,0125,021225,NA,3,3,6,3004,0,1,1,NA,2,405,I-405 SOUTHBOUND,HARBOR BLVD,2000,N,N,A,-,Y,NA,NA,405,NA,NA,NA,NA,NA,S,Y,4,0,1,1,A,-,08,22107,NA,N,E,I,A,A,H,-,C,D,0,NA,NA,NA,NA,Y,NA,A,01,0,0,1,0,0,0,0,0,0,-,-,33.69330978393555,-117.93010711669922,ORANGE,COSTA MESA,-117.93006896972656,33.69342041015625
91530574,2021,2021-07-28,9675,2021-07-21,0950,021397,NA,3,1,7,3019,0,1,1,NA,2,502,I-5 SOUTHBOUND,4TH ST,2000,N,N,A,-,Y,NA,NA,5,NA,NA,NA,NA,NA,S,N,4,0,2,2,A,-,03,22350,NA,N,C,C,A,A,H,-,A,D,0,NA,NA,NA,Y,Y,NA,A,01,0,0,2,0,0,0,0,0,0,-,-,33.751949310302734,-117.84683227539063,ORANGE,SANTA ANA,-117.84682464599608,33.751956939697266
91534774,2021,2021-08-02,9690,2021-07-21,0900,012712,NA,3,1,9,3000,0,1,3,NA,1,074,SR-74 (ORTEGA HWY),NICHOLS INSTITUTE,2500,W,N,A,-,N,NA,NA,74,NA,NA,NA,NA,NA,NA,Y,3,0,1,1,A,-,08,22107,NA,N,E,I,A,A,H,-,A,D,0,NA,NA,NA,NA,Y,NA,A,01,0,1,0,0,0,0,0,0,0,-,-,33.55607986450195,-117.54908752441406,ORANGE,UNINCORPORATED,-117.54913330078124,33.556087493896484