CASE_ID,ACCIDENT_YEAR,PROC_DATE,JURIS,COLLISION_DATE,COLLISION_TIME,OFFICER_ID,REPORTING_DISTRICT,DAY_OF_WEEK,CHP_SHIFT,POPULATION,CNTY_CITY_LOC,SPECIAL_COND,BEAT_TYPE,CHP_BEAT_TYPE,CITY_DIVISION_LAPD,CHP_BEAT_CLASS,BEAT_NUMBER,PRIMARY_RD,SECONDARY_RD,DISTANCE,DIRECTION,INTERSECTION,WEATHER_1,WEATHER_2,STATE_HWY_IND,CALTRANS_COUNTY,CALTRANS_DISTRICT,STATE_ROUTE,ROUTE_SUFFIX,POSTMILE_PREFIX,POSTMILE,LOCATION_TYPE,RAMP_INTERSECTION,SIDE_OF_HWY,TOW_AWAY,COLLISION_SEVERITY,NUMBER_KILLED,NUMBER_INJURED,PARTY_COUNT,PRIMARY_COLL_FACTOR,PCF_CODE_OF_VIOL,PCF_VIOL_CATEGORY,PCF_VIOLATION,PCF_VIOL_SUBSECTION,HIT_AND_RUN,TYPE_OF_COLLISION,MVIW,PED_ACTION,ROAD_SURFACE,ROAD_COND_1,ROAD_COND_2,LIGHTING,CONTROL_DEVICE,CHP_ROAD_TYPE,PEDESTRIAN_ACCIDENT,BICYCLE_ACCIDENT,MOTORCYCLE_ACCIDENT,TRUCK_ACCIDENT,NOT_PRIVATE_PROPERTY,ALCOHOL_INVOLVED,STWD_VEHTYPE_AT_FAULT,CHP_VEHTYPE_AT_FAULT,COUNT_SEVERE_INJ,COUNT_VISIBLE_INJ,COUNT_COMPLAINT_PAIN,COUNT_PED_KILLED,COUNT_PED_INJURED,COUNT_BICYCLIST_KILLED,COUNT_BICYCLIST_INJURED,COUNT_MC_KILLED,COUNT_MC_INJURED,PRIMARY_RAMP,SECONDARY_RAMP,LATITUDE,LONGITUDE,COUNTY,CITY,POINT_X,POINT_Y
91600187,2021,2023-04-24,9675,2021-10-09,0340,022099,NA,6,3,7,3001,0,1,3,NA,2,093,SR-91 E/B (RIVERSIDE FWY),STATE COLLEGE BLVD,780,E,N,A,-,Y,NA,NA,91,NA,NA,NA,NA,NA,E,Y,3,0,5,4,A,-,08,22107,NA,F,G,4,E,A,H,-,C,D,0,Y,NA,NA,NA,Y,NA,D,22,0,3,2,0,1,0,0,0,0,-,-,33.85363006591797,-117.88636779785156,ORANGE,ANAHEIM,-117.88632965087892,33.853824615478516
91601220,2021,2021-10-20,9675,2021-10-10,0900,020027,NA,7,1,6,3015,0,1,3,NA,2,222,SR-22 EASTBOUND TO SR-55 NORTHBOUND,TUSTIN AVE,1000,E,N,A,-,Y,NA,NA,22,NA,NA,NA,R,NA,E,Y,3,0,1,2,A,-,06,21755,A,N,B,C,A,A,H,-,A,D,0,NA,NA,Y,NA,Y,NA,C,02,0,1,0,0,0,0,0,0,1,-,-,33.777000427246094,-117.83120727539063,ORANGE,ORANGE,-117.83120727539063,33.777000427246094
91601260,2021,2021-10-20,9670,2021-08-30,0815,016793,NA,1,1,4,3020,0,1,1,NA,2,044,I-405 N/B (SAN DIEGO FREEWAY),SR-22 E/B,500,N,N,B,-,Y,NA,NA,405,NA,NA,NA,NA,NA,N,Y,3,0,1,2,A,-,08,22107,NA,N,B,C,A,A,D,E,A,D,0,NA,NA,NA,NA,Y,NA,-,-,0,1,0,0,0,0,0,0,0,-,-,33.77473831176758,-118.04537963867188,ORANGE,SEAL BEACH,-118.04539489746094,33.77488708496094
91601448,2021,2021-10-20,9675,2021-10-10,1310,020027,NA,7,1,9,3000,0,2,4,NA,2,034,SANTIAGO CANYON RD,JACKSON RANCH RD,500,N,N,A,-,N,NA,NA,NA,NA,NA,NA,NA,NA,NA,Y,3,0,1,1,A,-,08,22107,NA,N,F,A,A,A,H,-,A,D,0,NA,NA,Y,NA,Y,NA,C,02,0,1,0,0,0,0,0,0,1,-,-,33.72966003417969,-117.65048980712892,ORANGE,UNINCORPORATED,-117.64929962158205,33.72597122192383
91607866,2021,2021-10-27,9670,2021-09-09,0750,019171,NA,4,1,6,3008,0,1,3,NA,2,093,SR-91 W/B (RIVERSIDE FWY),LEMON ST,100,E,N,A,-,Y,NA,NA,91,NA,NA,NA,NA,NA,W,N,4,0,1,3,A,-,03,22350,NA,M,C,C,A,A,H,-,A,D,0,NA,NA,NA,NA,Y,Y,A,01,0,0,1,0,0,0,0,0,0,-,-,33.8538703918457,-117.92147827148438,ORANGE,FULLERTON,-117.9215087890625,33.854209899902344
91607869,2021,2021-10-27,9675,2021-10-19,1440,014614,NA,2,2,7,3001,0,1,3,NA,2,240,SR-241 NORTHBOUND TO SR-91 EASTBOUND,GYPSUM CANYON ROAD,15,S,N,A,-,Y,NA,NA,NA,NA,NA,NA,NA,NA,NA,Y,3,0,3,3,A,-,03,22350,NA,N,C,C,A,A,H,-,A,D,0,NA,NA,NA,Y,Y,NA,G,25,0,3,0,0,0,0,0,0,0,-,-,33.866798400878906,-117.09870147705078,ORANGE,ANAHEIM,NA,NA
91612394,2021,2021-11-01,9670,2021-10-18,0910,020325,NA,1,1,7,3001,0,1,3,NA,2,093,SR-91 W/B,STATE COLLEGE BLVD.,528,W,N,A,-,Y,NA,NA,91,NA,NA,NA,NA,NA,W,N,3,0,3,5,A,-,03,22350,NA,N,C,C,A,A,H,-,A,D,0,NA,NA,NA,NA,Y,NA,A,07,0,2,1,0,0,0,0,0,0,-,-,33.85429000854492,-117.89264678955078,ORANGE,ANAHEIM,-117.89264678955078,33.85425567626953
91612816,2021,2021-11-01,9675,2021-10-28,2222,018983,NA,4,3,7,3001,0,1,3,NA,2,572,SR-57 NORTHBOUND,WAGNER AVENUE,320,S,N,A,-,Y,NA,NA,57,NA,NA,NA,NA,NA,N,N,4,0,2,2,A,-,03,22350,NA,N,C,C,A,A,H,-,C,D,0,NA,NA,NA,NA,Y,NA,A,07,0,0,2,0,0,0,0,0,0,-,-,33.82442092895508,-117.87586212158205,ORANGE,ANAHEIM,-117.87599182128906,33.82442092895508
91613070,2021,2021-11-02,9670,2021-10-21,1635,021543,NA,4,2,4,3020,0,1,1,NA,2,045,I-405 S/B,SEAL BEACH BLVD,1056,N,N,A,-,Y,NA,NA,405,NA,NA,NA,NA,NA,S,Y,3,0,1,4,A,-,08,22107,NA,N,A,C,A,A,D,-,A,D,0,NA,NA,NA,Y,Y,NA,A,01,0,1,0,0,0,0,0,0,0,-,-,33.77423095703125,-118.08331298828124,ORANGE,SEAL BEACH,-118.08330535888672,33.77431106567383
91614428,2021,2021-11-03,9675,2021-10-22,1853,020699,NA,5,2,6,3015,0,1,3,NA,2,550,SR-55 SOUTHBOUND,CHAPMAN AVE,1000,N,N,A,-,Y,NA,NA,55,NA,NA,NA,NA,NA,S,N,4,0,1,2,A,-,03,22350,NA,N,C,C,A,A,H,-,A,D,0,NA,NA,NA,NA,Y,NA,A,08,0,0,1,0,0,0,0,0,0,-,-,33.79338836669922,-117.83113861083984,ORANGE,ORANGE,-117.83109283447266,33.79338836669922
91614790,2021,2021-11-03,9670,2021-10-28,1630,019171,NA,4,2,7,3001,0,1,1,NA,2,503,I-5 S/B (SANTA ANA FWY),BROADWAY,50,N,N,A,-,Y,NA,NA,5,NA,NA,NA,NA,NA,S,N,4,0,1,2,A,-,03,22350,NA,M,C,C,A,A,H,-,A,D,0,NA,NA,NA,NA,Y,Y,-,99,0,0,1,0,0,0,0,0,0,-,-,33.82973861694336,-117.92938232421876,ORANGE,ANAHEIM,-117.92948150634766,33.82963562011719
91615025,2021,2021-11-03,9675,2021-10-24,0543,020018,NA,7,3,5,3022,0,1,1,NA,2,503,I-5 SOUTHBOUND,RED HILL AVENUE,500,N,N,A,-,Y,NA,NA,5,NA,NA,NA,NA,NA,S,Y,4,0,1,1,A,-,08,22107,NA,N,E,I,A,A,H,-,C,D,0,NA,NA,NA,NA,Y,NA,A,01,0,0,1,0,0,0,0,0,0,-,-,33.73384094238281,-117.81584167480467,ORANGE,TUSTIN,-117.81588745117188,33.73377227783203
91615256,2021,2022-01-13,9690,2021-10-26,1142,021875,NA,2,1,5,3028,0,1,1,NA,2,056,I-5 N/B (SAN DIEGO FRWY),LA PAZ RD,1500,S,N,A,-,Y,NA,NA,5,NA,NA,NA,NA,NA,N,Y,4,0,4,3,A,-,07,21658,A,N,B,2,A,A,D,-,A,D,0,NA,NA,NA,NA,Y,NA,-,-,0,0,4,0,0,0,0,0,0,-,-,33.595001220703125,-117.67323303222656,ORANGE,MISSION VIEJO,-117.67314910888672,33.59506607055664
9161564,2020,2020-10-13,3008,2020-07-08,1746,1579,NA,3,5,6,3008,0,0,0,NA,0,NA,GILBERT ST,STERN GOODMAN ST,0,NA,Y,A,-,N,NA,NA,NA,NA,NA,NA,NA,NA,NA,N,3,0,1,2,A,-,10,21950,A,N,D,G,A,A,H,-,A,A,0,NA,Y,NA,NA,Y,NA,A,01,0,1,0,0,0,0,1,0,0,-,-,NA,NA,ORANGE,FULLERTON,-117.96636199951172,33.87934875488281
91617578,2021,2021-11-05,9675,2021-10-27,1145,020627,NA,3,1,7,3001,0,1,3,NA,2,095,SR-91 WESTBOUND,COAL CYN ROAD,1000,W,N,A,-,Y,NA,NA,NA,NA,NA,NA,NA,NA,NA,N,4,0,1,3,A,-,07,21658,A,N,B,C,A,A,H,-,A,D,0,NA,NA,NA,NA,Y,NA,E,22,0,0,1,0,0,0,0,0,0,-,-,33.5223388671875,-117.41545104980467,ORANGE,ANAHEIM,NA,NA
91617907,2021,2021-11-08,9675,2021-10-27,1858,022222,NA,3,2,6,3015,0,1,3,NA,2,551,SR-55 SOUTHBOUND,LA VETA AVE,350,N,N,A,-,Y,NA,NA,55,NA,NA,NA,NA,NA,S,N,4,0,1,2,A,-,03,22350,NA,F,C,C,A,A,H,-,D,D,0,NA,NA,NA,NA,Y,NA,-,99,0,0,1,0,0,0,0,0,0,-,-,33.78181076049805,-117.83126831054688,ORANGE,ORANGE,-117.83124542236328,33.78181076049805
9161815,2020,2020-11-25,3001,2020-09-05,1730,A2367,D3,6,5,7,3001,0,0,0,NA,0,0D3,BALL RD,SUNKIST ST,0,NA,Y,A,-,N,NA,NA,NA,NA,NA,NA,NA,NA,NA,Y,4,0,2,2,A,-,12,21453,A,N,D,C,A,A,H,-,A,A,0,NA,NA,NA,NA,Y,NA,A,07,0,0,2,0,0,0,0,0,0,-,-,33.81644058227539,-117.8807373046875,ORANGE,ANAHEIM,-117.88056182861328,33.81809997558594
91618342,2021,2021-11-08,9670,2021-10-23,1539,019290,NA,6,2,4,3020,0,1,1,NA,2,044,I-405 N/B (SAN DIEGO FWY),I-605 O/C,1056,S,N,B,-,Y,NA,NA,405,NA,NA,NA,NA,NA,N,Y,4,0,2,2,A,-,08,22107,NA,N,E,I,A,A,D,E,A,D,0,NA,NA,NA,NA,Y,NA,A,01,0,0,2,0,0,0,0,0,0,-,-,33.781471252441406,-118.09040069580078,ORANGE,SEAL BEACH,-118.09043884277344,33.78145980834961
91622427,2021,2021-11-11,9675,2021-10-31,1555,021059,NA,7,2,6,3004,0,1,1,NA,2,405,I-405 SOUTHBOUND,SANTA ANA RIVER,300,S,N,A,-,Y,NA,NA,405,NA,NA,NA,NA,NA,S,Y,4,0,2,2,A,-,03,22350,NA,N,C,C,A,A,H,-,A,D,0,NA,NA,NA,NA,Y,NA,A,01,0,0,2,0,0,0,0,0,0,-,-,33.69438934326172,-117.9323272705078,ORANGE,COSTA MESA,-117.9323501586914,33.694339752197266
91625808,2021,2021-11-16,9670,2021-10-30,1806,021543,NA,6,2,9,3000,0,3,5,NA,2,004,GILBERT ST.,BALL RD,0,NA,Y,A,-,N,NA,NA,NA,NA,NA,NA,NA,NA,NA,Y,3,0,1,2,A,-,09,21801,A,N,A,C,A,A,H,-,A,A,0,NA,NA,Y,NA,Y,NA,A,01,0,1,0,0,0,0,0,0,1,-,-,33.817649841308594,-117.9675521850586,ORANGE,UNINCORPORATED,-117.96763610839844,33.81768798828125
91626796,2021,2021-11-17,9670,2021-11-06,2100,021755,NA,6,2,6,3009,0,1,3,NA,2,023,SR-22 WESTBOUND,MAGNOLIA ST.,1584,E,N,A,-,Y,NA,NA,22,NA,NA,NA,NA,NA,W,Y,3,0,1,2,A,-,01,23152,A,N,B,C,A,A,H,-,C,D,0,NA,NA,Y,NA,Y,Y,C,02,0,1,0,0,0,0,0,0,1,-,-,33.76601028442383,-117.9660186767578,ORANGE,GARDEN GROVE,-117.9660186767578,33.76594924926758
91630294,2021,2021-11-19,9675,2021-11-10,1730,021690,NA,3,2,5,3022,0,1,1,NA,2,520,I-5 SOUTHBOUND,1ST ST.,100,N,N,A,-,Y,NA,NA,NA,NA,NA,NA,NA,NA,NA,N,3,0,2,3,A,-,03,22350,NA,N,C,C,A,A,H,-,C,D,0,NA,NA,NA,NA,Y,NA,A,01,0,1,1,0,0,0,0,0,0,-,-,33.7470588684082,-117.84290313720705,ORANGE,TUSTIN,-117.84263610839844,33.74593734741211
91632658,2021,2021-11-23,9670,2021-11-12,1335,020809,NA,5,1,6,3008,0,1,3,NA,2,093,STATE ROUTE 91 WESTBOUND,LEMON STREET,500,W,N,A,-,Y,NA,NA,91,NA,NA,NA,NA,NA,W,N,3,0,2,4,C,-,18,NA,NA,N,E,I,A,A,H,-,A,D,0,NA,NA,NA,Y,Y,NA,-,-,0,1,1,0,0,0,0,0,0,-,-,33.85409927368164,-117.92178344726563,ORANGE,FULLERTON,-117.92178344726563,33.85418701171875
9163369,2020,2020-11-30,3010,2020-09-13,0923,2137,426,7,5,6,3010,0,0,0,NA,0,003,BROOKHURST,GARFIELD,30,S,N,A,-,N,NA,NA,NA,NA,NA,NA,NA,NA,NA,N,4,0,1,2,A,-,03,22350,NA,M,C,C,A,A,H,-,A,A,0,NA,NA,NA,NA,Y,NA,A,07,0,0,1,0,0,0,0,0,0,-,-,NA,NA,ORANGE,HUNTINGTON BEACH,-117.9541473388672,33.686798095703125
91636525,2021,2021-11-29,9670,2021-11-10,1410,017022,NA,3,2,5,3024,0,1,1,NA,2,040,I405 N/B (SAN DIEGO FREEWAY),NEWLAND STREET,300,S,N,A,-,Y,NA,NA,NA,NA,NA,NA,NA,NA,NA,N,4,0,1,2,A,-,03,22350,NA,M,C,C,A,A,H,-,A,D,0,NA,NA,NA,NA,Y,NA,A,01,0,0,1,0,0,0,0,0,0,-,-,33.72629928588867,-117.97992706298828,ORANGE,WESTMINSTER,-117.97998809814452,33.726314544677734
91638201,2021,2021-11-30,9675,2021-11-18,1445,020131,NA,4,2,7,3019,0,1,1,NA,2,502,I-5 NB FROM EB 17TH ST,17TH ST,75,S,N,B,-,Y,NA,NA,5,NA,NA,NA,R,NA,N,Y,3,0,1,1,A,-,03,22350,NA,N,E,I,A,A,H,-,A,D,0,NA,NA,NA,NA,Y,NA,A,01,0,1,0,0,0,0,0,0,0,-,-,33.75971984863281,-117.86128997802734,ORANGE,SANTA ANA,-117.86128997802734,33.75971984863281
9163877,2020,2020-12-01,3002,2020-09-03,1515,1696,NA,4,5,4,3002,0,0,0,NA,0,012,IMPERIAL HWY,CASTLE GATE LN,35,W,N,A,-,Y,ORA,12,90,-,-,5.92,H,-,E,NA,4,0,1,2,A,-,21,22106,NA,M,H,C,A,A,H,-,A,A,0,NA,NA,NA,NA,Y,NA,A,01,0,0,1,0,0,0,0,0,0,-,-,33.91038131713867,-117.87547302246094,ORANGE,BREA,-117.87550354003906,33.91081619262695
91639283,2021,2021-12-01,9675,2021-11-19,1905,021377,NA,5,2,7,3001,0,1,3,NA,2,095,SR-91 EASTBOUND,COAL CYN RD,2640,E,N,B,-,Y,NA,NA,91,NA,NA,NA,NA,NA,E,N,4,0,1,2,A,-,03,22350,NA,N,C,C,A,A,H,-,C,D,0,NA,NA,NA,NA,Y,NA,A,01,0,0,1,0,0,0,0,0,0,-,-,33.86907958984375,-117.67993927001952,ORANGE,ANAHEIM,-117.679931640625,33.869117736816406
91640676,2021,2021-12-02,9670,2021-11-24,1120,014558,NA,3,1,6,3009,0,1,1,NA,2,045,I-405 S/B (SAN DIEGO FREEWAY),BOLSA CHICA ROAD,2500,N,N,A,-,Y,NA,NA,NA,NA,NA,NA,NA,NA,NA,N,4,0,1,2,A,-,07,21658,A,N,B,C,A,A,D,E,A,D,0,NA,NA,NA,NA,Y,NA,A,01,0,0,1,0,0,0,0,0,0,-,-,33.77404022216797,-118.04804229736328,ORANGE,GARDEN GROVE,-118.0471649169922,33.77424240112305
91645798,2021,2021-12-08,9675,2021-11-25,1255,018087,NA,4,1,7,3001,0,1,3,NA,2,095,SR-91 EASTBOUND,WEIR CANYON RD.,1267,E,N,A,-,Y,NA,NA,91,NA,NA,NA,NA,NA,E,Y,3,0,1,2,A,-,03,22350,NA,N,C,C,A,A,H,-,A,D,0,NA,NA,NA,NA,Y,NA,A,01,0,1,0,0,0,0,0,0,0,-,-,33.8707389831543,-117.73995208740234,ORANGE,ANAHEIM,-117.73995208740234,33.870819091796875
9164623,2019,2020-11-03,3008,2019-05-24,1111,1544,ZONE2,5,5,6,3008,0,0,0,NA,0,NA,BERKELEY AV,HARBOR BL,0,NA,Y,A,-,N,NA,NA,NA,NA,NA,NA,NA,NA,NA,Y,3,0,2,3,A,-,08,22107,NA,N,A,C,A,A,H,-,A,A,0,NA,NA,NA,NA,Y,NA,A,07,0,2,0,0,0,0,0,0,0,-,-,NA,NA,ORANGE,FULLERTON,-117.9243392944336,33.879150390625
91647760,2021,2021-12-09,9675,2021-11-29,1725,022536,NA,1,2,6,3015,0,1,3,NA,2,572,SR-57 NORTHBOUND,CHAPMAN AVENUE,200,N,N,A,-,Y,NA,NA,57,NA,NA,NA,NA,NA,N,Y,4,0,2,3,A,-,03,22350,NA,N,C,C,A,A,H,-,C,D,0,NA,NA,NA,NA,Y,NA,A,01,0,0,2,0,0,0,0,0,0,-,-,33.78853988647461,-117.87989044189452,ORANGE,ORANGE,-117.87985229492188,33.78853988647461
91647762,2021,2021-12-09,9675,2021-11-29,1720,019938,NA,1,2,7,3001,0,1,3,NA,2,571,SR-57 SOUTHBOUND,LINCOLN AVE,1745,N,N,A,-,Y,NA,NA,57,NA,NA,NA,NA,NA,S,N,4,0,1,2,A,-,03,22350,NA,N,C,C,A,A,H,-,C,D,0,NA,NA,NA,NA,Y,NA,A,01,0,0,1,0,0,0,0,0,0,-,-,33.84251022338867,-117.87635803222656,ORANGE,ANAHEIM,-117.87621307373048,33.84251022338867
91649098,2021,2021-12-10,9675,2021-11-30,1732,021076,NA,2,2,6,3008,0,1,3,NA,2,571,SR-57 NORTHBOUND,YORBA LINDA BLVD,940,S,N,A,-,Y,NA,NA,57,NA,NA,NA,NA,NA,N,N,4,0,2,2,A,-,03,22350,NA,N,C,C,A,A,H,-,D,D,0,NA,NA,NA,NA,Y,NA,A,01,0,0,2,0,0,0,0,0,0,-,-,33.884521484375,-117.88023376464844,ORANGE,FULLERTON,-117.8803253173828,33.884517669677734
91650211,2021,2021-12-13,9675,2021-12-02,1725,021377,NA,4,2,7,3001,0,1,3,NA,2,240,SR-241 NORTHBOUND,UPPER BLIND CANYON RD,5280,N,N,A,-,Y,NA,NA,241,NA,NA,NA,NA,NA,N,N,4,0,1,4,A,-,03,22350,NA,N,C,C,A,A,H,-,C,D,0,NA,NA,NA,NA,Y,NA,D,22,0,0,1,0,0,0,0,0,0,-,-,33.829471588134766,-117.71669006347656,ORANGE,ANAHEIM,-117.71663665771484,33.82947540283203
9165035,2020,2020-12-22,3001,2020-10-01,1829,A1047,NA,4,5,7,3001,0,0,0,NA,0,0D2,ORANGETHORPE AV,RAYMOND AV,1584,W,N,A,-,N,NA,NA,NA,NA,NA,NA,NA,NA,NA,Y,4,0,3,3,D,-,00,NA,NA,N,A,C,A,A,H,-,A,A,0,NA,NA,NA,Y,Y,NA,-,-,0,0,3,0,0,0,0,0,0,-,-,33.85824966430664,-117.90611267089844,ORANGE,ANAHEIM,-117.91197204589844,33.85953903198242
91650725,2021,2021-12-13,9670,2021-12-04,1640,019942,NA,6,2,5,3024,0,1,1,NA,2,430,I-405 SB,MCFADDEN AVE,500,S,N,A,-,Y,NA,NA,NA,NA,NA,NA,NA,NA,NA,Y,2,0,1,2,A,-,03,22350,NA,N,C,C,A,A,D,E,A,D,0,NA,NA,Y,NA,Y,NA,C,02,1,0,0,0,0,0,0,0,1,-,-,33.78099060058594,-118.00720977783205,ORANGE,WESTMINSTER,-117.99443817138672,33.73613357543945
91651304,2021,2021-12-14,9670,2021-09-25,1820,020809,NA,6,2,6,3009,0,1,3,NA,2,022,STATE ROUTE 22 EASTBOUND (GARDEN GROVE FREEWAY),BEACH BOULEVARD,2512,E,N,B,-,Y,NA,NA,22,NA,NA,NA,NA,NA,E,Y,1,1,0,1,A,-,08,22107,NA,N,E,I,A,A,H,-,A,D,0,NA,NA,NA,NA,Y,NA,A,08,0,0,0,0,0,0,0,0,0,-,-,33.7706298828125,-117.98381805419922,ORANGE,GARDEN GROVE,-117.98382568359376,33.77054977416992
91651362,2021,2021-12-14,9675,2021-12-02,2248,021914,NA,4,3,7,3001,0,1,3,NA,2,093,SR-91 EASTBOUND,LA PALMA AVENUE,1500,E,N,A,-,Y,NA,NA,91,NA,NA,NA,NA,NA,E,Y,2,0,1,2,A,-,03,22350,NA,N,C,C,A,A,H,-,C,D,0,NA,NA,NA,Y,Y,NA,A,01,1,0,0,0,0,0,0,0,0,-,-,33.84613037109375,-117.86448669433594,ORANGE,ANAHEIM,-117.86448669433594,33.84622573852539
91651399,2021,2021-12-14,9670,2021-12-10,0055,022055,NA,5,3,7,3001,0,1,1,NA,2,503,I-5 S/B,EUCLID ST.,300,N,N,A,-,Y,NA,NA,NA,NA,NA,NA,NA,NA,NA,Y,3,0,1,1,A,-,08,22107,NA,N,E,8,A,D,H,-,C,D,0,NA,NA,NA,NA,Y,NA,D,22,0,1,0,0,0,0,0,0,0,-,-,34.952999114990234,-120.41549682617188,ORANGE,ANAHEIM,-117.94174194335938,33.83565902709961
91651613,2021,2021-12-14,9675,2021-12-03,2115,022283,NA,5,2,7,3001,0,1,3,NA,2,095,SR-91 EASTBOUND,GYPSUM CANYON ROAD,4800,W,N,A,-,Y,NA,NA,91,NA,NA,NA,NA,NA,E,N,4,0,1,2,A,-,03,22350,NA,N,C,C,A,A,H,-,C,D,0,NA,NA,NA,NA,Y,NA,A,01,0,0,1,0,0,0,0,0,0,-,-,33.867828369140625,-117.72712707519533,ORANGE,ANAHEIM,-117.72714233398438,33.867801666259766
91651733,2021,2021-12-14,9675,2021-12-04,1150,020027,NA,6,1,6,3015,0,1,3,NA,2,550,SR-55 SOUTHBOUND,CHAPMAN AVE,100,N,N,A,-,Y,NA,NA,55,NA,NA,NA,NA,NA,S,Y,4,0,1,2,A,-,03,22350,NA,N,C,C,A,A,H,-,A,D,0,NA,NA,NA,NA,Y,NA,A,01,0,0,1,0,0,0,0,0,0,-,-,33.78937911987305,-117.8311767578125,ORANGE,ORANGE,-117.83113861083984,33.78937911987305
91652758,2021,2021-12-15,9675,2021-12-07,0816,017993,NA,2,1,6,3004,0,1,3,NA,2,553,SR-55 NORTHBOUND,MESA DR.,600,N,N,A,-,Y,NA,NA,55,NA,NA,NA,NA,NA,N,Y,4,0,1,3,A,-,03,22350,NA,N,C,C,A,A,H,-,A,D,0,NA,NA,NA,NA,Y,NA,A,01,0,0,1,0,0,0,0,0,0,-,-,33.66727828979492,-117.89340209960938,ORANGE,COSTA MESA,-117.89344787597656,33.66732406616211
91652852,2021,2021-12-15,9675,2021-12-07,2037,019938,NA,2,2,6,3026,0,1,1,NA,2,504,I-5 SOUTHBOUND,LAKE FOREST DR,620,N,N,A,-,Y,NA,NA,5,NA,NA,NA,NA,NA,S,Y,4,0,1,1,A,-,08,22107,NA,N,E,I,A,A,H,-,C,D,0,NA,NA,NA,NA,Y,NA,A,01,0,0,1,0,0,0,0,0,0,-,-,33.629798889160156,-117.72193908691406,ORANGE,IRVINE,-117.72207641601563,33.629642486572266
91654236,2021,2021-12-16,9675,2021-12-10,0955,020027,NA,5,1,6,3026,0,1,1,NA,2,406,I-405 NORTHBOUND,CULVER DR.,1500,S,N,A,-,Y,NA,NA,405,NA,NA,NA,NA,NA,N,Y,4,0,2,2,A,-,03,22350,NA,N,C,C,A,A,H,-,A,D,0,NA,NA,NA,NA,Y,NA,A,07,0,0,2,0,0,0,0,0,0,-,-,33.6663818359375,-117.81242370605467,ORANGE,IRVINE,-117.81243896484376,33.66629409790039
91654393,2021,2021-12-16,9670,2021-12-13,1255,016209,NA,1,1,5,3003,0,1,1,NA,2,500,I-5 N/B (SANTA ANA FREEWAY),BEACH BLVD.,200,N,N,A,-,Y,NA,NA,5,NA,NA,NA,NA,NA,N,Y,4,0,1,2,A,-,03,22350,NA,N,C,C,A,A,H,-,A,D,0,NA,NA,NA,NA,Y,NA,A,01,0,0,1,0,0,0,0,0,0,-,-,33.86444091796875,-117.99445343017578,ORANGE,BUENA PARK,-117.99439239501952,33.86455154418945
91656186,2021,2021-12-20,9690,2021-12-07,1755,018953,NA,2,2,4,3018,0,1,1,NA,2,057,NORTHBOUND I-5 FROM VALLE ROAD,SAN JUAN CREEK RD,1165,S,N,B,-,Y,NA,NA,5,NA,NA,NA,R,NA,NA,Y,3,0,1,1,A,-,01,23152,A,N,E,I,A,A,H,-,C,D,0,NA,NA,NA,NA,Y,Y,A,07,0,1,0,0,0,0,0,0,0,-,-,33.488548278808594,-117.66352081298828,ORANGE,SAN JUAN CAPISTRANO,-117.66352081298828,33.488548278808594
91656576,2021,2021-12-20,9690,2021-11-30,1050,019319,NA,2,1,5,3028,0,1,1,NA,2,055,I-5 N/B (SAN DIEGO FREEWAY),OSO PARKWAY,2640,N,N,A,-,Y,NA,NA,5,NA,NA,NA,NA,NA,N,N,3,0,3,2,A,-,03,22350,NA,N,C,C,A,A,D,-,A,D,0,NA,NA,NA,NA,Y,NA,A,01,0,2,1,0,0,0,0,0,0,-,-,33.58781051635742,-117.6714324951172,ORANGE,MISSION VIEJO,-117.67147064208984,33.58781051635742
9165716,2020,2020-12-01,3010,2020-10-03,0926,2109,173,6,5,6,3010,0,0,0,NA,0,008,RT 1,WARNER,46,N,N,A,-,Y,ORA,12,39,-,-,4.64,H,-,N,N,3,0,1,2,A,-,08,22107,NA,N,-,G,A,A,H,-,A,D,0,NA,Y,NA,NA,Y,NA,A,01,0,1,0,0,0,0,1,0,0,-,-,NA,NA,ORANGE,HUNTINGTON BEACH,-117.98899841308594,33.7158203125