CASE_ID,ACCIDENT_YEAR,PROC_DATE,JURIS,COLLISION_DATE,COLLISION_TIME,OFFICER_ID,REPORTING_DISTRICT,DAY_OF_WEEK,CHP_SHIFT,POPULATION,CNTY_CITY_LOC,SPECIAL_COND,BEAT_TYPE,CHP_BEAT_TYPE,CITY_DIVISION_LAPD,CHP_BEAT_CLASS,BEAT_NUMBER,PRIMARY_RD,SECONDARY_RD,DISTANCE,DIRECTION,INTERSECTION,WEATHER_1,WEATHER_2,STATE_HWY_IND,CALTRANS_COUNTY,CALTRANS_DISTRICT,STATE_ROUTE,ROUTE_SUFFIX,POSTMILE_PREFIX,POSTMILE,LOCATION_TYPE,RAMP_INTERSECTION,SIDE_OF_HWY,TOW_AWAY,COLLISION_SEVERITY,NUMBER_KILLED,NUMBER_INJURED,PARTY_COUNT,PRIMARY_COLL_FACTOR,PCF_CODE_OF_VIOL,PCF_VIOL_CATEGORY,PCF_VIOLATION,PCF_VIOL_SUBSECTION,HIT_AND_RUN,TYPE_OF_COLLISION,MVIW,PED_ACTION,ROAD_SURFACE,ROAD_COND_1,ROAD_COND_2,LIGHTING,CONTROL_DEVICE,CHP_ROAD_TYPE,PEDESTRIAN_ACCIDENT,BICYCLE_ACCIDENT,MOTORCYCLE_ACCIDENT,TRUCK_ACCIDENT,NOT_PRIVATE_PROPERTY,ALCOHOL_INVOLVED,STWD_VEHTYPE_AT_FAULT,CHP_VEHTYPE_AT_FAULT,COUNT_SEVERE_INJ,COUNT_VISIBLE_INJ,COUNT_COMPLAINT_PAIN,COUNT_PED_KILLED,COUNT_PED_INJURED,COUNT_BICYCLIST_KILLED,COUNT_BICYCLIST_INJURED,COUNT_MC_KILLED,COUNT_MC_INJURED,PRIMARY_RAMP,SECONDARY_RAMP,LATITUDE,LONGITUDE,COUNTY,CITY,POINT_X,POINT_Y
9203590,2020,2021-02-11,3004,2020-12-11,0718,P634,12,5,5,6,3004,0,0,0,NA,0,002,E WILSON ST,NEWPORT BL,0,NA,Y,A,-,N,NA,NA,NA,NA,NA,NA,NA,NA,NA,Y,4,0,2,2,A,-,12,21453,A,N,D,C,A,A,H,-,A,A,0,NA,NA,NA,NA,Y,NA,A,01,0,0,2,0,0,0,0,0,0,-,-,33.656288146972656,-117.90525817871094,ORANGE,COSTA MESA,-117.90370941162108,33.65616989135742
92036905,2023,2023-04-04,9670,2023-03-31,1555,019304,NA,5,2,9,3000,0,3,5,NA,2,005,MCFADDEN AVE,PACIFIC ST,0,NA,Y,B,-,N,NA,NA,NA,NA,NA,NA,NA,NA,NA,N,4,0,1,2,A,-,05,21650,NA,N,G,G,A,A,H,-,A,D,0,NA,Y,NA,NA,Y,NA,L,04,0,0,1,0,0,0,1,0,0,-,-,33.73754119873047,-117.99144744873048,ORANGE,UNINCORPORATED,-117.99140167236328,33.73748016357422
92040650,2023,2023-04-10,9675,2023-03-29,1110,023208,NA,3,1,6,3004,0,1,3,NA,2,073,SR-73 N/B TO SR-55 N/B,SR-55 NORTHBOUND,215,E,N,B,C,Y,NA,NA,NA,NA,NA,NA,NA,NA,NA,N,4,0,1,1,A,-,03,22350,NA,N,F,A,A,B,H,-,A,D,0,NA,NA,NA,NA,Y,NA,D,22,0,0,1,0,0,0,0,0,0,-,-,33.6738395690918,-117.88437652587892,ORANGE,COSTA MESA,-117.88437652587892,33.6738395690918
92040907,2023,2024-05-07,9670,2023-03-29,1130,020523,NA,3,1,5,3003,0,1,3,NA,2,091,SR-91 W/B,BEACH BLVD,1056,E,N,B,-,Y,ORA,NA,91,NA,R,2.969,H,NA,L,Y,4,0,1,2,A,-,08,22107,NA,N,E,I,A,B,H,-,A,D,0,NA,NA,NA,Y,Y,NA,G,25,0,0,1,0,0,0,0,0,0,-,-,33.85636901855469,-117.9918975830078,ORANGE,BUENA PARK,-117.9918975830078,33.856231689453125
92047254,2023,2023-04-18,9675,2023-04-08,2235,022046,NA,6,3,7,3001,0,1,3,NA,2,095,SR-91 WESTBOUND,GYPSUM CYN RD.,1056,W,N,A,-,Y,NA,NA,NA,NA,NA,NA,NA,NA,NA,Y,3,0,1,3,A,-,03,22350,NA,N,F,C,A,A,H,-,D,D,0,NA,NA,NA,NA,Y,NA,A,07,0,1,0,0,0,0,0,0,0,-,-,33.86648178100586,-117.16314697265624,ORANGE,ANAHEIM,-117.71503448486328,33.86648178100586
92050351,2023,2023-04-21,9690,2023-04-19,826,016610,NA,3,1,6,3015,0,1,1,NA,2,055,I-5 N/B (SAN DIEGO FRWY),LOS ALISOS BLVD.,970,N,N,B,-,Y,ORA,NA,5,NA,NA,18.148,H,NA,R,Y,3,0,3,4,A,-,07,21658,A,N,C,C,A,A,D,-,A,D,0,NA,NA,NA,NA,Y,NA,A,01,0,3,0,0,0,0,0,0,0,-,-,33.60956954956055,-117.70046997070313,ORANGE,ORANGE,-117.70045471191406,33.609596252441406
92051679,2023,2023-04-24,9670,2023-04-18,1550,021355,NA,2,2,6,3009,0,1,3,NA,2,024,SR-22 E/B,HARBOR BLVD,1056,W,N,A,-,Y,ORA,NA,22,NA,R,7.412,H,NA,R,N,4,0,1,2,A,-,03,22350,NA,N,C,C,A,A,H,-,A,D,0,NA,NA,NA,NA,Y,NA,A,01,0,0,1,0,0,0,0,0,0,-,-,33.766021728515625,-117.927490234375,ORANGE,GARDEN GROVE,-117.927490234375,33.766029357910156
92052647,2023,2023-04-25,9675,2023-04-15,1040,019320,NA,6,1,7,3019,0,1,1,NA,2,503,I-5 S/B TO SR-55 S/B,SR-55 SOUTHBOUND,220,N,N,A,-,Y,NA,NA,NA,NA,NA,NA,NA,NA,NA,N,4,0,1,2,A,-,03,22350,NA,N,C,C,A,A,H,-,A,D,0,NA,NA,NA,NA,Y,NA,A,01,0,0,1,0,0,0,0,0,0,-,-,33.74026870727539,-117.83466339111328,ORANGE,SANTA ANA,-117.834228515625,33.74067306518555
92057728,2023,2023-05-01,9670,2023-04-20,1325,020505,NA,4,1,6,3009,0,1,3,NA,2,024,SR-22 E/B,GARDEN GROVE BLVD,450,E,N,A,-,Y,ORA,NA,22,NA,R,8.955,H,NA,R,Y,4,0,1,2,A,-,03,22350,NA,N,C,C,A,A,H,-,A,D,0,NA,NA,NA,NA,Y,NA,D,22,0,0,1,0,0,0,0,0,0,-,-,33.775230407714844,-117.90310668945313,ORANGE,GARDEN GROVE,-117.90310668945313,33.77522659301758
92057744,2023,2023-05-01,9670,2023-04-23,345,022519,NA,7,3,5,3003,0,1,3,NA,2,092,SR-91 E/B,I-5 S/B,2500,W,N,A,-,Y,ORA,NA,91,NA,R,2.315,H,NA,R,Y,3,0,1,3,A,-,03,22350,NA,N,C,C,A,A,H,-,C,D,0,NA,NA,NA,NA,Y,NA,A,08,0,1,0,0,0,0,0,0,0,-,-,33.855979919433594,-118.00322723388672,ORANGE,BUENA PARK,-118.00322723388672,33.85594940185547
9205953,2020,2021-01-08,3000,2020-10-30,1853,6717,891H7,5,5,5,3050,0,0,0,NA,0,18762,LOS ALISOS BL,ROCKFIELD BL,192,W,N,A,-,N,NA,NA,NA,NA,NA,NA,NA,NA,NA,Y,4,0,3,3,A,-,03,22350,NA,N,C,C,A,A,H,-,C,A,0,NA,NA,NA,NA,Y,NA,A,01,0,0,3,0,0,0,0,0,0,-,-,33.36429977416992,-117.41475677490234,ORANGE,LAKE FOREST,-117.6965560913086,33.61207962036133
92061768,2023,2023-05-04,9675,2023-04-29,1155,023116,NA,6,1,7,3019,0,1,1,NA,2,520,I-5 NORTHBOUND,SR-22,900,S,N,A,-,Y,ORA,NA,5,NA,NA,33.823,H,NA,R,Y,4,0,4,4,A,-,03,22350,NA,N,C,C,A,A,H,-,A,D,0,NA,NA,NA,NA,Y,NA,E,22,0,0,4,0,0,0,0,0,0,-,-,33.77661895751953,-117.87420654296876,ORANGE,SANTA ANA,-117.87413787841795,33.77665710449219
92065026,2023,2023-05-09,9675,2023-05-04,228,021960,NA,4,3,6,3015,0,1,3,NA,2,222,SR-22 WESTBOUND,MAIN ST.,2112,E,N,C,-,Y,ORA,NA,22,NA,R,11.415,H,NA,L,Y,4,0,1,1,A,-,08,22107,NA,N,E,I,A,B,H,-,C,D,0,NA,NA,NA,NA,Y,NA,-,-,0,0,1,0,0,0,0,0,0,-,-,33.77814865112305,-117.86000061035156,ORANGE,ORANGE,-117.85999298095705,33.77819061279297
92065848,2023,2023-05-10,9670,2023-05-09,730,020523,NA,2,1,6,3009,0,1,3,NA,2,021,SR-22 W/B,SPRINGDALE ST,528,E,N,B,-,Y,ORA,NA,22,NA,R,2.012,H,NA,L,Y,4,0,1,4,A,-,03,22350,NA,N,C,C,A,A,H,-,A,D,0,NA,NA,NA,Y,Y,NA,A,01,0,0,1,0,0,0,0,0,0,-,-,33.77436828613281,-118.01880645751952,ORANGE,GARDEN GROVE,-118.01880645751952,33.77437973022461
92071288,2023,2023-05-17,9675,2023-05-13,1815,021691,NA,6,2,9,3000,0,3,5,NA,2,001,HEWES ST,CENTER AVENUE,170,N,N,A,-,N,NA,NA,NA,NA,NA,NA,NA,NA,NA,Y,4,0,2,2,A,-,09,21804,A,N,B,C,A,A,H,-,A,D,0,NA,NA,NA,NA,Y,NA,D,22,0,0,2,0,0,0,0,0,0,-,-,33.79010009765625,-117.80577850341795,ORANGE,UNINCORPORATED,-117.80571746826172,33.78999710083008
92071714,2023,2023-05-18,9670,2023-05-17,950,022493,NA,3,1,6,3010,0,1,1,NA,2,043,I-405 S/B (SAN DIEGO FREEWAY),BEACH BLVD,350,N,N,B,-,Y,ORA,NA,405,NA,NA,16.622,H,NA,L,Y,4,0,1,2,A,-,03,22350,NA,N,C,C,A,A,H,-,A,D,0,NA,NA,NA,NA,Y,NA,A,01,0,0,1,0,0,0,0,0,0,-,-,33.733238220214844,-117.990478515625,ORANGE,HUNTINGTON BEACH,-117.9904327392578,33.7332878112793
92072377,2023,2023-05-19,9670,2023-05-12,1830,021355,NA,5,2,6,3008,0,1,3,NA,2,192,SR-91 E/B,BROOKHURST ST,1056,W,N,A,-,Y,ORA,NA,91,NA,NA,0.879,H,NA,R,N,4,0,1,2,A,-,03,22350,NA,N,C,C,A,A,H,-,A,D,0,NA,NA,NA,NA,Y,NA,A,01,0,0,1,0,0,0,0,0,0,-,-,33.85395050048828,-117.9655532836914,ORANGE,FULLERTON,-117.96556091308594,33.853912353515625
92076532,2023,2023-05-24,9675,2023-05-22,1635,023105,NA,1,2,7,3019,0,1,1,NA,2,502,I-5 NORTHBOUND,FOURTH STREET,10,S,N,A,-,Y,ORA,NA,5,NA,NA,31.076,H,NA,R,N,4,0,2,2,A,-,03,22350,NA,N,C,C,A,A,H,-,A,D,0,NA,NA,NA,NA,Y,NA,A,08,0,0,2,0,0,0,0,0,0,-,-,33.74797058105469,-117.84307098388672,ORANGE,SANTA ANA,-117.84303283691406,33.74797821044922
92080289,2023,2023-05-29,9670,2023-05-23,1650,019290,NA,2,2,4,3020,0,1,1,NA,2,044,I-405 N/B,SEAL BEACH BLVD,2429,N,N,B,-,Y,ORA,NA,405,NA,NA,23.118,H,NA,R,N,4,0,1,2,A,-,03,22350,NA,N,C,C,A,A,D,-,A,D,0,NA,NA,Y,NA,Y,NA,A,01,0,0,1,0,0,0,0,0,1,-,-,33.77463150024414,-118.08300018310548,ORANGE,SEAL BEACH,-118.08300018310548,33.77454376220703
92082847,2023,2023-06-01,9675,2023-05-30,1910,019779,NA,2,2,7,3001,0,1,3,NA,2,572,SR-57 SOUTHBOUND,CHAPMAN AVE,1425,N,N,A,-,Y,ORA,NA,57,NA,NA,11.53,H,NA,L,N,3,0,3,2,A,-,03,22350,NA,N,C,C,A,A,H,-,A,D,0,NA,NA,NA,NA,Y,NA,A,01,0,3,0,0,0,0,0,0,0,-,-,33.79204177856445,-117.87982177734376,ORANGE,ANAHEIM,-117.8797607421875,33.79202651977539
9208420,2020,2021-01-29,3006,2020-11-25,1254,338,50,3,5,3,3006,0,0,0,NA,0,002,WALKER AV,LA PALMA AV,150,S,N,A,-,N,NA,NA,NA,NA,NA,NA,NA,NA,NA,N,3,0,1,2,A,-,08,22107,NA,N,D,C,A,A,H,-,A,D,0,NA,NA,NA,NA,Y,NA,I,11,0,1,0,0,0,0,0,0,0,-,-,NA,NA,ORANGE,LA PALMA,-118.0372314453125,33.84600067138672
92088219,2023,2023-06-07,9675,2023-06-02,2253,021225,NA,5,3,6,3026,0,1,1,NA,2,504,I-5 SOUTHBOUND,SAND CANYON AVE,550,S,N,A,-,Y,ORA,NA,5,NA,R,23.821,H,NA,L,Y,3,0,1,2,A,-,03,22350,NA,N,C,C,A,A,D,-,D,D,0,NA,NA,NA,NA,Y,NA,A,07,0,1,0,0,0,0,0,0,0,-,-,33.67607879638672,-117.75711059570313,ORANGE,IRVINE,-117.757080078125,33.676090240478516
92088225,2023,2023-06-07,9670,2023-05-29,1530,019171,NA,1,2,9,3000,0,3,5,NA,2,004,"BROOKHURST ST., 9200 BLOCK",BROADWAY,25,S,N,B,-,N,NA,NA,NA,NA,NA,NA,NA,NA,NA,N,3,0,1,2,A,-,08,22107,NA,N,F,A,A,A,H,-,A,D,0,NA,Y,NA,NA,Y,NA,A,01,0,1,0,0,0,0,1,0,0,-,-,33.82865905761719,-117.9591064453125,ORANGE,UNINCORPORATED,-117.95894622802734,33.82882308959961
9208941,2020,2021-02-22,3003,2020-12-30,1011,750,NA,3,5,5,3003,0,0,0,NA,0,NA,LA PALMA AV,STANTON AV,0,NA,Y,A,-,N,NA,NA,NA,NA,NA,NA,NA,NA,NA,Y,3,0,1,3,A,-,12,21453,A,N,D,C,A,A,H,-,A,A,0,NA,NA,NA,NA,Y,NA,A,01,0,1,0,0,0,0,0,0,0,-,-,33.84669876098633,-117.9936981201172,ORANGE,BUENA PARK,-117.9936981201172,33.84661865234375
92089984,2023,2023-06-09,9675,2023-05-23,1645,021633,NA,2,2,5,3016,1,1,3,NA,2,571,SR-57 NORTHBOUND,ORANGETHORPE AVE,55,N,N,B,-,Y,NA,NA,NA,NA,NA,NA,NA,NA,NA,Y,4,0,9,2,A,-,03,22350,NA,N,C,C,A,A,H,-,A,D,0,NA,NA,NA,NA,Y,NA,A,01,0,0,9,0,0,0,0,0,0,-,-,NA,NA,ORANGE,PLACENTIA,-117.87712097167967,33.8614616394043
92091444,2023,2023-06-12,9675,2023-06-03,1145,020027,NA,6,1,7,3019,0,1,1,NA,2,502,I-5 NORTHBOUND,MAIN ST,1000,S,N,A,-,Y,ORA,NA,5,NA,NA,32.853,H,NA,R,N,4,0,1,2,A,-,03,22350,NA,N,C,C,A,A,H,-,A,D,0,NA,NA,NA,NA,Y,NA,A,01,0,0,1,0,0,0,0,0,0,-,-,33.76448059082031,-117.86537170410156,ORANGE,SANTA ANA,-117.86532592773438,33.764495849609375
92091692,2022,2023-06-12,9675,2022-09-24,0404,022283,NA,6,3,6,3026,0,1,1,NA,2,503,I-5 SOUTHBOUND,JAMBOREE ROAD,413,N,N,A,-,Y,ORA,NA,5,NA,NA,27.692,H,NA,L,Y,1,1,1,2,A,-,03,22350,NA,N,C,C,A,A,H,-,C,D,0,NA,NA,NA,NA,Y,NA,A,08,0,1,0,0,0,0,0,0,0,-,-,33.720340728759766,-117.79653930664063,ORANGE,IRVINE,-117.79651641845705,33.72036361694336
92091934,2023,2023-06-12,9675,2023-06-03,1402,021377,NA,6,2,7,3001,0,1,3,NA,2,572,SR-57 SOUTHBOUND,BALL ROAD,100,S,N,B,-,Y,ORA,NA,57,NA,NA,13.386,H,NA,L,N,3,0,1,1,A,-,01,23152,F,N,E,I,A,A,H,-,A,D,0,NA,NA,NA,NA,Y,NA,D,22,0,1,0,0,0,0,0,0,0,-,-,33.817649841308594,-117.87638854980467,ORANGE,ANAHEIM,-117.8765106201172,33.817665100097656
92092867,2023,2023-06-13,9675,2023-06-09,1740,021694,NA,5,2,9,3000,0,3,5,NA,2,002,SKYLINE DRIVE,COWAN HEIGHTS DRIVE,400,S,N,B,-,N,NA,NA,NA,NA,NA,NA,NA,NA,NA,Y,4,0,1,2,A,-,03,22350,NA,N,C,C,A,A,H,-,A,D,0,NA,NA,NA,NA,Y,NA,A,01,0,0,1,0,0,0,0,0,0,-,-,33.771759033203125,-117.78038024902344,ORANGE,UNINCORPORATED,-117.78034210205078,33.77182388305664
92093796,2023,2023-06-14,9675,2023-06-03,525,020027,NA,6,3,6,3026,0,1,1,NA,2,504,I-5 SOUTHBOUND,LAKE FOREST DR,1742,N,N,A,-,Y,ORA,NA,5,NA,NA,20.242,H,NA,L,Y,4,0,1,2,A,-,01,23152,A,N,C,C,A,A,H,-,B,D,0,NA,NA,NA,Y,Y,Y,A,01,0,0,1,0,0,0,0,0,0,-,-,33.631988525390625,-117.72486114501952,ORANGE,IRVINE,-117.72482299804688,33.63201904296875
9209473,2020,2021-02-08,3009,2020-11-27,2110,4655,094,5,5,6,3009,0,0,0,NA,0,1 3,GARDEN GROVE BL,ABBOTT CT,17,E,N,A,-,N,NA,NA,NA,NA,NA,NA,NA,NA,NA,Y,3,0,1,2,A,-,09,21801,A,M,D,C,A,A,H,-,C,D,0,NA,NA,Y,NA,Y,NA,A,01,0,1,0,0,0,0,0,0,1,-,-,NA,NA,ORANGE,GARDEN GROVE,-117.9656219482422,33.77397918701172
92099159,2023,2023-06-21,9675,2023-06-16,1020,021397,NA,5,1,4,3002,0,1,3,NA,2,570,SR-57 SOUTHBOUND,TONNER CANYON RD,350,S,N,B,-,Y,ORA,NA,57,NA,NA,21.77,H,NA,L,N,4,0,1,1,C,-,18,NA,NA,N,E,J,A,A,H,-,A,D,0,NA,NA,NA,NA,Y,NA,-,-,0,0,1,0,0,0,0,0,0,-,-,33.937721252441406,-117.87760925292967,ORANGE,BREA,-117.87763214111328,33.93772506713867
92099929,2023,2023-06-22,9690,2023-06-15,2320,021924,NA,4,3,9,3000,0,2,4,NA,2,037,LIVE OAK CANYON ROAD,MONASTERY ROAD,2640,S,N,A,-,N,NA,NA,NA,NA,NA,NA,NA,NA,NA,Y,2,0,2,1,A,-,08,22107,NA,N,E,I,A,A,H,-,D,D,0,NA,NA,NA,NA,Y,NA,A,01,2,0,0,0,0,0,0,0,0,-,-,33.66278839111328,-117.60073089599608,ORANGE,UNINCORPORATED,-117.600746,33.663662
92100702,2023,2023-06-23,9670,2023-06-16,1545,020860,NA,5,2,5,3024,0,1,1,NA,2,042,I-405 N/B,VALLEY VIEW STREET,100,S,N,A,-,Y,ORA,NA,405,NA,NA,20.523,H,NA,R,N,2,0,1,3,A,-,03,22350,NA,N,F,0,A,A,D,E,A,D,0,NA,NA,Y,NA,Y,NA,C,02,1,0,0,0,0,0,0,0,1,-,-,33.77307891845703,-118.03871154785156,ORANGE,WESTMINSTER,-118.03868865966795,33.773101806640625
92102439,2023,2023-06-26,9690,2023-06-17,1330,021875,NA,6,1,5,3050,0,1,1,NA,2,055,I-5 N/B (SAN DIEGO FRWY),LAKE FOREST DR,2640,S,N,A,-,Y,ORA,NA,5,NA,NA,19.372,H,NA,R,Y,4,0,1,2,A,-,07,21658,A,N,B,2,A,A,H,-,A,D,0,NA,NA,NA,Y,Y,NA,-,-,0,0,1,0,0,0,0,0,0,-,-,33.622379302978516,-117.71485137939452,ORANGE,LAKE FOREST,-117.7147979736328,33.622413635253906
9210386,2020,2021-02-25,3000,2020-12-20,0751,2792,921F6,7,5,4,3049,0,0,0,NA,0,181,ALICIA PKWY,PACIFIC PARK DR,0,NA,Y,A,-,N,NA,NA,NA,NA,NA,NA,NA,NA,NA,Y,4,0,2,2,A,-,12,21453,A,N,D,C,A,A,H,-,A,A,0,NA,NA,NA,NA,Y,NA,A,01,0,0,2,0,0,0,0,0,0,-,-,NA,NA,ORANGE,ALISO VIEJO,-117.71437072753906,33.57136154174805
92104188,2023,2023-06-28,9675,2023-06-25,2300,018983,NA,7,3,6,3004,0,1,3,NA,2,073,SR-73 NORTHBOUND,BEAR STREET,1600,N,N,A,-,Y,ORA,NA,73,NA,R,27.615,H,NA,R,Y,4,0,4,2,A,-,03,22350,NA,N,C,C,A,A,H,-,C,D,0,NA,NA,NA,NA,Y,NA,A,01,0,0,4,0,0,0,0,0,0,-,-,33.68552017211914,-117.89674377441406,ORANGE,COSTA MESA,-117.89680480957033,33.68547821044922
92104652,2023,2023-06-28,9675,2023-06-26,915,021272,NA,1,1,7,3019,0,1,3,NA,2,552,SR-55 SOUTHBOUND,MACARTHUR BLVD.,250,S,N,A,-,Y,ORA,NA,55,NA,R,6.838,H,NA,L,Y,4,0,1,3,A,-,07,21658,A,N,B,C,A,A,D,-,A,D,0,NA,NA,NA,NA,Y,NA,A,01,0,0,1,0,0,0,0,0,0,-,-,33.697139739990234,-117.86338043212892,ORANGE,SANTA ANA,-117.86325073242188,33.697052001953125
92104665,2023,2023-06-28,9675,2023-06-27,500,015914,NA,2,3,7,3019,0,1,1,NA,2,502,I-5 SOUTHBOUND,1ST STREET,100,N,N,A,-,Y,ORA,NA,5,NA,NA,30.973,H,NA,L,N,4,0,1,2,A,-,03,22350,NA,N,C,C,A,A,H,-,A,D,0,NA,NA,NA,NA,Y,NA,A,01,0,0,1,0,0,0,0,0,0,-,-,33.746620178222656,-117.84268951416016,ORANGE,SANTA ANA,-117.84288024902344,33.74657440185547
92109509,2023,2023-07-05,9670,2023-06-24,640,018664,NA,6,1,4,3020,0,1,1,NA,2,045,I-405 S/B,SEAL BEACH BLVD,400,S,N,B,-,Y,ORA,NA,405,NA,NA,21.988,H,NA,L,Y,4,0,2,2,A,-,07,21658,A,N,C,A,A,A,D,-,A,D,0,NA,NA,NA,NA,Y,NA,A,01,0,0,2,0,0,0,0,0,0,-,-,33.7741813659668,-118.06378173828124,ORANGE,SEAL BEACH,-118.06378173828124,33.77423095703125
92114162,2023,2023-07-11,9675,2023-07-02,1311,016748,NA,7,1,4,3002,0,1,3,NA,2,570,SR-57 NORTHBOUND TO LAMBERT ROAD,LAMBERT RD,150,S,N,A,-,Y,NA,NA,NA,NA,NA,NA,NA,NA,NA,Y,3,0,1,3,A,-,03,22350,NA,N,C,C,A,A,H,-,A,A,0,NA,NA,NA,NA,Y,NA,D,22,0,1,0,0,0,0,0,0,0,-,-,33.55289840698242,-117.52458190917967,ORANGE,BREA,-117.88005828857422,33.924869537353516
9211832,2020,2021-11-29,3026,2020-11-07,0757,8929,2,6,5,6,3026,0,0,0,NA,0,00U,JAMBOREE RD,RT 405,0,NA,Y,B,C,Y,ORA,12,405,-,-,7.141,R,4,S,Y,1,1,0,2,A,-,12,21453,A,N,D,C,A,B,H,-,A,A,0,NA,NA,Y,NA,Y,NA,C,02,0,0,0,0,0,0,0,1,0,-,SF,NA,NA,ORANGE,IRVINE,-117.84710693359376,33.67819595336914
92118830,2023,2023-10-12,9675,2023-07-06,1136,019599,NA,4,1,5,3022,0,1,3,NA,2,551,SR-55 SOUTHBOUND,LA VETA AVE.,300,N,N,A,-,Y,ORA,NA,55,NA,NA,13.355,H,NA,L,Y,2,0,1,2,A,-,07,21658,A,N,C,C,A,A,H,-,A,D,0,NA,NA,Y,NA,Y,NA,A,01,1,0,0,0,0,0,0,0,1,-,-,33.78253936767578,-117.83133697509766,ORANGE,TUSTIN,-117.83124542236328,33.78253936767578
92119189,2023,2023-07-17,9675,2023-07-07,1425,021274,NA,5,2,7,3001,0,1,3,NA,2,095,STATE ROUTE 91 E/B,WEIR CANYON ROAD,3700,E,N,A,-,Y,ORA,NA,91,NA,R,15.206,H,NA,R,N,4,0,1,2,A,-,08,22107,NA,N,B,C,A,A,H,-,A,D,0,NA,NA,NA,NA,Y,NA,A,01,0,0,1,0,0,0,0,0,0,-,-,33.86956024169922,-117.73193359375,ORANGE,ANAHEIM,-117.73197174072266,33.869476318359375
92119291,2023,2023-07-17,9675,2023-07-07,1955,023208,NA,5,2,7,3019,0,1,1,NA,2,502,I-5 NORTHBOUND,MAIN STREET,1500,S,N,A,-,Y,ORA,NA,5,NA,NA,32.903,H,NA,R,N,4,0,1,3,A,-,03,22350,NA,N,C,C,A,A,H,-,A,D,0,NA,NA,NA,NA,Y,NA,D,22,0,0,1,0,0,0,0,0,0,-,-,33.76525115966797,-117.86564636230467,ORANGE,SANTA ANA,-117.8657455444336,33.76521301269531
92120074,2023,2023-07-18,9675,2023-07-08,1310,019599,NA,6,1,5,3022,0,1,1,NA,2,502,I-5 NORTHBOUND,SR-55 SOUTHBOUND,100,S,N,A,-,Y,ORA,NA,5,NA,NA,30.204,H,NA,R,Y,3,0,1,2,A,-,08,22107,NA,N,B,C,A,A,H,-,A,D,0,NA,NA,NA,Y,Y,NA,A,01,0,1,0,0,0,0,0,0,0,-,-,33.740379333496094,-117.83273315429688,ORANGE,TUSTIN,-117.83272552490234,33.74039077758789
92120551,2023,2023-07-19,9675,2023-07-19,308,022052,NA,3,3,7,3001,0,1,3,NA,2,093,SR-91 WESTBOUND,TUSTIN AVENUE,180,E,N,A,-,Y,ORA,NA,91,NA,NA,8.404,H,NA,L,Y,2,0,1,1,A,-,08,22107,NA,N,E,I,A,A,H,-,C,D,0,NA,NA,NA,NA,Y,NA,A,07,1,0,0,0,0,0,0,0,0,-,-,33.851348876953125,-117.83778381347656,ORANGE,ANAHEIM,-117.8378677368164,33.85120391845703
92121225,2023,2023-07-19,9690,2023-07-08,1545,020236,NA,6,2,5,3017,0,1,1,NA,2,059,I-5 (SOUTHBOUND),AVE VISTA HERMOSA,750,N,N,A,-,Y,ORA,NA,5,NA,NA,4.229,H,NA,L,Y,4,0,1,1,A,-,08,22107,NA,N,E,I,A,A,H,-,A,D,0,NA,NA,NA,NA,Y,NA,A,07,0,0,1,0,0,0,0,0,0,-,-,33.4461784362793,-117.63352966308594,ORANGE,SAN CLEMENTE,-117.63339996337892,33.44636154174805
92122769,2023,2023-07-21,9670,2023-07-11,2345,020134,NA,2,3,6,3009,0,1,3,NA,2,024,SR-22 E/B,HARBOR BOULEVARD,1500,W,N,A,-,Y,ORA,NA,22,NA,R,7.425,H,NA,R,Y,4,0,1,5,A,-,01,23152,A,M,C,E,A,A,H,-,C,D,0,NA,NA,NA,NA,Y,Y,A,01,0,0,1,0,0,0,0,0,0,-,-,33.7659912109375,-117.92726135253906,ORANGE,GARDEN GROVE,-117.92726135253906,33.76603317260742
9212537,2020,2021-02-01,3000,2020-12-22,0645,1920,797 J,2,5,4,3021,0,0,0,NA,0,721,BEACH BL,MAIN ST,235,N,N,A,-,Y,ORA,12,39,-,-,11.09,H,-,N,N,2,0,1,2,D,-,00,NA,NA,F,G,B,E,A,H,-,C,D,0,Y,NA,NA,NA,Y,NA,-,-,1,0,0,0,1,0,0,0,0,-,-,NA,NA,ORANGE,STANTON,-117.99310302734376,33.80891418457031