CASE_ID,ACCIDENT_YEAR,PROC_DATE,JURIS,COLLISION_DATE,COLLISION_TIME,OFFICER_ID,REPORTING_DISTRICT,DAY_OF_WEEK,CHP_SHIFT,POPULATION,CNTY_CITY_LOC,SPECIAL_COND,BEAT_TYPE,CHP_BEAT_TYPE,CITY_DIVISION_LAPD,CHP_BEAT_CLASS,BEAT_NUMBER,PRIMARY_RD,SECONDARY_RD,DISTANCE,DIRECTION,INTERSECTION,WEATHER_1,WEATHER_2,STATE_HWY_IND,CALTRANS_COUNTY,CALTRANS_DISTRICT,STATE_ROUTE,ROUTE_SUFFIX,POSTMILE_PREFIX,POSTMILE,LOCATION_TYPE,RAMP_INTERSECTION,SIDE_OF_HWY,TOW_AWAY,COLLISION_SEVERITY,NUMBER_KILLED,NUMBER_INJURED,PARTY_COUNT,PRIMARY_COLL_FACTOR,PCF_CODE_OF_VIOL,PCF_VIOL_CATEGORY,PCF_VIOLATION,PCF_VIOL_SUBSECTION,HIT_AND_RUN,TYPE_OF_COLLISION,MVIW,PED_ACTION,ROAD_SURFACE,ROAD_COND_1,ROAD_COND_2,LIGHTING,CONTROL_DEVICE,CHP_ROAD_TYPE,PEDESTRIAN_ACCIDENT,BICYCLE_ACCIDENT,MOTORCYCLE_ACCIDENT,TRUCK_ACCIDENT,NOT_PRIVATE_PROPERTY,ALCOHOL_INVOLVED,STWD_VEHTYPE_AT_FAULT,CHP_VEHTYPE_AT_FAULT,COUNT_SEVERE_INJ,COUNT_VISIBLE_INJ,COUNT_COMPLAINT_PAIN,COUNT_PED_KILLED,COUNT_PED_INJURED,COUNT_BICYCLIST_KILLED,COUNT_BICYCLIST_INJURED,COUNT_MC_KILLED,COUNT_MC_INJURED,PRIMARY_RAMP,SECONDARY_RAMP,LATITUDE,LONGITUDE,COUNTY,CITY,POINT_X,POINT_Y
9272230,2021,2021-06-21,3000,2021-05-09,1330,1644,951J4,7,5,5,3040,0,0,0,NA,0,6M44,HIDDEN HILLS,STREET OF THE GOLDEN LANTERN,0,NA,Y,A,-,N,NA,NA,NA,NA,NA,NA,NA,NA,NA,Y,4,0,2,2,A,-,12,21453,A,N,A,C,A,A,H,-,-,A,0,NA,NA,NA,NA,Y,NA,A,01,0,0,2,0,0,0,0,0,0,-,-,NA,NA,ORANGE,LAGUNA NIGUEL,-117.6851,33.52958
9272550,2021,2021-06-14,3026,2021-05-02,1045,503,NA,7,5,6,3026,0,0,0,NA,0,00P,CULVER DR,IRVINE BL,207,N,N,B,-,N,NA,NA,NA,NA,NA,NA,NA,NA,NA,Y,4,0,1,2,A,-,17,22109,NA,N,C,C,A,A,H,-,A,A,0,NA,NA,NA,NA,Y,NA,A,01,0,0,1,0,0,0,0,0,0,-,-,NA,NA,ORANGE,IRVINE,-117.77069091796876,33.72183609008789
9274605,2021,2021-06-29,3000,2021-05-07,1945,9890,891F7,5,5,4,3045,0,0,0,NA,0,647,EL TORO AV,AVENIDA DE LA CARLOTA,0,NA,Y,A,-,N,NA,NA,NA,NA,NA,NA,NA,NA,NA,Y,3,0,1,2,A,-,08,22101,D,N,D,C,A,A,H,-,C,A,0,NA,NA,NA,NA,Y,NA,A,07,0,1,0,0,0,0,0,0,0,-,-,NA,NA,ORANGE,LAGUNA HILLS,-117.70860290527344,33.6138916015625
9274621,2021,2021-06-30,3008,2021-04-08,1117,1407,NA,4,5,6,3008,0,0,0,NA,0,0Z2,HARBOR BL,W VALLEY VIEW DR,1740,N,N,A,-,N,NA,NA,NA,NA,NA,NA,NA,NA,NA,Y,4,0,2,2,A,-,03,22350,NA,N,C,C,A,A,H,-,A,D,0,NA,NA,NA,NA,Y,NA,A,08,0,0,2,0,0,0,0,0,0,-,-,NA,NA,ORANGE,FULLERTON,-117.92449951171876,33.88098907470703
9277013,2021,2021-06-08,3008,2021-04-20,1445,1629,ZONE1,2,5,6,3008,0,0,0,NA,0,NA,GILBERT ST,PIONEER AV,0,NA,Y,A,-,N,NA,NA,NA,NA,NA,NA,NA,NA,NA,Y,3,0,3,2,A,-,09,21801,A,N,D,C,A,A,H,-,A,A,0,NA,NA,NA,NA,Y,NA,A,01,0,2,1,0,0,0,0,0,0,-,-,NA,NA,ORANGE,FULLERTON,-117.96614074707033,33.888187408447266
9277592,2021,2021-06-16,3026,2021-05-28,2343,637,UNIVE,5,5,6,3026,0,0,0,NA,0,00U,UNIVERSITY DR,ROSA DREW LN,0,NA,Y,A,-,N,NA,NA,NA,NA,NA,NA,NA,NA,NA,Y,3,0,1,1,A,-,03,22350,NA,N,E,I,A,A,H,-,C,A,0,NA,NA,NA,NA,Y,NA,A,07,0,1,0,0,0,0,0,0,0,-,-,NA,NA,ORANGE,IRVINE,-117.80747985839844,33.658477783203125
9278866,2021,2021-06-29,3012,2021-05-19,0758,568,36,3,5,5,3012,0,0,0,NA,0,003,LAMBERT RD,WALNUT ST,0,NA,Y,B,-,N,NA,NA,NA,NA,NA,NA,NA,NA,NA,N,3,0,2,2,A,-,09,21801,A,N,D,C,A,A,H,-,A,A,0,NA,NA,NA,NA,Y,NA,A,01,0,1,1,0,0,0,0,0,0,-,-,NA,NA,ORANGE,LA HABRA,-117.95047760009766,33.924537658691406
9278972,2021,2021-07-08,3026,2021-06-09,1109,6352,NA,3,5,6,3026,0,0,0,NA,0,00P,MONTICELLO,SHARPSBURG,45,W,N,A,-,N,NA,NA,NA,NA,NA,NA,NA,NA,NA,Y,4,0,1,2,A,-,21,22106,NA,N,H,C,A,A,H,-,A,D,0,NA,NA,NA,NA,Y,NA,A,01,0,0,1,0,0,0,0,0,0,-,-,NA,NA,ORANGE,IRVINE,-117.76302337646484,33.709598541259766
92800700,2024,2024-07-29,9670,2024-07-26,1030,021459,NA,5,1,9,3000,0,3,5,NA,2,003,HEDWIG ROAD (3200 BLOCK),DONNIS ROAD,230,E,N,A,-,N,NA,NA,NA,NA,NA,NA,NA,NA,NA,Y,4,0,1,2,A,-,08,22107,NA,N,C,C,A,A,H,-,A,D,0,NA,NA,NA,NA,Y,NA,A,07,0,0,1,0,0,0,0,0,0,-,-,33.800140380859375,-118.0766830444336,ORANGE,UNINCORPORATED,-118.0767059326172,33.800086975097656
9280179,2021,2021-06-24,3003,2021-06-02,1407,652,NA,3,5,5,3003,0,0,0,NA,0,001,BEACH BL,ARTESIA BL,0,NA,Y,A,-,Y,ORA,12,39,-,-,15.573,I,5,N,Y,4,0,1,3,D,-,00,NA,NA,N,D,C,A,A,H,-,A,A,0,NA,NA,NA,NA,Y,NA,-,-,0,0,1,0,0,0,0,0,0,-,-,33.52239990234375,-117.59529876708984,ORANGE,BUENA PARK,-117.99818420410156,33.87348937988281
9281324,2021,2021-08-31,3000,2021-06-27,1928,5163,951F5,7,5,5,3040,0,0,0,NA,0,743,ALICIA PKWY,PACIFIC PKWY,0,NA,Y,A,-,N,NA,NA,NA,NA,NA,NA,NA,NA,NA,Y,3,0,1,2,A,-,08,22107,NA,N,C,C,A,C,A,-,D,B,0,NA,NA,NA,NA,Y,NA,D,22,0,1,0,0,0,0,0,0,0,-,-,NA,NA,ORANGE,LAGUNA NIGUEL,-117.714359,33.571362
9282787,2021,2021-07-16,3004,2021-06-29,1546,P459,02,2,5,6,3004,0,0,0,NA,0,003,HARBOR BL,WEST 19TH ST,84,N,N,A,-,N,NA,NA,NA,NA,NA,NA,NA,NA,NA,N,3,0,2,2,A,-,03,22350,NA,N,C,C,A,A,H,-,A,A,0,NA,NA,NA,NA,Y,NA,A,01,0,2,0,0,0,0,0,0,0,-,-,33.64360809326172,-117.9189682006836,ORANGE,COSTA MESA,-117.91897583007813,33.64356994628906
9283387,2021,2021-07-19,3009,2021-06-21,1329,3739,093,1,5,6,3009,0,0,0,NA,0,1-2,BROOKHURST AV,PAVILLION WY,0,NA,Y,A,-,N,NA,NA,NA,NA,NA,NA,NA,NA,NA,Y,4,0,2,2,A,-,12,21453,A,N,D,C,A,A,H,-,A,A,0,NA,NA,NA,NA,Y,NA,-,-,0,0,2,0,0,0,0,0,0,-,-,NA,NA,ORANGE,GARDEN GROVE,-117.95877838134766,33.78689956665039
9284143,2021,2021-07-23,3013,2021-06-10,0859,226,L10,4,5,3,3013,0,0,0,NA,0,004,KATELLA AV,LEXINGTON DR,0,NA,Y,A,-,N,NA,NA,NA,NA,NA,NA,NA,NA,NA,Y,4,0,1,2,A,-,09,21800,D,N,D,C,A,A,H,-,A,B,0,NA,NA,NA,NA,Y,NA,A,01,0,0,1,0,0,0,0,0,0,-,-,NA,NA,ORANGE,LOS ALAMITOS,-118.0544204711914,33.803009033203125
9284273,2021,2021-07-16,3010,2021-06-26,2150,2196,232,6,5,6,3010,0,0,0,NA,0,006,RT 39,RONALD DR,0,NA,Y,A,-,N,NA,NA,NA,NA,NA,NA,NA,NA,NA,Y,3,0,1,2,A,-,01,23153,A,N,D,C,A,A,H,-,C,D,0,NA,NA,NA,NA,Y,NA,-,-,0,1,0,0,0,0,0,0,0,-,-,NA,NA,ORANGE,HUNTINGTON BEACH,-117.98927307128906,33.70363235473633
9286458,2021,2021-08-30,3000,2021-06-19,1643,2785,921G5,6,5,4,3049,0,0,0,NA,0,784,LA PAZ,RT 73,0,NA,Y,A,-,Y,ORA,12,73,-,-,13.381,R,4,N,Y,4,0,1,2,A,-,08,22100,B,N,D,D,A,A,H,-,A,A,0,NA,NA,NA,NA,Y,NA,A,07,0,0,1,0,0,0,0,0,0,-,-,NA,NA,ORANGE,ALISO VIEJO,-117.70584106445313,33.573612213134766
9286584,2021,2021-10-01,3026,2021-07-01,1215,7094,NA,4,5,6,3026,0,0,0,NA,0,00P,MARKETPLACE,IRVINE BL,122,S,N,A,-,N,NA,NA,NA,NA,NA,NA,NA,NA,NA,Y,4,0,1,2,A,-,03,22350,NA,N,D,C,A,A,H,-,A,D,0,NA,NA,NA,NA,Y,NA,A,01,0,0,1,0,0,0,0,0,0,-,-,NA,NA,ORANGE,IRVINE,-117.78354644775392,33.727779388427734
9287521,2021,2021-07-28,3000,2021-05-21,1543,8659,993A2,5,5,5,3017,0,0,0,NA,0,172,AVENIDA PRESIDIO,AVENIDA DE LA ESTRELLA,0,NA,Y,A,-,N,NA,NA,NA,NA,NA,NA,NA,NA,NA,Y,4,0,1,2,A,-,09,21802,A,N,D,C,A,A,H,-,A,A,0,NA,NA,NA,NA,Y,NA,A,01,0,0,1,0,0,0,0,0,0,-,-,NA,NA,ORANGE,SAN CLEMENTE,-117.61090850830078,33.42654800415039
92878122,2024,2024-07-30,9670,2024-07-25,215,022761,NA,4,3,5,3003,0,1,1,NA,2,501,I-5 SOUTHBOUND,BEACH BLVD,600,N,N,A,-,Y,ORA,NA,5,NA,NA,43.572,H,NA,L,N,3,0,1,1,C,-,18,NA,NA,N,F,A,A,D,B,-,D,A,0,NA,NA,Y,NA,Y,NA,-,-,0,1,0,0,0,0,0,0,1,-,-,33.86722183227539,-118.00025177001952,ORANGE,BUENA PARK,-118.00025177001952,33.86722183227539
9289639,2021,2021-09-04,3000,2021-06-15,1604,10077,891F4,2,5,5,3050,0,0,0,NA,0,765,LAKE FOREST DR,OVERLAKE DR,809,E,N,A,-,N,NA,NA,NA,NA,NA,NA,NA,NA,NA,Y,3,0,4,3,A,-,01,23152,A,N,C,C,A,A,H,-,A,A,0,NA,NA,NA,NA,Y,Y,A,01,0,2,2,0,0,0,0,0,0,-,-,NA,NA,ORANGE,LAKE FOREST,-117.7055892944336,33.639705657958984
9291495,2021,2021-07-22,3000,2021-06-17,1454,7734,922C4,4,5,5,3028,0,0,0,NA,0,753,OSO PKWY,MARGUERITE PKWY,617,W,N,A,-,N,NA,NA,NA,NA,NA,NA,NA,NA,NA,N,4,0,1,1,A,-,08,22107,NA,N,F,A,A,A,H,-,A,D,0,NA,Y,NA,NA,Y,NA,L,04,0,0,1,0,0,0,1,0,0,-,-,NA,NA,ORANGE,MISSION VIEJO,-117.66127014160156,33.58322525024414
9291517,2021,2021-07-21,3000,2021-06-14,0904,5013,951G1,1,5,5,3040,0,0,0,NA,0,741,LA PAZ RD,YOSEMITE RD,0,NA,Y,A,-,N,NA,NA,NA,NA,NA,NA,NA,NA,NA,Y,4,0,2,2,A,-,09,21801,A,N,D,C,A,A,H,-,A,A,0,NA,NA,NA,NA,Y,NA,A,01,0,0,2,0,0,0,0,0,0,-,-,NA,NA,ORANGE,LAGUNA NIGUEL,-117.7052993774414,33.54991149902344
9291606,2021,2021-07-27,3003,2021-06-23,1617,1264,3003,3,5,5,3003,0,0,0,NA,0,001,ARTESIA BL,STANTON AV,0,NA,Y,A,-,N,NA,NA,NA,NA,NA,NA,NA,NA,NA,Y,4,0,1,3,A,-,09,21801,NA,N,D,C,A,A,H,-,A,A,0,NA,NA,NA,NA,Y,NA,I,11,0,0,1,0,0,0,0,0,0,-,-,33.87348175048828,-117.99385833740234,ORANGE,BUENA PARK,-117.99388885498048,33.87348937988281
9297069,2021,2021-09-08,3005,2021-07-14,1348,8292,C32,3,5,4,3005,0,0,0,NA,0,003,KATELLA AV,TICONDEROGA DR,27,E,N,A,-,N,NA,NA,NA,NA,NA,NA,NA,NA,NA,N,3,0,2,2,B,-,22,NA,NA,N,E,J,A,A,D,-,A,A,0,NA,NA,NA,Y,Y,NA,M,95,0,2,0,0,0,0,0,0,0,-,-,NA,NA,ORANGE,CYPRESS,-118.04866027832033,33.803131103515625
9297679,2021,2021-08-18,3000,2021-07-09,1820,6717,862C7,5,5,5,3050,0,0,0,NA,0,18762,OSTERMAN RD,REGENCY LN,5,E,N,A,-,N,NA,NA,NA,NA,NA,NA,NA,NA,NA,N,3,0,1,2,A,-,09,21801,A,N,D,G,A,A,H,-,A,A,0,NA,Y,NA,NA,Y,NA,A,01,0,1,0,0,0,0,1,0,0,-,-,33.39411163330078,-117.39443206787108,ORANGE,LAKE FOREST,-117.66229248046876,33.66114044189453
9309656,2021,2021-10-07,3026,2021-08-02,1542,275,UNIVE,1,5,6,3026,0,0,0,NA,0,003,MARQUETTE,STANFORD,31,S,N,A,-,N,NA,NA,NA,NA,NA,NA,NA,NA,NA,NA,2,0,1,2,A,-,11,21954,A,N,G,B,D,A,H,-,A,A,0,Y,NA,NA,NA,Y,NA,N,60,1,0,0,0,1,0,0,0,0,-,-,33.65140151977539,-117.83740997314452,ORANGE,IRVINE,-117.83734893798828,33.65147018432617
9314065,2021,2021-09-16,3009,2021-08-18,0547,4720,055,3,5,6,3009,0,0,0,NA,0,011,BEACH BL,GARDEN GROVE BL,214,S,N,A,-,N,NA,NA,NA,NA,NA,NA,NA,NA,NA,Y,3,0,1,1,A,-,07,21658,A,N,E,I,A,A,H,-,B,A,0,NA,NA,NA,NA,Y,NA,A,01,0,1,0,0,0,0,0,0,0,-,-,NA,NA,ORANGE,GARDEN GROVE,-117.99264526367188,33.77314376831055
9316693,2021,2021-09-11,3000,2021-07-04,1710,2742,993A4,7,5,5,3017,0,0,0,NA,0,778,S LA ESPERANZA,CALLE ALTA,216,S,N,A,-,N,NA,NA,NA,NA,NA,NA,NA,NA,NA,Y,4,0,1,2,A,-,08,22107,NA,N,C,E,A,A,H,-,A,D,0,NA,NA,NA,NA,Y,Y,A,01,0,0,1,0,0,0,0,0,0,-,-,NA,NA,ORANGE,SAN CLEMENTE,-117.60576629638672,33.42676544189453
9316707,2021,2021-09-16,3000,2021-07-20,1550,4246,993B7,2,5,5,3017,0,0,0,NA,0,776,AVENIDA DEL PRESIDENTE,AVEMODA DE; [RESODEMTE 3120,30,N,N,A,-,N,NA,NA,NA,NA,NA,NA,NA,NA,NA,N,4,0,1,1,A,-,08,22107,NA,N,E,I,A,A,H,-,A,D,0,NA,NA,NA,NA,Y,NA,-,NA,0,0,1,0,0,0,0,0,0,-,-,NA,NA,ORANGE,SAN CLEMENTE,NA,NA
9317009,2021,2021-09-16,3002,2021-07-29,1902,3893,741F4,4,5,5,3025,0,0,0,NA,0,004,KODIAK MOUNTAIN DR,CASTLE BEND WY,167,N,N,A,-,N,NA,NA,NA,NA,NA,NA,NA,NA,NA,Y,4,0,1,2,A,-,09,21801,A,N,A,C,A,A,H,-,A,D,0,NA,NA,NA,NA,Y,NA,A,07,0,0,1,0,0,0,0,0,0,-,-,NA,NA,ORANGE,YORBA LINDA,-117.70751190185548,33.88886260986328
9317032,2021,2021-10-02,3026,2021-08-05,0636,288,C,4,5,6,3026,0,0,0,NA,0,00C,HARVARD,POPLAR,10,N,N,A,-,N,NA,NA,NA,NA,NA,NA,NA,NA,NA,N,2,0,1,2,A,-,10,21950,A,N,G,B,B,A,H,-,B,D,0,Y,NA,NA,NA,Y,NA,A,01,1,0,0,0,1,0,0,0,0,-,-,NA,NA,ORANGE,IRVINE,-117.79743957519533,33.70695495605469
9320166,2021,2021-12-09,3000,2021-03-29,1749,9170,797G2,1,5,4,3021,0,0,0,NA,0,021,KNOTT AV,KERMORE LN,59,S,N,A,-,N,NA,NA,NA,NA,NA,NA,NA,NA,NA,Y,1,1,1,3,A,-,03,22350,NA,F,D,C,A,A,H,-,A,D,0,NA,NA,Y,NA,Y,NA,C,02,0,0,1,0,0,0,0,1,0,-,-,NA,NA,ORANGE,STANTON,-118.01068878173828,33.80527877807617
9320881,2021,2022-06-30,3000,2021-10-02,0125,3331,921H6,6,5,4,3045,0,0,0,NA,0,017,MOULTON PKWY,NELLIE GAIL RD,0,NA,Y,A,-,N,NA,NA,NA,NA,NA,NA,NA,NA,NA,Y,1,1,0,2,A,-,12,21453,A,N,D,C,A,A,H,-,-,A,0,NA,NA,NA,NA,Y,Y,M,94,0,0,0,0,0,0,0,0,0,-,-,33.57014083862305,-117.70005035400392,ORANGE,LAGUNA HILLS,-117.70001983642578,33.5700798034668
9320965,2020,2022-07-07,3020,2020-06-02,0904,437,S22,2,5,4,3020,0,0,0,NA,0,002,SAINT ANDREWS DR,GOLDEN RAIN RD,232,N,N,A,-,N,NA,NA,NA,NA,NA,NA,NA,NA,NA,N,3,0,1,2,D,-,00,NA,NA,N,B,G,A,A,H,-,A,D,0,NA,Y,NA,NA,Y,NA,-,-,0,1,0,0,0,0,1,0,0,-,-,NA,NA,ORANGE,SEAL BEACH,-118.08345794677734,33.76572036743164
9320969,2020,2022-07-07,3020,2020-06-28,2142,450,S20,7,5,4,3020,0,0,0,NA,0,NA,CANDLEBERRY AV,ASTER ST,225,S,N,A,-,N,NA,NA,NA,NA,NA,NA,NA,NA,NA,Y,4,0,1,3,A,-,01,23152,A,N,F,E,A,A,H,-,C,D,0,NA,NA,NA,NA,Y,Y,A,01,0,0,1,0,0,0,0,0,0,-,-,NA,NA,ORANGE,SEAL BEACH,-118.05918884277344,33.7775764465332
9320972,2020,2022-07-07,3020,2020-07-14,1926,443,S03,2,5,4,3020,0,0,0,NA,0,003,MARINA DR,1ST ST,0,NA,Y,A,-,N,NA,NA,NA,NA,NA,NA,NA,NA,NA,N,4,0,1,2,A,-,12,22450,NA,N,G,B,B,A,H,-,B,A,0,Y,NA,NA,NA,Y,NA,A,07,0,0,1,0,1,0,0,0,0,-,-,33.745601654052734,-118.11126708984376,ORANGE,SEAL BEACH,-118.11141204833984,33.74565124511719
9320981,2020,2022-07-07,3020,2020-08-02,1350,437,S18,7,5,4,3020,0,0,0,NA,0,003,SEAL BEACH BL,SAINT CLOUD DR,330,N,N,A,-,N,NA,NA,NA,NA,NA,NA,NA,NA,NA,N,4,0,1,1,B,-,22,NA,NA,N,F,A,A,A,H,-,A,D,0,NA,NA,NA,NA,Y,NA,M,97,0,0,1,0,0,0,0,0,0,-,-,NA,NA,ORANGE,SEAL BEACH,-118.07207489013672,33.781246185302734
9321136,2021,2023-06-17,3000,2021-03-21,0142,8564,798B2,7,5,4,3021,0,0,0,NA,0,017,KATELLA AV,MACMURRAY ST,108,E,N,A,-,N,NA,NA,NA,NA,NA,NA,NA,NA,NA,Y,1,1,0,2,A,-,01,23152,A,N,G,B,D,A,H,-,C,D,0,Y,NA,NA,NA,Y,Y,A,07,0,0,0,1,0,0,0,0,0,-,-,33.8029899597168,-117.97775268554688,ORANGE,STANTON,-117.97786712646484,33.80287551879883
9322178,2021,2021-09-16,3012,2021-08-21,0820,692,11,6,5,5,3012,0,0,0,NA,0,001,W WHITTIER BL,N MACY ST,0,NA,Y,C,-,Y,ORA,12,72,-,-,11.601,I,5,N,N,4,0,1,3,A,-,09,21801,A,N,A,C,A,B,H,-,A,A,0,NA,NA,NA,NA,Y,Y,A,01,0,0,1,0,0,0,0,0,0,-,-,NA,NA,ORANGE,LA HABRA,-117.97106170654295,33.939876556396484
9322430,2021,2021-10-04,3004,2021-08-13,2032,P689,11,5,5,6,3004,0,0,0,NA,0,007,WEST 19TH ST,HARBOR BL,65,W,N,A,-,N,NA,NA,NA,NA,NA,NA,NA,NA,NA,Y,4,0,1,3,A,-,01,23152,A,N,C,C,A,A,H,-,C,A,0,NA,NA,NA,NA,Y,Y,A,07,0,0,1,0,0,0,0,0,0,-,-,33.64344024658203,-117.91935729980467,ORANGE,COSTA MESA,-117.91918182373048,33.643348693847656
9323343,2021,2021-10-01,3000,2021-08-26,0950,2785,951E1,4,5,4,3049,0,0,0,NA,0,784,WOOD CANYON DR,ALISO CREEK,15,S,N,A,-,N,NA,NA,NA,NA,NA,NA,NA,NA,NA,N,4,0,1,2,A,-,03,22350,NA,N,C,C,A,A,H,-,A,A,0,NA,NA,NA,NA,Y,NA,A,01,0,0,1,0,0,0,0,0,0,-,-,NA,NA,ORANGE,ALISO VIEJO,-117.72100830078124,33.5559196472168
9327836,2021,2021-10-14,3004,2021-09-11,0243,P678,36,6,5,6,3004,0,0,0,NA,0,004,HARBOR BL,ADAMS AV,0,NA,Y,A,-,N,NA,NA,NA,NA,NA,NA,NA,NA,NA,N,2,0,3,2,A,-,01,23152,A,N,C,C,A,A,H,-,C,A,0,NA,NA,NA,NA,Y,Y,A,01,2,0,1,0,0,0,0,0,0,-,-,33.673118591308594,-117.91915130615234,ORANGE,COSTA MESA,-117.91934204101563,33.673301696777344
9337350,2021,2021-10-05,3000,2021-08-10,1615,10077,891J2,2,5,5,3050,0,0,0,NA,0,765,TRABUCO RD,TREELINE LN,168,S,N,A,-,N,NA,NA,NA,NA,NA,NA,NA,NA,NA,N,3,0,1,2,A,-,05,21650,1,N,D,G,A,A,H,-,A,D,0,NA,Y,NA,NA,Y,NA,L,04,0,1,0,0,0,0,1,0,0,-,-,NA,NA,ORANGE,LAKE FOREST,-117.68683624267578,33.64813232421875
93389170,2024,2024-08-02,9690,2024-07-28,1825,023571,NA,7,2,9,3000,0,2,4,NA,2,035,OSO PARKWAY,PLAZA,0,NA,Y,A,-,N,NA,NA,NA,NA,NA,NA,NA,NA,NA,Y,3,0,3,2,A,-,12,21453,A,N,D,C,A,A,H,-,B,A,0,NA,NA,NA,NA,Y,NA,-,-,0,3,0,0,0,0,0,0,0,-,-,33.58388900756836,-117.6331787109375,ORANGE,UNINCORPORATED,NA,NA
9339646,2021,2021-10-20,3000,2021-09-18,2217,9652,921T2,6,5,4,3029,0,0,0,NA,0,434,PACIFIC COAST HWY,NIGUEL RD,0,NA,Y,A,-,N,NA,NA,NA,NA,NA,NA,NA,NA,NA,Y,4,0,1,2,D,-,00,NA,NA,N,A,C,A,A,H,-,C,A,0,NA,NA,NA,NA,Y,NA,-,-,0,0,1,0,0,0,0,0,0,-,-,NA,NA,ORANGE,DANA POINT,-117.71662902832033,33.47593307495117
9344435,2021,2021-11-03,3012,2021-09-17,2309,692,33,5,5,5,3012,0,0,0,NA,0,003,S IDAHO ST,W LAMBERT RD,0,NA,Y,A,-,N,NA,NA,NA,NA,NA,NA,NA,NA,NA,N,3,0,1,2,A,-,12,21453,A,N,-,G,A,A,H,-,C,D,0,NA,NA,NA,Y,Y,Y,-,NA,0,1,0,0,0,0,0,0,0,-,-,NA,NA,ORANGE,LA HABRA,-117.9591827392578,33.92451858520508
9344436,2021,2021-11-03,3012,2021-09-05,1422,692,33,7,5,5,3012,0,0,0,NA,0,003,W LAMBERT RD,S MONTE VISTA ST,0,NA,Y,A,-,N,NA,NA,NA,NA,NA,NA,NA,NA,NA,N,4,0,2,2,A,-,08,22100,A,N,C,C,A,A,H,-,A,D,0,NA,NA,NA,Y,Y,NA,A,01,0,0,2,0,0,0,0,0,0,-,-,NA,NA,ORANGE,LA HABRA,-117.95484161376952,33.92466354370117
9345147,2021,2021-10-26,3026,2021-09-24,1125,6352,NA,5,5,6,3026,0,0,0,NA,0,00U,QUAIL HILL PKWY,PASSAGE,188,W,N,A,-,N,NA,NA,NA,NA,NA,NA,NA,NA,NA,Y,4,0,2,3,A,-,04,21703,NA,N,-,C,A,A,H,-,A,A,0,NA,NA,NA,NA,Y,NA,D,22,0,0,2,0,0,0,0,0,0,-,-,NA,NA,ORANGE,IRVINE,-117.77988433837892,33.653751373291016
9348723,2020,2022-06-22,3016,2020-05-06,1521,1241,32,3,5,5,3016,0,0,0,NA,0,001,PALM DR,ROSE DR,0,NA,Y,A,-,N,NA,NA,NA,NA,NA,NA,NA,NA,NA,N,3,0,1,2,A,-,05,21650,1,N,D,G,A,A,H,-,A,A,0,NA,Y,NA,NA,Y,NA,L,04,0,1,0,0,0,0,1,0,0,-,-,33.88172149658203,-117.84326934814452,ORANGE,PLACENTIA,-117.8439712524414,33.88227081298828
9348729,2020,2022-06-22,3016,2020-05-27,1831,1286,38,3,5,5,3016,0,0,0,NA,0,001,VAN BUREN ST,ALTA VISTA ST,0,NA,Y,A,-,N,NA,NA,NA,NA,NA,NA,NA,NA,NA,Y,3,0,3,2,A,-,00,23153,F,N,C,C,A,A,H,-,A,A,0,NA,NA,NA,NA,Y,NA,A,01,0,1,2,0,0,0,0,0,0,-,-,33.874881744384766,-117.83130645751952,ORANGE,PLACENTIA,-117.83139801025392,33.874900817871094
9350072,2021,2021-11-08,3009,2021-09-16,0722,4762,116,4,5,6,3009,0,0,0,NA,0,2-3,EUCLID ST,BLAKE ST,0,NA,Y,B,-,N,NA,NA,NA,NA,NA,NA,NA,NA,NA,Y,4,0,1,3,A,-,08,22100,A,N,B,C,A,A,H,-,A,D,0,NA,NA,NA,NA,Y,NA,A,01,0,0,1,0,0,0,0,0,0,-,-,NA,NA,ORANGE,GARDEN GROVE,-117.93778228759766,33.76288986206055
9350614,2021,2021-11-23,3026,2021-10-06,0736,4779,PORTO,3,5,6,3026,0,0,0,NA,0,007,PORTOLA PKWY,CULVER DR,483,W,N,B,-,N,NA,NA,NA,NA,NA,NA,NA,NA,NA,N,4,0,1,2,A,-,-,NA,NA,N,H,G,A,A,H,-,A,A,0,NA,Y,NA,NA,Y,NA,L,04,0,0,1,0,0,0,1,0,0,-,-,33.731231689453125,-117.75868988037108,ORANGE,IRVINE,-117.7614517211914,33.733123779296875
9351656,2021,2021-11-15,3011,2021-10-29,1946,31524,322,5,5,4,3011,0,0,0,NA,0,001,ASTER ST,N COAST HWY,80,E,N,E,-,N,NA,NA,NA,NA,NA,NA,NA,NA,NA,N,3,0,1,2,A,-,03,22350,NA,M,B,G,A,A,H,-,C,D,0,NA,Y,NA,NA,Y,NA,A,01,0,1,0,0,0,0,1,0,0,-,-,NA,NA,ORANGE,LAGUNA BEACH,-117.78826904296876,33.54405212402344
9352497,2021,2021-11-23,3012,2021-10-15,1849,624,41,5,5,5,3012,0,0,0,NA,0,004,LA HABRA BL,WALLACE ST,43,E,N,A,-,N,NA,NA,NA,NA,NA,NA,NA,NA,NA,N,3,0,1,2,A,-,08,22107,NA,N,D,G,A,A,H,-,C,D,0,NA,Y,NA,NA,Y,NA,L,04,0,1,0,0,0,0,1,0,0,-,-,NA,NA,ORANGE,LA HABRA,-117.94719696044922,33.93186950683594
9353936,2021,2021-11-13,3000,2021-09-14,1524,7734,922C7,2,5,5,3028,0,0,0,NA,0,753,MARGUERITE PKWY,CORDOVA CYN,90,N,N,A,-,N,NA,NA,NA,NA,NA,NA,NA,NA,NA,Y,4,0,1,2,A,-,07,21658,A,N,C,C,A,A,H,-,A,D,0,NA,NA,NA,NA,Y,NA,A,07,0,0,1,0,0,0,0,0,0,-,-,NA,NA,ORANGE,MISSION VIEJO,-117.65859222412108,33.568336486816406