CASE_ID,ACCIDENT_YEAR,PROC_DATE,JURIS,COLLISION_DATE,COLLISION_TIME,OFFICER_ID,REPORTING_DISTRICT,DAY_OF_WEEK,CHP_SHIFT,POPULATION,CNTY_CITY_LOC,SPECIAL_COND,BEAT_TYPE,CHP_BEAT_TYPE,CITY_DIVISION_LAPD,CHP_BEAT_CLASS,BEAT_NUMBER,PRIMARY_RD,SECONDARY_RD,DISTANCE,DIRECTION,INTERSECTION,WEATHER_1,WEATHER_2,STATE_HWY_IND,CALTRANS_COUNTY,CALTRANS_DISTRICT,STATE_ROUTE,ROUTE_SUFFIX,POSTMILE_PREFIX,POSTMILE,LOCATION_TYPE,RAMP_INTERSECTION,SIDE_OF_HWY,TOW_AWAY,COLLISION_SEVERITY,NUMBER_KILLED,NUMBER_INJURED,PARTY_COUNT,PRIMARY_COLL_FACTOR,PCF_CODE_OF_VIOL,PCF_VIOL_CATEGORY,PCF_VIOLATION,PCF_VIOL_SUBSECTION,HIT_AND_RUN,TYPE_OF_COLLISION,MVIW,PED_ACTION,ROAD_SURFACE,ROAD_COND_1,ROAD_COND_2,LIGHTING,CONTROL_DEVICE,CHP_ROAD_TYPE,PEDESTRIAN_ACCIDENT,BICYCLE_ACCIDENT,MOTORCYCLE_ACCIDENT,TRUCK_ACCIDENT,NOT_PRIVATE_PROPERTY,ALCOHOL_INVOLVED,STWD_VEHTYPE_AT_FAULT,CHP_VEHTYPE_AT_FAULT,COUNT_SEVERE_INJ,COUNT_VISIBLE_INJ,COUNT_COMPLAINT_PAIN,COUNT_PED_KILLED,COUNT_PED_INJURED,COUNT_BICYCLIST_KILLED,COUNT_BICYCLIST_INJURED,COUNT_MC_KILLED,COUNT_MC_INJURED,PRIMARY_RAMP,SECONDARY_RAMP,LATITUDE,LONGITUDE,COUNTY,CITY,POINT_X,POINT_Y
9802560,2025,2025-04-29,3000,2025-03-29,2038,12942,891J7,6,5,5,3028,0,0,0,NA,0,054,ALICIA PKWY,MUIRLANDS BL,125,W,N,A,-,N,NA,NA,NA,NA,NA,NA,NA,NA,NA,Y,4,0,1,2,A,-,01,23152,A,N,C,C,A,A,H,-,C,A,0,NA,NA,NA,NA,Y,Y,A,01,0,0,1,0,0,0,0,0,0,-,-,33.36349868774414,-117.41120147705078,ORANGE,MISSION VIEJO,-117.68699645996094,33.60967254638672
9802779,2025,2025-04-29,3013,2025-04-04,2016,264,L06,5,5,3,3013,0,0,0,NA,0,004,BLOOMFIELD ST,FLORISTA ST,384,N,N,A,-,N,NA,NA,NA,NA,NA,NA,NA,NA,NA,N,4,0,1,2,A,-,03,22350,NA,N,D,G,A,A,H,-,C,D,0,NA,Y,NA,NA,Y,NA,L,04,0,0,1,0,0,0,1,0,0,-,-,NA,NA,ORANGE,LOS ALAMITOS,-118.06317138671876,33.80540466308594
9802983,2025,2025-04-17,3004,2025-03-29,1053,P707,RD03,6,5,6,3004,0,0,0,NA,0,006,17TH ST,IRVINE AV,371,W,N,A,-,N,NA,NA,NA,NA,NA,NA,NA,NA,NA,N,2,0,1,2,A,-,21,22106,NA,N,H,C,A,A,H,-,A,D,0,NA,NA,NA,NA,Y,NA,A,01,1,0,0,0,0,0,0,0,0,-,-,33.62839889526367,-117.90863037109376,ORANGE,COSTA MESA,-117.90959930419922,33.62905502319336
9806535,2025,2025-05-07,3003,2025-04-15,1135,1314,NA,2,5,5,3003,0,0,0,NA,0,005,CRESCENT AV,LOS ALTOS DR,0,NA,Y,A,-,N,NA,NA,NA,NA,NA,NA,NA,NA,NA,N,4,0,2,2,A,-,12,21453,A,N,D,C,A,A,H,-,A,A,0,NA,NA,NA,NA,Y,NA,A,07,0,0,2,0,0,0,0,0,0,-,-,33.5,-118.0199966430664,ORANGE,BUENA PARK,-118.03234100341795,33.83892822265625
9807492,2025,2025-05-30,3006,2025-04-14,1433,352,214,1,5,3,3006,0,0,0,NA,0,002,LA PALMA AV,WESTRA LN,0,NA,Y,A,-,N,NA,NA,NA,NA,NA,NA,NA,NA,NA,N,4,0,1,2,A,-,00,21650,A,N,G,G,A,A,H,-,A,D,0,NA,Y,NA,NA,Y,NA,L,04,0,0,1,0,0,0,1,0,0,-,-,NA,NA,ORANGE,LA PALMA,-118.0321044921875,33.84632873535156
9807496,2025,2025-05-30,3009,2025-04-16,645,5001,153,3,5,6,3009,0,0,0,NA,0,022,OTIS AV,FIREBRAND ST,69,E,N,B,-,N,NA,NA,NA,NA,NA,NA,NA,NA,NA,Y,4,0,1,2,A,-,08,22107,NA,N,B,E,A,A,H,-,A,D,0,NA,NA,NA,NA,Y,NA,A,01,0,0,1,0,0,0,0,0,0,-,-,NA,NA,ORANGE,GARDEN GROVE,-117.9069366455078,33.78740310668945
9807508,2025,2025-06-18,3005,2025-05-02,1900,264,C32,5,5,4,3005,0,0,0,NA,0,003,CERRITOS AV,LEXINGTON DR,0,NA,Y,A,-,N,NA,NA,NA,NA,NA,NA,NA,NA,NA,Y,4,0,2,2,A,-,09,21801,A,N,D,C,A,A,H,-,B,A,0,NA,NA,NA,NA,Y,NA,A,07,0,0,2,0,0,0,0,0,0,-,-,NA,NA,ORANGE,CYPRESS,-118.05451965332033,33.81031036376953
9808059,2025,2025-08-01,3012,2025-06-18,848,673,22,3,5,5,3012,0,0,0,NA,0,002,HARBOR BL,WHITTIER BL,169,N,N,A,-,Y,ORA,12,39,-,-,22.659,I,6,S,Y,4,0,3,2,A,-,09,21801,A,N,A,C,A,A,H,-,A,A,0,NA,NA,NA,NA,Y,NA,A,08,0,0,3,0,0,0,0,0,0,-,-,NA,NA,ORANGE,LA HABRA,-117.93307495117188,33.93913269042969
9810055,2025,2025-05-22,3000,2025-03-09,1147,10077,891F4,7,5,5,3050,0,0,0,NA,0,060,OSWEGO ST,EMERSON ST,20,W,N,A,-,N,NA,NA,NA,NA,NA,NA,NA,NA,NA,Y,4,0,1,1,A,-,03,22350,NA,N,E,I,A,A,H,-,A,D,0,NA,NA,NA,NA,Y,NA,A,01,0,0,1,0,0,0,0,0,0,-,-,NA,NA,ORANGE,LAKE FOREST,-117.71029663085938,33.63188552856445
9812590,2025,2025-07-15,3005,2025-06-29,1403,8394,C23,7,5,4,3005,0,0,0,NA,0,002,ORANGE AVE,HOLDER ST,22,W,N,A,-,N,NA,NA,NA,NA,NA,NA,NA,NA,NA,N,4,0,1,1,A,-,08,22107,NA,N,E,J,A,A,H,-,A,A,0,NA,Y,NA,NA,Y,NA,L,04,0,0,1,0,0,0,1,0,0,-,-,NA,NA,ORANGE,CYPRESS,-118.01968383789063,33.824501037597656
9813101,2025,2025-12-17,3000,2025-10-12,1455,6532,971F5,7,5,4,3029,0,0,0,NA,0,736,PACIFIC COAST HWY,SELVA RD,1093,S,N,A,-,N,NA,NA,NA,NA,NA,NA,NA,NA,NA,N,3,0,1,1,A,-,03,22350,NA,N,F,A,A,A,H,-,A,D,0,NA,Y,NA,NA,Y,NA,L,04,0,1,0,0,0,0,1,0,0,-,-,NA,NA,ORANGE,DANA POINT,-117.71150970458984,33.46806716918945
9813615,2024,2025-05-23,3000,2024-09-10,1212,10124,798A1,2,5,4,3021,0,0,0,NA,0,222,DALE AV,CERRITOS AV,15,S,N,A,-,N,NA,NA,NA,NA,NA,NA,NA,NA,NA,Y,4,0,1,2,A,-,03,22350,NA,N,C,C,A,A,H,-,A,A,0,NA,NA,NA,NA,Y,NA,A,07,0,0,1,0,0,0,0,0,0,-,-,NA,NA,ORANGE,STANTON,-117.98448181152344,33.81026077270508
9815108,2025,2025-06-11,3000,2025-03-15,1607,11536,797J3,6,5,4,3021,0,0,0,NA,0,024,ORANGEWOOD AV,BEACH BL,0,NA,Y,A,-,N,NA,NA,NA,NA,NA,NA,NA,NA,NA,N,3,0,1,2,A,-,05,21651,A,F,G,B,A,A,H,-,A,D,0,NA,NA,Y,NA,Y,NA,D,22,0,1,0,0,0,0,0,0,1,-,-,NA,NA,ORANGE,STANTON,-117.99292755126952,33.79561996459961
9817060,2025,2025-06-25,3000,2025-04-25,1819,10025,951J4,5,5,5,3040,0,0,0,NA,0,442,GOLDEN LANTERN,HIDDEN HILLS RD,0,NA,Y,A,-,N,NA,NA,NA,NA,NA,NA,NA,NA,NA,N,3,0,2,2,D,-,00,NA,NA,N,D,D,A,A,H,-,A,A,0,NA,NA,NA,NA,Y,NA,-,-,0,1,1,0,0,0,0,0,0,-,-,NA,NA,ORANGE,LAGUNA NIGUEL,-117.68509674072266,33.529579162597656
9817864,2025,2025-06-16,3004,2025-05-31,1405,P691,RD19,6,5,6,3004,0,0,0,NA,0,010,BAKER ST,HARBOR BL,140,W,N,A,-,N,NA,NA,NA,NA,NA,NA,NA,NA,NA,Y,3,0,1,2,A,-,09,21804,A,N,D,C,A,A,H,-,A,D,0,NA,NA,Y,NA,Y,NA,A,01,0,1,0,0,0,0,0,0,0,-,-,33.68008041381836,-117.91940307617188,ORANGE,COSTA MESA,-117.9198989868164,33.680030822753906
9819818,2025,2025-09-30,3000,2025-09-09,1916,12345,893A3,2,5,4,3048,0,0,0,NA,0,067,AVENIDA DE LAS FLORES,RICHARD REESE WY,0,NA,Y,A,-,N,NA,NA,NA,NA,NA,NA,NA,NA,NA,Y,3,0,2,2,A,-,12,21453,A,N,D,C,A,A,H,-,C,A,0,NA,NA,NA,NA,Y,NA,A,07,0,1,1,0,0,0,0,0,0,-,-,NA,NA,ORANGE,RANCHO SANTA MARGARITA,-117.5996551513672,33.64120864868164
9820324,2025,2025-07-30,3000,2025-05-06,1211,10077,862D5,2,5,5,3050,0,0,0,NA,0,065,GLENN RANCH RD,ELLIPSE,55,E,N,B,-,N,NA,NA,NA,NA,NA,NA,NA,NA,NA,Y,4,0,3,3,A,-,03,22350,NA,N,C,C,A,A,H,-,A,A,0,NA,NA,NA,NA,Y,NA,A,01,0,0,3,0,0,0,0,0,0,-,-,NA,NA,ORANGE,LAKE FOREST,-117.64928436279295,33.672672271728516
9820581,2025,2025-10-02,3004,2025-09-12,1653,P462,10,5,5,6,3004,0,0,0,NA,0,012,VICTORIA ST,NATIONAL AV,0,NA,Y,A,-,N,NA,NA,NA,NA,NA,NA,NA,NA,NA,Y,3,0,2,2,D,-,00,NA,NA,N,D,C,A,A,H,-,A,A,0,NA,NA,NA,NA,Y,NA,-,-,0,2,0,0,0,0,0,0,0,-,-,33.65224838256836,-117.93704986572266,ORANGE,COSTA MESA,-117.93695068359376,33.65263748168945
9823306,2025,2025-09-15,3005,2025-08-22,1549,8390,C13,5,5,4,3005,0,0,0,NA,0,002,BLOOMFIELD AV,ORANGE AV,79,N,N,A,-,N,NA,NA,NA,NA,NA,NA,NA,NA,NA,N,3,0,1,1,B,-,22,NA,NA,N,E,I,A,A,H,-,A,D,0,NA,Y,NA,NA,Y,NA,M,91,0,1,0,0,0,0,1,0,0,-,-,NA,NA,ORANGE,CYPRESS,-118.06329345703124,33.82407760620117
9823769,2025,2025-10-16,3004,2025-09-25,1752,P707,RD09,4,5,6,3004,0,0,0,NA,0,012,VICTORIA ST,PARSONS ST,0,NA,Y,A,-,N,NA,NA,NA,NA,NA,NA,NA,NA,NA,Y,4,0,1,2,A,-,03,22350,NA,N,D,C,A,A,H,-,A,D,0,NA,NA,NA,NA,Y,NA,A,01,0,0,1,0,0,0,0,0,0,-,-,33.652000427246094,-117.91699981689452,ORANGE,COSTA MESA,-117.91757965087892,33.652584075927734
9825426,2025,2025-10-23,3000,2025-08-26,820,12177,972C2,2,5,4,3018,0,0,0,NA,0,730,CAMINO CAPISTRANO,DEL OBISPO ST,262,N,N,A,-,N,NA,NA,NA,NA,NA,NA,NA,NA,NA,N,3,0,1,2,A,-,10,21950,A,N,G,B,F,A,H,-,A,D,0,Y,NA,NA,NA,Y,NA,D,22,0,1,0,0,1,0,0,0,0,-,-,NA,NA,ORANGE,SAN JUAN CAPISTRANO,-117.66251373291016,33.49879837036133
9826320,2025,2025-07-11,3000,2025-05-21,1840,12177,NA,3,5,4,3018,0,0,0,NA,0,731,ORTEGA HWY,RANCHO VIEJO RD,326,W,N,A,-,Y,ORA,12,74,-,-,0.19,H,-,E,N,4,0,1,2,A,-,05,21460,A,N,D,C,A,A,H,-,A,D,0,NA,NA,NA,NA,Y,NA,A,07,0,0,1,0,0,0,0,0,0,-,-,NA,NA,ORANGE,SAN JUAN CAPISTRANO,-117.65604400634766,33.50315475463867
9827417,2025,2025-07-23,3000,2025-05-10,325,11457,797J3,6,5,4,3021,0,0,0,NA,0,023,BEACH BL,HYNES RD,0,NA,Y,A,-,Y,ORA,12,39,-,-,10.111,I,5,N,Y,2,0,2,2,A,-,01,23152,A,N,D,C,A,A,H,-,C,-,0,NA,NA,NA,NA,Y,Y,A,07,2,0,0,0,0,0,0,0,0,-,-,NA,NA,ORANGE,STANTON,-117.99290466308594,33.79475402832031
9827457,2024,2025-01-06,3009,2024-12-12,224,4860,152,4,5,6,3009,0,0,0,NA,0,022,HASTER ST,CHAPMAN AV,95,N,N,A,-,N,NA,NA,NA,NA,NA,NA,NA,NA,NA,N,3,0,1,1,A,-,08,22107,NA,N,A,I,A,A,H,-,C,D,0,NA,NA,NA,NA,Y,Y,A,07,0,1,0,0,0,0,0,0,0,-,-,NA,NA,ORANGE,GARDEN GROVE,-117.90621185302734,33.78908920288086
9829001,2025,2025-07-31,3000,2025-05-17,1319,12644,891G7,6,5,5,3050,0,0,0,NA,0,060,LANDISVIEW AV,ROCKFIELD BL,0,NA,Y,A,-,N,NA,NA,NA,NA,NA,NA,NA,NA,NA,Y,3,0,2,2,A,-,12,21453,A,N,D,C,A,A,H,-,A,A,0,NA,NA,NA,NA,Y,NA,A,01,0,1,1,0,0,0,0,0,0,-,-,NA,NA,ORANGE,LAKE FOREST,-117.70027923583984,33.614288330078125
9830096,2025,2025-08-01,3000,2025-06-14,821,9104,797J3,6,5,4,3021,0,0,0,NA,0,023,BEACH BL,KATELLA AV,25,N,N,B,-,Y,ORA,12,39,-,-,10.66,I,6,S,Y,4,0,1,2,A,-,08,22107,NA,N,B,C,A,A,H,-,A,A,0,NA,NA,NA,NA,Y,NA,A,07,0,0,1,0,0,0,0,0,0,-,-,NA,NA,ORANGE,STANTON,-117.99325561523438,33.80289077758789
9831325,2025,2025-08-01,3012,2025-06-15,1136,705,36,7,5,5,3012,0,0,0,NA,0,003,IMPERIAL HWY,WALNUT ST,114,W,N,A,-,Y,ORA,12,90,-,-,1.41,H,-,W,Y,4,0,3,2,A,-,05,21460,A,N,-,C,A,-,H,-,A,A,0,NA,NA,Y,NA,Y,NA,D,22,0,0,3,0,0,0,0,0,1,-,-,NA,NA,ORANGE,LA HABRA,-117.95230102539063,33.917388916015625
9866566,2025,2025-08-19,3000,2025-07-23,1018,12844,891,3,5,4,3045,0,0,0,NA,0,745,LAKE FOREST DR,AVENIDA DE LA CARLOTA,0,NA,Y,A,-,N,NA,NA,NA,NA,NA,NA,NA,NA,NA,Y,3,0,2,3,A,-,12,21453,A,N,D,C,A,A,H,-,A,A,0,NA,NA,NA,NA,Y,NA,A,07,0,1,1,0,0,0,0,0,0,-,-,NA,NA,ORANGE,LAGUNA HILLS,-117.72396850585938,33.628662109375
9866912,2025,2025-09-24,3000,2025-01-16,1820,1056,797H2,4,5,4,3021,0,0,0,NA,0,021,KATELLA AV,MERCANTILE AV,240,E,N,A,-,N,NA,NA,NA,NA,NA,NA,NA,NA,NA,N,1,1,0,2,A,-,11,21954,A,N,G,B,D,A,H,-,C,D,0,Y,NA,NA,NA,Y,NA,N,60,0,0,0,1,0,0,0,0,0,-,-,33.80274963378906,-117.99925231933594,ORANGE,STANTON,-117.99935913085938,33.80290985107422
9867064,2025,2025-12-11,3003,2025-04-25,2223,1160,NA,5,5,5,3003,0,0,0,NA,0,005,KNOTT AV,YOUNGER DR,35,S,N,B,-,N,NA,NA,NA,NA,NA,NA,NA,NA,NA,Y,1,1,0,2,A,-,11,21954,A,N,B,B,D,A,H,-,C,A,0,Y,NA,NA,NA,Y,Y,N,60,0,0,0,1,0,0,0,0,0,-,-,33.83489990234375,-118.01107025146484,ORANGE,BUENA PARK,-118.01107788085938,33.8349723815918
9867613,2025,2025-08-21,3003,2025-07-03,855,1340,NA,4,5,5,3003,0,0,0,NA,0,NA,ROSECRANS AV,RALPH B CLARKE,0,NA,-,A,-,N,NA,NA,NA,NA,NA,NA,NA,NA,NA,Y,2,0,2,3,A,-,03,22350,A,N,A,E,F,A,H,-,A,D,0,Y,NA,NA,NA,Y,NA,A,01,1,1,0,0,1,0,0,0,0,-,-,NA,NA,ORANGE,BUENA PARK,NA,NA
9867873,2025,2025-08-15,3004,2025-07-14,651,P462,27,1,5,6,3004,0,0,0,NA,0,004,HARBOR BL,MACARTHUR BL,0,NA,Y,A,-,N,NA,NA,NA,NA,NA,NA,NA,NA,NA,Y,3,0,1,3,A,-,12,21453,A,N,D,C,A,A,H,-,A,A,0,NA,NA,NA,NA,Y,NA,A,01,0,1,0,0,0,0,0,0,0,-,-,33.70201873779297,-117.91954803466795,ORANGE,COSTA MESA,-117.9196548461914,33.702022552490234
9868360,2025,2025-08-28,3004,2025-08-03,2124,P700,RD24,7,5,6,3004,0,0,0,NA,0,015,SOUTH COAST DR,FAIRVIEW RD,0,NA,Y,B,-,N,NA,NA,NA,NA,NA,NA,NA,NA,NA,Y,3,0,2,2,A,-,12,21453,A,N,D,C,A,A,H,-,C,A,0,NA,NA,NA,NA,Y,NA,A,01,0,2,0,0,0,0,0,0,0,-,-,33.691368103027344,-117.90780639648438,ORANGE,COSTA MESA,-117.90784454345705,33.69125747680664
9868491,2025,2025-08-04,3005,2025-07-16,1638,8272,C33,3,5,4,3005,0,0,0,NA,0,003,KATELLA AV,WALKER ST,676,W,N,A,-,N,NA,NA,NA,NA,NA,NA,NA,NA,NA,N,4,0,1,2,A,-,05,21650,1,N,D,G,A,A,H,-,A,D,0,NA,Y,NA,NA,Y,NA,L,04,0,0,1,0,0,0,1,0,0,-,-,NA,NA,ORANGE,CYPRESS,-118.03929138183594,33.80292892456055
9869035,2025,2025-08-14,3000,2025-06-23,1213,10077,891H5,1,5,5,3050,0,0,0,NA,0,061,MUIRLANDS BL,EL TORO RD,373,S,N,A,-,N,NA,NA,NA,NA,NA,NA,NA,NA,NA,Y,4,0,1,2,A,-,09,21804,A,N,A,C,A,A,H,-,A,D,0,NA,NA,NA,NA,Y,NA,-,-,0,0,1,0,0,0,0,0,0,-,-,NA,NA,ORANGE,LAKE FOREST,-117.69636535644533,33.62236022949219
9869659,2025,2025-08-27,3005,2025-08-12,2054,8133,C41,2,5,4,3005,0,0,0,NA,0,003,VALLEY VIEW ST,WARLAND DR,556,N,N,A,-,N,NA,NA,NA,NA,NA,NA,NA,NA,NA,Y,2,0,1,1,A,-,07,21658,A,N,E,I,A,A,H,-,C,D,0,NA,NA,NA,NA,Y,NA,A,01,1,0,0,0,0,0,0,0,0,-,-,NA,NA,ORANGE,CYPRESS,-118.0284423828125,33.79912567138672
9871532,2025,2025-08-05,3012,2025-05-20,1800,737,43,2,5,5,3012,0,0,0,NA,0,004,S COLFAX ST,LA HABRA BL,133,S,N,A,-,N,NA,NA,NA,NA,NA,NA,NA,NA,NA,N,4,0,1,2,A,-,09,21804,A,N,D,G,A,A,H,-,A,D,0,NA,Y,NA,NA,Y,NA,L,04,0,0,1,0,0,0,1,0,0,-,-,NA,NA,ORANGE,LA HABRA,-117.93064880371094,33.931514739990234
9873043,2025,2025-09-04,3000,2025-07-09,2108,9881,42,3,5,5,3040,0,0,0,NA,0,951F3,ALICIA PKWY,HIGHLANDS AV,0,NA,Y,A,-,N,NA,NA,NA,NA,NA,NA,NA,NA,NA,Y,2,0,1,2,D,-,00,NA,NA,N,G,B,B,A,H,-,C,A,0,Y,NA,NA,NA,Y,NA,-,-,1,0,0,0,1,0,0,0,0,-,-,NA,NA,ORANGE,LAGUNA NIGUEL,-117.7149658203125,33.54176712036133
9873363,2025,2025-09-10,3009,2025-08-15,1654,3976,106,5,5,6,3009,0,0,0,NA,0,013,WESTMINSTER AV,BOWEN ST,0,NA,Y,A,-,N,NA,NA,NA,NA,NA,NA,NA,NA,NA,Y,4,0,2,3,D,-,00,NA,NA,N,A,C,A,A,H,-,A,A,0,NA,NA,NA,NA,Y,NA,-,-,0,0,2,0,0,0,0,0,0,-,-,NA,NA,ORANGE,GARDEN GROVE,-117.94757843017578,33.75954055786133
9873847,2025,2025-10-02,3009,2025-08-14,1556,4654,55,4,5,6,3009,0,0,0,NA,0,1-1,BEACH BL,GARDEN GROVE BL,250,S,N,A,-,Y,ORA,12,39,-,-,8.61,H,-,S,Y,3,0,1,4,A,-,03,22350,NA,N,C,C,A,A,H,-,A,D,0,NA,NA,NA,NA,Y,NA,A,01,0,1,0,0,0,0,0,0,0,-,-,NA,NA,ORANGE,GARDEN GROVE,-117.99286651611328,33.77301025390625
9875494,2025,2025-10-27,3000,2025-09-22,1630,12177,972B5,1,5,4,3018,0,0,0,NA,0,730,CAMINO CAPISTRANO,STONEHILL DR,500,N,N,A,-,N,NA,NA,NA,NA,NA,NA,NA,NA,NA,Y,4,0,1,2,A,-,09,21804,A,N,D,C,A,A,H,-,A,D,0,NA,NA,NA,NA,Y,NA,A,01,0,0,1,0,0,0,0,0,0,-,-,NA,NA,ORANGE,SAN JUAN CAPISTRANO,-117.67501068115234,33.47484588623047
9876113,2025,2025-09-16,3000,2025-08-09,148,12942,922C7,6,5,5,3028,0,0,0,NA,0,050,CENTER DR,HILLCREST,800,E,N,A,-,N,NA,NA,NA,NA,NA,NA,NA,NA,NA,N,3,0,1,1,A,-,03,22350,NA,N,E,I,A,A,H,-,C,D,0,NA,NA,Y,NA,Y,NA,C,02,0,1,0,0,0,0,0,0,1,-,-,33.557498931884766,-117.65876770019533,ORANGE,MISSION VIEJO,-117.6586685180664,33.55740737915039
9876120,2025,2025-09-16,3000,2025-08-07,920,12971,971G7,4,5,4,3029,0,0,0,NA,0,734,COVE RD,SCENIC DR,290,E,N,A,-,N,NA,NA,NA,NA,NA,NA,NA,NA,NA,N,3,0,1,1,A,-,03,22350,NA,N,E,I,A,A,H,-,A,D,0,NA,Y,NA,NA,Y,NA,L,04,0,1,0,0,0,0,1,0,0,-,-,NA,NA,ORANGE,DANA POINT,-117.70801544189452,33.46160125732422
9876170,2025,2025-09-16,3000,2025-07-26,1450,5455,61,6,5,5,3050,0,0,0,NA,0,891J4,EL TORO RD,2ND ST,45,E,N,A,-,N,NA,NA,NA,NA,NA,NA,NA,NA,NA,N,2,0,1,2,A,-,10,21950,A,N,G,B,B,A,H,-,A,D,0,Y,NA,NA,NA,Y,NA,A,07,1,0,0,0,1,0,0,0,0,-,-,NA,NA,ORANGE,LAKE FOREST,-117.68882751464844,33.62985610961914
9876193,2025,2025-09-16,3004,2025-08-03,234,P626,RD13,7,5,6,3004,0,0,0,NA,0,004,HARBOR BL,BAKER ST,32,S,N,A,-,N,NA,NA,NA,NA,NA,NA,NA,NA,NA,Y,3,0,1,3,A,-,01,23152,A,N,A,C,A,A,H,-,C,A,0,NA,NA,NA,NA,Y,Y,A,07,0,1,0,0,0,0,0,0,0,-,-,33.67966079711914,-117.91896057128906,ORANGE,COSTA MESA,-117.91944122314452,33.67992401123047
9877195,2025,2025-09-26,3000,2025-06-25,822,09104,797J6,3,5,4,3021,0,0,0,NA,0,023,BEACH BL,ACACIA AV,700,W,N,A,-,Y,ORA,12,39,-,-,8.801,I,6,N,N,4,0,1,2,A,-,11,21456,A,N,D,G,A,A,H,-,A,A,0,NA,Y,NA,NA,Y,NA,L,04,0,0,1,0,0,0,1,0,0,-,-,NA,NA,ORANGE,STANTON,-117.9927215576172,33.77561950683594
9877243,2025,2025-10-01,3004,2025-09-12,1825,P746,RD25,5,5,6,3004,0,0,0,NA,0,004,HARBOR BL,SOUTH COAST DR,0,NA,Y,A,-,N,NA,NA,NA,NA,NA,NA,NA,NA,NA,Y,3,0,1,2,A,-,12,21453,A,N,D,D,A,A,H,-,A,A,0,NA,NA,NA,NA,Y,NA,A,01,0,1,0,0,0,0,0,0,0,-,-,33.691219329833984,-117.91890716552734,ORANGE,COSTA MESA,-117.91954040527344,33.69161605834961
9878398,2025,2025-10-10,3003,2025-09-01,1808,1124,NA,1,5,5,3003,0,0,0,NA,0,NA,RT 91,RT 39,6,E,N,A,-,Y,ORA,12,39,-,-,14.29,H,-,N,Y,4,0,3,4,A,-,03,22350,NA,N,C,C,A,A,H,-,A,A,0,NA,NA,NA,NA,Y,NA,D,22,0,0,3,0,0,0,0,0,0,EO,-,33.854698181152344,-117.99770355224608,ORANGE,BUENA PARK,-117.99791717529295,33.854774475097656
9882400,2025,2025-10-21,3000,2025-09-03,800,12177,972H1,3,5,4,3018,0,0,0,NA,0,730,STALLION RIDGE,AVENIDA LA PATA,712,W,N,A,-,N,NA,NA,NA,NA,NA,NA,NA,NA,NA,N,3,0,1,2,D,-,00,NA,NA,N,D,G,A,A,H,-,A,D,0,NA,Y,NA,NA,Y,NA,-,-,0,1,0,0,0,0,1,0,0,-,-,NA,NA,ORANGE,SAN JUAN CAPISTRANO,-117.62041473388672,33.499393463134766
9882469,2025,2025-10-28,3004,2025-09-29,141,P736,RD18,1,5,6,3004,0,0,0,NA,0,010,BAKER ST,ROYAL PALM DR,18,E,N,A,-,N,NA,NA,NA,NA,NA,NA,NA,NA,NA,N,3,0,1,1,A,-,03,22350,NA,N,E,I,A,A,H,-,C,A,0,NA,Y,NA,NA,Y,Y,L,04,0,1,0,0,0,0,1,0,0,-,-,33.68059158325195,-117.92179107666016,ORANGE,COSTA MESA,-117.92174530029295,33.68052673339844
9883312,2025,2025-10-28,3003,2025-09-20,840,1213,NA,6,5,5,3003,0,0,0,NA,0,NA,KNOTT AV,PARLIAMENT AV,22,S,N,A,-,N,NA,NA,NA,NA,NA,NA,NA,NA,NA,Y,4,0,1,3,A,-,03,22350,NA,N,A,C,A,A,H,-,A,D,0,NA,NA,NA,NA,Y,NA,A,01,0,0,1,0,0,0,0,0,0,-,-,33.83367919921875,-118.01097106933594,ORANGE,BUENA PARK,NA,NA
9884182,2025,2025-12-08,3009,2025-10-01,1804,3625,114,3,5,6,3009,0,0,0,NA,0,2-1,GARDEN GROVE BL,MAIN ST,0,NA,Y,A,-,N,NA,NA,NA,NA,NA,NA,NA,NA,NA,Y,3,0,2,2,A,-,12,21453,A,N,D,C,A,A,H,-,B,A,0,NA,NA,NA,NA,Y,NA,A,01,0,1,1,0,0,0,0,0,0,-,-,NA,NA,ORANGE,GARDEN GROVE,-117.94099426269533,33.7740478515625
9885360,2025,2025-11-12,3009,2025-10-29,754,4352,103,3,5,6,3009,0,0,0,NA,0,1-2,LAMPSON AV,KENSINGTON LN,0,NA,Y,A,-,N,NA,NA,NA,NA,NA,NA,NA,NA,NA,Y,4,0,2,3,A,-,09,21804,A,N,D,C,A,A,H,-,A,A,0,NA,NA,NA,NA,Y,NA,D,22,0,0,2,0,0,0,0,0,0,-,-,NA,NA,ORANGE,GARDEN GROVE,-117.9515380859375,33.781375885009766
9886742,2025,2025-12-03,3000,2025-10-22,1822,12795,891C6,3,5,4,3045,0,0,0,NA,0,747,PESARO,SAN REMO DR,12,S,N,A,-,N,NA,NA,NA,NA,NA,NA,NA,NA,NA,N,3,0,1,2,A,-,01,23152,A,F,G,B,B,A,H,-,B,D,0,Y,NA,NA,NA,Y,Y,A,01,0,1,0,0,1,0,0,0,0,-,-,NA,NA,ORANGE,LAGUNA HILLS,-117.73867797851563,33.61896896362305