CASE_ID,ACCIDENT_YEAR,PROC_DATE,JURIS,COLLISION_DATE,COLLISION_TIME,OFFICER_ID,REPORTING_DISTRICT,DAY_OF_WEEK,CHP_SHIFT,POPULATION,CNTY_CITY_LOC,SPECIAL_COND,BEAT_TYPE,CHP_BEAT_TYPE,CITY_DIVISION_LAPD,CHP_BEAT_CLASS,BEAT_NUMBER,PRIMARY_RD,SECONDARY_RD,DISTANCE,DIRECTION,INTERSECTION,WEATHER_1,WEATHER_2,STATE_HWY_IND,CALTRANS_COUNTY,CALTRANS_DISTRICT,STATE_ROUTE,ROUTE_SUFFIX,POSTMILE_PREFIX,POSTMILE,LOCATION_TYPE,RAMP_INTERSECTION,SIDE_OF_HWY,TOW_AWAY,COLLISION_SEVERITY,NUMBER_KILLED,NUMBER_INJURED,PARTY_COUNT,PRIMARY_COLL_FACTOR,PCF_CODE_OF_VIOL,PCF_VIOL_CATEGORY,PCF_VIOLATION,PCF_VIOL_SUBSECTION,HIT_AND_RUN,TYPE_OF_COLLISION,MVIW,PED_ACTION,ROAD_SURFACE,ROAD_COND_1,ROAD_COND_2,LIGHTING,CONTROL_DEVICE,CHP_ROAD_TYPE,PEDESTRIAN_ACCIDENT,BICYCLE_ACCIDENT,MOTORCYCLE_ACCIDENT,TRUCK_ACCIDENT,NOT_PRIVATE_PROPERTY,ALCOHOL_INVOLVED,STWD_VEHTYPE_AT_FAULT,CHP_VEHTYPE_AT_FAULT,COUNT_SEVERE_INJ,COUNT_VISIBLE_INJ,COUNT_COMPLAINT_PAIN,COUNT_PED_KILLED,COUNT_PED_INJURED,COUNT_BICYCLIST_KILLED,COUNT_BICYCLIST_INJURED,COUNT_MC_KILLED,COUNT_MC_INJURED,PRIMARY_RAMP,SECONDARY_RAMP,LATITUDE,LONGITUDE,COUNTY,CITY,POINT_X,POINT_Y
6667476,2014,2014-11-04,3009,2014-09-29,1433,4021,132,1,5,6,3009,0,0,0,NA,0,NA,ORANGEWOOD AV,GAIL LN,0,NA,Y,A,-,N,NA,NA,NA,NA,NA,NA,NA,NA,NA,N,3,0,1,2,A,-,08,22107,NA,N,D,G,A,A,H,-,A,D,0,NA,Y,NA,NA,Y,NA,-,NA,0,1,0,0,0,0,1,0,0,-,-,NA,NA,ORANGE,GARDEN GROVE,-117.93157012,33.79596011
6668016,2014,2014-12-30,3008,2014-10-06,1415,1320,NA,1,5,6,3008,0,0,0,NA,0,001,ORANGETHORPE,BROOKHURST,0,NA,Y,A,-,N,NA,NA,NA,NA,NA,NA,NA,NA,NA,Y,4,0,1,2,A,-,12,21453,A,N,B,C,A,A,H,-,A,A,0,NA,NA,NA,Y,Y,NA,F,25,0,0,1,0,0,0,0,0,0,-,-,NA,NA,ORANGE,FULLERTON,-117.95931005,33.85920005
6669865,2014,2014-12-19,3014,2014-10-12,1725,1395,RD51,7,5,5,3014,0,0,0,NA,0,0A4,SAN JOAQUIN HILLS RD,SAN MIGUEL DR,0,NA,Y,A,-,N,NA,NA,NA,NA,NA,NA,NA,NA,NA,Y,4,0,1,4,A,-,12,21453,A,N,D,C,A,A,H,-,A,A,0,NA,NA,NA,NA,Y,NA,A,07,0,0,1,0,0,0,0,0,0,-,-,33.6118,-117.8653,ORANGE,NEWPORT BEACH,-117.86544005,33.61198004
6670353,2014,2014-12-17,3001,2014-10-05,1232,1007,NA,7,5,7,3001,0,0,0,NA,0,0D2,LA PALMA AV,ONONDAGA AV,201,W,N,A,-,N,NA,NA,NA,NA,NA,NA,NA,NA,NA,NA,3,0,1,2,A,-,21,22106,NA,N,D,G,A,A,H,-,A,D,0,NA,Y,NA,NA,Y,NA,A,01,0,1,0,0,0,0,1,0,0,-,-,NA,NA,ORANGE,ANAHEIM,-117.94715044,33.84705927
6670678,2014,2014-10-27,3008,2014-09-27,1203,1468,Z1,6,5,6,3008,0,0,0,NA,0,NA,ORANGETHORPE AV,EUCLID ST,9,W,N,A,-,N,NA,NA,NA,NA,NA,NA,NA,NA,NA,N,2,0,1,2,A,-,10,21950,A,N,G,B,B,A,H,-,A,A,0,Y,NA,NA,NA,Y,NA,A,01,1,0,0,0,1,0,0,0,0,-,-,NA,NA,ORANGE,FULLERTON,-117.94185957,33.85934959
6672409,2014,2014-12-18,3001,2014-10-13,1931,1740,NA,1,5,7,3001,0,0,0,NA,0,0D2,EAST ST,LINCOLN AV,0,NA,Y,A,-,N,NA,NA,NA,NA,NA,NA,NA,NA,NA,N,4,0,1,2,A,-,09,21801,A,M,D,C,A,A,H,-,C,A,0,NA,NA,NA,NA,Y,NA,A,01,0,0,1,0,0,0,0,0,0,-,-,NA,NA,ORANGE,ANAHEIM,-117.90270008,33.83809003
6672412,2014,2014-12-18,3001,2014-10-15,1041,1469,NA,3,5,7,3001,0,0,0,NA,0,0D2,LINCOLN AV,EAST ST,670,E,N,A,-,N,NA,NA,NA,NA,NA,NA,NA,NA,NA,Y,4,0,3,2,A,-,03,22350,NA,N,C,C,A,A,H,-,A,D,0,NA,NA,NA,NA,Y,NA,A,01,0,0,3,0,0,0,0,0,0,-,-,NA,NA,ORANGE,ANAHEIM,-117.90057511,33.83856917
6674243,2014,2016-06-20,9690,2014-10-04,1420,016610,NA,6,2,4,3029,0,1,1,NA,2,058,RT 5,CAMINO DE ESTRELLA,2000,N,N,A,-,Y,ORA,12,5,-,-,6.18,H,-,S,N,4,0,1,3,A,-,03,22350,NA,N,C,C,A,A,H,-,A,D,1,NA,NA,NA,NA,Y,NA,D,22,0,0,1,0,0,0,0,0,0,-,-,33.4607,-117.6606,ORANGE,DANA POINT,-117.66168329,33.46158779
6674321,2014,2016-06-23,9675,2014-10-10,0516,16748,NA,5,3,6,3015,0,1,3,NA,2,222,RT 22,BEDFORD RD,775,W,N,B,-,Y,ORA,12,22,-,R,10.72,H,-,W,Y,3,0,1,1,A,-,08,22107,NA,N,E,I,A,A,H,-,C,D,6,NA,NA,NA,NA,Y,NA,A,01,0,1,0,0,0,0,0,0,0,-,-,33.77851,-117.87217,ORANGE,ORANGE,-117.87233315,33.77849647
6674345,2014,2016-06-15,9675,2014-10-11,2101,19407,NA,6,2,6,3008,0,1,3,NA,2,570,RT 57,NUTWOOD AV,350,N,N,A,-,Y,ORA,12,57,-,-,17.608,H,-,N,Y,4,0,2,1,A,-,08,22107,NA,N,E,I,A,A,H,-,C,D,6,NA,NA,NA,NA,Y,NA,A,01,0,0,2,0,0,0,0,0,0,-,-,33.88322,-117.88031,ORANGE,FULLERTON,-117.88023491,33.87836692
6674388,2014,2016-06-23,9675,2014-10-12,2350,020668,NA,7,3,6,3015,0,1,3,NA,2,222,RT 22,BRISTOL ST,200,W,N,A,-,Y,ORA,12,22,-,R,9.98,H,-,E,Y,4,0,1,2,A,-,03,22350,NA,N,C,C,A,A,H,-,C,D,6,NA,NA,NA,NA,Y,NA,A,01,0,0,1,0,0,0,0,0,0,-,-,33.46439,-117.526,ORANGE,ORANGE,-117.8849509,33.77894833
6674693,2014,2016-05-21,9690,2014-09-29,0725,15335,NA,1,1,9,3000,0,1,3,NA,1,074,RT 74,MILEPOST MARKER 7.00,1450,E,N,A,-,Y,ORA,12,74,-,-,7.27,H,-,N,Y,4,0,1,1,A,-,08,22107,NA,N,E,I,A,A,H,-,A,D,0,NA,NA,NA,NA,Y,NA,A,01,0,0,1,0,0,0,0,0,0,-,-,33.53021,-117.55196,ORANGE,UNINCORPORATED,-117.55196,33.53021
6674734,2014,2016-06-15,9670,2014-10-02,1048,18887,NA,4,1,7,3001,0,1,1,NA,2,501,RT 5,MAGNOLIA AV,700,S,N,A,-,Y,ORA,12,5,-,-,41.8,H,-,S,Y,4,0,1,1,A,-,08,22107,NA,N,E,I,A,A,H,-,A,D,6,NA,NA,NA,NA,Y,NA,D,22,0,0,1,0,0,0,0,0,0,-,-,33.845,-117.959,ORANGE,ANAHEIM,-117.97461417,33.85359018
6674894,2014,2016-06-23,9670,2014-10-09,1453,15587,NA,4,2,6,3009,0,1,3,NA,2,023,RT 22,GARDEN GROVE BL,200,W,N,A,-,Y,ORA,12,22,-,R,8.78,H,-,W,Y,4,0,1,3,A,-,03,22350,NA,N,C,C,A,A,H,-,A,D,1,NA,NA,NA,NA,Y,NA,A,01,0,0,1,0,0,0,0,0,0,-,-,33.77367,-117.90633,ORANGE,GARDEN GROVE,-117.90611326,33.77389643
6675338,2014,2014-11-17,3019,2014-10-09,0914,1795,NE,4,5,7,3019,0,0,0,NA,0,002,TUSTIN AV,SANTA CLARA AV,0,NA,Y,A,-,N,NA,NA,NA,NA,NA,NA,NA,NA,NA,Y,4,0,2,2,A,-,12,21453,A,N,D,C,A,A,H,-,A,A,0,NA,NA,NA,NA,Y,NA,A,01,0,0,2,0,0,0,0,0,0,-,-,NA,NA,ORANGE,SANTA ANA,-117.83576005,33.76715003
6675543,2014,2014-12-18,3010,2014-10-11,1730,2116,476,6,5,6,3010,0,0,0,NA,0,002,BROOKHURST,BUSHARD,0,NA,Y,A,-,N,NA,NA,NA,NA,NA,NA,NA,NA,NA,N,3,0,1,2,A,-,05,21650,1,N,A,G,A,A,H,-,A,A,0,NA,Y,NA,NA,Y,NA,L,04,0,1,0,0,0,0,1,0,0,-,-,NA,NA,ORANGE,HUNTINGTON BEACH,-117.96166002,33.63800011
6676791,2014,2016-03-01,3007,2014-10-01,0729,950,37,3,5,5,3007,0,0,0,NA,0,002,EUCLID ST,TILTON CIR,188,N,N,A,-,N,NA,NA,NA,NA,NA,NA,NA,NA,NA,Y,4,0,1,2,A,-,03,22350,NA,N,C,C,A,A,H,-,A,A,0,NA,NA,NA,NA,Y,NA,A,01,0,0,1,0,0,0,0,0,0,-,-,NA,NA,ORANGE,FOUNTAIN VALLEY,-117.93723,33.71841543
6677848,2014,2014-12-15,3010,2014-10-05,0915,1096,473,7,5,6,3010,0,0,0,NA,0,002,RT 1,NEWLAND,3,E,N,A,-,Y,NA,NA,NA,NA,NA,NA,NA,NA,NA,N,3,0,1,2,A,-,11,21456,B,N,G,B,B,A,H,-,A,A,0,Y,NA,NA,NA,Y,NA,N,60,0,1,0,0,1,0,0,0,0,-,-,NA,NA,ORANGE,HUNTINGTON BEACH,NA,NA
6677875,2014,2014-12-15,3010,2014-10-06,0731,1096,261,1,5,6,3010,0,0,0,NA,0,007,HEIL,GOTHARD,0,NA,Y,A,-,N,NA,NA,NA,NA,NA,NA,NA,NA,NA,Y,4,0,2,2,A,-,12,21453,A,N,A,C,A,A,H,-,A,A,0,NA,NA,NA,NA,Y,NA,A,01,0,0,2,0,0,0,0,0,0,-,-,NA,NA,ORANGE,HUNTINGTON BEACH,-118.00014002,33.72285007
6677898,2014,2014-11-12,3000,2014-09-17,1738,5301,892J5,3,5,4,3048,0,0,0,NA,0,1738,ARROYO VISTA RD,VALEROSO,200,S,N,A,-,N,NA,NA,NA,NA,NA,NA,NA,NA,NA,N,4,0,1,1,A,-,08,22107,NA,N,F,A,A,A,H,-,A,D,0,NA,NA,Y,NA,Y,NA,C,02,0,0,1,0,0,0,0,0,1,-,-,NA,NA,ORANGE,RANCHO SANTA MARGARITA,-117.608589,33.62703
6678011,2015,2016-02-02,3011,2015-08-07,0105,31241,71,5,5,4,3011,0,0,0,NA,0,001,RT 133,RAQUEL RD,1080,N,N,A,-,Y,ORA,12,133,-,-,2.7,H,-,N,Y,1,1,0,2,A,-,11,21954,A,N,G,B,D,A,H,-,D,D,0,Y,NA,NA,NA,Y,NA,N,60,0,0,0,1,0,0,0,0,0,-,-,NA,NA,ORANGE,LAGUNA BEACH,-117.76315865,33.57260529
6679411,2014,2014-12-29,3001,2014-10-17,1415,406,NA,5,5,7,3001,0,0,0,NA,0,0D2,ACACIA ST,CANFIELD ST,0,NA,Y,A,-,N,NA,NA,NA,NA,NA,NA,NA,NA,NA,Y,3,0,1,3,A,-,09,21801,A,N,D,C,A,A,H,-,A,D,0,NA,NA,NA,NA,Y,NA,A,01,0,1,0,0,0,0,0,0,0,-,-,NA,NA,ORANGE,ANAHEIM,-117.89801005,33.85470002
6682428,2014,2016-06-18,3012,2014-10-22,1329,568,14,3,5,5,3012,0,0,0,NA,0,001,WHITTIER BL,IDAHO ST,347,NA,N,A,-,Y,ORA,12,39,-,-,21.15,H,-,S,N,4,0,1,1,B,-,22,NA,NA,N,H,G,A,A,H,-,A,D,0,NA,Y,NA,NA,Y,NA,L,04,0,0,1,0,0,0,1,0,0,-,-,NA,NA,ORANGE,LA HABRA,-117.96025137,33.93924355
6682942,2014,2014-12-26,3000,2014-10-22,0935,6717,862 C,3,5,5,3050,0,0,0,NA,0,18762,LAKE FOREST DR,PORTOLA PKWY,0,NA,Y,A,-,N,NA,NA,NA,NA,NA,NA,NA,NA,NA,Y,3,0,2,2,A,-,12,21453,A,N,D,C,A,A,H,-,A,A,0,NA,NA,NA,NA,Y,NA,A,08,0,1,1,0,0,0,0,0,0,-,-,NA,NA,ORANGE,LAKE FOREST,-117.65774003,33.67534012
6686329,2014,2016-06-18,9675,2014-10-26,2115,020668,NA,7,2,7,3019,0,1,1,NA,2,502,RT 5,17TH ST,30,S,N,A,-,Y,ORA,12,5,-,-,32.44,H,-,N,Y,4,0,2,2,A,-,08,22107,NA,F,D,C,A,A,H,-,C,D,1,NA,NA,NA,NA,Y,NA,A,01,0,0,2,0,0,0,0,0,0,-,-,33.4536,-117.51436,ORANGE,SANTA ANA,-117.8615656,33.75968314
6686484,2014,2014-11-20,3019,2014-10-21,1736,2933,SC,2,5,7,3019,0,0,0,NA,0,004,BEAR ST,MACARTHUR BL,150,S,N,A,-,N,NA,NA,NA,NA,NA,NA,NA,NA,NA,Y,4,0,2,2,A,-,03,22350,NA,N,C,C,A,A,H,-,A,A,0,NA,NA,NA,NA,Y,NA,A,01,0,0,2,0,0,0,0,0,0,-,-,NA,NA,ORANGE,SANTA ANA,-117.89228028,33.6996989
6686898,2014,2016-06-15,9670,2014-10-20,1100,16207,NA,1,1,7,3001,0,1,3,NA,2,093,RT 91,BROOKHURST ST,2640,E,N,A,-,Y,ORA,12,91,-,-,1.76,H,-,W,N,4,0,1,3,A,-,07,21658,A,F,B,C,A,A,D,-,A,D,1,NA,NA,NA,Y,Y,NA,G,27,0,0,1,0,0,0,0,0,0,-,-,33.85415,-117.95198,ORANGE,ANAHEIM,-117.95029358,33.85415418
6689247,2014,2015-01-08,3004,2014-11-01,1212,P440,05,6,5,6,3004,0,0,0,NA,0,006,EAST 17TH ST,WESTMINSTER AV,0,NA,Y,B,-,N,NA,NA,NA,NA,NA,NA,NA,NA,NA,N,4,0,1,2,A,-,09,21804,A,N,A,C,A,A,H,-,A,A,0,NA,NA,NA,NA,Y,NA,D,22,0,0,1,0,0,0,0,0,0,-,-,33.63425,-117.91704,ORANGE,COSTA MESA,-117.91704011,33.63424012
6694312,2014,2015-01-05,3004,2014-10-15,1715,P542,09,3,5,6,3004,0,0,0,NA,0,007,WEST 19TH ST,ANAHEIM AV,166,W,N,A,-,N,NA,NA,NA,NA,NA,NA,NA,NA,NA,Y,3,0,4,2,A,-,09,21804,A,N,D,C,A,A,H,-,A,D,0,NA,NA,NA,NA,Y,NA,A,01,0,1,3,0,0,0,0,0,0,-,-,33.6435,-117.6238,ORANGE,COSTA MESA,-117.92389397,33.64344
6694839,2014,2015-01-06,9675,2014-10-27,0815,13250,NA,1,1,6,3026,0,1,1,NA,2,504,RT 5,JEFFREY RD,5,S,N,A,-,Y,NA,NA,5,NA,NA,NA,NA,NA,NA,N,4,0,1,2,A,-,03,22350,NA,F,C,C,A,A,H,-,A,D,0,NA,NA,NA,NA,Y,NA,A,07,0,0,1,0,0,0,0,0,0,-,-,33.68502,-117.76475,ORANGE,IRVINE,-117.76488176,33.68493301
6695079,2014,2015-01-08,3001,2014-11-06,0531,A0989,NA,4,5,7,3001,0,0,0,NA,0,0D1,SOUTH BROOKHURST ST,WEST ORANGE AV,0,NA,Y,A,-,N,NA,NA,NA,NA,NA,NA,NA,NA,NA,Y,3,0,1,2,A,-,09,21801,A,N,D,C,A,A,H,-,B,A,0,NA,NA,NA,NA,Y,NA,A,01,0,1,0,0,0,0,0,0,0,-,-,NA,NA,ORANGE,ANAHEIM,-117.95894011,33.82503006
6695685,2014,2015-01-07,3008,2014-10-21,1831,1436,III,2,5,6,3008,0,0,0,NA,0,NA,ORANGETHORPE AV,RAYMOND AV,150,E,N,A,-,N,NA,NA,NA,NA,NA,NA,NA,NA,NA,Y,4,0,1,2,A,-,09,21801,A,N,D,C,A,A,H,-,C,A,0,NA,NA,NA,NA,Y,NA,A,07,0,0,1,0,0,0,0,0,0,-,-,NA,NA,ORANGE,FULLERTON,-117.90627714,33.8595736
6695687,2014,2015-01-07,3008,2014-10-23,1339,1296,NA,4,5,6,3008,0,0,0,NA,0,0Z2,LAWRENCE AV,WILSHIRE AV,15,S,N,A,-,N,NA,NA,NA,NA,NA,NA,NA,NA,NA,N,3,0,1,2,A,-,10,21950,A,N,G,B,B,A,H,-,A,A,0,Y,NA,NA,NA,Y,NA,A,01,0,1,0,0,1,0,0,0,0,-,-,NA,NA,ORANGE,FULLERTON,-117.91772042,33.87235888
6696740,2014,2016-06-18,9675,2014-10-24,1450,20746,NA,5,2,7,3019,0,1,1,NA,2,520,RT 5,1ST ST,50,N,N,A,-,Y,ORA,12,5,-,-,30.91,H,-,N,N,4,0,1,2,A,-,03,22350,NA,N,C,C,A,A,H,-,A,D,1,NA,NA,NA,NA,Y,NA,A,01,0,0,1,0,0,0,0,0,0,-,-,33.77584,-117.87309,ORANGE,SANTA ANA,-117.8422307,33.74570053
6696748,2014,2016-06-18,9675,2014-10-20,1340,20780,NA,1,1,5,3022,0,1,1,NA,2,503,RT 5,TUSTIN RANCH RD,1584,N,N,A,-,Y,ORA,12,5,-,R,28.55,H,-,N,Y,4,0,1,1,A,-,08,22107,NA,N,E,I,A,A,H,-,A,D,1,NA,NA,NA,NA,Y,NA,A,01,0,0,1,0,0,0,0,0,0,-,-,33.7285,-117.8078,ORANGE,TUSTIN,-117.80784869,33.72847371
6698765,2014,2014-11-18,3007,2014-10-18,1152,293,46,6,5,5,3007,0,0,0,NA,0,002,SLATER AV,WARD,0,NA,Y,A,-,N,NA,NA,NA,NA,NA,NA,NA,NA,NA,Y,4,0,1,2,A,-,09,21806,A,N,D,C,A,A,H,-,A,A,0,NA,NA,NA,NA,Y,NA,A,01,0,0,1,0,0,0,0,0,0,-,-,NA,NA,ORANGE,FOUNTAIN VALLEY,-117.94570002,33.70904011
6700857,2014,2014-12-02,3026,2014-10-17,0813,337,PRTLA,5,5,6,3026,0,0,0,NA,0,00P,IRVINE BL,GROVELAND,1240,W,N,A,-,N,NA,NA,NA,NA,NA,NA,NA,NA,NA,Y,4,0,1,1,A,-,08,22107,NA,N,E,I,A,A,H,-,A,D,0,NA,NA,NA,NA,Y,NA,A,01,0,0,1,0,0,0,0,0,0,-,-,NA,NA,ORANGE,IRVINE,-117.74751288,33.70492716
6700950,2014,2014-12-04,3003,2014-10-26,1935,1164,53,7,5,5,3003,0,0,0,NA,0,004,VALLEY VIEW AV,ORANGETHORPE,0,NA,Y,A,-,N,NA,NA,NA,NA,NA,NA,NA,NA,NA,Y,3,0,2,3,A,-,12,21453,A,N,D,C,A,A,H,-,C,D,0,NA,NA,NA,NA,Y,NA,-,NA,0,1,1,0,0,0,0,0,0,-,-,NA,NA,ORANGE,BUENA PARK,-118.02876003,33.85888001
6701962,2014,2014-12-09,3007,2014-10-29,0610,270,28,3,5,5,3007,0,0,0,NA,0,270M,NEWHOPE ST,HEIL AV,0,NA,Y,A,-,N,NA,NA,NA,NA,NA,NA,NA,NA,NA,Y,4,0,1,2,A,-,09,21801,A,N,D,C,A,A,H,-,B,A,0,NA,NA,NA,NA,Y,NA,A,01,0,0,1,0,0,0,0,0,0,-,-,NA,NA,ORANGE,FOUNTAIN VALLEY,-117.92855012,33.72371002
6702219,2014,2016-06-18,3026,2014-10-10,2231,531,4,5,5,6,3026,0,0,0,NA,0,00C,CULVER,SCOTTSDALE,168,N,N,A,-,Y,ORA,12,5,-,R,26.351,R,4,S,Y,4,0,1,3,A,-,04,21703,NA,N,C,C,A,A,H,-,C,A,0,NA,NA,NA,NA,Y,NA,A,01,0,0,1,0,0,0,0,0,0,-,-,NA,NA,ORANGE,IRVINE,-117.7798986,33.70709425
6702331,2014,2014-12-08,3019,2014-10-13,1445,2936,SE,1,5,7,3019,0,0,0,NA,0,003,EDINGER,ORANGE,0,NA,Y,A,-,N,NA,NA,NA,NA,NA,NA,NA,NA,NA,N,3,0,2,3,A,-,09,21801,A,N,D,C,A,A,H,-,A,A,0,NA,NA,NA,NA,Y,NA,A,07,0,2,0,0,0,0,0,0,0,-,-,NA,NA,ORANGE,SANTA ANA,-117.86526013,33.72725011
6702615,2014,2016-06-18,9670,2014-10-30,1917,18867,NA,4,2,5,3007,0,1,1,NA,2,041,RT 405,MAGNOLIA ST,400,N,N,A,-,Y,ORA,12,405,-,-,15.29,H,-,S,Y,3,0,1,2,A,-,07,21658,A,N,B,C,A,A,H,-,C,D,1,NA,NA,NA,NA,Y,NA,A,01,0,1,0,0,0,0,0,0,0,-,-,33.72236,-117.97478,ORANGE,FOUNTAIN VALLEY,-117.97301264,33.72074438
6703593,2014,2015-01-08,3012,2014-11-06,1459,288,14,4,5,5,3012,0,0,0,NA,0,001,IDAHO ST,LA HABRA BL,17,N,N,A,-,N,NA,NA,NA,NA,NA,NA,NA,NA,NA,Y,4,0,1,2,A,-,04,21703,NA,N,C,C,A,A,H,-,A,A,0,NA,NA,NA,NA,Y,NA,A,01,0,0,1,0,0,0,0,0,0,-,-,NA,NA,ORANGE,LA HABRA,-117.9592,33.93189661
6704004,2014,2015-01-08,3000,2014-11-10,1225,2742,973B6,1,5,5,3017,0,0,0,NA,0,776,AVENIDA VISTA HERMOSA,AVENIDA TALEGA,0,NA,Y,A,-,N,NA,NA,NA,NA,NA,NA,NA,NA,NA,Y,3,0,1,3,A,-,12,21453,A,N,D,C,A,A,H,-,A,A,0,NA,NA,NA,NA,Y,NA,A,07,0,1,0,0,0,0,0,0,0,-,-,NA,NA,ORANGE,SAN CLEMENTE,-117.59763005,33.46431006
6704044,2014,2015-01-08,3004,2014-11-02,1947,P614,12,7,5,6,3004,0,0,0,NA,0,002,NEWPORT BL,SANTA ISABEL AV,50,S,N,A,-,N,NA,NA,55,NA,NA,NA,NA,NA,NA,Y,4,0,2,2,A,-,01,23152,A,M,C,C,A,A,H,-,C,D,0,NA,NA,NA,NA,Y,Y,A,07,0,0,2,0,0,0,0,0,0,-,-,33.65712,-117.90275,ORANGE,COSTA MESA,-117.90317909,33.65754765
6704590,2014,2014-12-11,3022,2014-10-11,2302,1270,NA,6,5,5,3022,0,0,0,NA,0,NA,NEWPORT AV,MCFADDEN AV,0,NA,Y,A,-,N,NA,NA,NA,NA,NA,NA,NA,NA,NA,Y,3,0,1,1,A,-,08,22107,NA,N,E,I,A,A,H,-,C,D,0,NA,NA,NA,NA,Y,NA,D,22,0,1,0,0,0,0,0,0,0,-,-,33.7302,-117.8289,ORANGE,TUSTIN,-117.8264701,33.73379009
6705131,2014,2015-01-08,3001,2014-11-07,0734,A1469,NA,5,5,7,3001,0,0,0,NA,0,0D3,DALLAS ST,CERRITOS AV,0,NA,Y,A,-,N,NA,NA,NA,NA,NA,NA,NA,NA,NA,N,3,0,1,2,A,-,09,21804,A,N,D,G,A,A,H,-,A,A,0,NA,Y,NA,NA,Y,NA,L,04,0,1,0,0,0,0,1,0,0,-,-,NA,NA,ORANGE,ANAHEIM,-117.95410006,33.81053008
6705134,2014,2015-06-23,3001,2014-11-04,1614,1373,NA,2,5,7,3001,0,0,0,NA,0,0D2,LINCOLN AV,HARBOR BL,39,W,N,A,-,N,NA,NA,NA,NA,NA,NA,NA,NA,NA,Y,4,0,2,2,A,-,03,22350,NA,N,C,C,A,A,H,-,A,A,0,NA,NA,NA,NA,Y,NA,A,01,0,0,2,0,0,0,0,0,0,-,-,NA,NA,ORANGE,ANAHEIM,-117.91974448,33.8341547
6705847,2014,2015-01-12,3024,2014-11-04,1548,151,P33,2,5,5,3024,0,0,0,NA,0,EAST,BOLSA AV,PURDY ST,0,NA,Y,A,-,N,NA,NA,NA,NA,NA,NA,NA,NA,NA,N,3,0,1,2,A,-,12,22450,A,F,D,G,A,A,H,-,A,A,0,NA,Y,NA,NA,Y,NA,L,04,0,1,0,0,0,0,1,0,0,-,-,NA,NA,ORANGE,WESTMINSTER,-117.97804011,33.74497008
6705864,2014,2015-01-12,3008,2014-11-06,1641,1177,23,4,5,6,3008,0,0,0,NA,0,NA,ORANGETHORPE AV,ACACIA AV,1016,E,N,A,-,N,NA,NA,NA,NA,NA,NA,NA,NA,NA,Y,3,0,1,2,A,-,09,21804,A,N,D,C,A,A,H,-,A,D,0,NA,NA,NA,NA,Y,NA,A,01,0,1,0,0,0,0,0,0,0,-,-,NA,NA,ORANGE,FULLERTON,-117.89473131,33.85964002
6707114,2014,2016-06-18,9675,2014-11-01,0445,20627,NA,6,3,7,3019,0,1,3,NA,2,552,RT 55,MCFADDEN AV,1000,S,N,B,-,Y,ORA,12,55,-,R,9.77,H,-,S,Y,4,0,1,2,A,-,08,22107,NA,N,C,C,A,B,H,-,C,D,6,NA,NA,NA,NA,Y,NA,A,08,0,0,1,0,0,0,0,0,0,-,-,33.43479,-117.50306,ORANGE,SANTA ANA,-117.83380819,33.73106174
6707561,2014,2016-06-15,9675,2014-11-07,1214,16748,NA,5,1,6,3008,0,1,3,NA,2,571,RT 57,YORBA LINDA BL,1000,S,N,A,-,Y,ORA,12,57,-,-,18.15,H,-,S,Y,4,0,1,2,A,-,03,22350,NA,N,C,C,A,A,H,-,A,D,6,NA,NA,NA,NA,Y,NA,A,01,0,0,1,0,0,0,0,0,0,-,-,33.88313,-117.88077,ORANGE,FULLERTON,-117.8806855,33.88624916
6708459,2014,2016-06-18,3003,2014-11-06,0524,652,NA,4,5,5,3003,0,0,0,NA,0,NA,BEACH BL,RT 5,0,NA,Y,A,-,Y,ORA,12,39,-,-,15.056,I,5,N,Y,4,0,2,2,D,-,00,NA,NA,N,D,C,A,A,H,-,C,A,0,NA,NA,NA,NA,Y,NA,-,-,0,0,2,0,0,0,0,0,0,-,SF,33.51967,-117.59883,ORANGE,BUENA PARK,-117.99807558,33.86599282
6708599,2014,2015-01-08,3001,2014-11-03,1704,A1252,NA,1,5,7,3001,0,0,0,NA,0,0D3,ANAHEIM BL,MIDWAY DR,82,N,N,A,-,N,NA,NA,NA,NA,NA,NA,NA,NA,NA,Y,3,0,2,2,A,-,09,21804,A,M,D,C,A,A,H,-,B,D,0,NA,NA,NA,NA,Y,NA,A,01,0,1,1,0,0,0,0,0,0,-,-,NA,NA,ORANGE,ANAHEIM,-117.90640746,33.81285363
6710030,2014,2015-01-08,3010,2014-11-05,1800,1122,261,3,5,6,3010,0,0,0,NA,0,007,GOTHARD,WARNER,11,N,N,A,-,N,NA,NA,NA,NA,NA,NA,NA,NA,NA,N,4,0,1,2,A,-,11,21456,B,N,G,B,B,A,H,-,C,A,0,Y,NA,NA,NA,Y,NA,N,60,0,0,1,0,1,0,0,0,0,-,-,NA,NA,ORANGE,HUNTINGTON BEACH,-118.00008024,33.71567016
6710815,2014,2015-01-06,3000,2014-10-26,1100,5013,891H7,7,5,5,3050,0,0,0,NA,0,764,LOS ALISOS BL,ROCKFIELD BL,281,E,N,A,-,N,NA,NA,NA,NA,NA,NA,NA,NA,NA,Y,4,0,1,3,A,-,08,22107,NA,M,E,I,A,A,H,-,A,A,0,NA,NA,NA,NA,Y,NA,A,01,0,0,1,0,0,0,0,0,0,-,-,NA,NA,ORANGE,LAKE FOREST,-117.69580336,33.61321347
6711578,2014,2015-01-09,3026,2014-11-19,0733,4779,NA,3,5,6,3026,0,0,0,NA,0,00C,IRVINE CENTER DR,ANTIVO,0,NA,Y,B,-,N,NA,NA,NA,NA,NA,NA,NA,NA,NA,Y,3,0,1,2,A,-,09,21453,C,N,D,C,A,A,H,-,A,A,0,NA,NA,NA,NA,Y,NA,A,07,0,1,0,0,0,0,0,0,0,-,-,NA,NA,ORANGE,IRVINE,-117.74485012,33.64433003
6711644,2014,2015-01-08,3019,2014-11-09,1430,13,SC,7,5,7,3019,0,0,0,NA,0,004,1ST ST,RAITT ST,0,NA,Y,A,-,N,NA,NA,NA,NA,NA,NA,NA,NA,NA,Y,3,0,2,2,A,-,12,21453,A,N,D,C,A,A,H,-,A,A,0,NA,NA,NA,NA,Y,NA,A,08,0,1,1,0,0,0,0,0,0,-,-,NA,NA,ORANGE,SANTA ANA,-117.89315005,33.74540005
6711664,2014,2015-01-08,3019,2014-11-14,1558,2771,SE,5,5,7,3019,0,0,0,NA,0,003,STANDARD AV,SAINT GERTRUDE PL,538,S,N,B,-,N,NA,NA,NA,NA,NA,NA,NA,NA,NA,N,4,0,1,2,A,-,09,21801,A,N,D,C,A,A,H,-,A,D,0,NA,NA,NA,NA,Y,NA,A,01,0,0,1,0,0,0,0,0,0,-,-,NA,NA,ORANGE,SANTA ANA,-117.85657026,33.71811522