CASE_ID,ACCIDENT_YEAR,PROC_DATE,JURIS,COLLISION_DATE,COLLISION_TIME,OFFICER_ID,REPORTING_DISTRICT,DAY_OF_WEEK,CHP_SHIFT,POPULATION,CNTY_CITY_LOC,SPECIAL_COND,BEAT_TYPE,CHP_BEAT_TYPE,CITY_DIVISION_LAPD,CHP_BEAT_CLASS,BEAT_NUMBER,PRIMARY_RD,SECONDARY_RD,DISTANCE,DIRECTION,INTERSECTION,WEATHER_1,WEATHER_2,STATE_HWY_IND,CALTRANS_COUNTY,CALTRANS_DISTRICT,STATE_ROUTE,ROUTE_SUFFIX,POSTMILE_PREFIX,POSTMILE,LOCATION_TYPE,RAMP_INTERSECTION,SIDE_OF_HWY,TOW_AWAY,COLLISION_SEVERITY,NUMBER_KILLED,NUMBER_INJURED,PARTY_COUNT,PRIMARY_COLL_FACTOR,PCF_CODE_OF_VIOL,PCF_VIOL_CATEGORY,PCF_VIOLATION,PCF_VIOL_SUBSECTION,HIT_AND_RUN,TYPE_OF_COLLISION,MVIW,PED_ACTION,ROAD_SURFACE,ROAD_COND_1,ROAD_COND_2,LIGHTING,CONTROL_DEVICE,CHP_ROAD_TYPE,PEDESTRIAN_ACCIDENT,BICYCLE_ACCIDENT,MOTORCYCLE_ACCIDENT,TRUCK_ACCIDENT,NOT_PRIVATE_PROPERTY,ALCOHOL_INVOLVED,STWD_VEHTYPE_AT_FAULT,CHP_VEHTYPE_AT_FAULT,COUNT_SEVERE_INJ,COUNT_VISIBLE_INJ,COUNT_COMPLAINT_PAIN,COUNT_PED_KILLED,COUNT_PED_INJURED,COUNT_BICYCLIST_KILLED,COUNT_BICYCLIST_INJURED,COUNT_MC_KILLED,COUNT_MC_INJURED,PRIMARY_RAMP,SECONDARY_RAMP,LATITUDE,LONGITUDE,COUNTY,CITY,POINT_X,POINT_Y
6759631,2014,2016-06-20,9690,2014-11-16,1755,018840,NA,7,2,5,3017,0,1,1,NA,2,059,RT 5,CRISTIANITOS RD,500,N,N,A,-,Y,ORA,12,5,-,-,0.13,H,-,N,Y,3,0,1,2,A,-,07,21658,A,N,B,C,A,A,H,-,C,D,1,NA,NA,Y,NA,Y,NA,A,01,0,1,0,0,0,0,0,0,1,-,-,33.39885,-117.59471,ORANGE,SAN CLEMENTE,-117.59453969,33.39823497
6759643,2014,2016-06-20,9690,2014-11-14,1825,018840,NA,5,2,5,3017,0,1,1,NA,2,059,RT 5,CAMINO DE ESTRELLA,2640,S,N,B,-,Y,ORA,12,5,-,-,5.301,H,-,N,Y,3,0,1,2,A,-,03,22350,NA,N,C,C,A,A,H,-,D,D,1,NA,NA,NA,NA,Y,NA,A,01,0,1,0,0,0,0,0,0,0,-,-,33.45522,-117.64883,ORANGE,SAN CLEMENTE,-117.64863203,33.45510116
6759747,2014,2015-01-29,3019,2014-11-21,0731,2630,SC,5,5,7,3019,0,0,0,NA,0,004,ALTON AV,GREENVILLE ST,300,E,N,A,-,N,NA,NA,NA,NA,NA,NA,NA,NA,NA,N,4,0,2,2,A,-,09,21804,A,N,D,C,A,A,H,-,A,A,0,NA,NA,NA,NA,Y,NA,A,01,0,0,2,0,0,0,0,0,0,-,-,NA,NA,ORANGE,SANTA ANA,-117.90307601,33.70359887
6760713,2014,2015-02-05,3019,2014-12-11,1004,3346,WE,4,5,7,3019,0,0,0,NA,0,001,1ST ST,CENTER ST,195,W,N,A,-,N,NA,NA,NA,NA,NA,NA,NA,NA,NA,N,4,0,1,2,A,-,09,21801,A,N,B,C,A,A,H,-,A,D,0,NA,NA,Y,Y,Y,NA,F,26,0,0,1,0,0,0,0,0,1,-,-,NA,NA,ORANGE,SANTA ANA,-117.8987398,33.74532
6760746,2014,2016-06-15,9675,2014-12-04,1457,18834,NA,4,2,6,3008,0,1,3,NA,2,570,RT 57,ROLLING HILLS DR,700,S,N,A,-,Y,ORA,12,57,-,-,19.2,H,-,S,Y,4,0,1,3,A,-,03,22350,NA,N,C,C,A,A,H,-,A,D,6,NA,NA,NA,Y,Y,NA,F,26,0,0,1,0,0,0,0,0,0,-,-,33.90143,-117.88139,ORANGE,FULLERTON,-117.88131134,33.90144547
6763153,2014,2015-02-05,3010,2014-12-16,1040,2101,155,2,5,6,3010,0,0,0,NA,0,008,BOLSA CHICA,EDINGER,0,NA,Y,B,-,N,NA,NA,NA,NA,NA,NA,NA,NA,NA,Y,4,0,1,2,A,-,-,NA,NA,N,D,C,A,B,H,-,A,A,0,NA,NA,NA,NA,Y,NA,D,22,0,0,1,0,0,0,0,0,0,-,-,NA,NA,ORANGE,HUNTINGTON BEACH,-118.04169011,33.72986003
6763452,2014,2015-01-22,3007,2014-11-30,2040,244,29,7,5,5,3007,0,0,0,NA,0,002,HARBOR,EDINGER,150,N,N,C,-,N,NA,NA,NA,NA,NA,NA,NA,NA,NA,Y,4,0,1,2,A,-,03,22350,NA,N,C,C,A,B,H,-,C,D,0,NA,NA,NA,NA,Y,NA,A,01,0,0,1,0,0,0,0,0,0,-,-,NA,NA,ORANGE,FOUNTAIN VALLEY,-117.91978,33.7277913
6764110,2014,2015-02-03,3007,2014-12-08,2018,262,73,1,5,5,3007,0,0,0,NA,0,2N3,MAGNOLIA,ELLIS,0,NA,Y,A,-,N,NA,NA,NA,NA,NA,NA,NA,NA,NA,Y,4,0,3,2,A,-,12,21453,A,N,D,C,A,A,H,-,C,A,0,NA,NA,NA,NA,Y,NA,A,07,0,0,3,0,0,0,0,0,0,-,-,NA,NA,ORANGE,FOUNTAIN VALLEY,-117.97162005,33.69402011
6765832,2014,2015-02-05,3024,2014-12-16,0626,312,P01,2,5,5,3024,0,0,0,NA,0,WEST,GARDEN GROVE BL,VALLEY VIEW ST,50,E,N,C,-,N,NA,NA,NA,NA,NA,NA,NA,NA,NA,Y,4,0,1,1,A,-,08,22107,NA,N,F,-,A,B,H,-,A,A,0,NA,NA,NA,NA,Y,NA,D,22,0,0,1,0,0,0,0,0,0,-,-,NA,NA,ORANGE,WESTMINSTER,-118.03836987,33.77384656
6765836,2014,2016-06-18,3024,2014-12-17,0822,312,P12,3,5,5,3024,0,0,0,NA,0,WEST,BEACH BL,19TH ST,0,NA,Y,A,-,Y,ORA,12,39,-,-,7.761,I,5,S,Y,4,0,2,3,A,-,09,21801,A,N,D,C,A,A,H,-,A,D,0,NA,NA,NA,NA,Y,NA,D,22,0,0,2,0,0,0,0,0,0,-,-,NA,NA,ORANGE,WESTMINSTER,-117.98979861,33.76110132
6766435,2014,2016-06-15,9670,2014-12-27,1720,19925,NA,6,2,5,3003,0,1,3,NA,2,092,RT 91,WESTERN AV,200,W,N,A,-,Y,ORA,12,91,-,R,2.31,H,-,E,Y,4,0,1,2,A,-,03,22350,NA,N,C,C,A,A,H,-,C,D,1,NA,NA,NA,NA,Y,NA,D,22,0,0,1,0,0,0,0,0,0,-,-,33.85581,-118.00092,ORANGE,BUENA PARK,-118.00331748,33.85594881
6767114,2014,2016-06-18,3015,2014-12-28,0819,1240,11,7,5,6,3015,0,0,0,NA,0,723-M,THE CITY DR,RT 5,0,NA,Y,A,-,Y,ORA,12,5,-,-,35.684,R,4,S,Y,3,0,3,2,A,-,12,21453,A,N,D,C,A,A,H,-,A,A,0,NA,NA,NA,NA,Y,NA,-,-,0,1,2,0,0,0,0,0,0,-,SF,NA,NA,ORANGE,ORANGE,-117.89591345,33.79682141
6768056,2014,2015-01-29,3000,2014-11-27,0040,5455,892J2,4,5,4,3048,0,0,0,NA,0,767,SANTA MARGARITA PKWY,TOLL RD,0,NA,Y,A,-,N,NA,NA,NA,NA,NA,NA,NA,NA,NA,Y,4,0,1,2,D,-,00,NA,NA,N,D,C,A,A,H,-,C,A,0,NA,NA,NA,NA,Y,NA,-,-,0,0,1,0,0,0,0,0,0,-,NO,NA,NA,ORANGE,RANCHO SANTA MARGARITA,NA,NA
6768886,2015,2015-05-05,3013,2015-04-02,1633,176,NA,4,5,3,3013,0,0,0,NA,0,NA,LOS ALAMITOS BL,FLORISTA ST,189,S,N,A,-,N,NA,NA,NA,NA,NA,NA,NA,NA,NA,Y,3,0,1,2,A,-,09,21801,A,N,D,C,A,A,H,-,A,D,0,NA,NA,NA,NA,Y,NA,A,01,0,1,0,0,0,0,0,0,0,-,-,NA,NA,ORANGE,LOS ALAMITOS,-118.07187,33.80444176
6768897,2015,2017-01-18,9670,2015-04-06,0708,017858,NA,1,1,5,3003,0,1,3,NA,2,092,RT 91,BEACH BL,1200,E,N,A,-,Y,ORA,12,91,-,R,2.85,H,-,E,Y,4,0,1,2,A,-,04,21703,NA,N,C,C,A,A,H,-,A,D,1,NA,NA,NA,NA,Y,NA,A,07,0,0,1,0,0,0,0,0,0,-,-,33.85588,-117.99057,ORANGE,BUENA PARK,-117.99394773,33.85602896
6768916,2015,2016-12-01,9670,2015-04-09,1435,15587,NA,4,2,7,3001,0,1,3,NA,2,093,RT 91,LEMON ST,800,E,N,A,-,Y,ORA,12,91,-,-,3.66,H,-,W,Y,4,0,1,4,A,-,03,22350,NA,N,C,C,A,A,H,-,A,D,1,NA,NA,NA,NA,Y,NA,A,07,0,0,1,0,0,0,0,0,0,-,-,33.85399,-117.91688,ORANGE,ANAHEIM,-117.91726904,33.85416474
6769423,2015,2016-09-19,9690,2015-02-14,1330,18526,NA,6,1,5,3050,0,1,1,NA,2,055,RT 5,LAKE FOREST DR,1500,S,N,A,-,Y,ORA,12,5,-,-,19.42,H,-,N,Y,4,0,1,2,C,-,18,NA,NA,N,C,C,A,A,H,-,A,D,1,NA,NA,NA,NA,Y,NA,-,-,0,0,1,0,0,0,0,0,0,-,-,33.62288,-117.71531,ORANGE,LAKE FOREST,-117.71530156,33.62296042
6769458,2015,2015-05-02,3004,2015-04-15,2045,P459,02,3,5,6,3004,0,0,0,NA,0,007,WEST 19TH ST,MEYER PL,172,E,N,A,-,N,NA,NA,NA,NA,NA,NA,NA,NA,NA,Y,4,0,2,2,A,-,09,21801,A,N,D,C,A,A,H,-,C,D,0,NA,NA,NA,NA,Y,NA,A,01,0,0,2,0,0,0,0,0,0,-,-,33.64669,-117.91705,ORANGE,COSTA MESA,-117.92420634,33.64344
6771536,2014,2015-02-06,3015,2014-12-16,1729,1265,55E,2,5,6,3015,0,0,0,NA,0,332,KATELLA AV E,TUSTIN ST N,528,W,N,B,-,N,NA,NA,NA,NA,NA,NA,NA,NA,NA,Y,4,0,1,3,A,-,09,21804,A,N,D,C,A,B,H,-,C,D,0,NA,NA,NA,NA,Y,NA,A,01,0,0,1,0,0,0,0,0,0,-,-,NA,NA,ORANGE,ORANGE,-117.83747381,33.80919
6771591,2014,2015-02-09,3008,2014-12-01,0551,869,NA,1,5,6,3008,0,0,0,NA,0,NA,HARBOR BL,LAS PALMAS DR,38,S,N,B,-,N,NA,NA,NA,NA,NA,NA,NA,NA,NA,Y,4,0,2,2,A,-,03,22350,NA,N,C,C,A,B,H,-,C,A,0,NA,NA,NA,NA,Y,NA,A,01,0,0,2,0,0,0,0,0,0,-,-,NA,NA,ORANGE,FULLERTON,-117.93137409,33.91193808
6772563,2015,2015-02-18,3024,2015-01-07,0601,381,P24,3,5,5,3024,0,0,0,NA,0,WEST,BOLSA AV,HOOVER ST,0,NA,Y,A,-,N,NA,NA,NA,NA,NA,NA,NA,NA,NA,Y,3,0,2,2,A,-,09,21801,A,N,D,C,A,A,H,-,C,A,0,NA,NA,NA,NA,Y,NA,A,01,0,1,1,0,0,0,0,0,0,-,-,NA,NA,ORANGE,WESTMINSTER,-117.99831007,33.74462009
6773402,2014,2015-02-12,3015,2014-12-30,0950,1390,43,2,5,6,3015,0,0,0,NA,0,231,E FAIRHAVEN AV,S TUSTIN ST,0,NA,Y,B,-,N,NA,NA,NA,NA,NA,NA,NA,NA,NA,N,3,0,1,2,A,-,09,21804,A,N,H,G,A,A,H,-,A,A,0,NA,Y,NA,NA,Y,NA,L,04,0,1,0,0,0,0,1,0,0,-,-,NA,NA,ORANGE,ORANGE,-117.83576002,33.77327008
6773779,2014,2015-02-06,3026,2014-12-12,1525,6352,NA,5,5,6,3026,0,0,0,NA,0,00U,CULVER DR,UNIVERSITY DR,62,N,N,B,-,N,NA,NA,NA,NA,NA,NA,NA,NA,NA,N,4,0,1,2,D,-,00,NA,NA,M,C,C,A,B,H,-,A,A,0,NA,NA,NA,NA,Y,NA,-,-,0,0,1,0,0,0,0,0,0,-,-,NA,NA,ORANGE,IRVINE,-117.82785528,33.65759992
6774506,2015,2016-04-28,3022,2015-01-01,0036,1169,NA,4,5,5,3022,0,0,0,NA,0,NA,RED HILL AV,WALNUT AV,0,NA,Y,A,-,N,NA,NA,NA,NA,NA,NA,NA,NA,NA,Y,4,0,2,2,A,-,01,23153,A,N,C,C,A,A,H,-,C,A,0,NA,NA,NA,NA,Y,Y,A,01,0,0,2,0,0,0,0,0,0,-,-,33.4347,-117.4946,ORANGE,TUSTIN,-117.82095006,33.72796
6775468,2015,2016-09-07,9670,2015-01-02,1630,20720,NA,5,2,5,3003,0,1,1,NA,2,500,RT 5,WESTERN AV,500,S,N,A,-,Y,ORA,12,5,-,-,43.64,H,-,N,Y,4,0,2,2,A,-,01,23152,E,F,C,C,A,A,H,-,A,D,1,NA,NA,NA,NA,Y,NA,D,22,0,0,2,0,0,0,0,0,0,-,-,33.86816,-118.00101,ORANGE,BUENA PARK,-118.00125462,33.86822349
6778479,2015,2015-02-17,3019,2015-01-16,0742,2001,NE,5,5,7,3019,0,0,0,NA,0,002,GRAND AV,17TH ST,20,N,N,A,-,N,NA,NA,NA,NA,NA,NA,NA,NA,NA,N,3,0,1,2,A,-,05,21650,1,N,D,G,A,A,H,-,A,A,0,NA,Y,NA,NA,Y,NA,L,04,0,1,0,0,0,0,1,0,0,-,-,NA,NA,ORANGE,SANTA ANA,-117.85191808,33.7599748
6779256,2014,2015-02-10,3019,2014-12-22,0748,2528,SE,1,5,7,3019,0,0,0,NA,0,003,WARNER AV,MAPLE ST,0,NA,Y,A,-,N,NA,NA,NA,NA,NA,NA,NA,NA,NA,Y,4,0,3,3,A,-,09,21802,A,N,D,C,A,A,H,-,A,A,0,NA,NA,NA,NA,Y,NA,A,07,0,0,3,0,0,0,0,0,0,-,-,NA,NA,ORANGE,SANTA ANA,-117.86423007,33.7160201
6780163,2014,2015-02-13,9675,2014-12-16,1700,016984,NA,2,2,6,3026,0,1,1,NA,2,530,RT 5,CULVER DR,1500,S,N,A,-,Y,NA,NA,5,NA,NA,NA,NA,NA,NA,Y,4,0,2,3,A,-,03,22350,NA,N,C,C,A,A,H,-,C,D,0,NA,NA,NA,NA,Y,NA,A,01,0,0,2,0,0,0,0,0,0,-,-,33.7032,-117.77715,ORANGE,IRVINE,-117.77722946,33.70314841
6780231,2014,2016-06-18,9675,2014-12-27,0735,20627,NA,6,1,6,3015,0,1,3,NA,2,550,RT 55,MEATS AV,100,S,N,A,-,Y,ORA,12,55,-,-,16.12,H,-,S,Y,3,0,1,1,A,-,08,22107,NA,N,E,I,A,A,H,-,A,D,6,NA,NA,NA,NA,Y,NA,A,01,0,1,0,0,0,0,0,0,0,-,-,33.49198,-117.49566,ORANGE,ORANGE,-117.83216892,33.82279433
6780549,2014,2015-01-26,3008,2014-11-19,1019,1117,NA,3,5,6,3008,0,0,0,NA,0,0Z2,EUCLID,ORANGETHORPE AV,380,S,N,A,-,N,NA,NA,NA,NA,NA,NA,NA,NA,NA,NA,4,0,1,2,A,-,05,21650,1,N,D,G,A,A,H,-,A,D,0,NA,Y,NA,NA,Y,NA,L,04,0,0,1,0,0,0,1,0,0,-,-,NA,NA,ORANGE,FULLERTON,-117.94180468,33.85830843
6780619,2014,2015-02-11,9675,2014-12-10,1537,019809,NA,3,2,6,3026,0,1,1,NA,2,503,RT 5,JAMBOREE RD,650,S,N,A,-,Y,NA,NA,5,NA,NA,NA,NA,NA,NA,Y,4,0,1,2,A,-,03,22350,NA,N,C,C,A,A,H,-,A,D,0,NA,NA,NA,NA,Y,NA,A,08,0,0,1,0,0,0,0,0,0,-,-,33.71747,-117.79163,ORANGE,IRVINE,-117.79168894,33.71738503
6781800,2015,2016-09-23,3014,2015-01-10,1647,1395,RD24,6,5,5,3014,0,0,0,NA,0,0A2,RT 55,HOSPITAL RD,0,NA,Y,B,-,Y,ORA,12,55,-,-,0.602,I,5,S,Y,3,0,4,2,A,-,12,21453,A,N,D,C,A,B,H,-,B,A,0,NA,NA,NA,NA,Y,NA,A,01,0,1,3,0,0,0,0,0,0,-,-,33.6257,-117.9282,ORANGE,NEWPORT BEACH,-117.92798411,33.62582256
6782544,2015,2015-02-20,3024,2015-01-05,0714,312,P01,1,5,5,3024,0,0,0,NA,0,WEST,BOLSA CHICA RD,GARDEN GROVE BL,828,S,N,A,-,N,NA,NA,NA,NA,NA,NA,NA,NA,NA,N,3,0,2,4,A,-,03,22350,NA,N,C,C,A,A,H,-,A,A,0,NA,NA,NA,NA,Y,NA,D,22,0,1,1,0,0,0,0,0,0,-,-,NA,NA,ORANGE,WESTMINSTER,-118.0403633,33.77229538
6783318,2015,2015-02-25,3019,2015-01-12,1431,1561,WE,1,5,7,3019,0,0,0,NA,0,001,ENGLISH ST,10TH ST,74,S,N,B,-,N,NA,NA,NA,NA,NA,NA,NA,NA,NA,N,4,0,2,2,A,-,08,22107,NA,N,A,C,A,A,H,-,A,D,0,NA,NA,NA,NA,Y,NA,D,22,0,0,2,0,0,0,0,0,0,-,-,NA,NA,ORANGE,SANTA ANA,-117.89668852,33.75317713
6783983,2016,2017-03-03,3001,2016-07-04,2321,A1252,D2,1,5,7,3001,0,0,0,NA,0,NA,NORTH ANAHEIM BL,RT 91,0,NA,Y,A,-,Y,ORA,12,91,-,-,3.268,R,4,E,Y,4,0,1,2,A,-,12,21453,A,M,D,C,A,A,H,-,C,A,0,NA,NA,NA,NA,Y,NA,D,22,0,0,1,0,0,0,0,0,0,-,EO,NA,NA,ORANGE,ANAHEIM,-117.92407411,33.85382274
6783984,2015,2016-11-01,9670,2015-03-27,0909,20860,NA,5,1,5,3024,0,1,1,NA,2,043,RT 405,EDWARDS ST,1000,S,N,A,-,Y,ORA,12,405,-,-,18.41,H,-,S,Y,4,0,2,3,A,-,03,22350,NA,N,C,C,A,A,H,-,A,D,1,NA,NA,NA,NA,Y,NA,A,07,0,0,2,0,0,0,0,0,0,-,-,33.7507,-118.01201,ORANGE,WESTMINSTER,-118.01281326,33.7512112
6784973,2014,2015-02-13,3019,2014-12-09,1601,2630,SE,2,5,7,3019,0,0,0,NA,0,003,FLOWER ST,MCFADDEN AV,0,NA,Y,A,-,N,NA,NA,NA,NA,NA,NA,NA,NA,NA,N,4,0,2,2,A,-,12,21453,A,N,D,C,A,A,H,-,A,A,0,NA,NA,NA,NA,Y,NA,A,01,0,0,2,0,0,0,0,0,0,-,-,NA,NA,ORANGE,SANTA ANA,-117.87646011,33.73450003
6785414,2015,2015-02-18,3019,2015-01-02,1727,1925,SE,5,5,7,3019,0,0,0,NA,0,187,MAIN ST,WILSHIRE AV,30,S,N,A,-,N,NA,NA,NA,NA,NA,NA,NA,NA,NA,Y,4,0,1,4,A,-,03,22350,NA,M,C,-,A,A,H,-,C,A,0,NA,NA,NA,NA,Y,NA,-,99,0,0,1,0,0,0,0,0,0,-,-,NA,NA,ORANGE,SANTA ANA,-117.86778,33.73065776
6786680,2014,2015-03-02,3010,2014-12-24,1543,1035,464,3,5,6,3010,0,0,0,NA,0,002,NEWLAND ST,ATLANTA AV,27,S,N,A,-,N,NA,NA,NA,NA,NA,NA,NA,NA,NA,Y,4,0,2,2,A,-,01,23152,A,N,D,C,A,A,H,-,A,A,0,NA,NA,NA,NA,Y,Y,D,22,0,0,2,0,0,0,0,0,0,-,-,NA,NA,ORANGE,HUNTINGTON BEACH,-117.97973677,33.65760602
6787182,2015,2015-02-19,3022,2015-01-10,1454,1250,SOUTH,6,5,5,3022,0,0,0,NA,0,NA,MCFADDEN AV,WILLIAMS AV,479,E,N,B,-,N,NA,NA,NA,NA,NA,NA,NA,NA,NA,N,4,0,1,2,A,-,03,22350,NA,N,C,C,A,A,H,-,A,A,0,NA,NA,NA,NA,Y,NA,A,07,0,0,1,0,0,0,0,0,0,-,-,33.44156,-117.50157,ORANGE,TUSTIN,-117.83788854,33.73379779
6787216,2015,2015-02-19,3015,2015-01-14,1813,1372,44N,3,5,6,3015,0,0,0,NA,0,732,EAST CHAPMAN AV,SOUTH SOLANA ST,224,E,N,A,-,N,NA,NA,NA,NA,NA,NA,NA,NA,NA,Y,4,0,1,2,A,-,03,22350,NA,N,C,C,A,A,H,-,C,D,0,NA,NA,NA,NA,Y,NA,A,01,0,0,1,0,0,0,0,0,0,-,-,NA,NA,ORANGE,ORANGE,-117.79958461,33.78771
6787232,2015,2015-02-19,3010,2015-01-03,1356,0147,424,6,5,6,3010,0,0,0,NA,0,003,GARFIELD,MT DEMETER,0,NA,Y,A,-,N,NA,NA,NA,NA,NA,NA,NA,NA,NA,Y,3,0,1,2,A,-,09,21804,A,N,D,C,A,A,H,-,A,D,0,NA,NA,Y,NA,Y,NA,A,07,0,1,0,0,0,0,0,0,1,-,-,NA,NA,ORANGE,HUNTINGTON BEACH,-117.97260013,33.68681008
6787683,2014,2015-01-28,3019,2014-11-03,2205,3179,WESTE,1,5,7,3019,0,0,0,NA,0,001,FAIRVIEW,12TH ST,0,NA,Y,A,-,N,NA,NA,NA,NA,NA,NA,NA,NA,NA,NA,4,0,1,2,A,-,04,21703,NA,N,C,C,A,A,H,-,C,A,0,NA,NA,NA,NA,Y,NA,A,01,0,0,1,0,0,0,0,0,0,-,-,NA,NA,ORANGE,SANTA ANA,-117.90258005,33.75470001
6788990,2015,2015-03-04,3019,2015-01-28,1649,1925,SC,3,5,7,3019,0,0,0,NA,0,149,BRISTOL ST,WARNER AV,372,S,N,A,-,N,NA,NA,NA,NA,NA,NA,NA,NA,NA,N,4,0,1,2,A,-,09,21801,A,N,D,C,A,A,H,-,A,A,0,NA,NA,NA,NA,Y,NA,A,07,0,0,1,0,0,0,0,0,0,-,-,NA,NA,ORANGE,SANTA ANA,-117.88535376,33.71520024
6789352,2014,2015-02-09,3003,2014-12-03,2106,752,3003,3,5,5,3003,0,0,0,NA,0,008,ORANGETHORPE AV,VALLEY VIEW ST,0,NA,Y,C,-,N,NA,NA,NA,NA,NA,NA,NA,NA,NA,N,4,0,1,3,A,-,12,21453,A,N,D,C,A,B,H,-,C,A,0,NA,NA,NA,NA,Y,NA,-,NA,0,0,1,0,0,0,0,0,0,-,-,NA,NA,ORANGE,BUENA PARK,-118.02876003,33.85888001
6789664,2014,2015-02-09,3000,2014-12-05,1824,5455,922H1,5,5,4,3048,0,0,0,NA,0,767,ANTONIO PKY,TIJERAS CREEK,746,S,N,B,-,N,NA,NA,NA,NA,NA,NA,NA,NA,NA,Y,4,0,2,1,A,-,08,22107,NA,N,E,I,A,A,H,-,C,D,0,NA,NA,NA,NA,Y,NA,A,01,0,0,2,0,0,0,0,0,0,-,-,NA,NA,ORANGE,RANCHO SANTA MARGARITA,-117.61759764,33.60877618
6789857,2014,2016-03-01,3003,2014-12-11,1623,735,NA,4,5,5,3003,0,0,0,NA,0,NA,BEACH BL,10TH ST,21,N,N,A,B,N,NA,NA,NA,NA,NA,NA,NA,NA,NA,Y,4,0,1,3,A,-,03,22350,NA,N,C,C,A,A,H,-,B,A,0,NA,NA,NA,NA,Y,NA,-,NA,0,0,1,0,0,0,0,0,0,-,-,NA,NA,ORANGE,BUENA PARK,-117.99822,33.86356758
6789858,2014,2016-06-18,3003,2014-12-29,0744,652,NA,1,5,5,3003,0,0,0,NA,0,NA,BEACH BL,RT 91,52,S,N,A,-,Y,ORA,12,39,-,-,14.31,H,-,S,Y,4,0,1,1,A,-,08,22107,NA,N,E,I,A,A,H,-,A,A,0,NA,NA,NA,NA,Y,NA,-,NA,0,0,1,0,0,0,0,0,0,-,EF,33.51175,-117.59528,ORANGE,BUENA PARK,-117.99810893,33.85503661
6790005,2015,2015-02-24,3001,2015-01-03,1719,1397,NA,6,5,7,3001,0,0,0,NA,0,D 1,WEST BALL RD,SOUTH DALE AV,135,E,N,A,-,N,NA,NA,NA,NA,NA,NA,NA,NA,NA,N,4,0,1,2,A,-,01,23152,A,N,C,C,A,A,H,-,C,A,0,NA,NA,NA,NA,Y,NA,A,01,0,0,1,0,0,0,0,0,0,-,-,NA,NA,ORANGE,ANAHEIM,-117.98410655,33.81752
6790157,2015,2015-02-20,3026,2015-01-09,1252,416,NA,5,5,6,3026,0,0,0,NA,0,00P,ARBORWOOD,BETHESDA,34,W,N,B,-,N,NA,NA,NA,NA,NA,NA,NA,NA,NA,Y,4,0,1,1,A,-,08,22107,NA,N,E,I,A,A,H,-,A,D,0,NA,NA,NA,NA,Y,NA,A,01,0,0,1,0,0,0,0,0,0,-,-,NA,NA,ORANGE,IRVINE,-117.7516006,33.72691024
6790597,2015,2016-09-23,9675,2015-01-04,0737,20627,NA,7,1,7,3001,0,1,3,NA,2,093,RT 91,LINCOLN AV,2000,N,N,A,-,Y,ORA,12,91,-,R,9.371,R,2,W,Y,3,0,3,3,A,-,03,22350,NA,N,C,C,A,A,H,-,A,D,1,NA,NA,NA,NA,Y,NA,A,01,0,3,0,0,0,0,0,0,0,TO,-,33.50344,-117.49466,ORANGE,ANAHEIM,-117.82448361,33.84523869
6792025,2014,2015-02-11,3002,2014-12-26,1452,1275,B148,5,5,4,3002,0,0,0,NA,0,012,LAMBERT RD,KRAEMER BL,0,NA,Y,A,-,N,NA,NA,NA,NA,NA,NA,NA,NA,NA,N,4,0,1,2,A,-,12,21453,A,N,D,G,A,A,H,-,A,A,0,NA,Y,NA,NA,Y,NA,L,04,0,0,1,0,0,0,1,0,0,-,-,NA,NA,ORANGE,BREA,-117.8639901,33.92328007
6792201,2015,2016-09-23,3004,2015-01-04,1413,P555,02,7,5,6,3004,0,0,0,NA,0,001,NEWPORT BL,E 16TH ST,21,N,N,A,-,Y,ORA,12,55,-,-,1.24,H,-,S,Y,3,0,4,2,C,-,18,NA,NA,N,C,C,A,A,H,-,A,A,0,NA,NA,NA,NA,Y,NA,-,-,0,1,3,0,0,0,0,0,0,-,-,33.63346,-117.92268,ORANGE,COSTA MESA,-117.92265738,33.63354227
6792402,2015,2016-09-12,3001,2015-01-17,1630,1880,NA,6,5,7,3001,0,0,0,NA,0,0D2,LEMON ST,RT 91,0,NA,Y,A,-,Y,ORA,12,91,-,-,3.644,R,4,W,Y,3,0,2,2,A,-,12,21453,A,N,D,C,A,A,H,-,A,A,0,NA,NA,NA,NA,Y,NA,D,22,0,1,1,0,0,0,0,0,0,-,WF,NA,NA,ORANGE,ANAHEIM,-117.91755165,33.85418693
6792449,2015,2015-02-24,3001,2015-01-14,1922,415,NA,3,5,7,3001,0,0,0,NA,0,0D2,GLENOAKS AV,CHIPPEWA AV,528,W,N,A,-,N,NA,NA,NA,NA,NA,NA,NA,NA,NA,N,4,0,1,2,A,-,21,22106,NA,N,B,E,-,A,H,-,C,D,0,Y,NA,NA,NA,Y,NA,A,08,0,0,1,0,1,0,0,0,0,-,-,NA,NA,ORANGE,ANAHEIM,-117.94898121,33.84334
6792592,2015,2015-02-25,3001,2015-01-10,1904,1397,NA,6,5,7,3001,0,0,0,NA,0,031,SOUTH WALNUT ST,WEST BALL RD,0,NA,Y,B,C,N,NA,NA,NA,NA,NA,NA,NA,NA,NA,Y,4,0,2,2,A,-,09,21801,A,N,D,C,A,B,H,-,C,A,0,NA,NA,NA,NA,Y,NA,A,01,0,0,2,0,0,0,0,0,0,-,-,NA,NA,ORANGE,ANAHEIM,-117.9285001,33.8179801
6792615,2015,2015-02-25,3014,2015-01-18,1440,1395,RD42,7,5,5,3014,0,0,0,NA,0,0A3,S BAY FRONT ALY,CORAL AV,12,E,N,B,-,N,NA,NA,NA,NA,NA,NA,NA,NA,NA,N,2,0,1,1,A,-,03,22350,NA,N,H,A,A,A,H,-,A,D,0,NA,Y,NA,NA,Y,Y,L,04,1,0,0,0,0,0,1,0,0,-,-,33.6047,-117.8926,ORANGE,NEWPORT BEACH,-117.89269068,33.60472
6792656,2015,2015-02-24,3001,2015-01-05,1833,A1252,NA,1,5,7,3001,0,0,0,NA,0,0D3,WEST KATELLA AV,SOUTH WEST ST,60,W,N,A,-,N,NA,NA,NA,NA,NA,NA,NA,NA,NA,N,4,0,1,2,A,-,03,22350,NA,N,C,C,A,A,H,-,C,A,0,NA,NA,NA,NA,Y,NA,A,07,0,0,1,0,0,0,0,0,0,-,-,NA,NA,ORANGE,ANAHEIM,-117.92427696,33.8034052