CASE_ID,ACCIDENT_YEAR,PROC_DATE,JURIS,COLLISION_DATE,COLLISION_TIME,OFFICER_ID,REPORTING_DISTRICT,DAY_OF_WEEK,CHP_SHIFT,POPULATION,CNTY_CITY_LOC,SPECIAL_COND,BEAT_TYPE,CHP_BEAT_TYPE,CITY_DIVISION_LAPD,CHP_BEAT_CLASS,BEAT_NUMBER,PRIMARY_RD,SECONDARY_RD,DISTANCE,DIRECTION,INTERSECTION,WEATHER_1,WEATHER_2,STATE_HWY_IND,CALTRANS_COUNTY,CALTRANS_DISTRICT,STATE_ROUTE,ROUTE_SUFFIX,POSTMILE_PREFIX,POSTMILE,LOCATION_TYPE,RAMP_INTERSECTION,SIDE_OF_HWY,TOW_AWAY,COLLISION_SEVERITY,NUMBER_KILLED,NUMBER_INJURED,PARTY_COUNT,PRIMARY_COLL_FACTOR,PCF_CODE_OF_VIOL,PCF_VIOL_CATEGORY,PCF_VIOLATION,PCF_VIOL_SUBSECTION,HIT_AND_RUN,TYPE_OF_COLLISION,MVIW,PED_ACTION,ROAD_SURFACE,ROAD_COND_1,ROAD_COND_2,LIGHTING,CONTROL_DEVICE,CHP_ROAD_TYPE,PEDESTRIAN_ACCIDENT,BICYCLE_ACCIDENT,MOTORCYCLE_ACCIDENT,TRUCK_ACCIDENT,NOT_PRIVATE_PROPERTY,ALCOHOL_INVOLVED,STWD_VEHTYPE_AT_FAULT,CHP_VEHTYPE_AT_FAULT,COUNT_SEVERE_INJ,COUNT_VISIBLE_INJ,COUNT_COMPLAINT_PAIN,COUNT_PED_KILLED,COUNT_PED_INJURED,COUNT_BICYCLIST_KILLED,COUNT_BICYCLIST_INJURED,COUNT_MC_KILLED,COUNT_MC_INJURED,PRIMARY_RAMP,SECONDARY_RAMP,LATITUDE,LONGITUDE,COUNTY,CITY,POINT_X,POINT_Y
7079238,2015,2015-10-15,3001,2015-10-02,0724,0963,NA,5,5,7,3001,0,0,0,NA,0,0D1,SOUTH MAGNOLIA AV,WEST ORANGE AV,7,S,N,A,-,N,NA,NA,NA,NA,NA,NA,NA,NA,NA,N,3,0,1,2,A,-,05,21650,1,N,D,G,A,A,H,-,B,A,0,NA,Y,NA,NA,Y,NA,L,04,0,1,0,0,0,0,1,0,0,-,-,NA,NA,ORANGE,ANAHEIM,-117.97592931,33.82487082
7079957,2015,2015-10-05,3000,2015-08-16,2009,8481,893B3,7,5,4,3048,0,0,0,NA,0,4A67,LA PROMESA,ANTONIO PKWY,0,NA,Y,A,-,N,NA,NA,NA,NA,NA,NA,NA,NA,NA,Y,4,0,3,2,A,-,12,21453,A,N,D,C,A,A,H,-,C,A,0,NA,NA,NA,NA,Y,NA,A,01,0,0,3,0,0,0,0,0,0,-,-,NA,NA,ORANGE,RANCHO SANTA MARGARITA,-117.58936004,33.63844009
7079961,2015,2015-09-28,3000,2015-08-10,2145,8214,992G2,1,5,5,3017,0,0,0,NA,0,476,AVENIDA VISTA HERMOSA,CALLE FRONTERA,0,NA,Y,A,-,N,NA,NA,NA,NA,NA,NA,NA,NA,NA,Y,4,0,2,2,A,-,12,21453,A,N,D,C,A,A,H,-,C,A,0,NA,NA,NA,NA,Y,NA,A,01,0,0,2,0,0,0,0,0,0,-,-,NA,NA,ORANGE,SAN CLEMENTE,-117.62897013,33.4468101
7079963,2015,2015-10-07,3010,2015-09-02,1729,1255,261,3,5,6,3010,0,0,0,NA,0,007,WARNER AV,GOLDENWEST,99,W,N,A,-,N,NA,NA,NA,NA,NA,NA,NA,NA,NA,Y,4,0,2,6,C,-,18,NA,NA,N,C,C,A,A,H,-,A,A,0,NA,NA,NA,NA,Y,NA,-,-,0,0,2,0,0,0,0,0,0,-,-,NA,NA,ORANGE,HUNTINGTON BEACH,-118.00699482,33.71549
7080036,2015,2015-09-28,3008,2015-09-11,1637,1297,NA,5,5,6,3008,0,0,0,NA,0,0Z3,CHAPMAN AV,STATE COLLEGE BL,841,E,N,A,-,N,NA,NA,NA,NA,NA,NA,NA,NA,NA,Y,4,0,1,2,A,-,09,21804,A,N,D,C,A,A,H,-,A,D,0,NA,NA,NA,NA,Y,NA,A,01,0,0,1,0,0,0,0,0,0,-,-,NA,NA,ORANGE,FULLERTON,-117.88686039,33.87418
7081815,2015,2015-10-10,3016,2015-09-23,1949,1254,18,3,5,5,3016,0,0,0,NA,0,002,PLACENTIA AV,PRIMROSE,158,S,N,A,-,N,NA,NA,NA,NA,NA,NA,NA,NA,NA,N,4,0,1,4,A,-,03,22350,NA,N,C,C,A,A,H,-,C,A,0,NA,NA,NA,NA,Y,NA,A,01,0,0,1,0,0,0,0,0,0,-,-,NA,NA,ORANGE,PLACENTIA,-117.87802911,33.87738842
7082351,2015,2015-10-13,3001,2015-09-26,1826,1288,NA,6,5,7,3001,0,0,0,NA,0,0D1,WEST BALL RD,S NUTWOOD AV,309,E,N,A,-,N,NA,NA,NA,NA,NA,NA,NA,NA,NA,Y,4,0,2,2,A,-,01,23152,A,N,C,C,A,A,H,-,A,D,0,NA,NA,NA,NA,Y,Y,A,07,0,0,2,0,0,0,0,0,0,-,-,NA,NA,ORANGE,ANAHEIM,-117.94909503,33.81788
7082352,2015,2015-10-13,3001,2015-09-27,1814,1622,NA,7,5,7,3001,0,0,0,NA,0,0D3,SOUTH HASTER ST,WEST KATELLA AV,67,S,N,A,-,N,NA,NA,NA,NA,NA,NA,NA,NA,NA,Y,3,0,3,1,A,-,01,23152,A,N,E,I,A,A,H,-,A,D,0,NA,NA,NA,NA,Y,Y,D,22,0,3,0,0,0,0,0,0,0,-,-,NA,NA,ORANGE,ANAHEIM,-117.90658596,33.80307635
7082368,2015,2015-10-03,3001,2015-09-21,2335,1373,NA,1,5,7,3001,0,0,0,NA,0,NA,ANAHEIM BL,DISNEY WY,104,S,N,A,-,N,NA,NA,NA,NA,NA,NA,NA,NA,NA,Y,4,0,1,2,A,-,03,22350,NA,N,C,C,A,A,H,-,C,A,0,NA,NA,NA,NA,Y,NA,A,01,0,0,1,0,0,0,0,0,0,-,-,NA,NA,ORANGE,ANAHEIM,-117.90652841,33.80558669
7087119,2015,2017-01-17,3001,2015-10-01,0717,A0387,NA,4,5,7,3001,0,0,0,NA,0,0D2,NORTH STATE COLLEGE BL,RT 91,80,N,N,A,-,Y,ORA,12,91,-,-,5.088,R,4,E,Y,4,0,1,2,A,-,08,22107,NA,N,D,C,A,A,D,-,A,D,0,NA,NA,NA,NA,Y,NA,-,-,0,0,1,0,0,0,0,0,0,-,EO,NA,NA,ORANGE,ANAHEIM,-117.89254946,33.85409388
7087936,2015,2015-10-08,3010,2015-09-17,1401,1225,152,4,5,6,3010,0,0,0,NA,0,008,EDINGER,COUNTESS,210,E,N,A,-,N,NA,NA,NA,NA,NA,NA,NA,NA,NA,Y,3,0,1,1,A,-,08,22107,NA,N,E,I,A,A,H,-,A,D,0,NA,NA,NA,NA,Y,NA,A,01,0,1,0,0,0,0,0,0,0,-,-,NA,NA,ORANGE,HUNTINGTON BEACH,-118.06881091,33.72957805
7090557,2015,2015-10-12,3004,2015-09-21,1100,P631,36,1,5,6,3004,0,0,0,NA,0,015,HARBOR BL,ADAMS AV,0,NA,Y,A,-,N,NA,NA,NA,NA,NA,NA,NA,NA,NA,Y,4,0,1,2,A,-,03,22350,NA,N,C,C,A,A,H,-,A,A,0,NA,NA,NA,NA,Y,NA,A,01,0,0,1,0,0,0,0,0,0,-,-,33.40233,-117.55085,ORANGE,COSTA MESA,-117.91934,33.67330007
7092735,2015,2015-10-22,3015,2015-10-02,1800,1372,55E,5,5,6,3015,0,0,0,NA,0,732M,EAST KATELLA AV,NORTH TUSTIN ST,530,W,N,A,-,N,NA,NA,NA,NA,NA,NA,NA,NA,NA,Y,4,0,2,2,A,-,01,23152,A,N,-,C,A,A,H,-,B,D,0,NA,NA,NA,NA,Y,Y,A,01,0,0,2,0,0,0,0,0,0,-,-,NA,NA,ORANGE,ORANGE,-117.83748038,33.80919
7092783,2015,2015-10-22,3019,2015-10-07,2340,1910,SOUTH,3,5,7,3019,0,0,0,NA,0,188,WARNER,MAIN,45,W,N,A,-,N,NA,NA,NA,NA,NA,NA,NA,NA,NA,Y,4,0,1,2,A,-,01,23152,A,N,C,C,A,A,H,-,D,A,0,NA,NA,NA,NA,Y,Y,A,01,0,0,1,0,0,0,0,0,0,-,-,NA,NA,ORANGE,SANTA ANA,-117.8680776,33.71603192
7092796,2015,2015-10-22,3015,2015-09-25,0743,1390,23E,5,5,6,3015,0,0,0,NA,0,231,N TUSTIN,E PALM AV,10,S,N,A,-,N,NA,NA,NA,NA,NA,NA,NA,NA,NA,N,3,0,2,2,A,-,03,22350,NA,N,C,C,A,A,H,-,A,D,0,NA,NA,NA,NA,Y,NA,-,NA,0,1,1,0,0,0,0,0,0,-,-,NA,NA,ORANGE,ORANGE,-117.83572,33.79140259
7093387,2015,2015-10-30,3019,2015-10-06,1400,3150,SC,2,5,7,3019,0,0,0,NA,0,004,RAITT ST,SAINT GERTRUDE PL,300,S,N,A,-,N,NA,NA,NA,NA,NA,NA,NA,NA,NA,Y,4,0,1,5,A,-,03,22350,NA,N,C,C,A,A,H,-,A,D,0,NA,NA,NA,NA,Y,NA,D,22,0,0,1,0,0,0,0,0,0,-,-,33.71875,-117.89622,ORANGE,SANTA ANA,-117.89609055,33.71800758
7093519,2015,2015-10-29,3004,2015-10-20,0748,P429,04,2,5,6,3004,0,0,0,NA,0,015,TUSTIN AV,E 16TH ST,0,NA,Y,A,-,N,NA,NA,NA,NA,NA,NA,NA,NA,NA,N,4,0,1,2,A,-,09,21802,A,N,D,G,A,A,H,-,A,A,0,NA,Y,NA,NA,Y,NA,A,01,0,0,1,0,0,0,1,0,0,-,-,33.3741,-117.5453,ORANGE,COSTA MESA,-117.91486002,33.62795004
7095222,2015,2015-10-15,3022,2015-09-12,1717,1090,47,6,5,5,3022,0,0,0,NA,0,003,JAMBOREE RD,WEST DR,91,N,N,A,-,N,NA,NA,NA,NA,NA,NA,NA,NA,NA,N,4,0,2,3,A,-,08,22107,NA,N,C,C,A,A,H,-,A,A,0,NA,NA,NA,NA,Y,NA,A,01,0,0,2,0,0,0,0,0,0,-,-,33.4327,-117.4726,ORANGE,TUSTIN,-117.79088732,33.72396729
7095437,2015,2015-10-14,3024,2015-09-29,1738,159,P33,2,5,5,3024,0,0,0,NA,0,EAST,BOLSA AV,MAGNOLIA ST,0,NA,Y,A,-,N,NA,NA,NA,NA,NA,NA,NA,NA,NA,Y,4,0,2,3,A,-,01,23153,A,F,D,C,A,A,H,-,A,A,0,NA,NA,NA,NA,Y,Y,A,01,0,0,2,0,0,0,0,0,0,-,-,NA,NA,ORANGE,WESTMINSTER,-117.97226012,33.7448301
7096175,2015,2015-10-20,3019,2015-10-02,0138,3317,SE,5,5,7,3019,0,0,0,NA,0,003,ALTON AV,MAIN ST,203,E,N,A,-,N,NA,NA,NA,NA,NA,NA,NA,NA,NA,N,3,0,2,2,A,-,01,23152,A,N,C,E,A,A,H,-,C,D,0,NA,NA,NA,NA,Y,Y,D,22,0,2,0,0,0,0,0,0,0,-,-,33.70489,-117.86795,ORANGE,SANTA ANA,-117.86740436,33.70513571
7096314,2015,2015-10-30,3000,2015-09-25,1740,9681,922B6,5,5,5,3028,0,0,0,NA,0,755,PUERTA REAL,LAS RAMBLAS,0,NA,Y,A,-,N,NA,NA,NA,NA,NA,NA,NA,NA,NA,Y,3,0,1,2,A,-,08,22107,NA,N,D,C,A,A,H,-,A,D,0,NA,NA,NA,NA,Y,NA,A,01,0,1,0,0,0,0,0,0,0,-,-,NA,NA,ORANGE,MISSION VIEJO,-117.67169005,33.56532004
7096751,2015,2015-10-19,3015,2015-09-21,0726,1389,54W,1,5,6,3015,0,0,0,NA,0,232,E SPRING ST,N VIRAGE ST,0,NA,Y,A,-,N,NA,NA,NA,NA,NA,NA,NA,NA,NA,N,3,0,1,2,A,-,09,21804,A,N,B,G,A,A,H,-,A,D,0,NA,Y,NA,NA,Y,NA,L,04,0,1,0,0,0,0,1,0,0,-,-,NA,NA,ORANGE,ORANGE,-117.8169401,33.79141006
7096767,2015,2015-10-19,3015,2015-09-12,1113,1300,46,6,5,6,3015,0,0,0,NA,0,002,WANDA RD,COLLINS AV,150,N,N,A,-,N,NA,NA,NA,NA,NA,NA,NA,NA,NA,Y,4,0,2,3,A,-,03,22350,NA,N,C,C,A,A,H,-,A,A,0,NA,NA,NA,NA,Y,NA,A,01,0,0,2,0,0,0,0,0,0,-,-,NA,NA,ORANGE,ORANGE,-117.82189,33.80274119
7097541,2015,2017-01-28,3001,2015-10-06,1444,1670,NA,2,5,7,3001,0,0,0,NA,0,0D1,RT 39,WEST ORANGE AV,140,S,N,A,-,Y,ORA,12,39,-,-,12.15,H,-,N,Y,3,0,2,2,A,-,03,22350,NA,N,C,C,A,A,H,-,A,D,0,NA,NA,NA,NA,Y,NA,A,01,0,1,1,0,0,0,0,0,0,-,-,NA,NA,ORANGE,ANAHEIM,-117.99327246,33.82429945
7097590,2015,2017-01-28,3012,2015-09-28,0748,633,NA,1,5,5,3012,0,0,0,NA,0,NA,SOUTH BEACH BL,IMPERIAL HWY,106,N,N,A,-,Y,ORA,12,39,-,-,19.19,H,-,N,N,4,0,1,2,A,-,08,22107,NA,F,C,C,A,A,H,-,A,D,0,NA,NA,NA,NA,Y,Y,-,NA,0,0,1,0,0,0,0,0,0,-,-,NA,NA,ORANGE,LA HABRA,-117.96807246,33.91712415
7097685,2015,2017-01-19,3015,2015-08-29,2108,1504,77N,6,5,6,3015,0,0,0,NA,0,322,NORTH TUSTIN ST,RT 55,0,NA,Y,A,-,Y,ORA,12,55,-,-,16.715,R,4,S,N,4,0,1,2,A,-,12,21453,A,N,D,D,A,A,H,-,C,A,0,NA,NA,NA,NA,Y,NA,A,01,0,0,1,0,0,0,0,0,0,-,SO,NA,NA,ORANGE,ORANGE,-117.83458426,33.83100634
7097901,2015,2015-10-20,3008,2015-10-06,1642,1117,NA,2,5,6,3008,0,0,0,NA,0,Z 2,BERKELEY AV,LEMON ST,700,E,N,A,-,N,NA,NA,NA,NA,NA,NA,NA,NA,NA,N,3,0,1,2,A,-,05,21650,1,N,D,G,A,A,H,-,A,D,0,NA,Y,NA,NA,Y,NA,L,04,0,1,0,0,0,0,1,0,0,-,-,NA,NA,ORANGE,FULLERTON,-117.91766656,33.87918705
7099822,2015,2015-10-26,3009,2015-09-27,1630,4087,097,7,5,6,3009,0,0,0,NA,0,013,15TH ST,BROOKHURST ST,240,E,N,A,-,N,NA,NA,NA,NA,NA,NA,NA,NA,NA,N,3,0,1,2,A,-,09,21804,A,N,D,C,A,A,H,-,A,A,0,NA,NA,Y,NA,Y,NA,A,01,0,1,0,0,0,0,0,0,1,-,-,NA,NA,ORANGE,GARDEN GROVE,-117.95422226,33.75770528
7102342,2015,2015-10-26,3001,2015-10-13,1904,1323,D3,2,5,7,3001,0,0,0,NA,0,NA,WEST BROADWAY,SOUTH MANCHESTER AV,0,NA,Y,A,-,N,NA,NA,NA,NA,NA,NA,NA,NA,NA,Y,4,0,1,2,A,-,09,21801,A,N,D,C,A,A,H,-,C,A,0,NA,NA,NA,NA,Y,NA,A,01,0,0,1,0,0,0,0,0,0,-,-,NA,NA,ORANGE,ANAHEIM,-117.93008011,33.82943003
7102389,2015,2015-10-26,3001,2015-10-14,2105,415,NA,3,5,7,3001,0,0,0,NA,0,0D2,NORTH ANAHEIM BL,SYCAMORE ST,182,N,N,A,-,N,NA,NA,NA,NA,NA,NA,NA,NA,NA,Y,3,0,2,4,A,-,09,21801,A,N,D,C,A,A,H,-,C,D,0,NA,NA,NA,NA,Y,NA,A,07,0,1,1,0,0,0,0,0,0,-,-,NA,NA,ORANGE,ANAHEIM,-117.91549294,33.84033764
7102673,2015,2015-10-27,3019,2015-09-28,1746,3151,SC,1,5,7,3019,0,0,0,NA,0,004,EDINGER AV,SPRUCE ST,42,E,N,A,-,N,NA,NA,NA,NA,NA,NA,NA,NA,NA,N,4,0,6,3,A,-,03,22350,NA,N,C,C,A,A,H,-,A,D,0,NA,NA,NA,NA,Y,NA,A,01,0,0,6,0,0,0,0,0,0,-,-,33.72734,-117.88916,ORANGE,SANTA ANA,-117.88891221,33.72720819
7102906,2015,2015-10-30,3004,2015-10-03,1345,P603,2,6,5,6,3004,0,0,0,NA,0,006,EAST 17TH ST,NEWPORT BL,342,E,N,A,-,N,NA,NA,55,NA,NA,NA,NA,NA,NA,N,3,0,1,1,A,-,07,21658,A,N,E,I,A,A,H,-,A,D,0,NA,NA,NA,NA,Y,NA,A,01,0,1,0,0,0,0,0,0,0,-,-,33.63745,-117.92165,ORANGE,COSTA MESA,-117.92173459,33.63747856
7103527,2015,2016-08-15,3014,2015-10-12,0837,1379,RD44,1,5,5,3014,0,0,0,NA,0,0A4,RT 1,LARKSPUR AV,82,E,N,A,-,N,NA,NA,NA,NA,NA,NA,NA,NA,NA,N,3,0,1,2,A,-,06,21755,A,N,H,G,A,A,H,-,A,D,0,NA,Y,NA,NA,Y,NA,L,04,0,1,0,0,0,0,1,0,0,-,-,33.597,-117.8711,ORANGE,NEWPORT BEACH,-117.871179,33.597075
7103810,2015,2015-11-16,3019,2015-10-21,1950,3382,WE,3,5,7,3019,0,0,0,NA,0,001,FAIRVIEW ST,DOWNIE PL,235,N,N,A,-,N,NA,NA,NA,NA,NA,NA,NA,NA,NA,N,4,0,1,3,A,-,03,22350,NA,N,C,C,A,A,H,-,C,D,0,NA,NA,NA,NA,Y,NA,A,01,0,0,1,0,0,0,0,0,0,-,-,NA,NA,ORANGE,SANTA ANA,-117.90297146,33.77140416
7104173,2015,2015-11-12,3019,2015-10-24,1053,2250,SOUTH,6,5,7,3019,0,0,0,NA,0,008,SEGERSTROM AV,GREENVILLE ST,0,NA,Y,A,-,N,NA,NA,NA,NA,NA,NA,NA,NA,NA,Y,4,0,2,2,A,-,12,22450,NA,N,D,C,A,A,D,-,A,B,0,NA,NA,NA,NA,Y,NA,A,07,0,0,2,0,0,0,0,0,0,-,-,NA,NA,ORANGE,SANTA ANA,-117.9041101,33.70884012
7104178,2015,2015-11-13,3019,2015-10-21,1542,3151,SC,3,5,7,3019,0,0,0,NA,0,004,WARNER AV,OTIS ST,196,E,N,A,-,N,NA,NA,NA,NA,NA,NA,NA,NA,NA,N,4,0,1,2,A,-,09,21804,B,N,D,G,A,A,H,-,A,D,0,NA,Y,NA,NA,Y,NA,L,04,0,0,1,0,0,0,1,0,0,-,-,33.71404,-117.91842,ORANGE,SANTA ANA,-117.917547,33.71391
7104878,2015,2015-10-27,3010,2015-10-09,1855,1176,445,5,5,6,3010,0,0,0,NA,0,003,MAGNOLIA,INDIANAPOLIS,252,N,N,A,-,N,NA,NA,NA,NA,NA,NA,NA,NA,NA,Y,4,0,2,2,A,-,01,23152,A,N,A,C,A,A,H,-,C,A,0,NA,NA,NA,NA,Y,Y,A,01,0,0,2,0,0,0,0,0,0,-,-,NA,NA,ORANGE,HUNTINGTON BEACH,-117.97115235,33.66566067
7105287,2015,2015-10-28,3026,2015-10-04,1109,435,NA,7,5,6,3026,0,0,0,NA,0,NA,CULVER,SHADY CANYON,894,N,N,A,-,N,NA,NA,NA,NA,NA,NA,NA,NA,NA,Y,4,0,1,2,A,-,04,21703,NA,N,C,C,A,B,H,-,A,D,0,NA,NA,NA,NA,Y,NA,A,01,0,0,1,0,0,0,0,0,0,-,-,NA,NA,ORANGE,IRVINE,-117.82535739,33.63638974
7105720,2015,2016-11-16,3015,2015-10-10,0755,1090,117W,6,5,6,3015,0,0,0,NA,0,903,N SANTIAGO BL,RT 55,101,S,N,A,-,N,NA,NA,NA,NA,NA,NA,NA,NA,NA,N,3,0,1,2,A,-,03,22350,NA,N,C,C,A,A,H,-,A,A,0,NA,NA,NA,NA,Y,NA,A,01,0,1,0,0,0,0,0,0,0,-,NO,NA,NA,ORANGE,ORANGE,NA,NA
7106024,2015,2016-01-29,3008,2015-10-12,0811,1320,NA,1,5,6,3008,0,0,0,NA,0,002,ORANGETHORPE AV,RICHMAN AV,0,E,N,A,-,N,NA,NA,NA,NA,NA,NA,NA,NA,NA,N,4,0,1,2,A,-,08,22107,NA,N,D,C,A,A,H,-,A,A,0,NA,NA,NA,NA,Y,NA,A,07,0,0,1,0,0,0,0,0,0,-,-,NA,NA,ORANGE,FULLERTON,-117.93307008,33.85958002
7106396,2015,2015-11-04,3001,2015-10-20,2330,1373,NA,2,5,7,3001,0,0,0,NA,0,0D2,HARBOR BL,LINCOLN AV,34,S,N,A,-,N,NA,NA,NA,NA,NA,NA,NA,NA,NA,Y,4,0,1,2,A,-,03,22350,NA,N,C,C,A,A,H,-,C,A,0,NA,NA,NA,NA,Y,NA,A,07,0,0,1,0,0,0,0,0,0,-,-,NA,NA,ORANGE,ANAHEIM,-117.91959133,33.83408991
7109245,2015,2015-11-13,3001,2015-10-15,0722,2217,NA,4,5,7,3001,0,0,0,NA,0,0D1,BALL RD,KNOTT AV,26,E,N,A,-,N,NA,NA,NA,NA,NA,NA,NA,NA,NA,N,4,0,1,2,A,-,03,22350,NA,N,C,C,A,A,H,-,A,A,0,NA,NA,NA,NA,Y,NA,D,22,0,0,1,0,0,0,0,0,0,-,-,NA,NA,ORANGE,ANAHEIM,-118.0107146,33.81725067
7110077,2015,2016-09-22,3004,2015-10-22,1818,P603,24,4,5,6,3004,0,0,0,NA,0,008,FAIRVIEW RD,RT 405,0,NA,Y,A,-,N,NA,NA,NA,NA,NA,NA,NA,NA,NA,Y,3,0,2,2,A,-,03,22350,NA,M,C,C,A,A,H,-,C,A,0,NA,NA,NA,NA,Y,NA,A,01,0,1,1,0,0,0,0,0,0,-,-,33.69128,-117.90783,ORANGE,COSTA MESA,-117.90793011,33.688000099999996
7110444,2015,2015-11-17,3000,2015-10-03,0310,2742,992H4,6,5,5,3017,0,0,0,NA,0,778,NORTH EL CAMINO REAL,AVENIDA DEL PONIENTE,68,S,N,A,-,N,NA,NA,NA,NA,NA,NA,NA,NA,NA,Y,3,0,1,1,A,-,01,23152,A,N,E,I,A,A,H,-,C,D,0,NA,NA,NA,NA,Y,Y,A,07,0,1,0,0,0,0,0,0,0,-,-,NA,NA,ORANGE,SAN CLEMENTE,-117.62055245,33.43066329
7110556,2015,2015-11-16,3004,2015-10-23,1630,P429,19,5,5,6,3004,0,0,0,NA,0,015,COUNTRY CLUB DR,BAHAMA PL,68,S,N,A,-,N,NA,NA,NA,NA,NA,NA,NA,NA,NA,Y,4,0,1,2,A,-,08,22107,NA,N,C,E,A,A,H,-,A,D,0,NA,NA,NA,NA,Y,NA,A,01,0,0,1,0,0,0,0,0,0,-,-,33.417,-117.5552,ORANGE,COSTA MESA,-117.9309595,33.6853297
7111650,2015,2015-11-30,3001,2015-11-13,1054,A2085,1918,5,5,7,3001,0,0,0,NA,0,0D1,WEST BALL RD,MAGNOLIA AV,90,W,N,A,-,N,NA,NA,NA,NA,NA,NA,NA,NA,NA,Y,4,0,1,2,A,-,03,22350,NA,N,C,C,A,A,H,-,A,A,0,NA,NA,NA,NA,Y,NA,A,01,0,0,1,0,0,0,0,0,0,-,-,NA,NA,ORANGE,ANAHEIM,-117.97614561,33.8175971
7111873,2015,2015-11-23,3015,2015-10-22,0921,1386,33,4,5,6,3015,0,0,0,NA,0,711,EAST CHAPMAN AV,S CAMBRIDGE ST,0,NA,Y,A,-,N,NA,NA,NA,NA,NA,NA,NA,NA,NA,Y,3,0,1,2,A,-,09,21801,A,N,D,C,A,A,H,-,A,A,0,NA,NA,NA,NA,Y,NA,A,07,0,1,0,0,0,0,0,0,0,-,-,NA,NA,ORANGE,ORANGE,-117.84442002,33.78785004
7113206,2015,2015-11-13,3009,2015-10-19,0657,3305,74,1,5,6,3009,0,0,0,NA,0,1 1,MAGNOLIA ST,LAMPSON AV,0,NA,Y,A,-,N,NA,NA,NA,NA,NA,NA,NA,NA,NA,N,3,0,1,2,A,-,09,21453,B,N,B,G,A,A,H,-,A,A,0,NA,Y,NA,NA,Y,NA,D,22,0,1,0,0,0,0,1,0,0,-,-,NA,NA,ORANGE,GARDEN GROVE,-117.97546011,33.78120007
7114087,2015,2015-11-17,3001,2015-10-28,1712,1880,D3,3,5,7,3001,0,0,0,NA,0,NA,WEST KATELLA AV,SOUTH CLEMENTINE ST,30,E,N,A,-,N,NA,NA,NA,NA,NA,NA,NA,NA,NA,Y,3,0,1,2,A,-,07,21658,A,N,D,C,A,A,H,-,A,A,0,NA,NA,Y,NA,Y,NA,A,07,0,1,0,0,0,0,0,0,0,-,-,NA,NA,ORANGE,ANAHEIM,-117.90992148,33.80341
7114474,2015,2015-11-09,3015,2015-10-17,1442,1503,54W,6,5,6,3015,0,0,0,NA,0,003,EAST CHAPMAN AV,PROSPECT AV,24,W,N,A,-,N,NA,NA,NA,NA,NA,NA,NA,NA,NA,N,4,0,2,2,A,-,03,22350,NA,N,C,C,A,A,H,-,A,A,0,NA,NA,NA,NA,Y,NA,A,01,0,0,2,0,0,0,0,0,0,-,-,NA,NA,ORANGE,ORANGE,-117.81847879,33.7878
7114646,2015,2015-11-09,3008,2015-10-12,1258,1037,NA,1,5,6,3008,0,0,0,NA,0,0Z3,MADISON AV,PLACENTIA AV,0,NA,Y,A,-,N,NA,NA,NA,NA,NA,NA,NA,NA,NA,N,4,0,1,2,A,-,05,21650,1,N,D,G,A,A,H,-,A,A,0,NA,Y,NA,NA,Y,NA,L,04,0,0,1,0,0,0,1,0,0,-,-,NA,NA,ORANGE,FULLERTON,-117.87644013,33.88268009
7114717,2015,2017-01-17,3008,2015-10-25,0229,1351,ZONE2,7,5,6,3008,0,0,0,NA,0,NA,LEMON ST,RT 91 FRONTAGE RD,0,NA,Y,A,-,Y,ORA,12,91,-,-,3.644,R,4,W,Y,4,0,1,2,A,-,12,21453,A,N,B,C,A,A,H,-,C,A,0,NA,NA,NA,NA,Y,NA,A,07,0,0,1,0,0,0,0,0,0,-,-,NA,NA,ORANGE,FULLERTON,-117.91755165,33.85418693
7114925,2015,2015-11-19,3008,2015-11-01,1913,1489,Z2,7,5,6,3008,0,0,0,NA,0,NA,SOUTH HARBOR BL,ORANGETHORPE AV,0,NA,-,A,-,N,NA,NA,NA,NA,NA,NA,NA,NA,NA,Y,4,0,1,3,A,-,01,23152,A,N,C,C,A,A,H,-,C,A,0,NA,NA,NA,NA,Y,Y,A,01,0,0,1,0,0,0,0,0,0,-,-,NA,NA,ORANGE,FULLERTON,-117.92437009,33.85950007
7117352,2015,2015-11-19,3019,2015-10-28,1749,2776,NE,3,5,7,3019,0,0,0,NA,0,002,1ST ST,FLOWER ST,195,E,N,A,-,N,NA,NA,NA,NA,NA,NA,NA,NA,NA,N,4,0,1,2,A,-,21,22106,NA,M,C,C,A,A,H,-,A,D,0,NA,NA,NA,NA,Y,NA,A,01,0,0,1,0,0,0,0,0,0,-,-,NA,NA,ORANGE,SANTA ANA,-117.87590019,33.7455409
7118685,2015,2015-11-18,3009,2015-10-25,1429,4087,013,7,5,6,3009,0,0,0,NA,0,011,LAMPSON AV,VALLEY VIEW ST,0,NA,Y,A,-,N,NA,NA,NA,NA,NA,NA,NA,NA,NA,Y,4,0,2,2,A,-,09,21801,A,N,A,C,A,A,H,-,A,A,0,NA,NA,NA,NA,Y,NA,A,01,0,0,2,0,0,0,0,0,0,-,-,NA,NA,ORANGE,GARDEN GROVE,-118.02958,33.7819301
7118735,2015,2017-02-02,3010,2015-12-21,0103,1140,495,1,5,6,3010,0,0,0,NA,0,002,RT 1,BROOKHURST,300,E,N,A,-,Y,ORA,12,1,-,-,22.03,H,-,N,Y,2,0,2,2,A,-,03,22350,NA,N,C,C,A,A,H,-,C,D,0,NA,NA,Y,NA,Y,NA,-,-,1,0,1,0,0,0,0,0,1,-,-,NA,NA,ORANGE,HUNTINGTON BEACH,-117.96323925,33.63482233
7119440,2015,2015-12-16,3019,2015-11-07,1751,3195,WE,6,5,7,3019,0,0,0,NA,0,NA,17TH,LA BONITA,0,NA,Y,A,-,N,NA,NA,NA,NA,NA,NA,NA,NA,NA,Y,4,0,1,2,A,-,08,22107,NA,F,A,C,A,A,H,-,B,D,0,NA,NA,NA,NA,Y,NA,A,01,0,0,1,0,0,0,0,0,0,-,-,NA,NA,ORANGE,SANTA ANA,NA,NA
7119484,2015,2015-12-01,3010,2015-11-08,1817,1226,NA,7,5,6,3010,0,0,0,NA,0,NA,INDIANAPOLIS,MAGNOLIA,0,NA,Y,A,-,N,NA,NA,NA,NA,NA,NA,NA,NA,NA,NA,4,0,2,2,A,-,01,23152,A,N,C,C,A,A,H,-,C,A,0,NA,NA,NA,NA,Y,Y,D,22,0,0,2,0,0,0,0,0,0,-,-,NA,NA,ORANGE,HUNTINGTON BEACH,-117.97113,33.66497005
7119509,2015,2015-12-02,3001,2015-11-14,1344,2238,NA,6,5,7,3001,0,0,0,NA,0,0D1,LINCOLN AV,GRAND AV,0,NA,Y,A,-,N,NA,NA,NA,NA,NA,NA,NA,NA,NA,N,4,0,1,2,A,-,09,21801,NA,N,D,C,A,A,H,-,A,A,0,NA,NA,NA,NA,Y,NA,D,22,0,0,1,0,0,0,0,0,0,-,-,NA,NA,ORANGE,ANAHEIM,-117.99791008,33.83209006