CASE_ID,ACCIDENT_YEAR,PROC_DATE,JURIS,COLLISION_DATE,COLLISION_TIME,OFFICER_ID,REPORTING_DISTRICT,DAY_OF_WEEK,CHP_SHIFT,POPULATION,CNTY_CITY_LOC,SPECIAL_COND,BEAT_TYPE,CHP_BEAT_TYPE,CITY_DIVISION_LAPD,CHP_BEAT_CLASS,BEAT_NUMBER,PRIMARY_RD,SECONDARY_RD,DISTANCE,DIRECTION,INTERSECTION,WEATHER_1,WEATHER_2,STATE_HWY_IND,CALTRANS_COUNTY,CALTRANS_DISTRICT,STATE_ROUTE,ROUTE_SUFFIX,POSTMILE_PREFIX,POSTMILE,LOCATION_TYPE,RAMP_INTERSECTION,SIDE_OF_HWY,TOW_AWAY,COLLISION_SEVERITY,NUMBER_KILLED,NUMBER_INJURED,PARTY_COUNT,PRIMARY_COLL_FACTOR,PCF_CODE_OF_VIOL,PCF_VIOL_CATEGORY,PCF_VIOLATION,PCF_VIOL_SUBSECTION,HIT_AND_RUN,TYPE_OF_COLLISION,MVIW,PED_ACTION,ROAD_SURFACE,ROAD_COND_1,ROAD_COND_2,LIGHTING,CONTROL_DEVICE,CHP_ROAD_TYPE,PEDESTRIAN_ACCIDENT,BICYCLE_ACCIDENT,MOTORCYCLE_ACCIDENT,TRUCK_ACCIDENT,NOT_PRIVATE_PROPERTY,ALCOHOL_INVOLVED,STWD_VEHTYPE_AT_FAULT,CHP_VEHTYPE_AT_FAULT,COUNT_SEVERE_INJ,COUNT_VISIBLE_INJ,COUNT_COMPLAINT_PAIN,COUNT_PED_KILLED,COUNT_PED_INJURED,COUNT_BICYCLIST_KILLED,COUNT_BICYCLIST_INJURED,COUNT_MC_KILLED,COUNT_MC_INJURED,PRIMARY_RAMP,SECONDARY_RAMP,LATITUDE,LONGITUDE,COUNTY,CITY,POINT_X,POINT_Y
7120000,2015,2015-11-20,3012,2015-11-12,0147,501,NA,4,5,5,3012,0,0,0,NA,0,0NW,HEATHER,MONTE VISTA,134,E,N,A,-,N,NA,NA,NA,NA,NA,NA,NA,NA,NA,Y,3,0,1,3,A,-,03,22350,A,M,C,C,A,-,H,-,B,A,0,NA,NA,NA,NA,Y,NA,-,NA,0,1,0,0,0,0,0,0,0,-,-,NA,NA,ORANGE,LA HABRA,-117.95486,33.93404
7120418,2015,2015-11-24,3022,2015-11-06,1301,1194,SOUTH,5,5,5,3022,0,0,0,NA,0,NA,TUSTIN RANCH RD,WARNER,0,NA,Y,A,-,N,NA,NA,NA,NA,NA,NA,NA,NA,NA,Y,3,0,1,2,A,-,12,21453,A,N,-,C,A,A,H,-,A,A,0,NA,NA,NA,NA,Y,NA,A,07,0,1,0,0,0,0,0,0,0,-,-,NA,NA,ORANGE,TUSTIN,-117.82563003,33.70076005
7120430,2015,2015-11-24,3007,2015-11-10,1657,250,37,2,5,5,3007,0,0,0,NA,0,002,WARNER,EUCLID,0,NA,Y,A,-,N,NA,NA,NA,NA,NA,NA,NA,NA,NA,N,4,0,1,4,A,-,01,23152,A,N,C,C,A,A,H,-,A,D,0,NA,NA,NA,NA,Y,Y,A,07,0,0,1,0,0,0,0,0,0,-,-,NA,NA,ORANGE,FOUNTAIN VALLEY,-117.93722001,33.71646003
7121086,2015,2015-12-01,3015,2015-11-12,0839,913,22W,4,5,6,3015,0,0,0,NA,0,7S1,W LA VETA AV,PEPPER ST,337,E,N,A,-,N,NA,NA,NA,NA,NA,NA,NA,NA,NA,Y,4,0,3,2,A,-,09,21804,A,N,D,C,A,A,H,-,A,A,0,NA,NA,NA,NA,Y,NA,A,01,0,0,3,0,0,0,0,0,0,-,-,NA,NA,ORANGE,ORANGE,-117.86375393,33.78031358
7121662,2015,2015-11-30,3019,2015-11-02,1814,3196,SE,1,5,7,3019,0,0,0,NA,0,003,DYER RD,GARNSEY ST,21,E,N,C,-,N,NA,NA,NA,NA,NA,NA,NA,NA,NA,N,4,0,1,2,A,-,03,22350,NA,N,C,C,A,B,H,-,C,A,0,NA,NA,NA,NA,Y,NA,D,22,0,0,1,0,0,0,0,0,0,-,-,NA,NA,ORANGE,SANTA ANA,-117.87503149,33.70923962
7121992,2015,2015-11-24,3008,2015-11-13,1921,1497,ZONE1,5,5,6,3008,0,0,0,NA,0,NA,GILBERT ST,ROSECRANS AV,0,NA,Y,A,-,N,NA,NA,NA,NA,NA,NA,NA,NA,NA,Y,4,0,1,2,A,-,09,21801,A,N,A,C,A,A,H,-,C,A,0,NA,NA,NA,NA,Y,NA,A,01,0,0,1,0,0,0,0,0,0,-,-,NA,NA,ORANGE,FULLERTON,-117.96584002,33.8961201
7122166,2015,2015-12-07,3004,2015-11-06,1449,P429,10,5,5,6,3004,0,0,0,NA,0,009,PLACENTIA AV,W WILSON ST,0,NA,Y,A,-,N,NA,NA,NA,NA,NA,NA,NA,NA,NA,N,4,0,1,2,A,-,03,22350,NA,F,C,C,A,A,H,-,A,D,0,NA,NA,NA,NA,Y,NA,A,01,0,0,1,0,0,0,0,0,0,-,-,33.6548,-117.9277,ORANGE,COSTA MESA,-117.93216007,33.65605001
7122242,2015,2017-01-17,3019,2015-11-14,2250,3317,NE,6,5,7,3019,0,0,0,NA,0,003,17TH ST,RT 5,0,NA,Y,A,-,Y,ORA,12,5,-,-,32.276,R,4,N,Y,3,0,2,2,A,-,01,23152,A,N,D,C,A,A,H,-,C,A,0,NA,NA,NA,NA,Y,Y,A,01,0,1,1,0,0,0,0,0,0,-,NF,33.76009,-117.86019,ORANGE,SANTA ANA,-117.85923245,33.75841663
7122313,2015,2015-11-30,3004,2015-11-11,1309,P603,19,3,5,6,3004,0,0,0,NA,0,004,HARBOR BL,GISLER AV,424,S,N,A,-,N,NA,NA,NA,NA,NA,NA,NA,NA,NA,N,4,0,1,2,A,-,03,22350,NA,N,C,C,A,A,H,-,A,D,0,NA,NA,NA,NA,Y,NA,A,01,0,0,1,0,0,0,0,0,0,-,-,33.68702,-117.91947,ORANGE,COSTA MESA,-117.91947,33.68581763
7122771,2015,2015-11-30,3008,2015-11-05,1600,1407,NA,4,5,6,3008,0,0,0,NA,0,Z 2,COMMONWEALTH AV,HARBOR BL,0,NA,Y,A,-,N,NA,NA,NA,NA,NA,NA,NA,NA,NA,Y,4,0,1,3,A,-,03,22350,NA,N,C,C,A,A,H,-,A,D,0,NA,NA,Y,NA,Y,NA,A,01,0,0,1,0,0,0,0,0,1,-,-,NA,NA,ORANGE,FULLERTON,-117.92431012,33.87036001
7122886,2015,2015-11-24,3000,2015-10-12,1230,1104,770B7,1,5,2,3023,0,0,0,NA,0,014,SANTIAGO BL,WANDA RD,0,NA,Y,A,-,N,NA,NA,NA,NA,NA,NA,NA,NA,NA,N,4,0,1,2,A,-,04,21703,NA,N,C,C,A,A,D,-,A,A,0,NA,NA,NA,NA,Y,NA,A,01,0,0,1,0,0,0,0,0,0,-,-,NA,NA,ORANGE,VILLA PARK,-117.82209012,33.81397011
7123104,2015,2015-11-24,3000,2015-09-24,1950,9796,992J6,4,5,5,3017,0,0,0,NA,0,775,PASEO DE CRISTOBAL,ESPLANADE,0,NA,Y,A,-,N,NA,NA,NA,NA,NA,NA,NA,NA,NA,N,4,0,1,2,A,-,11,21954,A,N,B,B,A,A,H,-,C,D,0,NA,NA,NA,NA,Y,NA,A,01,0,0,1,0,0,0,0,0,0,-,-,NA,NA,ORANGE,SAN CLEMENTE,-117.61691009,33.41656006
7123898,2015,2017-01-17,3015,2015-11-02,1407,1098,23E,1,5,6,3015,0,0,0,NA,0,731,EAST CHAPMAN AV,RT 55,0,NA,Y,B,-,Y,ORA,12,55,-,-,13.921,R,4,S,N,3,0,1,2,A,-,12,21453,A,N,D,C,A,A,H,-,A,A,0,NA,NA,NA,NA,Y,NA,A,07,0,1,0,0,0,0,0,0,0,-,SF,NA,NA,ORANGE,ORANGE,-117.83111401,33.79082389
7123913,2015,2015-12-04,3019,2015-11-18,2037,3369,WE,3,5,7,3019,0,0,0,NA,0,001,NEWHOPE ST,5TH ST,0,NA,Y,A,-,N,NA,NA,NA,NA,NA,NA,NA,NA,NA,Y,3,0,7,3,A,-,12,21453,A,N,D,C,F,A,H,-,C,A,0,Y,NA,NA,NA,Y,NA,A,01,0,1,6,0,1,0,0,0,0,-,-,33.74882,-117.92889,ORANGE,SANTA ANA,-117.92879006,33.74881009
7124324,2015,2015-12-07,3001,2015-11-21,1326,A1555,NA,6,5,7,3001,0,0,0,NA,0,D 2,NORTH WEST ST,WEST LA PALMA AV,12,S,N,A,-,N,NA,NA,NA,NA,NA,NA,NA,NA,NA,N,3,0,1,2,A,-,09,21804,A,N,D,G,A,A,H,-,A,A,0,NA,Y,NA,NA,Y,NA,L,04,0,1,0,0,0,0,1,0,0,-,-,NA,NA,ORANGE,ANAHEIM,-117.9322,33.84716
7124498,2015,2015-12-02,3003,2015-10-11,1730,799,BUENA,7,5,5,3003,0,0,0,NA,0,003,CARNATION DR,DALE ST,0,NA,Y,A,-,N,NA,NA,NA,NA,NA,NA,NA,NA,NA,N,3,0,1,2,A,-,10,21950,A,N,G,B,D,A,H,-,B,A,0,Y,NA,NA,NA,Y,NA,A,01,0,1,0,0,1,0,0,0,0,-,-,33.8518,-117.9847,ORANGE,BUENA PARK,-117.98493002,33.85193005
7125156,2015,2015-12-03,3008,2015-11-15,2037,938,NA,7,5,6,3008,0,0,0,NA,0,ZIII,MIMOSA PL,MAPLE AV,410,E,N,A,-,N,NA,NA,NA,NA,NA,NA,NA,NA,NA,Y,3,0,3,1,A,-,03,22350,NA,N,B,I,A,A,H,-,C,D,0,NA,NA,NA,NA,Y,NA,A,01,0,2,1,0,0,0,0,0,0,-,-,NA,NA,ORANGE,FULLERTON,-117.89707272,33.90248135
7125848,2015,2016-12-03,3004,2015-11-16,0110,P538,07,1,5,6,3004,0,0,0,NA,0,015,NEWPORT BL,22ND ST,0,NA,Y,A,-,Y,ORA,12,55,-,R,2.75,H,-,N,Y,2,0,1,1,A,-,01,23152,A,N,E,I,A,A,H,-,C,A,0,NA,NA,NA,NA,Y,Y,A,01,1,0,0,0,0,0,0,0,0,-,-,33.65136,-117.90841,ORANGE,COSTA MESA,-117.90879464,33.65165673
7125852,2015,2015-12-02,3004,2015-11-20,2234,P542,22,5,5,6,3004,0,0,0,NA,0,010,RANDOLPH AV,W BAKER ST,0,NA,Y,A,-,N,NA,NA,NA,NA,NA,NA,NA,NA,NA,Y,4,0,2,2,A,-,09,21801,A,N,D,C,A,A,H,-,C,D,0,NA,NA,NA,NA,Y,NA,A,01,0,0,2,0,0,0,0,0,0,-,-,33.6799,-117.8877,ORANGE,COSTA MESA,-117.88778002,33.6801401
7125864,2015,2015-12-03,3007,2015-11-08,0848,275,15,7,5,5,3007,0,0,0,NA,0,001,EDINGER,LOS COCHES,114,E,N,A,-,N,NA,NA,NA,NA,NA,NA,NA,NA,NA,N,3,0,1,2,A,-,03,22350,NA,N,C,C,A,A,H,-,A,A,0,NA,NA,NA,NA,Y,NA,A,01,0,1,0,0,0,0,0,0,0,-,-,NA,NA,ORANGE,FOUNTAIN VALLEY,-117.95224609,33.73054935
7125972,2015,2015-12-02,3001,2015-11-09,0837,0368,NA,1,5,7,3001,0,0,0,NA,0,D 1,N BROOKHURST ST,WEST CRESCENT AV,48,S,N,B,-,N,NA,NA,NA,NA,NA,NA,NA,NA,NA,Y,4,0,1,1,C,-,18,NA,NA,N,E,I,A,A,H,-,A,D,0,NA,NA,NA,NA,Y,NA,-,-,0,0,1,0,0,0,0,0,0,-,-,NA,NA,ORANGE,ANAHEIM,-117.9590472,33.83968842
7126148,2015,2015-12-03,3001,2015-11-14,2321,1880,D1,6,5,7,3001,0,0,0,NA,0,NA,SOUTH BROOKHURST ST,WEST KATELLA AV,42,N,N,A,-,N,NA,NA,NA,NA,NA,NA,NA,NA,NA,Y,4,0,1,2,A,-,03,22350,NA,N,C,C,A,A,H,-,C,A,0,NA,NA,NA,NA,Y,NA,A,01,0,0,1,0,0,0,0,0,0,-,-,NA,NA,ORANGE,ANAHEIM,-117.95887175,33.80322514
7129516,2015,2015-12-08,3004,2015-11-17,0629,P614,25,2,5,6,3004,0,0,0,NA,0,008,FAIRVIEW RD,SOUTH COAST DR,0,NA,Y,A,-,N,NA,NA,NA,NA,NA,NA,NA,NA,NA,Y,4,0,1,2,D,-,00,NA,NA,N,D,C,A,A,H,-,A,A,0,NA,NA,NA,NA,Y,NA,-,-,0,0,1,0,0,0,0,0,0,-,-,33.69142,-117.90763,ORANGE,COSTA MESA,-117.90785007,33.69126002
7130094,2015,2015-12-09,3010,2015-11-30,1549,1108,425,1,5,6,3010,0,0,0,NA,0,003,MAGNOLIA,GARFIELD,0,NA,Y,A,-,N,NA,NA,NA,NA,NA,NA,NA,NA,NA,Y,4,0,1,2,A,-,09,21801,A,N,A,C,A,A,H,-,A,A,0,NA,NA,NA,NA,Y,NA,A,01,0,0,1,0,0,0,0,0,0,-,-,NA,NA,ORANGE,HUNTINGTON BEACH,-117.97145003,33.68681005
7130733,2015,2015-12-10,3001,2015-11-25,1624,A1252,NA,3,5,7,3001,0,0,0,NA,0,0D1,NORTH MAGNOLIA AV,LINCOLN AV,257,N,N,B,-,N,NA,NA,NA,NA,NA,NA,NA,NA,NA,Y,3,0,2,2,A,-,03,22350,NA,N,C,C,A,A,H,-,A,A,0,NA,NA,NA,NA,Y,NA,A,01,0,1,1,0,0,0,0,0,0,-,-,NA,NA,ORANGE,ANAHEIM,-117.976,33.83297451
7130913,2015,2015-12-10,3000,2015-10-14,1236,9684,921G1,3,5,4,3045,0,0,0,NA,0,7A45,PASEO DE VALENCIA,KENNINGTON DR,2,N,N,A,-,N,NA,NA,NA,NA,NA,NA,NA,NA,NA,Y,3,0,2,2,A,-,12,21453,A,N,D,C,A,A,H,-,A,A,0,NA,NA,NA,NA,Y,NA,A,01,0,1,1,0,0,0,0,0,0,-,-,NA,NA,ORANGE,LAGUNA HILLS,-117.70243149,33.60146534
7131385,2015,2015-12-10,3001,2015-11-28,0128,415,NA,6,5,7,3001,0,0,0,NA,0,0D1,BROOKHURST ST,SEQUOIA AV,13,S,N,A,B,N,NA,NA,NA,NA,NA,NA,NA,NA,NA,N,4,0,1,1,A,-,08,22104,NA,N,E,I,A,A,H,-,C,A,0,NA,NA,NA,NA,Y,NA,D,22,0,0,1,0,0,0,0,0,0,-,-,NA,NA,ORANGE,ANAHEIM,-117.95907209,33.8425944
7131836,2015,2015-12-18,3001,2015-12-03,1758,1032,NA,4,5,7,3001,0,0,0,NA,0,0D3,HARBOR BL,VERMONT AV,15,S,N,A,-,N,NA,NA,NA,NA,NA,NA,NA,NA,NA,Y,3,0,1,2,A,-,03,22350,NA,M,A,C,A,A,H,-,C,A,0,NA,NA,NA,NA,Y,NA,D,22,0,1,0,0,0,0,0,0,0,-,-,NA,NA,ORANGE,ANAHEIM,-117.91547655,33.82180044
7132422,2015,2015-12-14,3009,2015-11-01,1920,4352,162,7,5,6,3009,0,0,0,NA,0,2 2,CHAPMAN AV,HASTER ST,165,E,N,A,-,N,NA,NA,NA,NA,NA,NA,NA,NA,NA,Y,3,0,1,1,A,-,03,22350,NA,N,H,J,A,A,H,-,C,A,0,NA,NA,Y,NA,Y,NA,C,02,0,1,0,0,0,0,0,0,1,-,-,NA,NA,ORANGE,GARDEN GROVE,-117.90565824,33.78894
7133009,2015,2015-12-28,3019,2015-12-01,0728,2630,SC,2,5,7,3019,0,0,0,NA,0,004,1ST ST,SHELTON ST,50,E,N,A,-,N,NA,NA,NA,NA,NA,NA,NA,NA,NA,Y,4,0,2,3,A,-,03,22350,NA,N,C,C,A,A,H,-,A,A,0,NA,NA,NA,NA,Y,NA,A,07,0,0,2,0,0,0,0,0,0,-,-,NA,NA,ORANGE,SANTA ANA,-117.88083592,33.74554
7133246,2015,2015-12-14,3001,2015-10-31,2355,A2244,NA,6,5,7,3001,0,0,0,NA,0,002,SOUTH STATE COLLEGE BL,LINCOLN AV,17,S,N,A,-,N,NA,NA,NA,NA,NA,NA,NA,NA,NA,N,4,0,2,2,A,-,03,22350,NA,N,C,C,A,A,H,-,C,A,0,NA,NA,NA,NA,Y,NA,A,08,0,0,2,0,0,0,0,0,0,-,-,NA,NA,ORANGE,ANAHEIM,-117.88933,33.8399734
7133509,2015,2015-12-14,3007,2015-11-21,0852,294,63,6,5,5,3007,0,0,0,NA,0,003,MAGNOLIA,ELLIS,0,NA,Y,A,-,N,NA,NA,NA,NA,NA,NA,NA,NA,NA,Y,4,0,1,2,A,-,09,21801,A,N,A,C,A,A,H,-,A,A,0,NA,NA,NA,NA,Y,NA,A,01,0,0,1,0,0,0,0,0,0,-,-,NA,NA,ORANGE,FOUNTAIN VALLEY,-117.97162005,33.69402011
7135251,2015,2016-01-06,3001,2015-12-17,2007,415,NA,4,5,7,3001,0,0,0,NA,0,0D3,SOUTH HASTER ST,EAST KATELLA AV,528,S,N,A,-,N,NA,NA,NA,NA,NA,NA,NA,NA,NA,N,3,0,1,2,A,-,03,22350,NA,N,D,C,A,A,H,-,C,D,0,NA,Y,NA,NA,Y,NA,L,04,0,1,0,0,0,0,1,0,0,-,-,NA,NA,ORANGE,ANAHEIM,-117.90656582,33.80181265
7137191,2015,2015-12-22,3001,2015-12-06,1845,A1252,D3,7,5,7,3001,0,0,0,NA,0,NA,WEST BALL RD,DISNEYLAND DR,100,E,N,A,-,N,NA,NA,NA,NA,NA,NA,NA,NA,NA,N,4,0,2,2,A,-,03,22350,NA,N,C,C,A,A,H,-,C,A,0,NA,NA,NA,NA,Y,NA,A,01,0,0,2,0,0,0,0,0,0,-,-,NA,NA,ORANGE,ANAHEIM,-117.92219,33.81815
7137192,2015,2015-12-22,3001,2015-12-04,1656,A1656,D2,5,5,7,3001,0,0,0,NA,0,026,EAST LA PALMA AV,NORTH STATE COLLEGE BL,528,E,N,A,-,N,NA,NA,NA,NA,NA,NA,NA,NA,NA,Y,4,0,1,3,A,-,09,21801,A,N,A,C,A,A,H,-,C,D,0,NA,NA,NA,NA,Y,NA,A,01,0,0,1,0,0,0,0,0,0,-,-,NA,NA,ORANGE,ANAHEIM,-117.88756526,33.84727
7137193,2015,2015-12-22,3001,2015-12-01,1522,1373,NA,2,5,7,3001,0,0,0,NA,0,0D2,E LINCOLN AV,N OLIVE ST,0,NA,Y,A,-,N,NA,NA,NA,NA,NA,NA,NA,NA,NA,N,3,0,1,2,A,-,12,21453,A,M,D,G,A,A,H,-,A,A,0,NA,Y,NA,NA,Y,NA,A,01,0,1,0,0,0,0,1,0,0,-,-,NA,NA,ORANGE,ANAHEIM,-117.91051005999999,33.8374901
7137198,2015,2015-12-22,3001,2015-12-04,0914,1555,NA,5,5,7,3001,0,0,0,NA,0,0D2,S CITRON ST,WEST BROADWAY,172,S,N,A,-,N,NA,NA,NA,NA,NA,NA,NA,NA,NA,N,4,0,1,2,A,-,05,21650,1,N,D,G,A,A,H,-,A,D,0,NA,Y,NA,NA,Y,NA,L,04,0,0,1,0,0,0,1,0,0,-,-,NA,NA,ORANGE,ANAHEIM,-117.92244389,33.83070449
7138554,2015,2015-12-23,3019,2015-12-07,0840,2528,NE,1,5,7,3019,0,0,0,NA,0,002,GRAND AV,17TH ST,340,S,N,A,-,N,NA,NA,NA,NA,NA,NA,NA,NA,NA,Y,4,0,1,2,A,-,03,22350,NA,N,C,C,A,A,H,-,A,D,0,NA,NA,NA,NA,Y,NA,A,01,0,0,1,0,0,0,0,0,0,-,-,33.75993,-117.85192,ORANGE,SANTA ANA,-117.85192,33.75898793
7138567,2015,2015-12-23,3014,2015-10-25,0125,1435,RD15,7,5,5,3014,0,0,0,NA,0,0A1,NEWPORT BL,26TH ST,211,S,N,A,-,N,NA,NA,NA,NA,NA,NA,NA,NA,NA,N,2,0,1,2,A,-,11,21954,A,N,G,B,D,A,H,-,C,D,0,Y,NA,NA,NA,Y,Y,N,60,1,0,0,0,1,0,0,0,0,-,-,33.6112,-117.9288,ORANGE,NEWPORT BEACH,-117.9289621,33.61123108
7138579,2015,2015-12-23,3000,2015-10-29,1213,9696,951J5,4,5,5,3040,0,0,0,NA,0,741,GOLDEN LANTERN,SWEET MEADOW,200,N,N,A,-,N,NA,NA,NA,NA,NA,NA,NA,NA,NA,Y,3,0,1,1,A,-,03,22350,NA,N,F,A,A,A,H,-,A,A,0,NA,NA,Y,NA,Y,NA,C,02,0,1,0,0,0,0,0,0,1,-,-,NA,NA,ORANGE,LAGUNA NIGUEL,-117.68587118,33.52286749
7139397,2015,2016-01-08,3015,2015-11-30,1737,1098,55W,1,5,6,3015,0,0,0,NA,0,903,EAST KATELLA AV,N GLASSELL ST,46,E,N,A,-,N,NA,NA,NA,NA,NA,NA,NA,NA,NA,N,4,0,1,2,A,-,03,22350,NA,M,C,C,A,A,H,-,C,A,0,NA,NA,NA,NA,Y,NA,A,01,0,0,1,0,0,0,0,0,0,-,-,NA,NA,ORANGE,ORANGE,-117.85286895,33.80909194
7139444,2015,2016-01-08,3024,2015-11-20,2337,174,P35,5,5,5,3024,0,0,0,NA,0,EAST,BROOKHURST ST,BOLSA AV,17,S,N,A,-,N,NA,NA,NA,NA,NA,NA,NA,NA,NA,N,4,0,1,2,A,-,05,21650,1,N,D,G,A,A,H,-,C,A,0,NA,Y,NA,NA,Y,NA,L,04,0,0,1,0,0,0,1,0,0,-,-,NA,NA,ORANGE,WESTMINSTER,-117.95496778,33.74481343
7140659,2015,2017-02-03,3000,2015-11-23,0641,8787,797J2,1,5,4,3021,0,0,0,NA,0,022,BEACH BL,MONROE AV,36,N,N,A,-,Y,ORA,12,39,-,-,10.885,I,5,N,Y,2,0,3,2,A,-,09,21802,A,N,B,C,A,A,H,-,A,A,0,NA,NA,NA,NA,Y,NA,D,22,3,0,0,0,0,0,0,0,0,-,-,NA,NA,ORANGE,STANTON,-117.99307094,33.80593763
7141021,2015,2015-12-22,3000,2015-11-29,1543,9220,952B4,7,5,4,3018,0,0,0,NA,0,730,VILLAGE RD,RANCHO VIEJO RD,685,E,N,A,-,N,NA,NA,NA,NA,NA,NA,NA,NA,NA,N,3,0,1,2,A,-,11,21954,A,N,G,B,D,A,H,-,A,D,0,Y,NA,NA,NA,Y,NA,N,60,0,1,0,0,1,0,0,0,0,-,-,NA,NA,ORANGE,SAN JUAN CAPISTRANO,-117.67108152,33.53140035
7141732,2015,2016-01-05,3001,2015-12-20,0212,415,NA,7,5,7,3001,0,0,0,NA,0,0D4,S RIO VISTA ST,E VIRGINIA AV,94,N,N,A,B,N,NA,NA,NA,NA,NA,NA,NA,NA,NA,Y,3,0,1,6,A,-,01,23152,A,N,B,E,A,B,H,-,C,D,0,NA,NA,NA,NA,Y,Y,A,01,0,1,0,0,0,0,0,0,0,-,-,NA,NA,ORANGE,ANAHEIM,-117.87166556,33.83514767
7141918,2015,2015-12-30,3001,2015-12-17,1335,1740,NA,4,5,7,3001,0,0,0,NA,0,0D3,EAST BALL RD,SOUTH STATE COLLEGE BL,170,W,N,A,-,N,NA,NA,NA,NA,NA,NA,NA,NA,NA,Y,4,0,1,2,A,-,03,22350,NA,N,C,C,A,A,H,-,A,A,0,NA,NA,NA,NA,Y,NA,A,07,0,0,1,0,0,0,0,0,0,-,-,NA,NA,ORANGE,ANAHEIM,-117.88994832,33.81809588
7142120,2015,2015-12-28,3001,2015-12-11,0634,41022,NA,5,5,7,3001,0,0,0,NA,0,0D1,WEST ORANGE AV,SOUTH KNOTT AV,379,E,N,B,-,N,NA,NA,NA,NA,NA,NA,NA,NA,NA,Y,4,0,1,2,A,-,09,21804,A,N,D,C,A,A,H,-,A,D,0,NA,NA,NA,NA,Y,NA,A,01,0,0,1,0,0,0,0,0,0,-,-,NA,NA,ORANGE,ANAHEIM,-118.00963494,33.8245832
7142251,2015,2016-01-07,3009,2015-12-14,0930,4149,084,1,5,6,3009,0,0,0,NA,0,011,LAMPSON AV,MAGNOLIA ST,1,W,N,A,-,N,NA,NA,NA,NA,NA,NA,NA,NA,NA,N,4,0,1,2,A,-,12,21453,A,N,D,C,A,A,H,-,A,A,0,NA,NA,NA,NA,Y,NA,A,01,0,0,1,0,0,0,0,0,0,-,-,NA,NA,ORANGE,GARDEN GROVE,-117.97546328,33.78119986
7143748,2015,2015-12-28,3008,2015-12-08,2044,1094,Z 1,2,5,6,3008,0,0,0,NA,0,NA,MAGNOLIA AV,BUCKINGHAM RD,24,S,N,A,-,N,NA,NA,NA,NA,NA,NA,NA,NA,NA,Y,4,0,1,2,A,-,12,21453,A,N,D,C,A,A,H,-,C,A,0,NA,NA,NA,NA,Y,NA,A,01,0,0,1,0,0,0,0,0,0,-,-,33.52155,-117.55405,ORANGE,FULLERTON,-117.97627,33.8564942
7143799,2015,2016-07-26,3019,2015-09-19,1337,3147,WESTE,6,5,7,3019,0,0,0,NA,0,001,CORTA ST,FLIGHT ST,20,S,N,A,-,N,NA,NA,NA,NA,NA,NA,NA,NA,NA,N,4,0,1,1,A,-,08,22107,NA,N,H,A,A,A,H,-,A,D,0,NA,NA,NA,NA,Y,NA,-,NA,0,0,1,0,0,0,0,0,0,-,-,NA,NA,ORANGE,SANTA ANA,-117.93347,33.73594517
7143801,2015,2015-12-29,3008,2015-11-19,1233,1431,NA,4,5,6,3008,0,0,0,NA,0,0Z3,CHAPMAN AV,MOUNTAIN VIEW PL,0,NA,Y,A,-,N,NA,NA,NA,NA,NA,NA,NA,NA,NA,Y,4,0,2,2,A,-,09,21802,A,N,D,C,A,A,H,-,A,A,0,NA,NA,NA,NA,Y,NA,A,07,0,0,2,0,0,0,0,0,0,-,-,NA,NA,ORANGE,FULLERTON,-117.89606008,33.87418006
7143834,2015,2017-02-02,3002,2015-11-06,1950,1641,528Y,5,5,4,3002,0,0,0,NA,0,014,IMPERIAL HWY,STATE COLLEGE BL,0,NA,Y,A,-,Y,ORA,12,90,-,-,5.191,I,5,E,N,3,0,1,2,A,-,10,21950,A,M,G,B,B,A,H,-,C,A,0,Y,NA,NA,NA,Y,NA,A,01,0,1,0,0,1,0,0,0,0,-,-,NA,NA,ORANGE,BREA,-117.8879557,33.91178855
7145085,2015,2015-12-28,3019,2015-12-10,0913,2528,WE,4,5,7,3019,0,0,0,NA,0,001,EUCLID ST,WESTMINSTER AV,0,NA,Y,B,-,N,NA,NA,NA,NA,NA,NA,NA,NA,NA,Y,4,0,2,2,A,-,03,22350,NA,N,C,C,A,A,H,-,A,A,0,NA,NA,NA,NA,Y,NA,A,01,0,0,2,0,0,0,0,0,0,-,-,33.75977,-117.93748,ORANGE,SANTA ANA,-117.93763003,33.75959004
7146011,2015,2016-01-19,3008,2015-12-15,1023,1320,NA,2,5,6,3008,0,0,0,NA,0,002,COMMONWEALTH AV,ORANGE,136,W,N,A,-,N,NA,NA,NA,NA,NA,NA,NA,NA,NA,N,3,0,1,2,A,-,09,21804,A,N,D,C,A,A,H,-,A,A,0,NA,NA,NA,NA,Y,NA,A,01,0,1,0,0,0,0,0,0,0,-,-,NA,NA,ORANGE,FULLERTON,-117.94348698,33.87020787
7147546,2015,2016-02-11,3024,2015-11-18,1416,159,P14,3,5,5,3024,0,0,0,NA,0,WEST,WESTMINSTER AV,SPRINGDALE ST,425,W,N,A,-,N,NA,NA,NA,NA,NA,NA,NA,NA,NA,Y,4,0,2,2,A,-,09,21801,A,N,D,C,A,A,H,-,A,D,0,NA,NA,NA,NA,Y,NA,A,01,0,0,2,0,0,0,0,0,0,-,-,NA,NA,ORANGE,WESTMINSTER,-118.02601472,33.7590633
7147624,2015,2016-01-04,3026,2015-12-09,1323,7094,NA,3,5,6,3026,0,0,0,NA,0,00C,ALTON PKWY,SAN MARINO,105,E,N,B,-,N,NA,NA,NA,NA,NA,NA,NA,NA,NA,Y,3,0,5,4,A,-,07,21658,A,N,C,C,A,A,H,-,A,A,0,NA,NA,NA,NA,Y,NA,A,01,0,1,4,0,0,0,0,0,0,-,-,NA,NA,ORANGE,IRVINE,-117.81349647,33.68192107
7147847,2015,2016-01-07,3004,2015-12-16,1312,P633,34,3,5,6,3004,0,0,0,NA,0,015,SOUTH COAST DR,BEAR ST,0,NA,Y,A,-,N,NA,NA,NA,NA,NA,NA,NA,NA,NA,Y,4,0,1,2,A,-,08,22101,D,N,B,C,A,A,H,-,A,A,0,NA,NA,NA,NA,Y,NA,A,07,0,0,1,0,0,0,0,0,0,-,-,33.4125,-117.5332,ORANGE,COSTA MESA,-117.89224006,33.69059004
7148216,2015,2016-01-14,3004,2015-12-30,1951,P603,15,3,5,6,3004,0,0,0,NA,0,004,HARBOR BL,FAIR DR,1,N,N,A,-,N,NA,NA,NA,NA,NA,NA,NA,NA,NA,N,3,0,1,2,A,-,11,21456,NA,N,G,B,B,A,H,-,C,A,0,Y,NA,NA,NA,Y,NA,N,60,0,1,0,0,1,0,0,0,0,-,-,33.66326,-117.91908,ORANGE,COSTA MESA,-117.91928,33.66327274