CASE_ID,ACCIDENT_YEAR,PROC_DATE,JURIS,COLLISION_DATE,COLLISION_TIME,OFFICER_ID,REPORTING_DISTRICT,DAY_OF_WEEK,CHP_SHIFT,POPULATION,CNTY_CITY_LOC,SPECIAL_COND,BEAT_TYPE,CHP_BEAT_TYPE,CITY_DIVISION_LAPD,CHP_BEAT_CLASS,BEAT_NUMBER,PRIMARY_RD,SECONDARY_RD,DISTANCE,DIRECTION,INTERSECTION,WEATHER_1,WEATHER_2,STATE_HWY_IND,CALTRANS_COUNTY,CALTRANS_DISTRICT,STATE_ROUTE,ROUTE_SUFFIX,POSTMILE_PREFIX,POSTMILE,LOCATION_TYPE,RAMP_INTERSECTION,SIDE_OF_HWY,TOW_AWAY,COLLISION_SEVERITY,NUMBER_KILLED,NUMBER_INJURED,PARTY_COUNT,PRIMARY_COLL_FACTOR,PCF_CODE_OF_VIOL,PCF_VIOL_CATEGORY,PCF_VIOLATION,PCF_VIOL_SUBSECTION,HIT_AND_RUN,TYPE_OF_COLLISION,MVIW,PED_ACTION,ROAD_SURFACE,ROAD_COND_1,ROAD_COND_2,LIGHTING,CONTROL_DEVICE,CHP_ROAD_TYPE,PEDESTRIAN_ACCIDENT,BICYCLE_ACCIDENT,MOTORCYCLE_ACCIDENT,TRUCK_ACCIDENT,NOT_PRIVATE_PROPERTY,ALCOHOL_INVOLVED,STWD_VEHTYPE_AT_FAULT,CHP_VEHTYPE_AT_FAULT,COUNT_SEVERE_INJ,COUNT_VISIBLE_INJ,COUNT_COMPLAINT_PAIN,COUNT_PED_KILLED,COUNT_PED_INJURED,COUNT_BICYCLIST_KILLED,COUNT_BICYCLIST_INJURED,COUNT_MC_KILLED,COUNT_MC_INJURED,PRIMARY_RAMP,SECONDARY_RAMP,LATITUDE,LONGITUDE,COUNTY,CITY,POINT_X,POINT_Y
81324828,2020,2020-10-16,3010,2020-10-12,1503,2012,179,1,5,6,3010,0,0,0,NA,0,007,GOLDENWEST ST,SLATER AVE,260,N,N,A,-,N,NA,NA,NA,NA,NA,NA,NA,NA,NA,Y,3,0,2,1,C,-,18,NA,NA,N,E,I,A,A,H,-,A,D,0,NA,NA,NA,NA,Y,NA,-,-,0,2,0,0,0,0,0,0,0,-,-,33.70830154418945,-118.00676727294922,ORANGE,HUNTINGTON BEACH,-118.00650024414063,33.709022521972656
81325632,2020,2020-10-19,3014,2020-10-10,1010,1453,RD43,6,5,5,3014,0,0,0,NA,0,A3,SR-1 (E COAST HWY),IRVINE TERRACE,100,E,N,A,-,Y,NA,NA,NA,NA,NA,NA,NA,NA,NA,N,2,0,1,1,C,-,18,NA,NA,N,H,A,A,A,H,-,A,D,0,NA,Y,NA,NA,Y,NA,-,-,1,0,0,0,0,0,1,0,0,-,-,33.60929870605469,-117.88150024414063,ORANGE,NEWPORT BEACH,NA,NA
8132931,2016,2016-10-26,3009,2016-09-24,1058,4156,156,6,5,6,3009,0,0,0,NA,0,023,CLINTON ST,CARDINAL AV,506,S,N,A,-,N,NA,NA,NA,NA,NA,NA,NA,NA,NA,Y,3,0,1,3,A,-,08,22107,NA,N,F,E,A,A,H,-,A,D,0,NA,NA,NA,NA,Y,NA,A,01,0,1,0,0,0,0,0,0,0,-,-,NA,NA,ORANGE,GARDEN GROVE,-117.91160506,33.76431287
8133089,2016,2016-10-18,3000,2016-09-01,1015,6018,921G7,4,5,5,3040,0,0,0,NA,0,642,LA PAZ RD,ALLEGRA,27,N,N,A,-,N,NA,NA,NA,NA,NA,NA,NA,NA,NA,Y,3,0,2,2,A,-,09,21801,A,N,A,C,A,A,H,-,A,D,0,NA,NA,NA,NA,Y,NA,A,01,0,1,1,0,0,0,0,0,0,-,-,NA,NA,ORANGE,LAGUNA NIGUEL,-117.70836158,33.56084367
8133158,2016,2016-11-15,3003,2016-10-28,1946,657,NA,5,5,5,3003,0,0,0,NA,0,NA,VALLEY VIEW AV,CRESCENT AV,0,NA,Y,A,-,N,NA,NA,NA,NA,NA,NA,NA,NA,NA,Y,4,0,1,1,A,-,03,22350,NA,N,H,A,A,A,H,-,A,A,0,NA,NA,Y,NA,Y,NA,C,02,0,0,1,0,0,0,0,0,1,-,-,NA,NA,ORANGE,BUENA PARK,-118.02864006,33.83943003
81331753,2020,2020-10-27,3001,2020-10-21,1738,A1825,NA,3,5,7,3001,0,0,0,NA,0,D-3,ORANGEWOOD AVENUE,STATE COLLEGE BOULEVARD,0,NA,Y,A,-,N,NA,NA,NA,NA,NA,NA,NA,NA,NA,Y,3,0,3,2,A,-,12,21453,A,N,A,C,A,A,H,-,B,A,0,NA,NA,NA,NA,Y,NA,A,01,0,1,2,0,0,0,0,0,0,-,-,33.796138763427734,-117.88948059082033,ORANGE,ANAHEIM,-117.88932037353516,33.796241760253906
81332526,2020,2020-10-27,3014,2020-10-21,1059,1453,RD15,3,5,5,3014,0,0,0,NA,0,A1,MCFADDEN PL,22ND ST,18,E,N,B,-,N,NA,NA,NA,NA,NA,NA,NA,NA,NA,N,3,0,1,1,A,-,03,22350,NA,N,H,I,A,A,H,-,A,D,0,NA,Y,NA,NA,Y,NA,L,04,0,1,0,0,0,0,1,0,0,-,-,33.60940170288086,-117.92849731445313,ORANGE,NEWPORT BEACH,-117.9277572631836,33.60896682739258
8133277,2016,2016-11-16,3016,2016-10-17,0729,1239,41,1,5,5,3016,0,0,0,NA,0,002,RICHFIELD RD,MIRALOMA AV,245,S,N,B,C,N,NA,NA,NA,NA,NA,NA,NA,NA,NA,Y,4,0,2,2,A,-,03,22350,NA,N,C,C,A,B,H,-,C,A,0,NA,NA,NA,NA,Y,NA,A,01,0,0,2,0,0,0,0,0,0,-,-,33.86195,-117.82581,ORANGE,PLACENTIA,-117.82594182,33.8613284
81332937,2020,2020-10-28,3014,2020-10-10,0800,1508,RD34,6,5,5,3014,0,0,0,NA,0,A3,CAMPUS DR,VON KARMAN AVE,0,NA,Y,A,-,N,NA,NA,NA,NA,NA,NA,NA,NA,NA,Y,2,0,2,2,A,-,12,21453,A,N,D,C,A,A,H,-,A,A,0,NA,NA,NA,NA,Y,NA,A,01,1,1,0,0,0,0,0,0,0,-,-,33.66960144042969,-117.85929870605467,ORANGE,NEWPORT BEACH,-117.85926818847656,33.66960906982422
81333270,2020,2020-10-28,3014,2020-10-17,1100,1508,RD45,6,5,5,3014,0,0,0,NA,0,A4,SR-1 (E. COAST HIGHWAY),SEAWARD RD,0,NA,Y,A,-,Y,NA,NA,NA,NA,NA,NA,NA,NA,NA,N,3,0,1,2,A,-,03,22350,NA,N,H,G,A,A,H,-,A,A,0,NA,Y,NA,NA,Y,NA,L,04,0,1,0,0,0,0,1,0,0,-,-,33.59280014038086,-117.86489868164063,ORANGE,NEWPORT BEACH,NA,NA
8133529,2016,2016-10-03,3016,2016-08-20,1041,1259,30,6,5,5,3016,0,0,0,NA,0,002,KRAEMER BL,CHAPMAN AV,173,N,N,A,-,N,NA,NA,NA,NA,NA,NA,NA,NA,NA,N,4,0,1,2,A,-,03,22350,NA,F,C,C,A,A,H,-,A,A,0,NA,NA,NA,NA,Y,NA,-,NA,0,0,1,0,0,0,0,0,0,-,-,33.87113,-117.86268,ORANGE,PLACENTIA,-117.86273,33.87101
8133586,2016,2016-10-04,3008,2016-08-04,2004,1364,NA,4,5,6,3008,0,0,0,NA,0,0Z2,HIGHLAND AV,ORANGETHORPE AV,35,N,N,A,-,N,NA,NA,NA,NA,NA,NA,NA,NA,NA,Y,4,0,1,2,A,-,03,22350,NA,N,C,C,A,A,H,-,C,A,0,NA,NA,NA,NA,Y,NA,A,07,0,0,1,0,0,0,0,0,0,-,-,NA,NA,ORANGE,FULLERTON,-117.92867209,33.85954594
8133673,2016,2016-10-04,3016,2016-09-13,0937,2127,32,2,5,5,3016,0,0,0,NA,0,001,ROSE DR,ALTA VISTA ST,0,NA,Y,B,C,N,NA,NA,NA,NA,NA,NA,NA,NA,NA,Y,3,0,3,3,A,-,12,21453,A,N,D,C,A,B,H,-,A,A,0,NA,NA,NA,NA,Y,NA,A,01,0,1,2,0,0,0,0,0,0,-,-,33.87572,-117.84307,ORANGE,PLACENTIA,-117.84339014,33.87575001
81340244,2020,2020-11-05,3014,2020-10-31,2207,1527,RD41,6,5,5,3014,0,0,0,NA,0,A3,SR-1,BAYSIDE DR,90,E,N,A,-,Y,NA,NA,NA,NA,NA,NA,NA,NA,NA,Y,3,0,1,2,A,-,01,23152,A,M,B,C,A,A,H,-,C,D,0,NA,NA,NA,NA,Y,Y,A,01,0,1,0,0,0,0,0,0,0,-,-,NA,NA,ORANGE,NEWPORT BEACH,NA,NA
81340630,2020,2020-11-06,3007,2020-10-21,0854,250,55,3,5,5,3007,0,0,0,NA,0,003,BROOKHURST,405,0,NA,Y,B,-,Y,NA,NA,NA,NA,NA,NA,NA,NA,NA,Y,4,0,1,2,A,-,12,21453,A,N,D,C,A,A,D,-,A,-,0,NA,NA,NA,NA,Y,NA,A,01,0,0,1,0,0,0,0,0,0,-,-,NA,NA,ORANGE,FOUNTAIN VALLEY,-117.95442962646484,33.70547103881836
8134254,2016,2016-11-01,3019,2016-09-07,0758,2797,SC,3,5,7,3019,0,0,0,NA,0,001,BAKER ST,PINE ST,0,NA,Y,B,-,N,NA,NA,NA,NA,NA,NA,NA,NA,NA,N,3,0,1,2,A,-,09,21802,A,N,B,C,A,A,H,-,A,A,0,NA,NA,NA,NA,Y,NA,A,01,0,1,0,0,0,0,0,0,0,-,-,33.74366,-117.88258,ORANGE,SANTA ANA,-117.88279011,33.74357006
81343351,2020,2020-11-11,3007,2020-11-04,1338,230,33,3,5,5,3007,0,0,0,NA,0,001,WARNER,MAGNOLIA,325,E,N,A,-,N,NA,NA,NA,NA,NA,NA,NA,NA,NA,N,3,0,1,2,A,-,09,21801,A,M,-,C,A,A,H,-,A,D,0,NA,NA,NA,NA,Y,NA,A,01,0,1,0,0,0,0,0,0,0,-,-,NA,NA,ORANGE,FOUNTAIN VALLEY,-117.97089385986328,33.71576690673828
81343368,2020,2020-11-11,3014,2020-10-19,1258,1570,RD54,1,5,5,3014,0,0,0,NA,0,A4,BONITA CANYON DR,PRAIRIE RD,293,E,N,A,-,N,NA,NA,NA,NA,NA,NA,NA,NA,NA,N,2,0,1,1,A,-,03,22350,NA,N,H,I,A,A,C,-,A,A,0,NA,Y,NA,NA,Y,NA,L,04,1,0,0,0,0,0,1,0,0,-,-,33.628501892089844,-117.84829711914063,ORANGE,NEWPORT BEACH,-117.84870910644533,33.62883758544922
8134348,2016,2016-10-05,3024,2016-09-28,1023,329,P36,3,5,5,3024,0,0,0,NA,0,EAST,DANBOROUGH ST,CUNNINGHAM AV,133,N,N,A,-,N,NA,NA,NA,NA,NA,NA,NA,NA,NA,N,3,0,1,2,A,-,21,22106,NA,F,G,B,F,A,H,-,A,D,0,Y,NA,NA,NA,Y,NA,A,01,0,1,0,0,1,0,0,0,0,-,-,NA,NA,ORANGE,WESTMINSTER,-117.94788502,33.73991462
8134794,2016,2016-10-05,3001,2016-09-22,1329,1740,NA,4,5,7,3001,0,0,0,NA,0,0D1,GILBERT ST,CRESCENT AV,0,NA,Y,A,-,N,NA,NA,NA,NA,NA,NA,NA,NA,NA,Y,4,0,2,2,A,-,12,21453,A,N,D,C,A,A,H,-,A,A,0,NA,NA,NA,NA,Y,NA,-,-,0,0,2,0,0,0,0,0,0,-,-,NA,NA,ORANGE,ANAHEIM,-117.96773011,33.83970002
8134809,2016,2016-10-05,3001,2016-09-20,1635,2256,NA,2,5,7,3001,0,0,0,NA,0,0B2,LA PALMA AV,ONONDAGA ST,0,NA,Y,A,-,N,NA,NA,NA,NA,NA,NA,NA,NA,NA,Y,3,0,1,2,A,-,09,21801,A,N,D,C,A,A,H,-,A,D,0,NA,NA,NA,NA,Y,NA,A,07,0,1,0,0,0,0,0,0,0,-,-,NA,NA,ORANGE,ANAHEIM,-117.94649002,33.84706008
81349967,2020,2020-11-20,3001,2020-11-10,0641,A1252,NA,2,5,7,3001,0,0,0,NA,0,D-3,HARBOR BOULEVARD,KATELLA AVENUE,0,NA,Y,A,-,N,NA,NA,NA,NA,NA,NA,NA,NA,NA,Y,4,0,2,2,A,-,12,21453,A,N,D,C,A,A,H,-,B,A,0,NA,NA,NA,NA,Y,NA,A,07,0,0,2,0,0,0,0,0,0,-,-,33.80213165283203,-117.91575622558594,ORANGE,ANAHEIM,-117.91541290283205,33.80342102050781
81349972,2020,2020-11-20,3001,2020-11-11,1740,A2599,D-1,3,5,7,3001,0,0,0,NA,0,D-1,CRESCENT AVENUE,COLORADO STREET,95,E,N,A,-,N,NA,NA,NA,NA,NA,NA,NA,NA,NA,Y,4,0,1,2,A,-,08,22107,NA,N,C,E,A,A,H,-,C,D,0,NA,NA,NA,NA,Y,NA,A,07,0,0,1,0,0,0,0,0,0,-,-,33.839599609375,-117.98188018798828,ORANGE,ANAHEIM,-117.98143768310548,33.8394889831543
81353203,2020,2020-11-25,3010,2020-11-21,1326,3042,251,6,5,6,3010,0,0,0,NA,0,007,EDINGER AVE,GOTHARD ST,355,W,N,A,-,N,NA,NA,NA,NA,NA,NA,NA,NA,NA,Y,4,0,2,2,A,-,03,22350,NA,N,C,C,A,A,H,-,A,A,0,NA,NA,NA,NA,Y,NA,A,01,0,0,2,0,0,0,0,0,0,-,-,33.730018615722656,-118.00010681152344,ORANGE,HUNTINGTON BEACH,-118.0014419555664,33.730159759521484
8135407,2016,2016-10-07,3019,2016-08-08,0909,1291,WESTE,1,5,7,3019,0,0,0,NA,0,001,1ST ST,SUSAN ST,906,E,N,A,-,N,NA,NA,NA,NA,NA,NA,NA,NA,NA,Y,2,0,1,2,A,-,03,22350,NA,N,C,C,A,A,H,-,A,D,0,NA,NA,NA,Y,Y,NA,D,22,1,0,0,0,0,0,0,0,0,-,-,NA,NA,ORANGE,SANTA ANA,-117.91065746,33.74523
81354252,2020,2020-11-26,3001,2020-11-24,1215,A1880,NA,2,5,7,3001,0,0,0,NA,0,D-1,W CHESTNUT ST (NORTH ALLEY),SOUTH WEST ST,266,W,N,A,-,N,NA,NA,NA,NA,NA,NA,NA,NA,NA,N,3,0,1,2,A,-,11,21954,A,N,G,B,E,A,H,-,A,D,0,Y,NA,NA,NA,Y,NA,N,60,0,1,0,0,1,0,0,0,0,-,-,NA,NA,ORANGE,ANAHEIM,-117.92752838134766,33.83115768432617
81356877,2020,2020-12-02,3010,2020-11-29,1407,1243,272,7,5,6,3010,0,0,0,NA,0,006,BEACH BL - SR39,SLATER AVE,40,N,N,A,-,Y,NA,NA,NA,NA,NA,NA,NA,NA,NA,N,4,0,2,2,A,-,03,22350,NA,F,C,C,A,A,H,-,A,A,0,NA,NA,NA,NA,Y,NA,-,99,0,0,2,0,0,0,0,0,0,-,-,33.70724868774414,-117.98932647705078,ORANGE,HUNTINGTON BEACH,NA,NA
81361641,2020,2020-12-09,3001,2020-12-06,1110,A2382,NA,7,5,7,3001,0,0,0,NA,0,D-2,ROMNEYA DRIVE,EAST STREET,78,E,N,A,-,N,NA,NA,NA,NA,NA,NA,NA,NA,NA,Y,3,0,1,2,A,-,08,22107,NA,N,B,E,A,A,H,-,A,D,0,NA,NA,NA,NA,Y,NA,A,01,0,1,0,0,0,0,0,0,0,-,-,33.85111999511719,-117.9066162109375,ORANGE,ANAHEIM,-117.90644073486328,33.85091781616211
81361645,2020,2020-12-09,3001,2020-12-08,1121,A1880,NA,2,5,7,3001,0,0,0,NA,0,D-1,HARBOR BOULEVARD,DISNEY WAY,39,S,N,B,-,N,NA,NA,NA,NA,NA,NA,NA,NA,NA,N,4,0,1,2,A,-,03,22350,NA,F,C,C,A,A,H,-,A,A,0,NA,NA,NA,NA,Y,NA,A,01,0,0,1,0,0,0,0,0,0,-,-,33.80664825439453,-117.91526794433594,ORANGE,ANAHEIM,-117.9152374267578,33.80691146850586
81362509,2020,2020-12-10,3010,2020-12-07,1255,1059,128,1,5,6,3010,0,0,0,NA,0,009,LARCHWOOD DR,SUNNYCREST LN,8,W,N,B,-,N,NA,NA,NA,NA,NA,NA,NA,NA,NA,N,4,0,1,2,D,-,00,NA,NA,N,G,B,B,A,H,-,A,A,0,Y,NA,NA,NA,Y,NA,-,-,0,0,1,0,1,0,0,0,0,-,-,33.74618148803711,-118.01661682128906,ORANGE,HUNTINGTON BEACH,-118.01725769042967,33.746971130371094
81363884,2020,2020-12-11,3001,2020-11-30,1643,A2187,D-2,1,5,7,3001,0,0,0,NA,0,NA,LINCOLN AVENUE,EUCLID STREET,36,W,N,A,-,N,NA,NA,NA,NA,NA,NA,NA,NA,NA,N,4,0,1,2,A,-,01,23152,F,N,C,C,A,A,H,-,A,A,0,NA,NA,NA,NA,Y,NA,A,01,0,0,1,0,0,0,0,0,0,-,-,33.83272171020508,-117.94159698486328,ORANGE,ANAHEIM,-117.94159698486328,33.83258819580078
81364800,2020,2020-12-14,3024,2020-10-20,0535,184,P-15,2,5,5,3024,0,0,0,NA,0,WEST,WESTMINSTER AVENUE,SPRINGDALE STREET,112,W,N,A,-,N,NA,NA,NA,NA,NA,NA,NA,NA,NA,N,4,0,1,2,A,-,05,21650,1,N,D,G,A,A,H,-,C,D,0,NA,Y,NA,NA,Y,NA,L,04,0,0,1,0,0,0,1,0,0,-,-,33.75897979736328,-118.0246810913086,ORANGE,WESTMINSTER,-118.02498626708984,33.75907897949219
81364989,2020,2020-12-14,3014,2020-11-10,0755,1418,RD26,2,5,5,3014,0,0,0,NA,0,A2,SR-1 (W. COAST HWY),DOVER DR,91,E,N,A,-,N,NA,NA,NA,NA,NA,NA,NA,NA,NA,N,3,0,1,1,C,-,18,NA,NA,N,H,A,A,D,B,-,A,D,0,NA,Y,NA,NA,Y,NA,-,-,0,1,0,0,0,0,1,0,0,-,-,NA,NA,ORANGE,NEWPORT BEACH,-117.90690612792967,33.61631774902344
81367033,2020,2020-12-15,3001,2020-12-13,0241,A1047,NA,7,5,7,3001,0,0,0,NA,0,D-1,LINCOLN AVENUE,MAGNOLIA AVENUE,0,NA,Y,A,-,N,NA,NA,NA,NA,NA,NA,NA,NA,NA,Y,4,0,1,2,A,-,12,21453,A,M,D,C,A,A,H,-,C,A,0,NA,NA,NA,NA,Y,NA,A,01,0,0,1,0,0,0,0,0,0,-,-,33.83222961425781,-117.97628021240234,ORANGE,ANAHEIM,-117.97599029541016,33.832271575927734
81371421,2020,2020-12-21,3001,2020-12-17,1920,A1047,NA,4,5,7,3001,0,0,0,NA,0,D-4,MILLER STREET,MIRALOMA AVENUE,0,NA,Y,A,-,N,NA,NA,NA,NA,NA,NA,NA,NA,NA,Y,3,0,2,2,A,-,09,21801,A,N,A,C,A,A,H,-,C,A,0,NA,NA,NA,NA,Y,NA,A,01,0,1,1,0,0,0,0,0,0,-,-,33.860721588134766,-117.84944152832033,ORANGE,ANAHEIM,-117.84944152832033,33.86069869995117
81371479,2020,2020-12-21,3007,2020-12-16,0043,306,57,3,5,5,3007,0,0,0,NA,0,002,TALBERT,EUCLID,0,NA,Y,A,-,N,NA,NA,NA,NA,NA,NA,NA,NA,NA,N,4,0,1,2,A,-,12,21453,A,N,D,C,A,A,H,-,C,A,0,NA,NA,NA,NA,Y,NA,-,-,0,0,1,0,0,0,0,0,0,-,-,NA,NA,ORANGE,FOUNTAIN VALLEY,-117.93702697753906,33.70193099975586
8137330,2016,2016-10-11,3015,2016-09-23,1951,1419,NA,5,5,6,3015,0,0,0,NA,0,346,E COLLINS AV,N SHAFFER ST,76,W,N,A,-,N,NA,NA,NA,NA,NA,NA,NA,NA,NA,Y,4,0,1,3,A,-,03,22350,NA,F,B,C,A,A,H,-,C,A,0,NA,NA,NA,NA,Y,NA,-,NA,0,0,1,0,0,0,0,0,0,-,-,NA,NA,ORANGE,ORANGE,-117.84895956,33.80236
81374433,2020,2020-12-24,3001,2020-12-21,1519,A2382,NA,1,5,7,3001,0,0,0,NA,0,D-2,HARBOR BOULEVARD,LA PALMA AVENUE,0,NA,Y,A,-,N,NA,NA,NA,NA,NA,NA,NA,NA,NA,Y,3,0,1,2,A,-,09,21801,A,N,D,C,A,A,H,-,A,A,0,NA,NA,NA,NA,Y,NA,A,01,0,1,0,0,0,0,0,0,0,-,-,33.846099853515625,-117.92340850830078,ORANGE,ANAHEIM,-117.9238510131836,33.84720993041992
81376162,2020,2020-12-28,3014,2020-12-13,1640,1462,RD39,7,5,5,3014,0,0,0,NA,0,A3,JAMBOREE RD,SAN JOAQUIN HILLS RD,0,NA,Y,A,-,N,NA,NA,NA,NA,NA,NA,NA,NA,NA,N,3,0,1,2,A,-,12,21453,A,N,H,G,A,A,H,-,A,A,0,NA,NA,NA,NA,Y,NA,M,91,0,1,0,0,0,0,0,0,0,-,-,33.625301361083984,-117.87920379638672,ORANGE,NEWPORT BEACH,-117.87928771972656,33.625301361083984
81376170,2020,2020-12-28,3014,2020-11-26,1340,1453,RD38,4,5,5,3014,0,0,0,NA,0,A3,MACARTHUR BLVD,SAN JOAQUIN HILLS RD,45,N,N,A,G,N,NA,NA,NA,NA,NA,NA,NA,NA,NA,Y,4,0,4,2,A,-,03,22350,NA,N,C,C,A,A,H,-,A,A,0,NA,NA,NA,NA,Y,NA,A,01,0,0,4,0,0,0,0,0,0,-,-,33.61470031738281,-117.86660003662108,ORANGE,NEWPORT BEACH,-117.86695861816406,33.614749908447266
8137702,2016,2016-10-14,3008,2016-08-10,1517,1297,NA,3,5,6,3008,0,0,0,NA,0,0Z3,CHAPMAN AV,COMMONWEALTH AV,0,NA,Y,A,-,N,NA,NA,NA,NA,NA,NA,NA,NA,NA,Y,3,0,2,3,A,-,09,21801,A,N,A,C,A,A,H,-,A,A,0,NA,NA,NA,NA,Y,NA,D,22,0,2,0,0,0,0,0,0,0,-,-,NA,NA,ORANGE,FULLERTON,-117.88424006,33.87430004
81378372,2020,2020-12-31,3001,2020-12-08,1402,A2227,NA,2,5,7,3001,0,0,0,NA,0,D-2,SUNKIST STREET,WESTPORT DRIVE,142,N,N,A,-,N,NA,NA,NA,NA,NA,NA,NA,NA,NA,Y,4,0,1,4,A,-,08,22107,NA,N,C,E,A,A,H,-,A,D,0,NA,NA,NA,NA,Y,NA,A,01,0,0,1,0,0,0,0,0,0,-,-,33.83639907836914,-117.88072204589844,ORANGE,ANAHEIM,-117.88054656982422,33.836891174316406
81379246,2020,2021-01-04,3010,2020-12-26,0906,2090,292,6,5,6,3010,0,0,0,NA,0,005,BEACH BL - SR39,TALBERT AVE,14,N,N,A,-,Y,NA,NA,NA,NA,NA,NA,NA,NA,NA,Y,4,0,3,3,A,-,12,21453,A,N,D,C,A,A,H,-,A,A,0,NA,NA,NA,NA,Y,NA,A,01,0,0,3,0,0,0,0,0,0,-,-,33.70003890991211,-117.9893798828125,ORANGE,HUNTINGTON BEACH,NA,NA
81380442,2020,2021-01-05,3015,2020-11-26,1810,1515,RD 12,4,5,6,3015,0,0,0,NA,0,732M,CANNON ST,GABRIELLE LN,202,S,N,G,-,N,NA,NA,NA,NA,NA,NA,NA,NA,NA,Y,3,0,1,1,A,-,03,22350,NA,N,E,I,A,A,H,-,C,D,0,NA,NA,NA,NA,Y,Y,A,08,0,1,0,0,0,0,0,0,0,-,-,33.83277893066406,-117.79540252685548,ORANGE,ORANGE,-117.79505157470705,33.83222579956055
81384523,2021,2021-01-11,3015,2021-01-07,1718,1403,76,4,5,6,3015,0,0,0,NA,0,331,E. CHAPMAN AVE,N. PROSPECT ST,617,E,N,B,-,N,NA,NA,NA,NA,NA,NA,NA,NA,NA,Y,4,0,1,2,A,-,09,21804,A,N,B,C,A,A,H,-,C,A,0,NA,NA,NA,NA,Y,NA,A,01,0,0,1,0,0,0,0,0,0,-,-,NA,NA,ORANGE,ORANGE,-117.81637573242188,33.78779983520508
81384551,2020,2021-01-11,3024,2020-12-04,2339,492,P-37,5,5,5,3024,0,0,0,NA,0,EAST,BEACH BOULEVARD (SR39),MCFADDEN AVENUE,0,NA,Y,A,-,Y,NA,NA,NA,NA,NA,NA,NA,NA,NA,N,2,0,1,2,A,-,11,21954,A,N,G,B,E,A,H,-,C,D,0,Y,NA,NA,NA,Y,NA,N,60,1,0,0,0,1,0,0,0,0,-,-,NA,NA,ORANGE,WESTMINSTER,-117.98950958251952,33.73748016357422
81387865,2021,2021-01-15,3001,2021-01-06,1205,A1622,D-1,3,5,7,3001,0,0,0,NA,0,D-1,CRESCENT AVENUE,MAGNOLIA AVENUE,0,NA,Y,A,-,N,NA,NA,NA,NA,NA,NA,NA,NA,NA,Y,3,0,2,2,A,-,12,21453,A,N,D,C,A,A,H,-,A,A,0,NA,NA,NA,NA,Y,NA,A,07,0,2,0,0,0,0,0,0,0,-,-,33.839569091796875,-117.9761962890625,ORANGE,ANAHEIM,-117.97606658935548,33.83955001831055
81388537,2021,2021-01-18,3010,2021-01-11,1551,1243,252,1,5,6,3010,0,0,0,NA,0,007,EDINGER AVE,PARKSIDE LN,0,NA,Y,A,-,N,NA,NA,NA,NA,NA,NA,NA,NA,NA,N,4,0,1,2,A,-,12,21453,A,N,D,C,A,A,H,-,A,D,0,NA,NA,NA,NA,Y,NA,A,07,0,0,1,0,0,0,0,0,0,-,-,33.7299690246582,-117.99150848388672,ORANGE,HUNTINGTON BEACH,-117.99166870117188,33.730262756347656
81388572,2020,2021-01-18,3024,2020-12-14,1455,435,P-18,1,5,5,3024,0,0,0,NA,0,WEST,BEACH BOULEVARD (SR 39),14TH STREET,0,NA,Y,A,-,Y,NA,NA,NA,NA,NA,NA,NA,NA,NA,Y,4,0,1,2,A,-,09,21801,A,N,D,C,A,A,H,-,A,A,0,NA,NA,NA,NA,Y,NA,A,01,0,0,1,0,0,0,0,0,0,-,-,NA,NA,ORANGE,WESTMINSTER,-117.98975372314452,33.75653076171875
8138953,2016,2016-12-02,3004,2016-11-14,1208,P603,20,1,5,6,3004,0,0,0,NA,0,004,HARBOR BL,DATE PL,224,N,N,A,-,N,NA,NA,NA,NA,NA,NA,NA,NA,NA,Y,4,0,1,2,A,-,07,21658,A,N,B,C,A,A,H,-,A,D,0,NA,NA,NA,NA,Y,NA,A,01,0,0,1,0,0,0,0,0,0,-,-,33.68393,-117.91925,ORANGE,COSTA MESA,-117.91946,33.68452412
81391846,2021,2021-01-21,3001,2021-01-09,1047,A1466,D-1,6,5,7,3001,0,0,0,NA,0,D-1,BEACH BOULEVARD,ANACAPA WAY,179,S,N,A,-,N,NA,NA,NA,NA,NA,NA,NA,NA,NA,N,4,0,1,2,A,-,08,22107,NA,N,D,G,A,A,H,-,A,D,0,NA,Y,NA,NA,Y,NA,A,01,0,0,1,0,0,0,1,0,0,-,-,NA,NA,ORANGE,ANAHEIM,-117.99342346191406,33.83386993408203
8139315,2016,2016-12-22,3000,2016-11-27,0140,5377,951J2,7,5,5,3040,0,0,0,NA,0,743,CROWN VALLEY PKWY,MOULTON PKWY,28,W,N,C,-,N,NA,NA,NA,NA,NA,NA,NA,NA,NA,Y,3,0,1,1,A,-,08,22107,NA,N,A,I,A,B,H,-,C,A,0,NA,NA,NA,NA,Y,NA,A,07,0,1,0,0,0,0,0,0,0,-,-,NA,NA,ORANGE,LAGUNA NIGUEL,-117.69217456,33.54304553
81398255,2021,2021-01-29,3001,2021-01-23,1906,A1047,NA,6,5,7,3001,0,0,0,NA,0,D-1,LINCOLN AVENUE,GAIN STREET,260,E,N,B,C,N,NA,NA,NA,NA,NA,NA,NA,NA,NA,Y,3,0,3,2,A,-,01,23152,A,M,A,C,A,B,H,-,C,A,0,NA,NA,NA,NA,Y,Y,A,01,0,1,2,0,0,0,0,0,0,-,-,33.83224105834961,-117.97328948974608,ORANGE,ANAHEIM,-117.97212982177734,33.832218170166016