CASE_ID,ACCIDENT_YEAR,PROC_DATE,JURIS,COLLISION_DATE,COLLISION_TIME,OFFICER_ID,REPORTING_DISTRICT,DAY_OF_WEEK,CHP_SHIFT,POPULATION,CNTY_CITY_LOC,SPECIAL_COND,BEAT_TYPE,CHP_BEAT_TYPE,CITY_DIVISION_LAPD,CHP_BEAT_CLASS,BEAT_NUMBER,PRIMARY_RD,SECONDARY_RD,DISTANCE,DIRECTION,INTERSECTION,WEATHER_1,WEATHER_2,STATE_HWY_IND,CALTRANS_COUNTY,CALTRANS_DISTRICT,STATE_ROUTE,ROUTE_SUFFIX,POSTMILE_PREFIX,POSTMILE,LOCATION_TYPE,RAMP_INTERSECTION,SIDE_OF_HWY,TOW_AWAY,COLLISION_SEVERITY,NUMBER_KILLED,NUMBER_INJURED,PARTY_COUNT,PRIMARY_COLL_FACTOR,PCF_CODE_OF_VIOL,PCF_VIOL_CATEGORY,PCF_VIOLATION,PCF_VIOL_SUBSECTION,HIT_AND_RUN,TYPE_OF_COLLISION,MVIW,PED_ACTION,ROAD_SURFACE,ROAD_COND_1,ROAD_COND_2,LIGHTING,CONTROL_DEVICE,CHP_ROAD_TYPE,PEDESTRIAN_ACCIDENT,BICYCLE_ACCIDENT,MOTORCYCLE_ACCIDENT,TRUCK_ACCIDENT,NOT_PRIVATE_PROPERTY,ALCOHOL_INVOLVED,STWD_VEHTYPE_AT_FAULT,CHP_VEHTYPE_AT_FAULT,COUNT_SEVERE_INJ,COUNT_VISIBLE_INJ,COUNT_COMPLAINT_PAIN,COUNT_PED_KILLED,COUNT_PED_INJURED,COUNT_BICYCLIST_KILLED,COUNT_BICYCLIST_INJURED,COUNT_MC_KILLED,COUNT_MC_INJURED,PRIMARY_RAMP,SECONDARY_RAMP,LATITUDE,LONGITUDE,COUNTY,CITY,POINT_X,POINT_Y
81469640,2021,2021-05-11,3022,2021-04-17,0353,1341,NA,6,5,5,3022,0,0,0,NA,0,NA,IRVINE BLVD,OLD IRVINE BLVD,0,NA,Y,A,-,N,NA,NA,NA,NA,NA,NA,NA,NA,NA,Y,4,0,1,1,A,-,01,23152,A,N,E,I,A,A,H,-,C,A,0,NA,NA,NA,NA,Y,Y,A,01,0,0,1,0,0,0,0,0,0,-,-,33.74768829345703,-117.80847930908205,ORANGE,TUSTIN,-117.80971527099608,33.748138427734375
81469641,2021,2021-05-11,3022,2021-04-20,2358,1343,NA,2,5,5,3022,0,0,0,NA,0,NA,PIONEER WY,PIONEER RD,0,NA,Y,A,-,N,NA,NA,NA,NA,NA,NA,NA,NA,NA,N,3,0,1,1,A,-,01,23152,G,N,E,J,A,A,H,-,C,A,0,NA,NA,NA,NA,Y,Y,A,01,0,1,0,0,0,0,0,0,0,-,-,33.75006103515625,-117.77124786376952,ORANGE,TUSTIN,-117.77124786376952,33.75005340576172
81470407,2021,2021-05-11,3014,2021-04-30,1145,1520,RD38,5,5,5,3014,0,0,0,NA,0,A3,FORD RD,BELCOURT DR,0,NA,Y,A,-,N,NA,NA,NA,NA,NA,NA,NA,NA,NA,Y,3,0,1,2,A,-,08,22107,NA,N,F,C,A,A,H,-,A,D,0,NA,NA,NA,NA,Y,NA,A,01,0,1,0,0,0,0,0,0,0,-,-,33.62889862060547,-117.86479949951172,ORANGE,NEWPORT BEACH,-117.86492156982422,33.628841400146484
81470667,2021,2021-05-12,3019,2021-03-25,1319,3196,WE,4,5,7,3019,0,0,0,NA,0,001,JACKSON STREET,JAMES AVENUE,14,S,N,B,G,N,NA,NA,NA,NA,NA,NA,NA,NA,NA,Y,3,0,1,2,A,-,08,22107,NA,N,D,C,A,A,H,-,A,D,0,NA,NA,NA,NA,Y,NA,A,01,0,1,0,0,0,0,0,0,0,-,-,33.73923110961914,-117.915771484375,ORANGE,SANTA ANA,-117.91570281982422,33.738990783691406
8147097,2016,2016-10-14,3000,2016-08-12,1745,5114,770D7,5,5,2,3023,0,0,0,NA,0,315,SANTIAGO BL,ARDEN VILLA,207,N,N,A,-,N,NA,NA,NA,NA,NA,NA,NA,NA,NA,N,4,0,1,2,A,-,09,21804,A,N,D,C,A,A,H,-,A,A,0,NA,NA,NA,NA,Y,NA,A,07,0,0,1,0,0,0,0,0,0,-,-,NA,NA,ORANGE,VILLA PARK,-117.82141829,33.81405005
81472186,2021,2021-05-13,3024,2021-04-10,1408,400,P-05,6,5,5,3024,0,0,0,NA,0,WEST,GOLDENWEST STREET,TRASK AVENUE,100,N,N,A,-,N,NA,NA,NA,NA,NA,NA,NA,NA,NA,Y,4,0,4,2,A,-,08,22107,NA,N,D,C,A,A,H,-,A,A,0,NA,NA,NA,NA,Y,NA,A,01,0,0,4,0,0,0,0,0,0,-,-,33.76639938354492,-118.00714111328124,ORANGE,WESTMINSTER,-118.00724792480467,33.76664352416992
81474033,2021,2021-05-17,3001,2021-04-30,1518,A2292,NA,5,5,7,3001,0,0,0,NA,0,D-3,BALL ROAD,DISNEYLAND DRIVE,113,W,N,A,-,N,NA,NA,NA,NA,NA,NA,NA,NA,NA,Y,4,0,1,2,A,-,05,21651,A,N,D,C,A,A,H,-,A,D,0,NA,NA,Y,NA,Y,NA,C,02,0,0,1,0,0,0,0,0,1,-,-,33.817928314208984,-117.92196655273438,ORANGE,ANAHEIM,-117.92271423339844,33.81814956665039
81477300,2021,2021-05-20,3001,2021-05-10,2207,A1252,NA,1,5,7,3001,0,0,0,NA,0,D-1,BROOKHURST STREET,I-5 (N/B OFF RAMP),0,NA,Y,A,-,Y,NA,NA,NA,NA,NA,NA,NA,NA,NA,Y,4,0,3,2,A,-,01,23152,F,N,D,C,A,A,H,-,C,A,0,NA,NA,NA,NA,Y,NA,A,01,0,0,3,0,0,0,0,0,0,-,-,33.84469985961914,-117.95890808105467,ORANGE,ANAHEIM,-117.9589385986328,33.84531784057617
81477356,2020,2021-05-20,3019,2020-11-20,1825,3716,SE,5,5,7,3019,0,0,0,NA,0,170,DYER ROAD,BRADFORD PLACE,150,W,N,A,-,N,NA,NA,NA,NA,NA,NA,NA,NA,NA,Y,4,0,1,1,A,-,03,22350,NA,N,E,I,A,A,H,-,D,D,0,NA,NA,NA,NA,Y,NA,A,01,0,0,1,0,0,0,0,0,0,-,-,33.70806121826172,-117.8737335205078,ORANGE,SANTA ANA,-117.87345123291016,33.708763122558594
81478514,2021,2021-05-21,3019,2021-04-10,0005,3551,SC,6,5,7,3019,0,0,0,NA,0,NA,FAIRVIEW STREET,HARVARD STREET,0,NA,Y,A,-,N,NA,NA,NA,NA,NA,NA,NA,NA,NA,Y,4,0,1,2,A,-,03,22350,NA,N,D,C,A,A,H,-,C,A,0,NA,NA,Y,NA,Y,Y,A,01,0,0,1,0,0,0,0,0,1,-,-,33.72024154663086,-117.90865325927734,ORANGE,SANTA ANA,-117.90851593017578,33.720237731933594
81479307,2021,2021-05-24,3010,2021-05-18,1538,0147,136,2,5,6,3010,0,0,0,NA,0,009,OCEANUS DR,TRITON LN,578,E,N,A,-,N,NA,NA,NA,NA,NA,NA,NA,NA,NA,Y,3,0,2,2,A,-,09,21801,A,N,D,C,A,A,H,-,A,D,0,NA,NA,NA,NA,Y,NA,D,22,0,1,1,0,0,0,0,0,0,-,-,33.74285125732422,-118.03958129882813,ORANGE,HUNTINGTON BEACH,-118.0376434326172,33.74264907836914
81482600,2021,2021-05-27,3019,2021-05-08,1127,3445,WE,6,5,7,3019,0,0,0,NA,0,001,CLINTON STREET,17TH STREET,50,S,N,A,-,N,NA,NA,NA,NA,NA,NA,NA,NA,NA,N,4,0,1,2,A,-,06,21755,NA,N,D,C,A,A,H,-,A,D,0,NA,NA,NA,NA,Y,NA,D,22,0,0,1,0,0,0,0,0,0,-,-,NA,NA,ORANGE,SANTA ANA,NA,NA
81485361,2021,2021-05-31,3015,2021-05-24,1542,1569,32E,1,5,6,3015,0,0,0,NA,0,312,BATAVIA ST,WALNUT AVE,0,NA,Y,A,-,N,NA,NA,NA,NA,NA,NA,NA,NA,NA,Y,4,0,1,2,A,-,12,21453,A,N,D,C,A,A,H,-,A,A,0,NA,NA,NA,NA,Y,NA,A,01,0,0,1,0,0,0,0,0,0,-,-,33.79513168334961,-117.86181640625,ORANGE,ORANGE,-117.86183166503906,33.795127868652344
81485382,2021,2021-05-31,3010,2021-05-26,1506,1261,156,3,5,6,3010,0,0,0,NA,0,008,GRAHAM ST,HEIL AVE,0,NA,Y,A,-,N,NA,NA,NA,NA,NA,NA,NA,NA,NA,Y,3,0,3,2,A,-,09,21801,A,N,A,C,A,A,H,-,A,A,0,NA,NA,NA,NA,Y,NA,A,01,0,1,2,0,0,0,0,0,0,-,-,33.72209930419922,-118.0326919555664,ORANGE,HUNTINGTON BEACH,-118.03279876708984,33.72264099121094
81485878,2021,2021-06-01,3001,2021-05-07,0932,A1555,D-1,5,5,7,3001,0,0,0,NA,0,D-1,LINCOLN AVENUE,BEACH BOULEVARD,0,NA,Y,B,-,Y,NA,NA,NA,NA,NA,NA,NA,NA,NA,Y,3,0,2,4,A,-,12,21453,A,N,D,C,A,A,H,-,A,A,0,NA,NA,NA,NA,Y,NA,A,01,0,1,1,0,0,0,0,0,0,-,-,33.83192825317383,-117.99334716796876,ORANGE,ANAHEIM,-117.99337768554688,33.83198165893555
81485972,2021,2021-06-01,3019,2021-05-26,1500,2771,WE,3,5,7,3019,0,0,0,NA,0,001,BRISTOL STREET,21ST STREET,48,S,N,A,-,N,NA,NA,NA,NA,NA,NA,NA,NA,NA,Y,4,0,3,3,A,-,03,22350,NA,N,C,C,A,A,H,-,A,D,0,NA,NA,NA,NA,Y,NA,D,22,0,0,3,0,0,0,0,0,0,-,-,33.76264953613281,-117.8847198486328,ORANGE,SANTA ANA,-117.8849868774414,33.76307678222656
81487430,2021,2021-06-02,3014,2021-05-19,1855,1471,RD26,3,5,5,3014,0,0,0,NA,0,A2,DOVER DR,CLIFF DR,0,NA,Y,A,-,N,NA,NA,NA,NA,NA,NA,NA,NA,NA,Y,2,0,1,2,A,-,08,22107,NA,N,E,I,A,A,H,-,A,A,0,NA,NA,NA,NA,Y,Y,A,01,1,0,0,0,0,0,0,0,0,-,-,33.61888885498047,-117.90560150146484,ORANGE,NEWPORT BEACH,-117.90750885009766,33.618988037109375
8148974,2016,2016-10-20,3026,2016-10-06,1543,6352,NA,4,5,6,3026,0,0,0,NA,0,00C,BARRANCA PKWY,HARVARD AV,0,NA,Y,A,-,N,NA,NA,NA,NA,NA,NA,NA,NA,NA,Y,3,0,3,3,A,-,12,21453,A,N,D,C,A,A,H,-,A,A,0,NA,NA,NA,NA,Y,NA,A,07,0,1,2,0,0,0,0,0,0,-,-,NA,NA,ORANGE,IRVINE,-117.81867002,33.68844007
81490142,2021,2021-06-07,3024,2021-05-05,1511,329,P-28,3,5,5,3024,0,0,0,NA,0,EAST,BUSHARD STREET,WASHINGTON AVENUE,0,NA,Y,A,-,N,NA,NA,NA,NA,NA,NA,NA,NA,NA,N,4,0,1,2,A,-,09,21802,A,N,D,C,A,A,H,-,A,D,0,NA,NA,NA,NA,Y,NA,A,01,0,0,1,0,0,0,0,0,0,-,-,33.74612045288086,-117.96351623535156,ORANGE,WESTMINSTER,-117.96353149414063,33.74625778198242
81491456,2021,2021-06-08,3019,2021-05-26,1715,3201,SC,3,5,7,3019,0,0,0,NA,0,003,MACARTHUR BOULEVARD,HOME DEPOT,0,NA,Y,A,-,N,NA,NA,NA,NA,NA,NA,NA,NA,NA,Y,2,0,1,2,A,-,09,21801,A,N,D,C,A,A,H,-,A,A,0,NA,NA,Y,NA,Y,NA,D,22,1,0,0,0,0,0,0,0,1,-,-,33.70186996459961,-117.918212890625,ORANGE,SANTA ANA,-117.9171142578125,33.70196533203125
81493261,2021,2021-06-09,3014,2021-05-29,1810,1503,RD26,6,5,5,3014,0,0,0,NA,0,A2,SR-1 (W. COAST HWY),DOVER DR,1029,W,N,A,-,Y,NA,NA,1,NA,NA,NA,NA,NA,NA,N,3,0,1,2,A,-,09,21804,A,N,H,G,A,A,H,-,A,D,0,NA,Y,NA,NA,Y,Y,A,01,0,1,0,0,0,0,1,0,0,-,-,33.6161003112793,-117.91078948974608,ORANGE,NEWPORT BEACH,-117.91078948974608,33.61603927612305
81494679,2021,2021-06-11,3024,2021-05-05,1253,162,P-13,3,5,5,3024,0,0,0,NA,0,EAST,NEWLAND STREET,BOYD CIRCLE,28,S,N,A,-,N,NA,NA,NA,NA,NA,NA,NA,NA,NA,N,3,0,1,2,A,-,03,22350,NA,F,C,C,A,A,H,-,A,D,0,NA,NA,NA,NA,Y,NA,A,08,0,1,0,0,0,0,0,0,0,-,-,33.76670837402344,-117.98068237304688,ORANGE,WESTMINSTER,-117.98110198974608,33.76603317260742
81495046,2021,2021-06-11,3014,2021-06-08,1940,1447,RD13,2,5,5,3014,0,0,0,NA,0,A1,BALBOA BLVD W,16TH ST,0,NA,Y,A,-,N,NA,NA,NA,NA,NA,NA,NA,NA,NA,N,4,0,1,2,A,-,03,22350,NA,N,C,C,A,A,H,-,A,A,0,NA,NA,NA,NA,Y,NA,A,01,0,0,1,0,0,0,0,0,0,-,-,33.607208251953125,-117.92224884033205,ORANGE,NEWPORT BEACH,-117.92218017578124,33.60725021362305
81496921,2021,2021-06-15,3019,2021-05-28,2145,3657,WE,5,5,7,3019,0,0,0,NA,0,001,EUCLID STREET,WESTMINSTER AVENUE,0,NA,Y,A,-,N,NA,NA,NA,NA,NA,NA,NA,NA,NA,N,4,0,2,4,A,-,01,23152,A,N,C,C,A,A,H,-,C,A,0,NA,NA,NA,NA,Y,Y,A,01,0,0,2,0,0,0,0,0,0,-,-,33.759769439697266,-117.9374771118164,ORANGE,SANTA ANA,-117.93762969970705,33.75959396362305
81497981,2021,2021-06-16,3010,2021-06-09,0745,2169,232,3,5,6,3010,0,0,0,NA,0,009,MCFADDEN AVE,HUNTINGTON VILLAGE LN,0,NA,Y,A,-,N,NA,NA,NA,NA,NA,NA,NA,NA,NA,Y,3,0,1,2,A,-,08,22107,NA,N,C,E,A,A,H,-,A,D,0,NA,NA,NA,Y,Y,NA,A,07,0,1,0,0,0,0,0,0,0,-,-,33.7363395690918,-117.99749755859376,ORANGE,HUNTINGTON BEACH,-117.99793243408205,33.7374267578125
81498933,2021,2021-06-17,3015,2021-06-15,1026,1458,RD 71,2,5,6,3015,0,0,0,NA,0,212,20 CITY BLVD WEST,PRIVATE PROPERTY,304,W,N,A,-,N,NA,NA,NA,NA,NA,NA,NA,NA,NA,N,4,0,1,2,B,-,22,NA,NA,N,D,C,A,A,H,-,A,D,0,NA,NA,NA,NA,Y,NA,A,01,0,0,1,0,0,0,0,0,0,-,-,NA,NA,ORANGE,ORANGE,NA,NA
81498934,2021,2021-06-17,3001,2021-06-04,1500,A1404,NA,5,5,7,3001,0,0,0,NA,0,NA,SUNKIST STREET,BALL ROAD,116,N,N,A,-,N,NA,NA,NA,NA,NA,NA,NA,NA,NA,Y,3,0,1,2,A,-,08,22107,NA,N,D,C,A,A,H,-,A,A,0,NA,NA,NA,NA,Y,NA,A,07,0,1,0,0,0,0,0,0,0,-,-,33.81644058227539,-117.8807373046875,ORANGE,ANAHEIM,-117.88055419921876,33.818416595458984
81499965,2021,2021-06-18,3001,2021-06-06,1827,A2467,NA,7,5,7,3001,0,0,0,NA,0,D-1,BALL ROAD,KNOTT AVENUE,0,NA,Y,A,-,N,NA,NA,NA,NA,NA,NA,NA,NA,NA,Y,4,0,1,2,A,-,12,21453,A,N,D,C,A,A,H,-,A,A,0,NA,NA,NA,NA,Y,NA,A,01,0,0,1,0,0,0,0,0,0,-,-,33.8173713684082,-118.01094818115234,ORANGE,ANAHEIM,-118.01079559326172,33.8172492980957
81500009,2021,2021-06-18,3010,2021-06-10,1221,2169,462,4,5,6,3010,0,0,0,NA,0,002,PACIFIC COAST HWY - SR1,HUNTINGTON ST,216,S,N,A,-,Y,NA,NA,NA,NA,NA,NA,NA,NA,NA,Y,3,0,1,2,A,-,01,23152,A,N,C,C,A,A,H,-,A,A,0,NA,NA,NA,NA,Y,Y,A,01,0,1,0,0,0,0,0,0,0,-,-,33.652069091796875,-117.99696350097656,ORANGE,HUNTINGTON BEACH,-117.99500274658205,33.65279769897461
81502249,2021,2021-06-22,3001,2021-06-13,1827,A2467,D-2,7,5,7,3001,0,0,0,NA,0,D-2,STATE COLLEGE BOULEVARD,PLACENTIA AVENUE,19,N,N,A,-,N,NA,NA,NA,NA,NA,NA,NA,NA,NA,N,3,0,1,2,A,-,05,21650,1,N,D,G,A,A,H,-,B,A,0,NA,Y,NA,NA,Y,NA,L,04,0,1,0,0,0,0,1,0,0,-,-,33.850730895996094,-117.88916778564452,ORANGE,ANAHEIM,-117.88919067382813,33.850921630859375
81506216,2021,2021-06-25,3001,2021-06-22,2219,A1267,NA,2,5,7,3001,0,0,0,NA,0,D-1,BROOKHURST STREET,NIOBE AVENUE,213,S,N,A,-,N,NA,NA,NA,NA,NA,NA,NA,NA,NA,Y,4,0,1,2,A,-,07,21658,A,N,B,C,A,A,H,-,C,D,0,NA,NA,Y,NA,Y,NA,A,01,0,0,1,0,0,0,0,0,1,-,-,33.82204818725586,-117.95899200439452,ORANGE,ANAHEIM,-117.9589385986328,33.82207489013672
81506691,2021,2021-07-01,3014,2021-05-24,0928,1418,RD38,1,5,5,3014,0,0,0,NA,0,A3,BIG CANYON DR,SAN JOAQUIN HILLS RD,195,N,N,A,-,N,NA,NA,NA,NA,NA,NA,NA,NA,NA,N,3,0,1,2,A,-,03,22350,NA,M,G,B,E,A,H,-,A,D,0,Y,NA,NA,NA,Y,NA,A,01,0,1,0,0,1,0,0,0,0,-,-,33.622989654541016,-117.8744888305664,ORANGE,NEWPORT BEACH,-117.8747329711914,33.623085021972656
81511007,2021,2021-07-01,3014,2021-06-30,0126,1471,RD25,3,5,5,3014,0,0,0,NA,0,A2,IRVINE AVE,SANTIAGO DR,25,N,N,A,-,N,NA,NA,NA,NA,NA,NA,NA,NA,NA,Y,4,0,1,1,A,-,03,22350,NA,N,E,I,A,A,H,-,C,A,0,NA,NA,NA,NA,Y,NA,A,01,0,0,1,0,0,0,0,0,0,-,-,33.64249038696289,-117.89469909667967,ORANGE,NEWPORT BEACH,-117.89476776123048,33.64242935180664
81511595,2021,2021-07-02,3001,2021-06-26,0700,A2450,D-2,6,5,7,3001,0,0,0,NA,0,D-2,LEMON STREET,SR-91 W/B,0,NA,Y,A,-,Y,NA,NA,NA,NA,NA,NA,NA,NA,NA,Y,4,0,1,2,A,-,12,21453,A,N,D,C,A,A,H,-,A,A,0,NA,NA,NA,NA,Y,NA,A,01,0,0,1,0,0,0,0,0,0,-,-,NA,NA,ORANGE,ANAHEIM,-117.91980743408205,33.85441207885742
81515284,2021,2021-07-08,3019,2021-06-11,2043,3518,WE,5,5,7,3019,0,0,0,NA,0,001,FAIRVIEW STREET,17TH STREET,1447,S,N,A,-,N,NA,NA,NA,NA,NA,NA,NA,NA,NA,N,3,0,1,2,A,-,11,21954,A,F,G,B,E,A,H,-,C,D,0,Y,NA,NA,Y,Y,Y,N,60,0,1,0,0,1,0,0,0,0,-,-,33.75988006591797,-117.90255737304688,ORANGE,SANTA ANA,-117.9028091430664,33.755882263183594
81515373,2021,2021-07-08,3002,2021-06-22,1311,1628,NA,2,5,4,3002,0,0,0,NA,0,012,KRAEMER BL,IMPERIAL HY,480,S,N,A,-,N,NA,NA,NA,NA,NA,NA,NA,NA,NA,N,3,0,1,2,A,-,10,21952,NA,N,G,B,D,A,H,-,A,A,0,Y,NA,NA,NA,Y,NA,A,07,0,1,0,0,1,0,0,0,0,-,-,33.91109848022461,-117.86376190185548,ORANGE,BREA,-117.86376953125,33.90981674194336
81518571,2021,2021-07-13,3001,2021-07-09,0920,A1158,D-2,5,5,7,3001,0,0,0,NA,0,D-2,NORTH STREET,CITRON STREET,0,NA,Y,A,-,N,NA,NA,NA,NA,NA,NA,NA,NA,NA,N,4,0,1,2,A,-,12,22450,A,N,D,C,A,A,H,-,A,A,0,NA,NA,NA,NA,Y,NA,-,-,0,0,1,0,0,0,0,0,0,-,-,33.842159271240234,-117.9262237548828,ORANGE,ANAHEIM,-117.92620849609376,33.84208679199219
8151902,2016,2016-10-26,3001,2016-10-06,2139,1622,1,4,5,7,3001,0,0,0,NA,0,011,SOUTH GRAND AV,WEST LINCOLN AV,12,S,N,A,-,N,NA,NA,NA,NA,NA,NA,NA,NA,NA,N,4,0,1,2,A,-,09,21804,A,N,D,G,A,A,H,-,C,A,0,NA,Y,NA,NA,Y,NA,L,04,0,0,1,0,0,0,1,0,0,-,-,NA,NA,ORANGE,ANAHEIM,-117.99789922,33.8319271
81519533,2021,2021-07-14,3015,2021-07-05,1929,1530,87,1,5,6,3015,0,0,0,NA,0,122,TUSTIN ST,TAFT AVE (N),460,N,N,A,-,N,NA,NA,NA,NA,NA,NA,NA,NA,NA,Y,3,0,1,2,A,-,09,21804,A,N,D,C,A,A,H,-,A,D,0,NA,NA,NA,NA,Y,NA,A,01,0,1,0,0,0,0,0,0,0,-,-,33.81747055053711,-117.83583831787108,ORANGE,ORANGE,-117.8359603881836,33.818721771240234
81519572,2021,2021-07-14,3010,2021-07-01,2030,1118,446,4,5,6,3010,0,0,0,NA,0,003,ADAMS FRONTAGE ROAD,DERBYSHIRE LN,0,NA,Y,A,-,N,NA,NA,NA,NA,NA,NA,NA,NA,NA,N,3,0,1,2,A,-,05,21650,1,F,H,G,A,A,H,-,C,D,0,NA,Y,NA,NA,Y,NA,L,04,0,1,0,0,0,0,1,0,0,-,-,NA,NA,ORANGE,HUNTINGTON BEACH,-117.95986938476563,33.67226791381836
81524997,2021,2021-07-21,3001,2021-07-12,1657,A2187,D-4,1,5,7,3001,0,0,0,NA,0,NA,MIRALOMA AVENUE,KRAEMER BOULEVARD,839,E,N,A,-,N,NA,NA,NA,NA,NA,NA,NA,NA,NA,Y,4,0,3,2,A,-,03,22350,NA,N,C,C,A,A,H,-,A,D,0,NA,NA,NA,NA,Y,NA,I,10,0,0,3,0,0,0,0,0,0,-,-,33.85615158081055,-117.8591766357422,ORANGE,ANAHEIM,-117.857177734375,33.858734130859375
81525034,2021,2021-07-21,3019,2021-06-28,1011,3751,SC,1,5,7,3019,0,0,0,NA,0,004,BRISTOL STREET,HEMLOCK WAY,0,NA,Y,A,-,N,NA,NA,NA,NA,NA,NA,NA,NA,NA,N,4,0,1,2,A,-,09,21801,A,N,A,C,A,A,H,-,A,A,0,NA,NA,NA,NA,Y,NA,A,01,0,0,1,0,0,0,0,0,0,-,-,33.70983123779297,-117.8852310180664,ORANGE,SANTA ANA,-117.88543701171876,33.709842681884766
8152504,2016,2016-10-28,3015,2016-09-24,0428,1521,24,6,5,6,3015,0,0,0,NA,0,132,EAST DEBORAH LN,TERI LN,68,E,N,A,-,N,NA,NA,NA,NA,NA,NA,NA,NA,NA,N,3,0,1,4,A,-,03,22350,NA,N,B,C,A,A,H,-,C,D,0,NA,NA,NA,NA,Y,NA,A,01,0,1,0,0,0,0,0,0,0,-,-,NA,NA,ORANGE,ORANGE,-117.82833377,33.78099367
8152524,2016,2016-10-31,3003,2016-10-06,0728,1099,NA,4,5,5,3003,0,0,0,NA,0,NA,WESTERN AV,CRESCENT AV,90,N,N,A,-,N,NA,NA,NA,NA,NA,NA,NA,NA,NA,N,4,0,1,2,A,-,03,22350,NA,N,C,C,A,A,H,-,A,A,0,NA,NA,NA,NA,Y,NA,D,22,0,0,1,0,0,0,0,0,0,-,-,33.8401,-118.0024,ORANGE,BUENA PARK,-118.00232,33.83956676
8152565,2016,2016-10-28,3015,2016-09-17,2119,1519,117N,6,5,6,3015,0,0,0,NA,0,321,EAST MEATS AV,NORTH SANTIAGO BL,0,NA,Y,A,-,N,NA,NA,NA,NA,NA,NA,NA,NA,NA,Y,4,0,2,2,A,-,03,22350,NA,N,C,C,A,A,H,-,C,A,0,NA,NA,NA,NA,Y,NA,A,01,0,0,2,0,0,0,0,0,0,-,-,NA,NA,ORANGE,ORANGE,-117.82586013,33.82308011
81527104,2021,2021-07-23,3019,2021-07-20,1028,3758,SE,2,5,7,3019,0,0,0,NA,0,003,MCFADDEN AVENUE,SHELTON STREET,11,E,N,A,-,N,NA,NA,NA,NA,NA,NA,NA,NA,NA,N,3,0,1,2,A,-,10,21950,A,N,G,B,B,A,H,-,A,A,0,Y,NA,NA,NA,Y,NA,A,07,0,1,0,0,1,0,0,0,0,-,-,33.73384094238281,-117.88111114501952,ORANGE,SANTA ANA,-117.88074493408205,33.73447036743164
81529259,2021,2021-07-27,3001,2021-07-24,1444,A2367,D-3,6,5,7,3001,0,0,0,NA,0,D-3,WALNUT STREET,CERRITOS AVENUE,52,S,N,A,-,N,NA,NA,NA,NA,NA,NA,NA,NA,NA,N,4,0,1,2,A,-,01,23152,A,N,C,C,A,A,H,-,A,A,0,NA,NA,NA,NA,Y,Y,A,01,0,0,1,0,0,0,0,0,0,-,-,33.81052017211914,-117.9282684326172,ORANGE,ANAHEIM,-117.928466796875,33.81046676635742
81529293,2021,2021-07-27,3019,2021-06-10,2056,3590,NE,4,5,7,3019,0,0,0,NA,0,002,21ST STREET,GRAND AVENUE,0,NA,Y,A,-,N,NA,NA,NA,NA,NA,NA,NA,NA,NA,Y,4,0,1,2,A,-,12,21453,A,N,D,C,A,A,H,-,C,A,0,NA,NA,NA,NA,Y,NA,A,07,0,0,1,0,0,0,0,0,0,-,-,33.7635383605957,-117.85164642333984,ORANGE,SANTA ANA,-117.85173034667967,33.76350784301758
81530207,2021,2021-07-28,3015,2021-07-20,1532,1098,32W,2,5,6,3015,0,0,0,NA,0,731M,MAIN ST,PALM AVE (N),0,NA,Y,A,-,N,NA,NA,NA,NA,NA,NA,NA,NA,NA,N,4,0,1,2,A,-,09,21801,B,N,D,C,A,A,H,-,A,A,0,NA,NA,NA,NA,Y,NA,A,01,0,0,1,0,0,0,0,0,0,-,-,33.836181640625,-117.84023284912108,ORANGE,ORANGE,-117.84114074707033,33.83692169189453
81530208,2021,2021-07-28,3015,2021-07-20,1500,1419,NA,2,5,6,3015,0,0,0,NA,0,722M,THE CITY DR,PARK CENTRAL AVE,360,S,N,A,-,N,NA,NA,NA,NA,NA,NA,NA,NA,NA,N,4,0,1,2,A,-,09,21801,A,N,D,C,A,A,H,-,A,D,0,NA,NA,NA,NA,Y,NA,A,01,0,0,1,0,0,0,0,0,0,-,-,33.776649475097656,-117.88980102539063,ORANGE,ORANGE,-117.89031982421876,33.775718688964844
81531206,2021,2021-07-29,3001,2021-07-18,1300,A2619,D-1,7,5,7,3001,0,0,0,NA,0,D-1,CRESCENT AVENUE,VENTURA STREET,0,NA,Y,A,-,N,NA,NA,NA,NA,NA,NA,NA,NA,NA,N,4,0,1,2,A,-,05,21650,1,N,D,G,A,A,H,-,A,A,0,NA,Y,NA,NA,Y,NA,L,04,0,0,1,0,0,0,1,0,0,-,-,33.83964157104492,-117.96312713623048,ORANGE,ANAHEIM,-117.96302032470705,33.83980941772461