CASE_ID,ACCIDENT_YEAR,PROC_DATE,JURIS,COLLISION_DATE,COLLISION_TIME,OFFICER_ID,REPORTING_DISTRICT,DAY_OF_WEEK,CHP_SHIFT,POPULATION,CNTY_CITY_LOC,SPECIAL_COND,BEAT_TYPE,CHP_BEAT_TYPE,CITY_DIVISION_LAPD,CHP_BEAT_CLASS,BEAT_NUMBER,PRIMARY_RD,SECONDARY_RD,DISTANCE,DIRECTION,INTERSECTION,WEATHER_1,WEATHER_2,STATE_HWY_IND,CALTRANS_COUNTY,CALTRANS_DISTRICT,STATE_ROUTE,ROUTE_SUFFIX,POSTMILE_PREFIX,POSTMILE,LOCATION_TYPE,RAMP_INTERSECTION,SIDE_OF_HWY,TOW_AWAY,COLLISION_SEVERITY,NUMBER_KILLED,NUMBER_INJURED,PARTY_COUNT,PRIMARY_COLL_FACTOR,PCF_CODE_OF_VIOL,PCF_VIOL_CATEGORY,PCF_VIOLATION,PCF_VIOL_SUBSECTION,HIT_AND_RUN,TYPE_OF_COLLISION,MVIW,PED_ACTION,ROAD_SURFACE,ROAD_COND_1,ROAD_COND_2,LIGHTING,CONTROL_DEVICE,CHP_ROAD_TYPE,PEDESTRIAN_ACCIDENT,BICYCLE_ACCIDENT,MOTORCYCLE_ACCIDENT,TRUCK_ACCIDENT,NOT_PRIVATE_PROPERTY,ALCOHOL_INVOLVED,STWD_VEHTYPE_AT_FAULT,CHP_VEHTYPE_AT_FAULT,COUNT_SEVERE_INJ,COUNT_VISIBLE_INJ,COUNT_COMPLAINT_PAIN,COUNT_PED_KILLED,COUNT_PED_INJURED,COUNT_BICYCLIST_KILLED,COUNT_BICYCLIST_INJURED,COUNT_MC_KILLED,COUNT_MC_INJURED,PRIMARY_RAMP,SECONDARY_RAMP,LATITUDE,LONGITUDE,COUNTY,CITY,POINT_X,POINT_Y
81723985,2022,2022-03-16,3014,2022-03-10,0608,1374,RD41,4,5,5,3014,0,0,0,NA,0,A3,SR-1 (E COAST HWY),JAMBOREE RD,5,W,N,A,-,Y,ORA,NA,1,NA,NA,17.461,H,NA,R,Y,4,0,1,1,A,-,03,22350,NA,N,F,A,A,A,H,-,A,A,0,NA,NA,Y,NA,Y,NA,C,02,0,0,1,0,0,0,0,0,1,-,-,33.61302947998047,-117.89087677001952,ORANGE,NEWPORT BEACH,-117.89096069335938,33.61294937133789
81724509,2022,2022-03-17,3001,2022-03-10,0655,A1068,NA,4,5,7,3001,0,0,0,NA,0,D-4,IMPERIAL HIGHWAY,ORANGETHORPE AVENUE,0,NA,Y,A,-,Y,ORA,NA,90,NA,NA,12.239,H,NA,R,Y,4,0,1,2,A,-,12,21453,A,N,D,C,A,A,H,-,A,A,0,NA,NA,NA,NA,Y,NA,A,07,0,0,1,0,0,0,0,0,0,-,-,33.86301040649414,-117.79049682617188,ORANGE,ANAHEIM,-117.79047393798828,33.86301040649414
8172462,2016,2017-01-09,3013,2016-10-23,1829,194,NA,7,5,3,3013,0,0,0,NA,0,NA,KATELLA AV,CHERRY ST,143,E,N,C,-,N,NA,NA,NA,NA,NA,NA,NA,NA,NA,Y,3,0,1,1,C,-,18,NA,NA,N,E,I,A,B,H,-,C,A,0,NA,NA,NA,NA,Y,NA,-,-,0,1,0,0,0,0,0,0,0,-,-,NA,NA,ORANGE,LOS ALAMITOS,-118.06751039,33.80316278
81727146,2022,2022-03-21,3001,2022-03-03,1723,A2367,D-3,4,5,7,3001,0,0,0,NA,0,D-3,HARBOR BOULEVARD,MANCHESTER AVENUE,39,N,N,A,-,N,NA,NA,NA,NA,NA,NA,NA,NA,NA,Y,4,0,1,1,A,-,03,22350,NA,N,F,A,A,A,H,-,A,A,0,NA,NA,Y,NA,Y,NA,C,02,0,0,1,0,0,0,0,0,1,-,-,NA,NA,ORANGE,ANAHEIM,-117.91541290283205,33.812686920166016
81727554,2022,2022-03-21,3008,2022-01-20,0935,1387,ZONE,4,5,6,3008,0,0,0,NA,0,NA,ORANGETHORPE AVE,STATE COLLEGE BLVD,59,W,N,A,-,N,NA,NA,NA,NA,NA,NA,NA,NA,NA,Y,4,0,1,2,A,-,09,21804,A,N,D,C,A,A,C,E,A,A,0,NA,NA,NA,NA,Y,NA,A,01,0,0,1,0,0,0,0,0,0,-,-,NA,NA,ORANGE,FULLERTON,-117.8896026611328,33.85963821411133
8173218,2016,2016-11-21,3001,2016-11-04,1442,2187,NA,5,5,7,3001,0,0,0,NA,0,D 2,N EUCLID ST,WEST GLEN AV,0,NA,Y,A,-,N,NA,NA,NA,NA,NA,NA,NA,NA,NA,Y,3,0,3,2,A,-,09,21802,A,N,D,C,A,A,H,-,A,D,0,NA,NA,NA,NA,Y,NA,A,01,0,1,2,0,0,0,0,0,0,-,-,NA,NA,ORANGE,ANAHEIM,-117.94167004,33.84820011
81734134,2022,2022-03-28,3001,2022-03-18,0016,A1906,D-1,5,5,7,3001,0,0,0,NA,0,D-1,HARLE AVENUE,LAMAR STREET,426,E,N,A,-,N,NA,NA,NA,NA,NA,NA,NA,NA,NA,Y,4,0,1,2,A,-,08,22107,NA,N,C,E,A,A,H,-,C,D,0,NA,NA,NA,NA,Y,NA,A,01,0,0,1,0,0,0,0,0,0,-,-,33.808799743652344,-117.95816802978516,ORANGE,ANAHEIM,-117.95645141601563,33.80937957763672
81739314,2022,2022-04-04,3010,2022-03-29,0621,1225,442,2,5,6,3010,0,0,0,NA,0,003,ADAMS AVE,LAKE ST,0,NA,Y,B,-,N,NA,NA,NA,NA,NA,NA,NA,NA,NA,Y,3,0,2,2,A,-,09,21801,A,N,D,C,A,A,H,-,B,A,0,NA,NA,NA,NA,Y,NA,A,01,0,2,0,0,0,0,0,0,0,-,-,33.671051025390625,-117.99890899658205,ORANGE,HUNTINGTON BEACH,-117.99794006347656,33.672088623046875
81739550,2022,2022-04-04,3015,2022-03-16,2224,1677,RD 23,3,5,6,3015,0,0,0,NA,0,131,TUSTIN ST,WALNUT AVE,103,S,N,A,-,N,NA,NA,NA,NA,NA,NA,NA,NA,NA,Y,2,0,4,2,A,-,09,21801,A,N,D,C,A,A,H,-,C,A,0,NA,NA,NA,NA,Y,NA,A,01,1,3,0,0,0,0,0,0,0,-,-,33.79521179199219,-117.83567810058594,ORANGE,ORANGE,-117.835693359375,33.79475784301758
81739572,2022,2022-04-04,3015,2022-03-28,1247,1530,NA,1,5,6,3015,0,0,0,NA,0,733M,CHAPMAN AVE,MAIN ST,83,W,N,B,C,N,NA,NA,NA,NA,NA,NA,NA,NA,NA,N,4,0,1,2,A,-,03,22350,NA,N,C,C,A,B,H,-,A,A,0,NA,NA,NA,NA,Y,NA,A,01,0,0,1,0,0,0,0,0,0,-,-,NA,NA,ORANGE,ORANGE,-117.86756896972656,33.787899017333984
81739576,2022,2022-04-04,3015,2022-04-01,0830,1250,RD77,5,5,6,3015,0,0,0,NA,0,711M,MEATS AVE,TUSTIN ST,41,E,N,A,-,N,NA,NA,NA,NA,NA,NA,NA,NA,NA,N,4,0,1,2,A,-,03,22350,NA,N,C,C,A,A,H,-,A,A,0,NA,NA,NA,NA,Y,NA,A,01,0,0,1,0,0,0,0,0,0,-,-,33.82305145263672,-117.83599090576172,ORANGE,ORANGE,-117.8358917236328,33.822914123535156
8174156,2016,2016-11-22,3009,2016-11-14,1211,3739,74,1,5,6,3009,0,0,0,NA,0,011,MAGNOLIA ST,GARDEN GROVE BL,207,N,N,A,-,N,NA,NA,NA,NA,NA,NA,NA,NA,NA,N,4,0,1,2,A,-,07,21658,A,M,B,C,A,A,H,-,A,A,0,NA,NA,NA,NA,Y,Y,A,01,0,0,1,0,0,0,0,0,0,-,-,NA,NA,ORANGE,GARDEN GROVE,-117.97536,33.77455536
81741918,2022,2022-04-06,3008,2022-02-19,0218,1624,ZONE,6,5,6,3008,0,0,0,NA,0,NA,ORANGETHORPE AVE,WOODS AVE,30,E,N,A,-,N,NA,NA,NA,NA,NA,NA,NA,NA,NA,Y,4,0,1,2,A,-,01,23152,A,N,C,C,A,A,H,-,C,A,0,NA,NA,NA,NA,Y,Y,A,01,0,0,1,0,0,0,0,0,0,-,-,NA,NA,ORANGE,FULLERTON,-117.9368896484375,33.85918045043945
81745749,2022,2022-04-12,3022,2022-03-30,2020,1353,NA,3,5,5,3022,0,0,0,NA,0,NA,JAMBOREE RD,BRYAN AV,20,N,N,A,-,N,NA,NA,NA,NA,NA,NA,NA,NA,NA,Y,4,0,2,2,A,-,08,22107,NA,N,B,C,A,A,H,-,C,A,0,NA,NA,NA,NA,Y,NA,-,-,0,0,2,0,0,0,0,0,0,-,-,33.7246208190918,-117.79006958007813,ORANGE,TUSTIN,-117.7899932861328,33.72528076171875
81745805,2022,2022-04-12,3019,2022-03-15,1228,3482,SE,2,5,7,3019,0,0,0,NA,0,003,WARNER AVENUE,STANDARD AVENUE,0,NA,Y,A,-,N,NA,NA,NA,NA,NA,NA,NA,NA,NA,N,3,0,1,2,A,-,12,21453,A,F,D,G,A,A,H,-,A,A,0,NA,Y,NA,NA,Y,NA,-,99,0,1,0,0,0,0,1,0,0,-,-,33.71501159667969,-117.85726928710938,ORANGE,SANTA ANA,-117.85660552978516,33.7159538269043
81748720,2022,2022-04-15,3024,2022-03-09,1438,435,P-16,3,5,5,3024,0,0,0,NA,0,WEST,WESTMINSTER BOULEVARD,RONDEAU STREET,0,NA,Y,A,-,N,NA,NA,NA,NA,NA,NA,NA,NA,NA,N,4,0,1,2,A,-,09,21802,A,N,D,C,A,A,H,-,A,A,0,NA,NA,NA,NA,Y,NA,-,98,0,0,1,0,0,0,0,0,0,-,-,33.759151458740234,-118.00859832763672,ORANGE,WESTMINSTER,-118.00858306884766,33.759124755859375
81750867,2022,2022-04-19,3002,2022-03-25,1525,1672,NA,5,5,4,3002,0,0,0,NA,0,013,IMPERIAL HY,RT 57 NB OFFRAMP,70,E,N,A,-,Y,ORA,NA,90,NA,R,5.546,H,NA,L,N,4,0,1,3,A,-,03,22350,NA,N,C,C,A,A,H,-,A,A,0,NA,NA,NA,NA,Y,NA,A,08,0,0,1,0,0,0,0,0,0,-,-,33.91082000732422,-117.88185119628906,ORANGE,BREA,-117.88185119628906,33.91081619262695
8175124,2016,2017-01-04,3016,2016-11-11,1237,1251,15,5,5,5,3016,0,0,0,NA,0,001,YORBA LINDA BL,LINDA VISTA,264,E,N,A,-,N,NA,NA,NA,NA,NA,NA,NA,NA,NA,Y,4,0,2,2,C,-,18,NA,NA,N,C,C,A,A,H,-,A,D,0,NA,NA,NA,Y,Y,NA,-,-,0,0,2,0,0,0,0,0,0,-,-,NA,NA,ORANGE,PLACENTIA,-117.84355243,33.88838559
8175291,2016,2017-03-02,3014,2016-11-06,1107,1379,RD41,7,5,5,3014,0,0,0,NA,0,0A2,RT 1,DOVER DR,375,E,N,A,-,Y,ORA,12,1,-,R,18.35,H,-,N,N,3,0,1,2,A,-,08,22107,NA,N,H,G,A,A,H,-,A,D,0,NA,Y,NA,NA,Y,NA,L,04,0,1,0,0,0,0,1,0,0,-,-,33.61678,-117.90568,ORANGE,NEWPORT BEACH,-117.90566639,33.61664718
8175550,2016,2016-11-30,3014,2016-10-30,1719,1379,RD33,7,5,5,3014,0,0,0,NA,0,0A3,BRISTOL ST S,IRVINE AV,0,NA,Y,B,-,N,NA,NA,NA,NA,NA,NA,NA,NA,NA,Y,3,0,2,3,A,-,12,21453,A,N,D,C,A,D,H,-,A,A,0,NA,NA,NA,NA,Y,NA,-,-,0,2,0,0,0,0,0,0,0,-,-,33.66199,-117.87552,ORANGE,NEWPORT BEACH,-117.87545011,33.66193001
81757330,2022,2022-04-27,3019,2022-03-13,1814,3538,SC,7,5,7,3019,0,0,0,NA,0,004,EDINGER AVENUE,CENTENNIAL,12,W,N,A,-,N,NA,NA,NA,NA,NA,NA,NA,NA,NA,N,4,0,1,2,A,-,03,22350,NA,N,C,C,A,A,H,-,A,D,0,NA,NA,NA,NA,Y,NA,A,01,0,0,1,0,0,0,0,0,0,-,-,NA,NA,ORANGE,SANTA ANA,-117.9116668701172,33.727439880371094
81757823,2022,2022-04-27,3014,2022-04-13,1313,1589,RD16,3,5,5,3014,0,0,0,NA,0,A1,SEASHORE DR,41ST,28,W,N,A,-,N,NA,NA,NA,NA,NA,NA,NA,NA,NA,N,3,0,1,1,A,-,03,22350,NA,N,H,A,A,A,H,-,A,A,0,NA,Y,NA,NA,Y,NA,L,04,0,1,0,0,0,0,1,0,0,-,-,33.618690490722656,-117.93370056152344,ORANGE,NEWPORT BEACH,-117.93772888183594,33.61874771118164
81761398,2022,2022-05-02,3015,2022-04-03,0008,1556,RD16E,7,5,6,3015,0,0,0,NA,0,132,TUSTIN ST,MAYFAIR AVE,125,S,N,A,-,N,NA,NA,NA,NA,NA,NA,NA,NA,NA,Y,3,0,2,2,A,-,01,23152,F,N,D,C,A,A,H,-,C,B,0,NA,NA,NA,NA,Y,NA,A,08,0,2,0,0,0,0,0,0,0,-,-,33.798988342285156,-117.8356475830078,ORANGE,ORANGE,-117.83566284179688,33.79869842529297
8176365,2016,2016-11-28,3000,2016-11-03,1800,2742,992H4,4,5,5,3017,0,0,0,NA,0,778,NORTH EL CAMINO REAL,CANADA,0,NA,Y,A,-,N,NA,NA,NA,NA,NA,NA,NA,NA,NA,Y,4,0,1,2,A,-,09,21801,A,N,D,C,A,A,H,-,A,D,0,NA,NA,NA,NA,Y,NA,A,07,0,0,1,0,0,0,0,0,0,-,-,NA,NA,ORANGE,SAN CLEMENTE,-117.61979009,33.43051001
81763813,2022,2022-05-04,3001,2022-05-03,0443,A2461,D-1,2,5,7,3001,0,0,0,NA,0,D-1,KNOTT AVENUE,MOUNT WATERMAN DRIVE,98,S,N,A,-,N,NA,NA,NA,NA,NA,NA,NA,NA,NA,N,3,0,2,2,A,-,21,22106,NA,N,A,C,A,A,H,-,C,D,0,NA,NA,NA,NA,Y,NA,A,01,0,1,1,0,0,0,0,0,0,-,-,NA,NA,ORANGE,ANAHEIM,-118.01083374023438,33.82145309448242
81763899,2022,2022-05-04,3008,2022-03-19,1525,1592,ZONE,6,5,6,3008,0,0,0,NA,0,NA,ORANGETHORPE AVE,STATE COLLEGE BLVD,0,NA,Y,A,-,N,NA,NA,NA,NA,NA,NA,NA,NA,NA,Y,3,0,1,2,A,-,03,22350,NA,N,C,C,A,A,D,-,A,A,0,NA,NA,NA,NA,Y,NA,A,01,0,1,0,0,0,0,0,0,0,-,-,NA,NA,ORANGE,FULLERTON,-117.88941192626952,33.85963821411133
81764273,2022,2022-05-04,3014,2022-04-26,1302,1555,RD31,2,5,5,3014,0,0,0,NA,0,A3,IRVINE AVE,SANTIAGO DR,16,S,N,A,-,N,NA,NA,NA,NA,NA,NA,NA,NA,NA,N,2,0,1,2,A,-,10,21950,A,N,G,B,B,A,H,-,A,A,0,Y,NA,NA,NA,Y,NA,D,22,1,0,0,0,1,0,0,0,0,-,-,33.64234924316406,-117.89495086669922,ORANGE,NEWPORT BEACH,-117.89484405517578,33.642337799072266
81765913,2022,2022-05-06,3019,2022-03-22,1631,3791,NE,2,5,7,3019,0,0,0,NA,0,002,18TH STREET,BROADWAY,10,W,N,A,-,N,NA,NA,NA,NA,NA,NA,NA,NA,NA,N,4,0,2,2,A,-,09,21802,A,N,D,C,A,A,H,-,A,D,0,NA,NA,NA,NA,Y,NA,A,07,0,0,2,0,0,0,0,0,0,-,-,33.76115036010742,-117.86962127685548,ORANGE,SANTA ANA,-117.86965942382813,33.76089096069336
81765919,2022,2022-05-06,3019,2022-03-23,0959,3793,SC,3,5,7,3019,0,0,0,NA,0,004,RAITT STREET,MYRTLE STREET,0,NA,Y,A,-,N,NA,NA,NA,NA,NA,NA,NA,NA,NA,N,4,0,2,2,A,-,08,22103,NA,N,D,C,A,A,H,-,A,D,0,NA,NA,NA,NA,Y,NA,I,11,0,0,2,0,0,0,0,0,0,-,-,33.741600036621094,-117.89317321777344,ORANGE,SANTA ANA,-117.89312744140624,33.74171829223633
81766003,2022,2022-05-06,3019,2022-04-04,1636,3444,SE,1,5,7,3019,0,0,0,NA,0,003,MCFADDEN AVENUE,MANTLE LANE,30,E,N,A,-,N,NA,NA,NA,NA,NA,NA,NA,NA,NA,N,4,0,1,2,A,-,03,22350,NA,N,C,C,A,A,H,-,A,A,0,NA,NA,NA,NA,Y,NA,A,01,0,0,1,0,0,0,0,0,0,-,-,33.73263931274414,-117.8430404663086,ORANGE,SANTA ANA,-117.84261322021484,33.73378372192383
81766769,2022,2022-05-09,3010,2022-05-06,0830,2070,431,5,5,6,3010,0,0,0,NA,0,004,MAIN ST,YORKTOWN AVE,695,S,N,B,-,N,NA,NA,NA,NA,NA,NA,NA,NA,NA,N,3,0,1,2,A,-,17,22517,NA,N,H,G,A,A,H,-,A,D,0,NA,Y,NA,NA,Y,NA,A,01,0,1,0,0,0,0,1,0,0,-,-,33.67831039428711,-118.00247955322266,ORANGE,HUNTINGTON BEACH,-118.00173950195313,33.67741394042969
81767118,2022,2022-05-09,3022,2022-05-02,1307,1312,NA,1,5,5,3022,0,0,0,NA,0,NA,17TH ST,YORBA ST (W),27,W,N,A,-,N,NA,NA,NA,NA,NA,NA,NA,NA,NA,Y,4,0,2,3,A,-,03,22350,NA,N,C,D,A,A,H,-,A,A,0,NA,NA,NA,NA,Y,NA,A,07,0,0,2,0,0,0,0,0,0,-,-,33.75975036621094,-117.82927703857422,ORANGE,TUSTIN,-117.82920074462892,33.75975036621094
8176823,2016,2017-03-04,3001,2016-11-16,1401,A1355,NA,3,5,7,3001,0,0,0,NA,0,0D3,EAST KATELLA AV,RT 57,51,E,N,A,-,Y,ORA,12,57,-,-,12.351,I,5,N,N,4,0,2,2,A,-,03,22350,NA,N,C,C,A,A,H,-,A,A,0,NA,NA,NA,NA,Y,NA,D,22,0,0,2,0,0,0,0,0,0,-,NF,NA,NA,ORANGE,ANAHEIM,-117.8795565,33.80316793
8176889,2016,2016-12-02,3001,2016-11-10,1710,471,NA,4,5,7,3001,0,0,0,NA,0,0D4,NORTH WEIR CANYON RD,SANTA ANA CANYON RD,33,N,N,A,-,N,NA,NA,NA,NA,NA,NA,NA,NA,NA,Y,3,0,1,2,A,-,09,21453,B,N,F,A,A,A,H,-,C,A,0,NA,NA,Y,NA,Y,NA,A,01,0,1,0,0,0,0,0,0,1,-,-,NA,NA,ORANGE,ANAHEIM,-117.74300899,33.86789069
81770363,2022,2022-05-12,3024,2022-03-26,0025,475,P-18,6,5,5,3024,0,0,0,NA,0,WEST,BEACH BOULEVARD (SR 39),14TH STREET,8,S,N,B,-,Y,ORA,NA,39,NA,NA,7.437,H,NA,R,Y,3,0,1,2,A,-,09,21801,A,N,D,C,A,A,H,-,C,A,0,NA,NA,NA,NA,Y,NA,A,01,0,1,0,0,0,0,0,0,0,-,-,33.75653076171875,-117.9893798828125,ORANGE,WESTMINSTER,-117.9895248413086,33.75653076171875
81771979,2022,2022-05-16,3015,2022-05-12,0655,1240,RD77,4,5,6,3015,0,0,0,NA,0,723M,LINCOLN AVE,SANTIAGO BLVD,0,NA,Y,A,-,N,NA,NA,NA,NA,NA,NA,NA,NA,NA,Y,3,0,4,3,A,-,12,21453,A,N,D,C,A,A,H,-,A,A,0,NA,NA,NA,NA,Y,NA,A,01,0,1,3,0,0,0,0,0,0,-,-,33.835018157958984,-117.83406066894533,ORANGE,ORANGE,NA,NA
81772080,2022,2022-05-16,3008,2022-04-01,1605,1590,ZONE,5,5,6,3008,0,0,0,NA,0,NA,EUCLID ST,BAKER AVE,30,S,N,A,-,N,NA,NA,NA,NA,NA,NA,NA,NA,NA,Y,4,0,1,4,A,-,13,22515,A,M,B,C,A,A,H,-,A,A,0,NA,NA,NA,NA,Y,NA,A,01,0,0,1,0,0,0,0,0,0,-,-,NA,NA,ORANGE,FULLERTON,-117.94175720214844,33.85682678222656
81772257,2022,2022-05-16,3024,2022-03-25,1646,511,P-19,5,5,5,3024,0,0,0,NA,0,EAST,BEACH BOULEVARD (SR 39),LEGION PLACE,11,N,N,A,-,Y,ORA,NA,39,NA,NA,7.06,H,NA,R,Y,4,0,2,3,A,-,03,22350,NA,N,C,C,A,A,H,-,A,A,0,NA,NA,NA,NA,Y,NA,A,01,0,0,2,0,0,0,0,0,0,-,-,33.751060485839844,-117.98941802978516,ORANGE,WESTMINSTER,-117.98946380615234,33.751060485839844
81772268,2022,2022-05-16,3024,2022-04-08,1640,504,P-31,5,5,5,3024,0,0,0,NA,0,WEST,BEACH BLVD (SR 39),ELMORE WAY,0,NA,Y,A,-,N,NA,NA,NA,NA,NA,NA,NA,NA,NA,Y,4,0,1,2,A,-,09,21801,A,N,D,C,A,A,H,-,A,D,0,NA,NA,NA,NA,Y,NA,A,01,0,0,1,0,0,0,0,0,0,-,-,33.74467086791992,-117.98948669433594,ORANGE,WESTMINSTER,NA,NA
8177263,2016,2016-12-02,3015,2016-11-03,0820,1540,43,4,5,6,3015,0,0,0,NA,0,224,S TUSTIN ST,E LA VETA AV,584,N,N,A,-,N,NA,NA,NA,NA,NA,NA,NA,NA,NA,Y,4,0,2,3,A,-,09,21804,A,N,A,C,A,A,H,-,A,D,0,NA,NA,NA,NA,Y,NA,A,01,0,0,2,0,0,0,0,0,0,-,-,NA,NA,ORANGE,ORANGE,-117.83575,33.78115086
81773414,2022,2022-05-17,3001,2022-05-12,1633,A2312,D-3,4,5,7,3001,0,0,0,NA,0,D-3,ANAHEIM BOULEVARD,PALAIS ROAD,0,NA,Y,A,-,N,NA,NA,NA,NA,NA,NA,NA,NA,NA,Y,4,0,1,2,A,-,12,21453,A,N,D,C,A,A,H,-,A,A,0,NA,NA,Y,NA,Y,NA,A,07,0,0,1,0,0,0,0,0,1,-,-,33.813899993896484,-117.90644073486328,ORANGE,ANAHEIM,-117.90650177001952,33.81354904174805
81773429,2022,2022-05-17,3001,2022-05-14,2158,A1047,NA,6,5,7,3001,0,0,0,NA,0,D-1,LINCOLN AVENUE,BROADVIEW STREET,17,E,N,A,-,N,NA,NA,NA,NA,NA,NA,NA,NA,NA,Y,3,0,1,1,A,-,01,23152,A,N,E,I,A,A,H,-,C,A,0,NA,NA,NA,NA,Y,Y,D,22,0,1,0,0,0,0,0,0,0,-,-,33.83283996582031,-117.94857025146484,ORANGE,ANAHEIM,-117.94843292236328,33.83256912231445
81774624,2022,2022-05-18,3019,2022-04-20,0746,3449,WE,3,5,7,3019,0,0,0,NA,0,001,17TH STREET,ALONA STREET,0,NA,Y,A,-,N,NA,NA,NA,NA,NA,NA,NA,NA,NA,N,3,0,1,1,A,-,03,22350,NA,N,E,I,A,A,H,-,A,A,0,NA,NA,NA,NA,Y,NA,A,07,0,1,0,0,0,0,0,0,0,-,-,33.759490966796875,-117.8935089111328,ORANGE,SANTA ANA,-117.89368438720705,33.759971618652344
81774648,2022,2022-05-18,3019,2022-04-24,2040,3789,NE,7,5,7,3019,0,0,0,NA,0,002,4TH STREET,ROUTE 55 SB ONRAMP (E),0,NA,Y,A,-,N,NA,NA,NA,NA,NA,NA,NA,NA,NA,N,4,0,3,2,A,-,12,21453,A,N,D,C,A,A,H,-,C,A,0,NA,NA,NA,NA,Y,NA,A,01,0,0,3,0,0,0,0,0,0,-,-,33.7469482421875,-117.83277130126952,ORANGE,SANTA ANA,NA,NA
81775625,2022,2022-05-19,3024,2022-04-11,1247,329,P-18,1,5,5,3024,0,0,0,NA,0,WEST,BEACH BOULEVARD (SR 39),HAZARD AVENUE,84,N,N,A,-,Y,NA,NA,NA,NA,NA,NA,NA,NA,NA,Y,4,0,1,4,A,-,07,21658,A,N,B,C,A,A,H,-,A,A,0,NA,NA,NA,NA,Y,NA,A,07,0,0,1,0,0,0,0,0,0,-,-,NA,NA,ORANGE,WESTMINSTER,-117.98947143554688,33.75226974487305
81777374,2022,2022-05-23,3007,2022-04-13,1650,322,54,3,5,5,3007,0,0,0,NA,0,003,TALBERT AVENUE,BUSHARD STREET,0,NA,Y,A,-,N,NA,NA,NA,NA,NA,NA,NA,NA,NA,Y,4,0,1,3,A,-,09,21801,A,N,D,C,A,A,H,-,A,A,0,NA,NA,NA,NA,Y,NA,A,01,0,0,1,0,0,0,0,0,0,-,-,NA,NA,ORANGE,FOUNTAIN VALLEY,-117.96292877197266,33.70163345336914
81780852,2022,2022-05-26,3010,2022-05-24,1555,1261,446,2,5,6,3010,0,0,0,NA,0,003,ADAMS AVE,TARGET ENTRANCE SIGNAL,0,NA,Y,A,-,N,NA,NA,NA,NA,NA,NA,NA,NA,NA,Y,3,0,4,3,A,-,09,21801,A,N,D,C,A,A,H,-,A,A,0,NA,NA,NA,NA,Y,NA,A,01,0,2,2,0,0,0,0,0,0,-,-,NA,NA,ORANGE,HUNTINGTON BEACH,NA,NA
81783671,2022,2022-05-30,3001,2022-05-26,1017,A1555,D-2,4,5,7,3001,0,0,0,NA,0,D-2,ROMNEYA DRIVE,DRESDEN PLACE,137,E,N,A,-,N,NA,NA,NA,NA,NA,NA,NA,NA,NA,Y,3,0,1,3,A,-,01,23152,A,N,B,E,F,A,H,-,A,D,0,Y,NA,NA,NA,Y,Y,D,22,0,1,0,0,1,0,0,0,0,-,-,33.85097885131836,-117.93991088867188,ORANGE,ANAHEIM,-117.9394989013672,33.85072326660156
81784050,2022,2022-05-30,3008,2022-03-26,1904,1629,ZONE,6,5,6,3008,0,0,0,NA,0,NA,GILBERT ST,MALVERN AVE,0,NA,Y,A,-,N,NA,NA,NA,NA,NA,NA,NA,NA,NA,Y,4,0,1,2,A,-,01,23152,B,N,D,C,A,A,H,-,C,A,0,NA,NA,NA,NA,Y,Y,A,01,0,0,1,0,0,0,0,0,0,-,-,NA,NA,ORANGE,FULLERTON,-117.9673080444336,33.8779182434082
81784523,2022,2022-05-31,3024,2022-04-25,1013,435,P-07,1,5,5,3024,0,0,0,NA,0,WEST,DARTMOUTH AVENUE,WINTHROP STREET,0,NA,Y,A,-,N,NA,NA,NA,NA,NA,NA,NA,NA,NA,N,3,0,1,2,D,-,00,NA,NA,N,D,G,A,A,H,-,A,D,0,NA,Y,NA,NA,Y,NA,-,-,0,1,0,0,0,0,1,0,0,-,-,33.764129638671875,-118.04032135009766,ORANGE,WESTMINSTER,-118.04042053222656,33.764129638671875
81785517,2022,2022-06-01,3008,2022-04-10,1714,1585,ZONE,7,5,6,3008,0,0,0,NA,0,NA,ORANGETHORPE AVE,HIGHLAND AVE,0,NA,Y,A,-,N,NA,NA,NA,NA,NA,NA,NA,NA,NA,Y,3,0,2,2,A,-,09,21801,A,N,A,C,A,A,H,-,A,A,0,NA,NA,NA,NA,Y,NA,A,01,0,2,0,0,0,0,0,0,0,-,-,NA,NA,ORANGE,FULLERTON,-117.92867279052734,33.85944747924805
8178597,2016,2017-03-04,3009,2016-11-10,1602,3397,NA,4,5,6,3009,0,0,0,NA,0,NA,EUCLID ST,RT 22,85,N,N,A,-,Y,ORA,12,22,-,R,6.675,R,4,E,N,4,0,1,3,A,-,03,22350,NA,N,C,C,A,A,H,-,A,A,0,NA,NA,NA,NA,Y,NA,D,22,0,0,1,0,0,0,0,0,0,-,-,NA,NA,ORANGE,GARDEN GROVE,-117.94037857,33.76600607
81786227,2022,2022-06-01,3014,2022-05-29,0058,1253,RD15,7,5,5,3014,0,0,0,NA,0,A1,NEWPORT BLVD,31ST ST,110,N,N,B,-,N,NA,NA,NA,NA,NA,NA,NA,NA,NA,Y,3,0,1,2,A,-,01,23152,NA,N,C,C,A,A,H,-,C,D,0,NA,NA,NA,NA,Y,Y,A,01,0,1,0,0,0,0,0,0,0,-,-,33.6156005859375,-117.9303970336914,ORANGE,NEWPORT BEACH,-117.930419921875,33.61561965942383