CASE_ID,ACCIDENT_YEAR,PROC_DATE,JURIS,COLLISION_DATE,COLLISION_TIME,OFFICER_ID,REPORTING_DISTRICT,DAY_OF_WEEK,CHP_SHIFT,POPULATION,CNTY_CITY_LOC,SPECIAL_COND,BEAT_TYPE,CHP_BEAT_TYPE,CITY_DIVISION_LAPD,CHP_BEAT_CLASS,BEAT_NUMBER,PRIMARY_RD,SECONDARY_RD,DISTANCE,DIRECTION,INTERSECTION,WEATHER_1,WEATHER_2,STATE_HWY_IND,CALTRANS_COUNTY,CALTRANS_DISTRICT,STATE_ROUTE,ROUTE_SUFFIX,POSTMILE_PREFIX,POSTMILE,LOCATION_TYPE,RAMP_INTERSECTION,SIDE_OF_HWY,TOW_AWAY,COLLISION_SEVERITY,NUMBER_KILLED,NUMBER_INJURED,PARTY_COUNT,PRIMARY_COLL_FACTOR,PCF_CODE_OF_VIOL,PCF_VIOL_CATEGORY,PCF_VIOLATION,PCF_VIOL_SUBSECTION,HIT_AND_RUN,TYPE_OF_COLLISION,MVIW,PED_ACTION,ROAD_SURFACE,ROAD_COND_1,ROAD_COND_2,LIGHTING,CONTROL_DEVICE,CHP_ROAD_TYPE,PEDESTRIAN_ACCIDENT,BICYCLE_ACCIDENT,MOTORCYCLE_ACCIDENT,TRUCK_ACCIDENT,NOT_PRIVATE_PROPERTY,ALCOHOL_INVOLVED,STWD_VEHTYPE_AT_FAULT,CHP_VEHTYPE_AT_FAULT,COUNT_SEVERE_INJ,COUNT_VISIBLE_INJ,COUNT_COMPLAINT_PAIN,COUNT_PED_KILLED,COUNT_PED_INJURED,COUNT_BICYCLIST_KILLED,COUNT_BICYCLIST_INJURED,COUNT_MC_KILLED,COUNT_MC_INJURED,PRIMARY_RAMP,SECONDARY_RAMP,LATITUDE,LONGITUDE,COUNTY,CITY,POINT_X,POINT_Y
81833585,2022,2022-08-05,3015,2022-08-01,1720,1250,RD164,1,5,6,3015,0,0,0,NA,0,711M,CANYON VIEW AVE,WHITE OAK RIDGE,0,NA,Y,A,-,N,NA,NA,NA,NA,NA,NA,NA,NA,NA,Y,3,0,4,2,A,-,09,21801,A,N,A,C,A,A,H,-,A,A,0,NA,NA,NA,NA,Y,NA,A,01,0,1,3,0,0,0,0,0,0,-,-,33.785701751708984,-117.76444244384766,ORANGE,ORANGE,-117.76454925537108,33.78572082519531
81834855,2022,2022-08-08,3008,2022-06-07,0541,1505,ZONE,2,5,6,3008,0,0,0,NA,0,NA,EUCLID ST,BAKER AVE,0,NA,Y,A,-,N,NA,NA,NA,NA,NA,NA,NA,NA,NA,Y,4,0,1,2,A,-,09,21801,A,N,D,C,A,A,H,-,A,A,0,NA,NA,NA,NA,Y,NA,A,01,0,0,1,0,0,0,0,0,0,-,-,NA,NA,ORANGE,FULLERTON,-117.9417724609375,33.856910705566406
81835796,2022,2022-08-09,3019,2022-05-07,0742,3737,SC,6,5,7,3019,0,0,0,NA,0,004,WILSHIRE AVENUE,CENTER STREET,0,NA,Y,A,-,N,NA,NA,NA,NA,NA,NA,NA,NA,NA,N,3,0,1,2,A,-,12,22450,A,N,D,G,A,A,H,-,A,A,0,NA,Y,NA,NA,Y,NA,-,-,0,1,0,0,0,0,1,0,0,-,-,33.7310905456543,-117.89804840087892,ORANGE,SANTA ANA,-117.89813995361328,33.7311897277832
81839634,2022,2022-08-15,3019,2022-07-09,0917,3758,SC,6,5,7,3019,0,0,0,NA,0,004,EDINGER AVENUE,TOWNSEND STREET,170,W,N,A,-,N,NA,NA,NA,NA,NA,NA,NA,NA,NA,N,3,0,1,2,A,-,08,22107,NA,N,D,G,A,A,H,-,A,A,0,NA,Y,NA,NA,Y,NA,A,01,0,1,0,0,0,0,1,0,0,-,-,33.7270393371582,-117.89531707763672,ORANGE,SANTA ANA,-117.8958740234375,33.727237701416016
81839976,2022,2022-08-15,3024,2022-07-04,2347,303,P-17,1,5,5,3024,0,0,0,NA,0,WEST,MAIN STREET,CHESTNUT STREET,30,E,N,A,-,N,NA,NA,NA,NA,NA,NA,NA,NA,NA,N,4,0,1,2,A,-,11,21954,A,F,G,B,E,A,H,-,D,D,0,Y,NA,NA,NA,Y,Y,N,60,0,0,1,0,1,0,0,0,0,-,-,33.75545120239258,-118.00283813476563,ORANGE,WESTMINSTER,-118.00265502929688,33.755489349365234
81841048,2022,2022-08-16,3008,2022-06-16,1455,1330,ZONE,4,5,6,3008,0,0,0,NA,0,NA,LEMON ST,FULLERTON COLLEGE DR,0,NA,Y,A,-,N,NA,NA,NA,NA,NA,NA,NA,NA,NA,Y,4,0,2,2,A,-,12,21453,A,N,D,C,A,B,H,-,A,A,0,NA,NA,NA,NA,Y,NA,A,01,0,0,2,0,0,0,0,0,0,-,-,NA,NA,ORANGE,FULLERTON,-117.91986083984376,33.875972747802734
81841049,2022,2022-08-16,3008,2022-06-21,1509,1158,ZONE,2,5,6,3008,0,0,0,NA,0,NA,RAYMOND AVE,ORANGETHORPE AVE,486,N,N,A,-,N,NA,NA,NA,NA,NA,NA,NA,NA,NA,Y,2,0,2,2,A,-,01,23152,F,N,C,C,A,A,H,-,A,D,0,NA,NA,NA,Y,Y,NA,A,07,1,1,0,0,0,0,0,0,0,-,-,NA,NA,ORANGE,FULLERTON,-117.90680694580078,33.86091232299805
81841969,2022,2022-08-17,3001,2022-08-11,1707,A2292,D-4,4,5,7,3001,0,0,0,NA,0,D-4,LA PALMA AVENUE,HANCOCK STREET,0,NA,Y,A,-,N,NA,NA,NA,NA,NA,NA,NA,NA,NA,N,4,0,2,2,A,-,09,21801,A,N,D,C,A,A,H,-,A,D,0,NA,NA,NA,NA,Y,NA,A,07,0,0,2,0,0,0,0,0,0,-,-,33.85694122314453,-117.81404113769533,ORANGE,ANAHEIM,-117.81471252441406,33.85944747924805
81842025,2022,2022-08-17,3010,2022-08-13,1009,3042,349,6,5,6,3010,0,0,0,NA,0,004,17TH ST,WALNUT AVE,0,NA,Y,A,-,N,NA,NA,NA,NA,NA,NA,NA,NA,NA,N,3,0,1,2,A,-,09,21802,A,N,D,G,A,A,H,-,A,A,0,NA,Y,NA,NA,Y,NA,L,04,0,1,0,0,0,0,1,0,0,-,-,33.66476058959961,-118.01270294189452,ORANGE,HUNTINGTON BEACH,-118.01164245605467,33.66558837890625
81843837,2022,2022-08-18,3014,2022-08-15,0840,1555,RD44,1,5,5,3014,0,0,0,NA,0,A4,BAYSIDE DR,IRIS AVE,0,NA,Y,A,-,N,NA,NA,NA,NA,NA,NA,NA,NA,NA,N,3,0,1,2,A,-,09,21804,A,N,H,G,A,A,H,-,A,A,0,NA,Y,NA,NA,Y,NA,A,07,0,1,0,0,0,0,1,0,0,-,-,33.59743118286133,-117.87368774414063,ORANGE,NEWPORT BEACH,-117.87376403808594,33.59737014770508
81847139,2022,2022-08-24,3001,2022-08-13,1311,A2562,D-2,6,5,7,3001,0,0,0,NA,0,D-2,CATALPA DRIVE,EUCLID STREET,1,E,N,A,-,N,NA,NA,NA,NA,NA,NA,NA,NA,NA,N,3,0,1,2,A,-,09,21804,A,N,D,G,A,A,H,-,A,A,0,NA,Y,NA,NA,Y,NA,L,04,0,1,0,0,0,0,1,0,0,-,-,33.84437942504883,-117.94164276123048,ORANGE,ANAHEIM,-117.9416275024414,33.84413146972656
81848775,2022,2022-08-25,3007,2022-08-03,1505,1148,15,3,5,5,3007,0,0,0,NA,0,001,BROOKHURST ST,EDINGER AVE,0,NA,Y,A,-,N,NA,NA,NA,NA,NA,NA,NA,NA,NA,Y,3,0,1,2,A,-,03,22350,NA,N,D,C,A,A,H,-,A,A,0,NA,NA,Y,NA,Y,NA,C,03,0,1,0,0,0,0,0,0,1,-,-,NA,NA,ORANGE,FOUNTAIN VALLEY,-117.95473480224608,33.73040771484375
81850371,2021,2022-08-26,3024,2021-05-15,2242,435,P-19,6,5,5,3024,0,0,0,NA,0,EAST,WESTMINSTER BOULEVARD,NEWLAND STREET,142,W,N,A,-,N,NA,NA,NA,NA,NA,NA,NA,NA,NA,Y,1,1,0,2,A,-,11,21954,A,F,G,B,D,A,H,-,C,D,0,Y,NA,NA,NA,Y,NA,N,60,0,0,0,1,0,0,0,0,0,-,-,33.75944900512695,-117.9807586669922,ORANGE,WESTMINSTER,-117.98153686523438,33.75933074951172
81850386,2022,2022-08-26,3024,2022-07-20,1822,167,P-12,3,5,5,3024,0,0,0,NA,0,WEST,TRASK AVENUE,COBBLESTONE LANE,0,NA,Y,A,-,N,NA,NA,NA,NA,NA,NA,NA,NA,NA,N,4,0,1,2,A,-,03,22350,NA,N,C,C,A,A,H,-,A,D,0,NA,NA,Y,NA,Y,NA,D,22,0,0,1,0,0,0,0,0,1,-,-,33.76633071899414,-117.99639129638672,ORANGE,WESTMINSTER,-117.9964599609375,33.76648712158203
81850609,2022,2022-08-26,3007,2022-08-12,1356,326,24,5,5,5,3007,0,0,0,NA,0,001,BUSHARD,HEIL,0,NA,Y,A,-,N,NA,NA,NA,NA,NA,NA,NA,NA,NA,Y,4,0,1,2,A,-,09,21801,A,N,D,C,A,A,H,-,A,A,0,NA,NA,NA,NA,Y,NA,D,22,0,0,1,0,0,0,0,0,0,-,-,NA,NA,ORANGE,FOUNTAIN VALLEY,-117.96322631835938,33.723331451416016
81851196,2022,2022-08-29,3015,2022-06-13,1314,1419,15,1,5,6,3015,0,0,0,NA,0,722M,MAIN ST,STRUCK AVE,570,S,N,A,-,N,NA,NA,NA,NA,NA,NA,NA,NA,NA,Y,4,0,1,2,A,-,09,21804,A,N,D,C,A,A,H,-,A,D,0,NA,NA,NA,NA,Y,NA,A,01,0,0,1,0,0,0,0,0,0,-,-,NA,NA,ORANGE,ORANGE,-117.86682891845705,33.804508209228516
81851333,2022,2022-09-19,3007,2022-08-24,1125,302,54,3,5,5,3007,0,0,0,NA,0,003,TALBERT,BUSHARD,0,NA,Y,A,-,N,NA,NA,NA,NA,NA,NA,NA,NA,NA,Y,4,0,1,2,A,-,09,21801,A,N,D,C,A,A,H,-,A,A,0,NA,NA,NA,NA,Y,NA,A,01,0,0,1,0,0,0,0,0,0,-,-,NA,NA,ORANGE,FOUNTAIN VALLEY,-117.96292877197266,33.70163345336914
81853928,2022,2022-08-31,3019,2022-07-26,1713,3439,WE,2,5,7,3019,0,0,0,NA,0,001,HAZARD AVENUE,HARBOR BOULEVARD,0,NA,Y,A,-,N,NA,NA,NA,NA,NA,NA,NA,NA,NA,N,4,0,1,2,A,-,09,21801,A,N,D,C,A,A,H,-,A,A,0,NA,NA,NA,NA,Y,NA,A,01,0,0,1,0,0,0,0,0,0,-,-,33.7524299621582,-117.92018127441406,ORANGE,SANTA ANA,-117.92026519775392,33.75252151489258
81854855,2022,2022-09-01,3015,2022-08-26,1323,1545,RD51,5,5,6,3015,0,0,0,NA,0,721M,CHAPMAN AVE,FELDNER RD,90,E,N,A,-,N,NA,NA,NA,NA,NA,NA,NA,NA,NA,N,4,0,2,2,A,-,03,22350,NA,N,C,C,A,A,H,-,A,A,0,NA,NA,NA,NA,Y,NA,A,08,0,0,2,0,0,0,0,0,0,-,-,33.78794860839844,-117.87049102783205,ORANGE,ORANGE,-117.87026214599608,33.787899017333984
81855940,2022,2022-09-02,3024,2022-06-03,1600,537,P-32,5,5,5,3024,0,0,0,NA,0,EAST,BEACH BOULEVARD (SR 39),ELMORE WAY,39,S,N,A,-,Y,NA,NA,NA,NA,NA,NA,NA,NA,NA,N,4,0,2,2,A,-,03,22350,NA,F,C,C,A,A,H,-,A,D,0,NA,NA,NA,NA,Y,NA,A,01,0,0,2,0,0,0,0,0,0,-,-,NA,NA,ORANGE,WESTMINSTER,NA,NA
81856563,2022,2022-09-05,3001,2022-08-28,0044,A1047,NA,7,5,7,3001,0,0,0,NA,0,D-2,WALNUT STREET,ELDERWOOD AVENUE,171,S,N,A,-,N,NA,NA,NA,NA,NA,NA,NA,NA,NA,Y,3,0,2,6,A,-,05,21460,A,F,B,E,E,A,H,-,C,D,0,Y,NA,NA,NA,Y,NA,A,01,0,1,1,0,2,0,0,0,0,-,-,NA,NA,ORANGE,ANAHEIM,-117.92850494384766,33.8248405456543
81856571,2022,2022-09-05,3001,2022-09-01,1509,A2187,D-3,4,5,7,3001,0,0,0,NA,0,NA,BALL ROAD,STATE COLLEGE BOULEVARD,255,W,N,A,-,N,NA,NA,NA,NA,NA,NA,NA,NA,NA,N,4,0,1,2,A,-,03,22350,NA,M,C,C,A,A,H,-,A,A,0,NA,NA,NA,NA,Y,NA,A,07,0,0,1,0,0,0,0,0,0,-,-,NA,NA,ORANGE,ANAHEIM,-117.89022827148438,33.81809997558594
8185662,2016,2017-01-06,3026,2016-11-18,0753,548,UNIVE,5,5,6,3026,0,0,0,NA,0,00U,VON KARMAN,ALTON PKWY,849,N,N,A,-,N,NA,NA,NA,NA,NA,NA,NA,NA,NA,Y,4,0,1,2,A,-,03,22350,NA,N,D,C,A,A,-,-,A,D,0,NA,NA,Y,NA,Y,NA,C,02,0,0,1,0,0,0,0,0,1,-,-,NA,NA,ORANGE,IRVINE,-117.8369346,33.69489977
81856922,2022,2022-09-05,3024,2022-07-28,1720,536,P-30,4,5,5,3024,0,0,0,NA,0,WEST,GOLDENWEST STREET,GEORGETOWN AVENUE,523,S,N,A,-,N,NA,NA,NA,NA,NA,NA,NA,NA,NA,N,4,0,1,2,A,-,09,21801,A,N,D,C,A,A,H,-,A,D,0,NA,NA,NA,NA,Y,NA,A,07,0,0,1,0,0,0,0,0,0,-,-,33.742279052734375,-118.00695037841795,ORANGE,WESTMINSTER,-118.00695037841795,33.740966796875
81857444,2022,2022-09-06,3015,2022-08-29,1609,1515,RD76,1,5,6,3015,0,0,0,NA,0,732M,CHAPMAN AVE,SR 55 FREEWAY NORTH ON RAMP,0,NA,Y,A,-,N,NA,NA,NA,NA,NA,NA,NA,NA,NA,N,4,0,1,2,A,-,12,21453,A,N,A,C,A,A,H,-,A,A,0,NA,NA,NA,NA,Y,NA,A,07,0,0,1,0,0,0,0,0,0,-,-,NA,NA,ORANGE,ORANGE,-117.83084106445313,33.78782653808594
81857454,2022,2022-09-06,3001,2022-09-04,0134,A1047,NA,7,5,7,3001,0,0,0,NA,0,D-3,ORANGEWOOD AVENUE,LEWIS STREET,40,E,N,A,-,N,NA,NA,NA,NA,NA,NA,NA,NA,NA,Y,3,0,1,3,A,-,01,23152,A,F,C,C,A,A,H,-,C,A,0,NA,NA,NA,NA,Y,Y,A,01,0,1,0,0,0,0,0,0,0,-,-,33.796260833740234,-117.89800262451172,ORANGE,ANAHEIM,-117.89757537841795,33.79615020751953
81859568,2022,2022-09-08,3024,2022-07-30,0118,329,P-10,6,5,5,3024,0,0,0,NA,0,WEST,WESTMINSTER AVENUE,EDWARDS STREET,0,NA,Y,A,-,N,NA,NA,NA,NA,NA,NA,NA,NA,NA,Y,4,0,1,2,A,-,01,23152,A,N,D,C,A,A,H,-,C,A,0,NA,NA,NA,NA,Y,Y,A,07,0,0,1,0,0,0,0,0,0,-,-,33.75912094116211,-118.01569366455078,ORANGE,WESTMINSTER,-118.0158920288086,33.759037017822266
8186077,2016,2016-12-29,3000,2016-11-04,1540,5377,922A7,5,5,5,3040,0,0,0,NA,0,743,CABOT RD,PASEO DE COLINAS,1733,N,N,A,-,N,NA,NA,NA,NA,NA,NA,NA,NA,NA,Y,3,0,1,1,A,-,03,22350,NA,N,E,I,A,A,H,-,A,D,0,NA,NA,Y,NA,Y,NA,C,02,0,1,0,0,0,0,0,0,1,-,-,NA,NA,ORANGE,LAGUNA NIGUEL,-117.67898329,33.55341225
81863760,2022,2022-09-14,3007,2022-08-27,1805,319,43,6,5,5,3007,0,0,0,NA,0,001,MAGNOLIA,LA STELLA,220,S,N,A,-,N,NA,NA,NA,NA,NA,NA,NA,NA,NA,Y,4,0,1,4,A,-,03,22350,NA,N,C,C,A,A,H,-,A,D,0,NA,NA,NA,NA,Y,NA,A,01,0,0,1,0,0,0,0,0,0,-,-,NA,NA,ORANGE,FOUNTAIN VALLEY,-117.97186279296876,33.71015548706055
81866008,2022,2022-09-16,3010,2022-09-11,0914,1261,472,7,5,6,3010,0,0,0,NA,0,002,BEACH SERVICE ROAD,BEACH BLVD (SR-39),367,W,N,A,-,N,NA,NA,NA,NA,NA,NA,NA,NA,NA,N,3,0,1,1,C,-,18,NA,NA,N,F,A,A,A,B,G,A,D,0,NA,Y,NA,NA,Y,NA,-,-,0,1,0,0,0,0,1,0,0,-,-,NA,NA,ORANGE,HUNTINGTON BEACH,-117.98846435546876,33.659725189208984
81866033,2022,2022-09-16,3019,2022-07-25,1753,3736,SC,1,5,7,3019,0,0,0,NA,0,004,MACARTHUR BOULEVARD,FLOWER STREET,0,NA,Y,A,-,N,NA,NA,NA,NA,NA,NA,NA,NA,NA,Y,4,0,1,4,A,-,12,21453,A,N,D,D,A,A,H,-,A,A,0,NA,NA,NA,NA,Y,NA,A,01,0,0,1,0,0,0,0,0,0,-,-,33.699859619140625,-117.8769302368164,ORANGE,SANTA ANA,-117.87694549560548,33.69994354248047
81866180,2022,2022-09-16,3019,2022-09-07,1354,3824,SC,3,5,7,3019,0,0,0,NA,0,003,DYER ROAD,MAIN STREET,254,E,N,A,-,N,NA,NA,NA,NA,NA,NA,NA,NA,NA,N,4,0,1,2,C,-,18,NA,NA,N,G,B,E,A,H,-,A,D,0,Y,NA,NA,NA,Y,NA,-,-,0,0,1,0,1,0,0,0,0,-,-,33.70888137817383,-117.86815643310548,ORANGE,SANTA ANA,-117.8680419921875,33.708709716796875
8186639,2016,2017-01-12,3015,2016-11-14,0910,1539,21W,1,5,6,3015,0,0,0,NA,0,211,SOUTH LEWIS ST,METROPOLITAN DR,40,S,N,A,-,N,NA,NA,NA,NA,NA,NA,NA,NA,NA,Y,4,0,2,2,A,-,08,22107,NA,N,A,C,A,A,H,-,A,A,0,NA,NA,NA,NA,Y,NA,A,01,0,0,2,0,0,0,0,0,0,-,-,NA,NA,ORANGE,ORANGE,-117.89746,33.78160034
81867041,2022,2022-09-19,3015,2022-09-10,1053,1515,RD76,6,5,6,3015,0,0,0,NA,0,732M,CHAPMAN AVE,SR 55 NB FREEWAY ON RAMP,85,W,N,B,-,Y,NA,NA,NA,NA,NA,NA,NA,NA,NA,Y,3,0,1,2,A,-,03,22350,NA,N,C,C,A,D,C,-,A,D,0,NA,NA,NA,NA,Y,NA,A,01,0,1,0,0,0,0,0,0,0,-,-,NA,NA,ORANGE,ORANGE,NA,NA
81867287,2022,2022-09-19,3022,2022-08-26,0949,1193,SOUTH,5,5,5,3022,0,0,0,NA,0,NA,RED HILL AV,VALENCIA AV,0,NA,Y,A,-,N,NA,NA,NA,NA,NA,NA,NA,NA,NA,Y,4,0,2,3,A,-,12,21453,A,N,D,C,A,A,H,-,A,A,0,NA,NA,NA,NA,Y,NA,D,22,0,0,2,0,0,0,0,0,0,-,-,33.716800689697266,-117.83202362060548,ORANGE,TUSTIN,-117.83213043212892,33.71677017211914
81867499,2022,2022-09-19,3008,2022-08-08,0759,1486,ZONE,1,5,6,3008,0,0,0,NA,0,NA,YORBA LINDA BLVD,57 RAMP (1),0,NA,Y,A,-,N,NA,NA,NA,NA,NA,NA,NA,NA,NA,Y,3,0,2,2,A,-,12,21453,A,N,D,C,A,A,H,-,A,A,0,NA,NA,NA,NA,Y,NA,A,01,0,1,1,0,0,0,0,0,0,-,-,NA,NA,ORANGE,FULLERTON,NA,NA
81869141,2022,2022-09-20,3014,2022-09-15,1022,1520,RD44,4,5,5,3014,0,0,0,NA,0,A4,SR-1 (E. COAST HWY),ORCHID AVE,85,E,N,A,-,Y,NA,NA,NA,NA,NA,NA,NA,NA,NA,Y,4,0,2,2,A,-,03,22350,NA,N,C,C,A,A,H,-,A,D,0,NA,NA,NA,NA,Y,NA,A,01,0,0,2,0,0,0,0,0,0,-,-,33.59449005126953,-117.86839294433594,ORANGE,NEWPORT BEACH,-117.86837005615234,33.59452438354492
81871411,2022,2022-09-22,3007,2022-09-15,1835,304,55,4,5,5,3007,0,0,0,NA,0,003,TALBERT,BROOKHURST,386,E,N,A,-,N,NA,NA,NA,NA,NA,NA,NA,NA,NA,Y,4,0,1,2,A,-,09,21801,A,N,D,C,A,A,H,-,A,A,0,NA,NA,NA,NA,Y,NA,A,01,0,0,1,0,0,0,0,0,0,-,-,NA,NA,ORANGE,FOUNTAIN VALLEY,-117.95528411865234,33.70180892944336
81871607,2022,2022-09-23,3019,2022-08-22,0735,3449,NE,1,5,7,3019,0,0,0,NA,0,002,4TH STREET,GRAND AVENUE,80,W,N,A,-,N,NA,NA,NA,NA,NA,NA,NA,NA,NA,N,4,0,1,2,A,-,09,21804,A,N,D,C,A,A,H,-,A,D,0,NA,NA,NA,NA,Y,NA,A,01,0,0,1,0,0,0,0,0,0,-,-,33.74808120727539,-117.85205841064452,ORANGE,SANTA ANA,-117.85211181640624,33.74805450439453
81872206,2022,2022-11-01,3014,2022-09-15,1915,1503,RD25,4,5,5,3014,0,0,0,NA,0,A2,SR-1 (W. COAST HWY),RIVERSIDE DR.,0,NA,Y,A,-,Y,ORA,NA,1,NA,NA,19.503,H,NA,R,Y,3,0,1,2,A,-,12,21453,A,M,D,C,A,A,H,-,C,A,0,NA,NA,NA,NA,Y,NA,A,01,0,1,0,0,0,0,0,0,0,-,-,33.62018966674805,-117.92430114746094,ORANGE,NEWPORT BEACH,-117.92418670654295,33.620361328125
81872359,2022,2022-09-23,3007,2022-09-18,1230,326,53,7,5,5,3007,0,0,0,NA,0,003,TALBERT AVE,MAGNOLIA ST,0,NA,Y,A,-,N,NA,NA,NA,NA,NA,NA,NA,NA,NA,N,3,0,1,2,A,-,10,21950,A,F,D,G,A,A,H,-,A,A,0,NA,Y,NA,NA,Y,NA,-,99,0,1,0,0,0,0,1,0,0,-,-,NA,NA,ORANGE,FOUNTAIN VALLEY,-117.97174835205078,33.701229095458984
81872926,2022,2022-09-26,3022,2022-09-14,0800,1100,NA,3,5,5,3022,0,0,0,NA,0,NA,RED HILL AV,EL CAMINO REAL,250,N,N,B,-,N,NA,NA,NA,NA,NA,NA,NA,NA,NA,Y,3,0,2,2,A,-,09,21801,A,N,D,C,A,A,H,-,A,D,0,NA,NA,NA,NA,Y,NA,A,07,0,2,0,0,0,0,0,0,0,-,-,NA,NA,ORANGE,TUSTIN,-117.81414031982422,33.73479461669922
81874027,2022,2022-09-27,3019,2022-07-01,1950,3717,WE,5,5,7,3019,0,0,0,NA,0,001,HARBOR BOULEVARD,1ST STREET,376,N,N,A,-,N,NA,NA,NA,NA,NA,NA,NA,NA,NA,N,3,0,1,1,A,-,03,22350,NA,N,F,A,A,A,H,-,A,D,0,NA,NA,Y,NA,Y,NA,C,02,0,1,0,0,0,0,0,0,1,-,-,33.74504089355469,-117.92022705078124,ORANGE,SANTA ANA,-117.92018127441406,33.74515151977539
81876772,2022,2022-09-29,3014,2022-09-26,0900,1483,RD54,1,5,5,3014,0,0,0,NA,0,A4,BONITA CANYON,MACARTHUR BLVD,523,E,N,A,-,N,NA,NA,NA,NA,NA,NA,NA,NA,NA,Y,4,0,1,2,A,-,09,21801,A,N,D,C,A,A,H,-,A,D,0,NA,NA,NA,NA,Y,NA,A,07,0,0,1,0,0,0,0,0,0,-,-,33.629390716552734,-117.86060333251952,ORANGE,NEWPORT BEACH,-117.86074829101563,33.629478454589844
81878449,2022,2022-09-30,3019,2022-09-06,0655,3295,SC,2,5,7,3019,0,0,0,NA,0,004,STANFORD STREET,GREENVILLE STREET,0,NA,Y,A,-,N,NA,NA,NA,NA,NA,NA,NA,NA,NA,N,4,0,1,2,A,-,09,21802,A,N,D,C,A,A,H,-,A,A,0,NA,NA,NA,NA,Y,NA,D,22,0,0,1,0,0,0,0,0,0,-,-,33.72636032104492,-117.90042114257813,ORANGE,SANTA ANA,-117.900390625,33.7264289855957
81879199,2022,2022-09-30,3007,2022-09-19,0756,1177,53,1,5,5,3007,0,0,0,NA,0,003,SLATER AVE,ELDER ST,0,NA,Y,A,-,N,NA,NA,NA,NA,NA,NA,NA,NA,NA,Y,3,0,1,2,A,-,09,21801,A,N,D,C,A,A,H,-,A,D,0,NA,NA,NA,NA,Y,NA,A,01,0,1,0,0,0,0,0,0,0,-,-,NA,NA,ORANGE,FOUNTAIN VALLEY,-117.9655532836914,33.70869064331055
8188082,2016,2016-12-12,3015,2016-11-21,1216,1098,87,1,5,6,3015,0,0,0,NA,0,731,NORTH TUSTIN ST,E TAFT AV,0,NA,Y,B,-,N,NA,NA,NA,NA,NA,NA,NA,NA,NA,Y,3,0,3,3,A,-,01,23152,E,N,C,C,A,A,H,-,A,A,0,NA,NA,NA,NA,Y,NA,A,01,0,1,2,0,0,0,0,0,0,-,-,NA,NA,ORANGE,ORANGE,-117.83592009,33.81746003
8188098,2016,2016-12-12,3000,2016-11-10,1850,2742,992-J,4,5,5,3017,0,0,0,NA,0,778,AVELLINO,DE LA ESTRELLA,0,NA,Y,A,-,N,NA,NA,NA,NA,NA,NA,NA,NA,NA,Y,4,0,4,3,A,-,09,21801,A,N,D,C,A,A,H,-,C,A,0,NA,NA,NA,NA,Y,NA,A,01,0,0,4,0,0,0,0,0,0,-,-,NA,NA,ORANGE,SAN CLEMENTE,NA,NA
81881214,2022,2022-10-04,3008,2022-08-16,1717,1233,ZONE,2,5,6,3008,0,0,0,NA,0,NA,ORANGETHORPE AVE,HIGHLAND AVE,30,E,N,A,-,N,NA,NA,NA,NA,NA,NA,NA,NA,NA,Y,3,0,2,2,A,-,03,22350,NA,N,C,C,A,A,H,-,A,A,0,NA,NA,NA,NA,Y,NA,D,22,0,1,1,0,0,0,0,0,0,-,-,NA,NA,ORANGE,FULLERTON,-117.92857360839844,33.85945129394531
81882415,2022,2022-10-05,3001,2022-09-25,1720,A1278,NA,7,5,7,3001,0,0,0,NA,0,D-1,KATELLA AVENUE,EASY WAY,0,NA,Y,A,-,N,NA,NA,NA,NA,NA,NA,NA,NA,NA,Y,4,0,1,3,A,-,09,21801,A,N,D,C,A,A,H,-,A,A,0,NA,NA,NA,NA,Y,NA,A,07,0,0,1,0,0,0,0,0,0,-,-,33.803348541259766,-117.94786834716795,ORANGE,ANAHEIM,-117.94788360595705,33.803199768066406
8188441,2016,2016-12-19,3015,2016-12-02,0658,1386,14,5,5,6,3015,0,0,0,NA,0,711,YORBA ST,LA VETA AV,0,NA,Y,A,G,N,NA,NA,NA,NA,NA,NA,NA,NA,NA,Y,3,0,5,2,A,-,12,21453,A,N,D,C,A,A,H,-,A,D,0,NA,NA,NA,NA,Y,NA,A,01,0,1,4,0,0,0,0,0,0,-,-,NA,NA,ORANGE,ORANGE,-117.8270801,33.78048002
81885809,2022,2022-10-10,3008,2022-08-25,0758,1578,ZONE,4,5,6,3008,0,0,0,NA,0,NA,EUCLID ST,WEST AVE,0,NA,Y,A,-,N,NA,NA,NA,NA,NA,NA,NA,NA,NA,Y,4,0,1,2,A,-,09,21801,A,N,D,C,A,A,H,-,A,D,0,NA,NA,NA,NA,Y,NA,A,07,0,0,1,0,0,0,0,0,0,-,-,NA,NA,ORANGE,FULLERTON,-117.94190979003906,33.865272521972656
81889087,2022,2022-10-13,3008,2022-08-18,0836,1578,ZONE,4,5,6,3008,0,0,0,NA,0,NA,VALENCIA DR,MAGNOLIA AVE,0,NA,Y,A,-,N,NA,NA,NA,NA,NA,NA,NA,NA,NA,N,4,0,1,2,A,-,09,21804,B,N,D,C,A,A,H,-,A,A,0,NA,NA,NA,NA,Y,NA,A,01,0,0,1,0,0,0,0,0,0,-,-,NA,NA,ORANGE,FULLERTON,-117.97632598876952,33.86640548706055
81890973,2022,2022-10-17,3024,2022-09-03,2210,536,P-32,6,5,5,3024,0,0,0,NA,0,EAST,BEACH BLVD (SR-39),BOLSA AVENUE,40,S,N,A,-,Y,NA,NA,NA,NA,NA,NA,NA,NA,NA,N,4,0,3,2,A,-,08,22107,NA,N,B,C,A,A,H,-,C,A,0,NA,NA,NA,NA,Y,NA,A,01,0,0,3,0,0,0,0,0,0,-,-,NA,NA,ORANGE,WESTMINSTER,-117.98938751220705,33.74460220336914