CASE_ID,ACCIDENT_YEAR,PROC_DATE,JURIS,COLLISION_DATE,COLLISION_TIME,OFFICER_ID,REPORTING_DISTRICT,DAY_OF_WEEK,CHP_SHIFT,POPULATION,CNTY_CITY_LOC,SPECIAL_COND,BEAT_TYPE,CHP_BEAT_TYPE,CITY_DIVISION_LAPD,CHP_BEAT_CLASS,BEAT_NUMBER,PRIMARY_RD,SECONDARY_RD,DISTANCE,DIRECTION,INTERSECTION,WEATHER_1,WEATHER_2,STATE_HWY_IND,CALTRANS_COUNTY,CALTRANS_DISTRICT,STATE_ROUTE,ROUTE_SUFFIX,POSTMILE_PREFIX,POSTMILE,LOCATION_TYPE,RAMP_INTERSECTION,SIDE_OF_HWY,TOW_AWAY,COLLISION_SEVERITY,NUMBER_KILLED,NUMBER_INJURED,PARTY_COUNT,PRIMARY_COLL_FACTOR,PCF_CODE_OF_VIOL,PCF_VIOL_CATEGORY,PCF_VIOLATION,PCF_VIOL_SUBSECTION,HIT_AND_RUN,TYPE_OF_COLLISION,MVIW,PED_ACTION,ROAD_SURFACE,ROAD_COND_1,ROAD_COND_2,LIGHTING,CONTROL_DEVICE,CHP_ROAD_TYPE,PEDESTRIAN_ACCIDENT,BICYCLE_ACCIDENT,MOTORCYCLE_ACCIDENT,TRUCK_ACCIDENT,NOT_PRIVATE_PROPERTY,ALCOHOL_INVOLVED,STWD_VEHTYPE_AT_FAULT,CHP_VEHTYPE_AT_FAULT,COUNT_SEVERE_INJ,COUNT_VISIBLE_INJ,COUNT_COMPLAINT_PAIN,COUNT_PED_KILLED,COUNT_PED_INJURED,COUNT_BICYCLIST_KILLED,COUNT_BICYCLIST_INJURED,COUNT_MC_KILLED,COUNT_MC_INJURED,PRIMARY_RAMP,SECONDARY_RAMP,LATITUDE,LONGITUDE,COUNTY,CITY,POINT_X,POINT_Y
82392213,2024,2024-05-17,3001,2024-05-03,1324,A2687,NA,5,5,7,3001,0,0,0,NA,0,NA,BROADWAY,ILLINOIS STREET (W),7,W,N,A,-,N,NA,NA,NA,NA,NA,NA,NA,NA,NA,N,4,0,1,2,A,-,03,22350,NA,N,C,C,A,A,H,-,A,D,0,NA,NA,NA,NA,Y,NA,A,01,0,0,1,0,0,0,0,0,0,-,-,NA,NA,ORANGE,ANAHEIM,-117.9254150390625,33.83051681518555
82393044,2024,2024-05-17,3014,2024-05-16,2019,1532,NA,4,5,5,3014,0,0,0,NA,0,A1,NEWPORT BLVD,FINLEY AVE,0,NA,Y,A,-,N,NA,NA,NA,NA,NA,NA,NA,NA,NA,Y,2,0,1,2,A,-,09,21801,A,N,D,C,A,A,H,-,C,A,0,NA,NA,Y,NA,Y,NA,A,01,1,0,0,0,0,0,0,0,1,-,-,33.61709976196289,-117.93019104003906,ORANGE,NEWPORT BEACH,-117.93032073974608,33.61716842651367
82393124,2024,2024-05-23,3001,2024-05-15,2247,A2595,NA,3,5,7,3001,0,0,0,NA,0,NA,HARBOR BOULEVARD,RT 91 EB ON RAMP,0,NA,Y,A,-,N,NA,NA,NA,NA,NA,NA,NA,NA,NA,N,4,0,1,2,A,-,09,21804,A,N,D,G,A,A,H,-,C,A,0,NA,Y,NA,NA,Y,NA,L,04,0,0,1,0,0,0,1,0,0,-,-,33.854061126708984,-117.92411041259766,ORANGE,ANAHEIM,-117.92414093017578,33.8537712097168
82393128,2024,2024-05-20,3001,2024-05-16,1534,A1397,NA,4,5,7,3001,0,0,0,NA,0,D-1,BALL ROAD,WEBSTER AVENUE,145,W,N,B,-,N,NA,NA,NA,NA,NA,NA,NA,NA,NA,Y,3,0,1,2,A,-,03,22350,NA,N,C,C,A,A,H,-,A,D,0,NA,NA,NA,NA,Y,NA,A,01,0,1,0,0,0,0,0,0,0,-,-,NA,NA,ORANGE,ANAHEIM,-117.97136688232422,33.817657470703125
82394619,2024,2024-05-21,3019,2024-04-18,2031,3718,NA,4,5,7,3019,0,0,0,NA,0,004,BAKER STREET,SAINT GERTRUDE PLACE (N),50,N,N,A,-,N,NA,NA,NA,NA,NA,NA,NA,NA,NA,Y,3,0,1,2,A,-,01,23152,A,N,D,E,A,A,H,-,C,D,0,NA,NA,NA,NA,Y,Y,A,01,0,1,0,0,0,0,0,0,0,-,-,33.719120025634766,-117.88347625732422,ORANGE,SANTA ANA,-117.88326263427734,33.719017028808594
82395677,2023,2024-05-22,3015,2023-08-25,45,1374,NA,5,5,6,3015,0,0,0,NA,0,751,CHAPMAN AVE,GLASSELL ST,175,E,N,A,-,N,NA,NA,NA,NA,NA,NA,NA,NA,NA,Y,1,1,0,1,A,-,03,22350,NA,N,E,I,A,A,H,-,C,A,0,NA,NA,NA,NA,Y,NA,A,07,0,0,0,0,0,0,0,0,0,-,-,NA,NA,ORANGE,ORANGE,-117.85291290283205,33.78773880004883
82399479,2024,2024-05-30,3008,2024-04-07,1540,1484,NA,7,5,6,3008,0,0,0,NA,0,NA,COMMONWEALTH AVE,MOUNTAIN VIEW PL,222,E,N,A,-,N,NA,NA,NA,NA,NA,NA,NA,NA,NA,Y,3,0,1,5,A,-,08,22107,NA,N,C,E,E,A,H,-,A,D,0,Y,NA,NA,NA,Y,NA,A,01,0,1,0,0,1,0,0,0,0,-,-,33.870391845703125,-117.8954620361328,ORANGE,FULLERTON,-117.89492797851563,33.870540618896484
82399481,2024,2024-05-29,3008,2024-04-16,1231,1582,NA,2,5,6,3008,0,0,0,NA,0,NA,BASQUE AVE,MALVERN AVE,13,S,N,A,-,N,NA,NA,NA,NA,NA,NA,NA,NA,NA,Y,4,0,2,2,A,-,05,21460,A,N,D,C,A,A,H,-,A,A,0,NA,NA,NA,NA,Y,NA,A,07,0,0,2,0,0,0,0,0,0,-,-,NA,NA,ORANGE,FULLERTON,-117.95066833496094,33.87563705444336
82400558,2024,2024-05-28,3014,2024-05-24,1236,1555,NA,5,5,5,3014,0,0,0,NA,0,A3,JAMBOREE RD,BRISTOL ST S,0,NA,Y,B,-,N,NA,NA,NA,NA,NA,NA,NA,NA,NA,Y,4,0,1,2,A,-,12,21453,A,N,D,C,A,A,H,-,A,A,0,NA,NA,NA,NA,Y,NA,A,01,0,0,1,0,0,0,0,0,0,-,-,33.65488815307617,-117.86530303955078,ORANGE,NEWPORT BEACH,-117.86540985107422,33.65494918823242
82402762,2024,2024-05-31,3010,2024-05-25,151,2011,NA,6,5,6,3010,0,0,0,NA,0,008,PACIFIC COAST HWY - SR1,MARINER DR,642,S,N,B,-,Y,ORA,NA,1,NA,NA,31.439,H,NA,R,Y,4,0,2,2,D,-,00,NA,NA,N,C,E,A,A,H,-,C,D,0,NA,NA,NA,NA,Y,Y,-,-,0,0,2,0,0,0,0,0,0,-,-,33.72779083251953,-118.08200073242188,ORANGE,HUNTINGTON BEACH,-118.08216857910156,33.727657318115234
82403582,2024,2024-06-03,3015,2024-05-17,1652,1495,NA,5,5,6,3015,0,0,0,NA,0,712M,BATAVIA ST,COLLINS AVE,167,S,N,A,-,N,NA,NA,NA,NA,NA,NA,NA,NA,NA,Y,3,0,1,1,A,-,08,22107,NA,N,E,I,A,A,H,-,A,D,0,NA,NA,NA,NA,Y,NA,A,07,0,1,0,0,0,0,0,0,0,-,-,33.80192947387695,-117.8615264892578,ORANGE,ORANGE,-117.86183166503906,33.80195617675781
82404868,2024,2024-06-04,3019,2024-02-08,2054,3827,NA,4,5,7,3019,0,0,0,NA,0,002,4TH STREET,GOLDEN CIRCLE DRIVE,300,E,N,A,-,N,NA,NA,NA,NA,NA,NA,NA,NA,NA,N,3,0,1,2,A,-,11,21954,A,N,G,B,E,A,H,-,D,D,0,Y,NA,NA,NA,Y,NA,N,60,0,1,0,0,1,0,0,0,0,-,-,33.74800109863281,-117.83838653564452,ORANGE,SANTA ANA,-117.83719635009766,33.74824142456055
82406159,2024,2024-06-05,3022,2024-05-07,1706,1169,NA,2,5,5,3022,0,0,0,NA,0,NA,BROWNING AV,SAN JUAN ST,0,NA,Y,A,-,N,NA,NA,NA,NA,NA,NA,NA,NA,NA,N,2,0,1,2,A,-,12,22450,A,N,D,G,A,A,H,-,A,A,0,NA,Y,NA,NA,Y,NA,L,04,1,0,0,0,0,0,1,0,0,-,-,33.73173141479492,-117.8060302734375,ORANGE,TUSTIN,-117.80598449707033,33.73163986206055
82406188,2024,2024-06-05,3001,2024-04-21,1806,A1962,NA,7,5,7,3001,0,0,0,NA,0,D-2,WEST STREET,LINCOLN AVENUE,32,S,N,A,-,N,NA,NA,NA,NA,NA,NA,NA,NA,NA,Y,3,0,1,2,D,-,00,NA,NA,N,C,C,A,A,H,-,A,A,0,NA,NA,Y,NA,Y,NA,-,-,0,1,0,0,0,0,0,0,1,-,-,33.83269119262695,-117.9272232055664,ORANGE,ANAHEIM,-117.92713165283205,33.8326416015625
82406264,2024,2024-06-05,3008,2024-04-12,1223,1700,NA,5,5,6,3008,0,0,0,NA,0,NA,ORANGETHORPE AVE,PLACENTIA AVE,74,W,N,B,-,N,NA,NA,NA,NA,NA,NA,NA,NA,NA,Y,4,0,2,3,A,-,03,22350,NA,N,C,C,A,A,H,-,A,A,0,NA,NA,NA,NA,Y,NA,A,01,0,0,2,0,0,0,0,0,0,-,-,NA,NA,ORANGE,FULLERTON,-117.88339233398438,33.859683990478516
82406883,2024,2024-06-05,3019,2024-05-13,1634,3483,NA,1,5,7,3019,0,0,0,NA,0,002,BROADWAY,WARNER AVENUE,0,NA,Y,A,-,N,NA,NA,NA,NA,NA,NA,NA,NA,NA,N,3,0,1,3,A,-,09,21801,A,N,A,C,A,A,H,-,A,D,0,NA,NA,NA,NA,Y,NA,A,01,0,1,0,0,0,0,0,0,0,-,-,33.71625900268555,-117.86975860595705,ORANGE,SANTA ANA,-117.86972045898438,33.716041564941406
82406891,2024,2024-06-05,3019,2024-05-15,935,3702,NA,3,5,7,3019,0,0,0,NA,0,003,DYER ROAD,HALLADAY STREET (E),200,E,N,A,-,N,NA,NA,NA,NA,NA,NA,NA,NA,NA,N,4,0,2,2,A,-,03,22350,NA,M,C,C,A,A,H,-,A,D,0,NA,NA,NA,NA,Y,NA,-,99,0,0,2,0,0,0,0,0,0,-,-,33.7087287902832,-117.85965728759766,ORANGE,SANTA ANA,-117.85919952392578,33.708709716796875
82406900,2024,2024-06-05,3019,2024-05-17,2237,3729,NA,5,5,7,3019,0,0,0,NA,0,NA,FLOWER STREET,GLENWOOD PLACE,40,N,N,A,-,N,NA,NA,NA,NA,NA,NA,NA,NA,NA,N,4,0,1,2,A,-,04,21703,NA,N,C,G,A,A,H,-,C,D,0,NA,Y,NA,NA,Y,NA,D,22,0,0,1,0,0,0,1,0,0,-,-,33.72161102294922,-117.8768310546875,ORANGE,SANTA ANA,-117.87660217285156,33.721717834472656
82406944,2024,2024-06-05,3026,2024-04-16,1425,620,NA,2,5,6,3026,0,0,0,NA,0,009,BENCHMARK,MODJESKA,101,W,N,A,-,N,NA,NA,NA,NA,NA,NA,NA,NA,NA,N,3,0,1,2,A,-,-,NA,NA,N,G,B,F,A,H,-,A,D,0,Y,Y,NA,NA,Y,NA,L,04,0,1,0,0,1,0,0,0,0,-,-,33.680728912353516,-117.72202301025392,ORANGE,IRVINE,-117.7228546142578,33.682350158691406
82407279,2024,2024-06-06,3001,2024-05-31,1546,A2461,NA,5,5,7,3001,0,0,0,NA,0,D-3,ANAHEIM BOULEVARD,VERMONT AVENUE,297,S,N,A,-,N,NA,NA,NA,NA,NA,NA,NA,NA,NA,N,4,0,3,2,A,-,03,22350,NA,N,C,C,A,A,H,-,A,D,0,NA,NA,Y,NA,Y,NA,A,01,0,0,3,0,0,0,0,0,1,-,-,NA,NA,ORANGE,ANAHEIM,-117.90948486328124,33.8223876953125
82409400,2024,2024-06-10,3015,2024-05-22,2145,1634,NA,3,5,6,3015,0,0,0,NA,0,051,ORANGEWOOD AVE,S/B 57 FREEWAY ON-RAMP,0,NA,Y,A,-,Y,NA,NA,NA,NA,NA,NA,NA,NA,NA,Y,3,0,1,2,A,-,12,21453,A,N,D,C,A,A,H,-,C,A,0,NA,NA,NA,NA,Y,NA,A,01,0,1,0,0,0,0,0,0,0,-,-,NA,NA,ORANGE,ORANGE,NA,NA
82409468,2024,2024-06-10,3010,2024-06-05,2037,2151,NA,3,5,6,3010,0,0,0,NA,0,007,EDINGER AVE,GOLDENWEST ST,168,E,N,A,-,N,NA,NA,NA,NA,NA,NA,NA,NA,NA,Y,4,0,1,2,A,-,08,22107,NA,N,B,C,A,A,H,-,C,D,0,NA,NA,NA,NA,Y,NA,A,01,0,0,1,0,0,0,0,0,0,-,-,33.72914123535156,-118.00653839111328,ORANGE,HUNTINGTON BEACH,-118.00621795654295,33.730106353759766
82410847,2024,2024-06-10,3019,2024-05-05,2024,3778,NA,7,5,7,3019,0,0,0,NA,0,003,1ST STREET,LYON STREET,0,W,Y,A,-,N,NA,NA,NA,NA,NA,NA,NA,NA,NA,N,4,0,1,2,A,-,12,21453,A,N,B,D,A,A,H,-,C,A,0,NA,NA,NA,NA,Y,NA,A,01,0,0,1,0,0,0,0,0,0,-,-,33.74441909790039,-117.84510040283205,ORANGE,SANTA ANA,-117.84491729736328,33.7454719543457
82410853,2024,2024-06-10,3019,2024-05-19,26,3718,NA,7,5,7,3019,0,0,0,NA,0,004,FAIRVIEW STREET,WARNER AVENUE,0,NA,Y,-,-,N,NA,NA,NA,NA,NA,NA,NA,NA,NA,Y,4,0,1,2,A,-,12,21453,A,N,D,C,A,A,H,-,C,A,0,NA,NA,NA,NA,Y,NA,-,-,0,0,1,0,0,0,0,0,0,-,-,33.71495819091797,-117.90853881835938,ORANGE,SANTA ANA,-117.90790557861328,33.715206146240234
82410979,2024,2024-06-11,3015,2024-04-20,2207,1683,NA,6,5,6,3015,0,0,0,NA,0,131,E. CHAPMAN AVE.,N. LORETTA ST.,0,NA,Y,A,-,N,NA,NA,NA,NA,NA,NA,NA,NA,NA,Y,3,0,1,2,A,-,03,22350,NA,N,C,C,A,A,H,-,C,D,0,NA,NA,Y,NA,Y,NA,C,02,0,1,0,0,0,0,0,0,0,-,-,NA,NA,ORANGE,ORANGE,-117.82510375976563,33.787818908691406
82410980,2024,2024-06-11,3015,2024-06-03,1753,1712,NA,1,5,6,3015,0,0,0,NA,0,321,TUSTIN ST,TAFT AVE (S),0,NA,Y,A,-,N,NA,NA,NA,NA,NA,NA,NA,NA,NA,Y,3,0,3,1,A,-,01,23152,A,N,E,I,A,A,H,-,A,A,0,NA,NA,NA,NA,Y,Y,A,01,0,3,0,0,0,0,0,0,0,-,-,33.81584930419922,-117.83583068847656,ORANGE,ORANGE,-117.83592224121094,33.81746292114258
82415183,2024,2024-06-14,3014,2024-06-12,1420,1572,NA,3,5,5,3014,0,0,0,NA,0,A3,EASTBLUFF DR,MAR VISTA DR,0,NA,Y,A,-,N,NA,NA,NA,NA,NA,NA,NA,NA,NA,N,3,0,1,2,A,-,12,22450,A,M,H,G,A,A,H,-,A,A,0,NA,NA,NA,NA,Y,NA,A,01,0,1,0,0,0,0,0,0,0,-,-,33.63209915161133,-117.87489318847656,ORANGE,NEWPORT BEACH,-117.87547302246094,33.632362365722656
82416737,2024,2024-06-18,3022,2024-05-16,905,1335,NA,4,5,5,3022,0,0,0,NA,0,001,17TH ST,CARROLL WY,0,NA,Y,B,-,N,NA,NA,NA,NA,NA,NA,NA,NA,NA,Y,3,0,1,2,A,-,12,21453,A,N,D,C,A,A,H,-,A,A,0,NA,NA,NA,Y,Y,NA,A,07,0,1,0,0,0,0,0,0,0,-,-,33.75975036621094,-117.82927703857422,ORANGE,TUSTIN,-117.82911682128906,33.759883880615234
82417969,2024,2024-06-19,3019,2024-05-04,1952,3897,NA,6,5,7,3019,0,0,0,NA,0,001,5TH STREET,FAIRLAWN AVENUE,20,W,N,A,-,N,NA,NA,NA,NA,NA,NA,NA,NA,NA,N,4,0,1,2,A,-,08,22107,NA,M,B,E,A,A,H,-,C,D,0,NA,NA,NA,NA,Y,NA,A,01,0,0,1,0,0,0,0,0,0,-,-,33.7486686706543,-117.8940200805664,ORANGE,SANTA ANA,-117.89420318603516,33.74877166748047
82417977,2024,2024-06-19,3019,2024-06-10,733,2801,NA,1,5,7,3019,0,0,0,NA,0,002,PENN WAY,ROUTE 5 SB OFFRAMP,27,N,N,B,-,N,NA,NA,NA,NA,NA,NA,NA,NA,NA,Y,4,0,1,2,A,-,12,21453,A,N,E,I,A,A,H,-,A,A,0,NA,NA,NA,NA,Y,NA,A,01,0,0,1,0,0,0,0,0,0,-,-,33.758331298828125,-117.86212158203124,ORANGE,SANTA ANA,-117.86295318603516,33.7601203918457
82420744,2024,2024-06-24,3001,2024-06-17,2120,A1962,NA,1,5,7,3001,0,0,0,NA,0,D-2,CLAUDINA STREET,SOUTH STREET (E),50,S,N,A,-,N,NA,NA,NA,NA,NA,NA,NA,NA,NA,N,3,0,1,2,A,-,11,21954,A,N,G,B,D,A,H,-,C,A,0,Y,NA,NA,NA,Y,NA,N,60,0,1,0,0,1,0,0,0,0,-,-,33.82680892944336,-117.90994262695313,ORANGE,ANAHEIM,-117.91002655029295,33.826961517333984
82423280,2024,2024-08-14,3014,2024-06-11,926,1503,NA,2,5,5,3014,0,0,0,NA,0,A4,MARGUERITE,FIFTH AVE,0,NA,Y,B,-,N,NA,NA,NA,NA,NA,NA,NA,NA,NA,N,4,0,1,1,C,-,18,NA,NA,N,F,G,A,A,H,-,A,A,0,NA,NA,NA,NA,Y,NA,-,-,0,0,1,0,0,0,0,0,0,-,-,NA,NA,ORANGE,NEWPORT BEACH,-117.86746978759766,33.599735260009766
82423454,2024,2024-06-26,3026,2024-05-02,750,308,NA,4,5,6,3026,0,0,0,NA,0,001,CULVER DR,ALTON PKWY,70,S,N,A,-,N,NA,NA,NA,NA,NA,NA,NA,NA,NA,Y,3,0,1,2,D,-,00,NA,NA,N,C,C,A,A,H,-,A,D,0,NA,NA,Y,NA,Y,NA,-,-,0,1,0,0,0,0,0,0,1,-,-,33.68061828613281,-117.81143188476563,ORANGE,IRVINE,-117.8117446899414,33.680721282958984
82424529,2024,2024-06-27,3001,2024-06-22,1108,A2657,NA,6,5,7,3001,0,0,0,NA,0,031,BALL ROAD,LOARA STREET (E),121,E,N,A,-,N,NA,NA,NA,NA,NA,NA,NA,NA,NA,N,4,0,1,2,A,-,08,22105,NA,N,D,C,A,A,H,-,A,D,0,NA,NA,NA,NA,Y,NA,A,01,0,0,1,0,0,0,0,0,0,-,-,33.818031311035156,-117.93682098388672,ORANGE,ANAHEIM,-117.937255859375,33.817928314208984
82426453,2024,2024-07-01,3001,2024-06-20,2014,A1278,NA,4,5,7,3001,0,0,0,NA,0,D-2,BAXTER STREET,BELMONT AVENUE,185,N,N,A,-,N,NA,NA,NA,NA,NA,NA,NA,NA,NA,Y,3,0,2,4,A,-,05,21650,NA,N,D,C,E,A,H,-,C,D,0,Y,NA,NA,NA,Y,NA,A,01,0,1,1,0,1,0,0,0,0,-,-,33.8478889465332,-117.89356994628906,ORANGE,ANAHEIM,-117.8936004638672,33.84830856323242
82426769,2024,2024-07-01,3010,2024-06-19,2105,6048,NA,3,5,6,3010,0,0,0,NA,0,005,NEWLAND ST,MODALE DR,65,E,N,A,-,N,NA,NA,NA,NA,NA,NA,NA,NA,NA,Y,2,0,3,2,A,-,01,23152,B,N,C,C,A,A,H,-,C,A,0,NA,NA,NA,NA,Y,Y,A,07,1,1,1,0,0,0,0,0,0,-,-,33.68907165527344,-117.98076629638672,ORANGE,HUNTINGTON BEACH,-117.98020935058594,33.69034957885742
82427733,2024,2024-07-01,3026,2024-06-15,1506,733,NA,6,5,6,3026,0,0,0,NA,0,004,HARVARD AVE,IRVINE CENTER DR,22,S,N,A,-,N,NA,NA,NA,NA,NA,NA,NA,NA,NA,N,2,0,2,3,D,-,00,NA,NA,N,A,G,A,A,H,-,A,A,0,NA,Y,NA,NA,Y,NA,-,-,1,1,0,0,0,0,2,0,0,-,-,33.70100021362305,-117.80243682861328,ORANGE,IRVINE,-117.80261993408205,33.70081329345703
82428928,2024,2024-07-02,3014,2024-06-27,1819,1508,NA,4,5,5,3014,0,0,0,NA,0,A4,BONITA CANYON DR,PRARIE RD,0,NA,Y,A,-,N,NA,NA,NA,NA,NA,NA,NA,NA,NA,N,4,0,1,2,A,-,05,21650,NA,N,H,G,A,D,H,-,A,A,0,NA,NA,NA,NA,Y,NA,M,91,0,0,1,0,0,0,0,0,0,-,-,33.62839126586914,-117.84879302978516,ORANGE,NEWPORT BEACH,-117.8496322631836,33.62860870361328
82429157,2024,2024-07-03,3001,2024-06-25,804,A2894,NA,2,5,7,3001,0,0,0,NA,0,D-4,WINDSONG DRIVE,STARVIEW COURT,302,E,N,A,-,N,NA,NA,NA,NA,NA,NA,NA,NA,NA,Y,4,0,1,3,A,-,05,21650,NA,N,A,E,A,A,H,-,A,C,0,NA,NA,NA,NA,Y,NA,A,07,0,0,1,0,0,0,0,0,0,-,-,33.8613395690918,-117.72762298583984,ORANGE,ANAHEIM,-117.72667694091795,33.86146545410156
82429165,2024,2024-07-03,3001,2024-06-26,1125,A2382,NA,3,5,7,3001,0,0,0,NA,0,D-2,LA PALMA AVENUE,EUCLID STREET,89,W,N,A,-,N,NA,NA,NA,NA,NA,NA,NA,NA,NA,Y,4,0,1,2,A,-,08,22107,NA,M,D,C,A,A,H,-,A,A,0,NA,NA,NA,NA,Y,NA,A,01,0,0,1,0,0,0,0,0,0,-,-,NA,NA,ORANGE,ANAHEIM,-117.94196319580078,33.84709548950195
82429166,2024,2024-07-03,3001,2024-06-26,1611,A2339,NA,3,5,7,3001,0,0,0,NA,0,NA,DUDLEY AVENUE,EUCLID STREET,5,E,N,A,-,N,NA,NA,NA,NA,NA,NA,NA,NA,NA,N,3,0,1,2,A,-,05,21650,1,N,D,G,A,A,H,-,A,A,0,NA,Y,NA,NA,Y,NA,L,04,0,1,0,0,0,0,1,0,0,-,-,33.80113983154297,-117.94139099121094,ORANGE,ANAHEIM,-117.94131469726563,33.801025390625
82430251,2024,2024-07-03,3014,2024-06-18,1736,1646,NA,2,5,5,3014,0,0,0,NA,0,A2,SR-1 (W. COAST HIGHWAY),ORANGE ST,0,NA,N,A,-,Y,NA,NA,NA,NA,NA,NA,NA,NA,NA,N,3,0,2,2,A,-,03,22350,NA,N,C,C,A,A,H,-,A,A,0,NA,NA,NA,NA,Y,NA,-,-,0,2,0,0,0,0,0,0,0,-,-,NA,NA,ORANGE,NEWPORT BEACH,-117.95249176025392,33.62819290161133
82433586,2024,2024-07-09,3008,2024-05-20,1723,1666,NA,1,5,6,3008,0,0,0,NA,0,NA,STATE COLLEGE BLVD,CHAPMAN AVE,527,S,N,A,-,N,NA,NA,NA,NA,NA,NA,NA,NA,NA,N,4,0,1,2,A,-,17,21235,G,F,D,C,A,A,H,-,A,A,0,NA,NA,NA,NA,Y,Y,M,91,0,0,1,0,0,0,0,0,0,-,-,33.874351501464844,-117.88977813720705,ORANGE,FULLERTON,-117.88961029052734,33.872764587402344
82433656,2024,2024-07-09,3002,2024-06-12,2037,1719,NA,3,5,4,3002,0,0,0,NA,0,012,BIRCH ST,KRAEMER BL,0,NA,Y,A,-,N,NA,NA,NA,NA,NA,NA,NA,NA,NA,Y,2,0,2,2,A,-,12,21453,A,N,D,C,A,A,H,-,C,A,0,NA,NA,NA,NA,Y,NA,A,07,1,1,0,0,0,0,0,0,0,-,-,33.91828155517578,-117.86386108398438,ORANGE,BREA,-117.86385345458984,33.91826248168945
82434611,2024,2024-07-10,3001,2024-05-31,2101,A1974,NA,5,5,7,3001,0,0,0,NA,0,D-3,KATELLA AVENUE,ECL PROLONGATION HARBOR BLVD,89,E,N,A,-,N,NA,NA,NA,NA,NA,NA,NA,NA,NA,N,4,0,1,2,B,-,22,NA,NA,N,C,C,A,A,H,-,C,A,0,NA,NA,NA,NA,Y,NA,J,48,0,0,1,0,0,0,0,0,0,-,-,NA,NA,ORANGE,ANAHEIM,NA,NA
82434669,2024,2024-07-10,3019,2024-06-09,1650,3609,NA,7,5,7,3019,0,0,0,NA,0,004,MOHAWK DRIVE,LA VERNE AVENUE,0,NA,Y,A,-,N,NA,NA,NA,NA,NA,NA,NA,NA,NA,N,4,0,1,2,A,-,08,22107,NA,M,D,C,A,A,H,-,A,D,0,NA,NA,NA,NA,Y,NA,D,22,0,0,1,0,0,0,0,0,0,-,-,33.730281829833984,-117.91132354736328,ORANGE,SANTA ANA,-117.91141510009766,33.73020935058594
82436818,2024,2024-07-12,3015,2024-07-10,1125,1336,NA,3,5,6,3015,0,0,0,NA,0,722M,TUSTIN ST,FAIRHAVEN AVE,250,N,N,A,-,N,NA,NA,NA,NA,NA,NA,NA,NA,NA,Y,4,0,1,2,A,-,03,22350,NA,N,C,C,A,A,H,-,A,D,0,NA,NA,NA,NA,Y,NA,A,01,0,0,1,0,0,0,0,0,0,-,-,33.77326965332031,-117.83576202392578,ORANGE,ORANGE,-117.83576202392578,33.773956298828125
82438248,2024,2024-07-15,3015,2024-06-26,1710,1329,NA,3,5,6,3015,0,0,0,NA,0,321,LINCOLN ST,GLENDALE AVE,132,S,N,A,-,N,NA,NA,NA,NA,NA,NA,NA,NA,NA,N,3,0,1,2,A,-,08,22107,NA,N,B,G,A,A,H,-,A,D,0,NA,Y,Y,NA,Y,NA,L,04,0,1,0,0,0,0,1,0,0,-,-,33.76485824584961,-117.85623168945313,ORANGE,ORANGE,-117.83896636962892,33.818328857421875
82440979,2024,2024-07-17,3022,2024-07-08,801,1457,NA,1,5,5,3022,0,0,0,NA,0,NA,SERVICE RD,SCHOOL LN,570,E,N,B,-,N,NA,NA,NA,NA,NA,NA,NA,NA,NA,Y,3,0,1,2,A,-,09,21804,A,N,D,C,A,A,H,-,A,D,0,NA,NA,NA,NA,Y,NA,K,45,0,1,0,0,0,0,0,0,0,-,-,33.725460052490234,-117.82910919189452,ORANGE,TUSTIN,-117.82894897460938,33.72555160522461
82442066,2024,2024-07-25,3015,2024-07-05,1203,1648,NA,5,5,6,3015,0,0,0,NA,0,713M,MAPLE AVE,HARWOOD ST,0,NA,Y,A,-,N,NA,NA,NA,NA,NA,NA,NA,NA,NA,N,3,0,2,2,A,-,09,21802,B,N,D,C,A,A,H,-,A,D,0,NA,NA,NA,NA,Y,NA,A,01,0,2,0,0,0,0,0,0,0,-,-,33.78900146484375,-117.84654998779295,ORANGE,ORANGE,-117.84657287597656,33.7896614074707
82443118,2024,2024-07-19,3015,2024-07-17,1308,1250,NA,3,5,6,3015,0,0,0,NA,0,711M,MAIN ST,PALMYRA AVE,0,NA,Y,A,-,N,NA,NA,NA,NA,NA,NA,NA,NA,NA,Y,4,0,4,2,A,-,12,21453,A,N,D,C,A,A,H,-,A,A,0,NA,NA,NA,NA,Y,NA,D,22,0,0,4,0,0,0,0,0,0,-,-,33.78403091430664,-117.86734008789063,ORANGE,ORANGE,-117.86730194091795,33.783966064453125
82443193,2024,2024-07-19,3010,2024-07-13,1034,6063,NA,6,5,6,3010,0,0,0,NA,0,004,PALM AVE,13TH ST,0,NA,Y,A,-,N,NA,NA,NA,NA,NA,NA,NA,NA,NA,Y,3,0,1,2,A,-,09,21802,A,N,D,C,A,A,H,-,A,A,0,NA,NA,NA,NA,Y,NA,A,08,0,1,0,0,0,0,0,0,0,-,-,33.66749954223633,-118.0039520263672,ORANGE,HUNTINGTON BEACH,-118.0039291381836,33.667579650878906