CASE_ID,ACCIDENT_YEAR,PROC_DATE,JURIS,COLLISION_DATE,COLLISION_TIME,OFFICER_ID,REPORTING_DISTRICT,DAY_OF_WEEK,CHP_SHIFT,POPULATION,CNTY_CITY_LOC,SPECIAL_COND,BEAT_TYPE,CHP_BEAT_TYPE,CITY_DIVISION_LAPD,CHP_BEAT_CLASS,BEAT_NUMBER,PRIMARY_RD,SECONDARY_RD,DISTANCE,DIRECTION,INTERSECTION,WEATHER_1,WEATHER_2,STATE_HWY_IND,CALTRANS_COUNTY,CALTRANS_DISTRICT,STATE_ROUTE,ROUTE_SUFFIX,POSTMILE_PREFIX,POSTMILE,LOCATION_TYPE,RAMP_INTERSECTION,SIDE_OF_HWY,TOW_AWAY,COLLISION_SEVERITY,NUMBER_KILLED,NUMBER_INJURED,PARTY_COUNT,PRIMARY_COLL_FACTOR,PCF_CODE_OF_VIOL,PCF_VIOL_CATEGORY,PCF_VIOLATION,PCF_VIOL_SUBSECTION,HIT_AND_RUN,TYPE_OF_COLLISION,MVIW,PED_ACTION,ROAD_SURFACE,ROAD_COND_1,ROAD_COND_2,LIGHTING,CONTROL_DEVICE,CHP_ROAD_TYPE,PEDESTRIAN_ACCIDENT,BICYCLE_ACCIDENT,MOTORCYCLE_ACCIDENT,TRUCK_ACCIDENT,NOT_PRIVATE_PROPERTY,ALCOHOL_INVOLVED,STWD_VEHTYPE_AT_FAULT,CHP_VEHTYPE_AT_FAULT,COUNT_SEVERE_INJ,COUNT_VISIBLE_INJ,COUNT_COMPLAINT_PAIN,COUNT_PED_KILLED,COUNT_PED_INJURED,COUNT_BICYCLIST_KILLED,COUNT_BICYCLIST_INJURED,COUNT_MC_KILLED,COUNT_MC_INJURED,PRIMARY_RAMP,SECONDARY_RAMP,LATITUDE,LONGITUDE,COUNTY,CITY,POINT_X,POINT_Y
90772392,2018,2018-07-19,9670,2018-07-16,1520,017951,NA,1,2,6,3009,0,1,3,NA,2,024,SR-22 EASTBOUND (GARDEN GROVE FREEWAY),HARBOR BOULEVARD,282,E,N,A,-,Y,NA,NA,22,NA,NA,NA,NA,NA,E,Y,4,0,1,2,A,-,07,21658,A,N,B,C,A,A,H,-,A,D,0,NA,NA,NA,NA,Y,NA,A,01,0,0,1,0,0,0,0,0,0,-,-,33.767860412597656,-117.91937255859376,ORANGE,GARDEN GROVE,-117.91944885253906,33.768089294433594
90772394,2018,2018-07-19,9670,2018-07-16,1815,017951,NA,1,2,6,3009,0,1,3,NA,2,023,SR-22 WESTBOUND (GARDEN GROVE FREEWAY),MAGNOLIA STREET,500,E,N,A,-,Y,NA,NA,22,NA,NA,NA,NA,NA,W,N,4,0,1,2,A,-,03,22350,NA,N,C,C,A,A,H,-,A,D,0,NA,NA,NA,NA,Y,NA,A,08,0,0,1,0,0,0,0,0,0,-,-,33.7659797668457,-117.9706802368164,ORANGE,GARDEN GROVE,-117.9706802368164,33.765907287597656
90775521,2018,2018-07-24,9690,2018-07-21,1305,018479,NA,6,1,4,3018,0,1,1,NA,2,057,I-5 S/B (SAN DIEGO FRWY),JUNIPERO SERRA RD,1500,N,N,A,-,Y,NA,NA,NA,NA,NA,NA,NA,NA,NA,Y,3,0,1,2,A,-,07,21658,A,N,B,C,A,A,H,-,A,D,0,NA,NA,NA,NA,Y,NA,A,01,0,1,0,0,0,0,0,0,0,-,-,33.51372146606445,-117.48937225341795,ORANGE,SAN JUAN CAPISTRANO,-117.66751861572266,33.52436065673828
90779089,2018,2018-07-27,9675,2018-07-19,1548,021941,NA,4,2,7,3001,0,1,3,NA,2,093,SR-91 W/B,LA PALMA AVE,400,E,N,A,-,Y,NA,NA,91,NA,NA,NA,NA,NA,W,Y,3,0,2,2,A,-,03,22350,NA,N,C,C,A,A,H,-,A,D,0,NA,NA,NA,NA,Y,NA,A,01,0,2,0,0,0,0,0,0,0,-,-,33.84770965576172,-117.8707275390625,ORANGE,ANAHEIM,-117.87075042724608,33.8476448059082
90784416,2018,2018-08-06,9670,2018-08-03,2000,021900,NA,5,2,4,3020,0,1,1,NA,2,044,I-405 N/B,SEAL BEACH BLVD,800,S,N,A,-,Y,NA,NA,405,NA,NA,NA,NA,NA,N,Y,4,0,1,3,A,-,03,22350,NA,M,C,C,A,A,H,-,A,D,0,NA,NA,NA,NA,Y,NA,A,01,0,0,1,0,0,0,0,0,0,-,-,33.77452087402344,-118.064208984375,ORANGE,SEAL BEACH,-118.064208984375,33.77448272705078
90785131,2018,2018-08-06,9675,2018-07-26,1715,019938,NA,4,2,6,3004,0,1,1,NA,2,405,I-405 NORTHBOUND,HARBOR BLVD,181,S,N,A,-,Y,NA,NA,NA,NA,NA,NA,NA,NA,NA,Y,4,0,1,2,A,-,07,21658,A,N,B,C,A,A,H,-,A,D,0,NA,NA,Y,NA,Y,NA,A,01,0,0,1,0,0,0,0,0,1,-,-,33.4119987487793,-117.55683135986328,ORANGE,COSTA MESA,-117.91934967041016,33.68928146362305
90785599,2018,2018-08-21,9675,2018-04-01,1735,021377,NA,7,2,6,3004,0,1,3,NA,2,073,STATE ROUTE 73 NB TO INTERSTATE 405 NB,FAIRVIEW ROAD,2632,S,N,A,-,Y,NA,NA,73,NA,NA,NA,R,NA,N,Y,1,1,0,3,A,-,03,22350,NA,N,B,C,A,A,H,-,A,D,0,NA,NA,Y,NA,Y,NA,C,02,0,0,0,0,0,0,0,1,0,-,-,33.687679290771484,-117.89901733398438,ORANGE,COSTA MESA,-117.89901733398438,33.687679290771484
9078644,2020,2020-08-21,3004,2020-03-16,1932,P684,10,1,5,6,3004,0,0,0,NA,0,013,WILSON ST,POMONA AV,0,NA,Y,B,C,N,NA,NA,NA,NA,NA,NA,NA,NA,NA,Y,4,0,1,2,A,-,09,21802,A,N,D,C,A,B,H,-,C,D,0,NA,NA,NA,NA,Y,NA,A,07,0,0,1,0,0,0,0,0,0,-,-,33.65612030029297,-117.92832946777344,ORANGE,COSTA MESA,-117.92835998535156,33.65610122680664
9078809,2020,2020-07-14,3003,2020-03-06,1445,1093,NA,5,5,5,3003,0,0,0,NA,0,NA,AUTO CENTER DR,COMMONWEALTH AV,0,NA,Y,A,-,N,NA,NA,NA,NA,NA,NA,NA,NA,NA,Y,4,0,1,2,A,-,09,21801,A,N,D,C,A,A,H,-,A,A,0,NA,NA,NA,NA,Y,NA,A,01,0,0,1,0,0,0,0,0,0,-,-,NA,NA,ORANGE,BUENA PARK,-118.00167846679688,33.869380950927734
90788332,2018,2018-08-10,9675,2018-08-07,1830,018832,NA,2,2,6,3015,0,1,3,NA,2,222,SR-22 W/B,GLASSELL ST,900,E,N,A,-,Y,NA,NA,22,NA,NA,NA,NA,NA,W,Y,4,0,3,3,A,-,03,22350,NA,N,C,C,A,A,H,-,B,D,0,NA,NA,NA,NA,Y,NA,A,01,0,0,3,0,0,0,0,0,0,-,-,33.77579116821289,-117.8466567993164,ORANGE,ORANGE,-117.84661865234376,33.775611877441406
90791222,2018,2018-08-15,9690,2018-08-13,0820,016266,NA,1,1,5,3028,0,1,1,NA,2,056,I-5 N/B (SAN DIEGO FRWY),CROWN VALLEY PKWY,1056,N,N,A,-,Y,NA,NA,5,NA,NA,NA,NA,NA,N,Y,4,0,1,2,A,-,03,22350,NA,N,C,C,A,A,H,-,A,D,0,NA,NA,NA,NA,Y,NA,D,22,0,0,1,0,0,0,0,0,0,-,-,33.562660217285156,-117.67269897460938,ORANGE,MISSION VIEJO,-117.6725616455078,33.562644958496094
90792815,2018,2018-08-17,9675,2018-08-13,0805,017833,NA,1,1,6,3026,0,1,1,NA,2,406,I-405 NORTHBOUND,YALE AVE.,446,N,N,A,-,Y,NA,NA,405,NA,NA,NA,NA,NA,N,Y,4,0,1,3,A,-,03,22350,NA,N,C,C,A,A,H,-,A,D,0,NA,NA,NA,NA,Y,NA,A,01,0,0,1,0,0,0,0,0,0,-,-,33.6656494140625,-117.80850982666016,ORANGE,IRVINE,-117.80853271484376,33.66551208496094
90792847,2018,2018-08-17,9675,2018-08-15,0729,018834,NA,3,1,4,3002,0,1,3,NA,2,570,SR-57 SOUTHBOUND,BIRCH ST,400,S,N,A,-,Y,NA,NA,57,NA,NA,NA,NA,NA,S,Y,4,0,2,4,A,-,03,22350,NA,N,C,C,A,A,H,-,A,D,0,NA,NA,NA,NA,Y,NA,A,07,0,0,2,0,0,0,0,0,0,-,-,33.9161491394043,-117.88204956054688,ORANGE,BREA,-117.88193511962892,33.91609573364258
90793621,2018,2018-08-20,9675,2018-08-15,1709,021984,NA,3,2,7,3019,0,1,1,NA,2,502,I-5 SOUTHBOUND,MAIN ST,50,N,N,A,-,Y,NA,NA,5,NA,NA,NA,NA,NA,S,N,3,0,1,2,A,-,03,22350,NA,N,C,C,A,A,H,-,A,D,0,NA,NA,NA,NA,Y,NA,A,01,0,1,0,0,0,0,0,0,0,-,-,33.766380310058594,-117.86710357666016,ORANGE,SANTA ANA,-117.86692810058594,33.766475677490234
90795336,2018,2018-08-22,9675,2018-07-24,2206,018924,NA,2,3,9,3000,0,2,4,NA,2,034,SANTIAGO CANYON ROAD N/B,SCHOOL ROAD,187,N,N,A,-,N,NA,NA,NA,NA,NA,NA,NA,NA,NA,Y,1,1,0,1,A,-,08,22107,NA,N,E,I,A,A,H,-,D,D,0,NA,NA,NA,NA,Y,NA,A,01,0,0,0,0,0,0,0,0,0,-,-,33.440338134765625,-117.39202117919922,ORANGE,UNINCORPORATED,-117.65308380126952,33.7337760925293
90798766,2018,2018-08-27,9675,2018-08-20,0540,019088,NA,1,3,4,3002,0,1,3,NA,2,570,SR-57 S/B,LAMBERT RD,1320,S,N,A,-,Y,NA,NA,57,NA,NA,NA,NA,NA,S,Y,3,0,1,2,A,-,08,22107,NA,N,D,C,A,A,H,-,D,D,0,NA,NA,NA,Y,Y,NA,A,01,0,1,0,0,0,0,0,0,0,-,-,33.92182922363281,-117.88037872314452,ORANGE,BREA,-117.88031768798828,33.92182540893555
90804417,2018,2018-09-04,9670,2018-08-29,1003,019290,NA,3,1,5,3024,0,1,1,NA,2,042,I-405 N/B (SAN DIEGO FWY),EDWARDS ST,1584,N,N,A,-,Y,NA,NA,405,NA,NA,NA,NA,NA,N,N,4,0,1,4,A,-,03,22350,NA,N,C,C,A,A,H,-,A,D,0,NA,NA,NA,NA,Y,NA,A,01,0,0,1,0,0,0,0,0,0,-,-,33.756351470947266,-118.01870727539063,ORANGE,WESTMINSTER,-118.01869201660156,33.75637435913086
90804958,2018,2018-09-04,9670,2018-08-27,0020,021715,NA,1,3,4,3020,0,1,1,NA,2,045,I-405 S/B,BOLSA CHICA RD,1500,N,N,A,-,Y,NA,NA,405,NA,NA,NA,NA,NA,S,N,3,0,2,2,A,-,07,21658,A,F,B,C,A,A,H,-,A,D,0,NA,NA,NA,NA,Y,NA,-,99,0,1,1,0,0,0,0,0,0,-,-,33.774269104003906,-118.0475616455078,ORANGE,SEAL BEACH,-118.04757690429688,33.774410247802734
90806415,2018,2018-09-05,9675,2018-08-31,1245,020027,NA,5,1,5,3022,0,1,3,NA,2,552,SR-55 NORTHBOUND,DYER RD,750,N,N,A,-,Y,NA,NA,NA,NA,NA,NA,NA,NA,NA,N,4,0,1,2,A,-,03,22350,NA,N,C,C,A,A,H,-,A,D,0,NA,NA,NA,NA,Y,NA,A,07,0,0,1,0,0,0,0,0,0,-,-,33.71052169799805,-117.849609375,ORANGE,TUSTIN,-117.85012817382813,33.71005630493164
90807038,2018,2018-09-06,9670,2018-09-01,0940,021459,NA,6,1,7,3001,0,1,3,NA,2,093,SR-91 W/B,EUCLID ST,1500,W,N,B,-,Y,NA,NA,91,NA,NA,NA,NA,NA,W,Y,4,0,2,4,A,-,07,21658,A,N,B,C,A,A,H,-,A,D,0,NA,NA,NA,NA,Y,NA,A,01,0,0,2,0,0,0,0,0,0,-,-,33.85417175292969,-117.94709777832033,ORANGE,ANAHEIM,-117.94709777832033,33.854209899902344
90812363,2018,2018-09-13,9675,2018-09-08,1210,019979,NA,6,1,7,3001,0,1,3,NA,2,094,SR-91 WESTBOUND,IMPERIAL HIGHWAY,2500,E,N,A,-,Y,NA,NA,91,NA,NA,NA,NA,NA,W,Y,4,0,5,2,A,-,03,22350,NA,N,C,C,A,A,H,-,A,D,0,NA,NA,NA,NA,Y,NA,A,01,0,0,5,0,0,0,0,0,0,-,-,33.863609313964844,-117.77056884765624,ORANGE,ANAHEIM,-117.77064514160156,33.86376953125
90814728,2018,2018-09-17,9670,2018-09-12,2257,021719,NA,3,3,7,3001,0,1,1,NA,2,503,I-5 S/B,STATE COLLEGE BLVD,500,N,N,A,-,Y,NA,NA,5,NA,NA,NA,NA,NA,S,N,4,0,1,2,A,-,03,22350,NA,N,C,C,A,A,H,-,D,D,0,NA,NA,NA,NA,Y,NA,D,22,0,0,1,0,0,0,0,0,0,-,-,33.79277038574219,-117.89141845703124,ORANGE,ANAHEIM,-117.89146423339844,33.792724609375
9081552,2020,2020-09-22,3009,2020-03-09,0615,4087,164,1,5,6,3009,0,0,0,NA,0,023,FAIRVIEW ST,GARDEN GROVE BL,228,S,N,A,-,Y,ORA,12,22,-,-,8.03,R,4,W,N,3,0,1,2,A,-,05,21650,1,N,D,G,A,A,H,-,C,A,0,NA,Y,NA,NA,Y,NA,L,04,0,1,0,0,0,0,1,0,0,-,-,NA,NA,ORANGE,GARDEN GROVE,-117.90302276611328,33.773895263671875
90817699,2018,2018-09-20,9670,2018-09-18,0909,019290,NA,2,1,5,3024,0,1,1,NA,2,042,I-405 N/B (SAN DIEGO FWY),BOLSA CHICA RD,1056,S,N,A,-,Y,NA,NA,405,NA,NA,NA,NA,NA,N,Y,4,0,5,4,A,-,03,22350,NA,N,C,C,A,A,H,-,A,D,0,NA,NA,NA,NA,Y,NA,A,07,0,0,5,0,0,0,0,0,0,-,-,33.77178955078125,-118.03719329833984,ORANGE,WESTMINSTER,-118.03713989257813,33.7718505859375
90819885,2018,2018-09-24,9675,2018-09-14,1435,021983,NA,5,2,7,3001,0,1,3,NA,2,093,SR-91 WESTBOUND,LAKEVIEW AVE,1000,W,N,A,-,Y,NA,NA,NA,NA,NA,NA,NA,NA,NA,Y,4,0,5,3,A,-,03,22350,NA,N,C,C,A,A,H,-,A,D,0,NA,NA,NA,NA,Y,NA,A,07,0,0,5,0,0,0,0,0,0,-,-,33.84362030029297,-117.82125854492188,ORANGE,ANAHEIM,-117.81679534912108,33.84904479980469
90821649,2018,2018-09-26,9670,2018-09-18,1046,022081,NA,2,1,5,3003,0,1,3,NA,2,091,SR-91 W/B,HOLDER ST PED O/C,190,W,N,A,-,Y,NA,NA,91,NA,NA,NA,NA,NA,W,Y,3,0,2,2,A,-,03,22350,NA,N,C,C,A,A,H,-,A,D,0,NA,NA,NA,NA,Y,NA,A,07,0,2,0,0,0,0,0,0,0,-,-,33.85609817504883,-118.01988220214844,ORANGE,BUENA PARK,-118.01988220214844,33.85602569580078
9082309,2020,2020-07-13,3015,2020-03-15,1659,1386,RD87,7,5,6,3015,0,0,0,NA,0,711M,TUSTIN ST,BRIARDALE AV,0,NA,Y,B,-,N,NA,NA,NA,NA,NA,NA,NA,NA,NA,N,3,0,1,2,A,-,01,23152,B,N,A,C,A,A,H,-,A,A,0,NA,NA,NA,NA,Y,Y,D,22,0,1,0,0,0,0,0,0,0,-,-,33.81747055053711,-117.83583831787108,ORANGE,ORANGE,-117.83592224121094,33.81745910644531
90826772,2018,2018-10-02,9690,2018-10-01,0758,014552,NA,1,1,5,3017,0,1,1,NA,2,059,I-5 S/B (SAN DIEGO FRWY),SOUTH EL CAMINO REAL,263,S,N,A,-,Y,NA,NA,NA,NA,NA,NA,NA,NA,NA,Y,3,0,2,1,A,-,08,22107,NA,N,E,I,A,A,D,-,A,D,0,NA,NA,NA,NA,Y,NA,A,01,0,2,0,0,0,0,0,0,0,-,-,33.25556945800781,-117.36174011230467,ORANGE,SAN CLEMENTE,-117.60470581054688,33.41796112060547
90826855,2018,2018-10-02,9675,2018-09-23,1547,021809,NA,7,2,6,3008,0,1,3,NA,2,571,SR-57 S/B,NUTWOOD AVE,100,N,N,A,-,Y,NA,NA,57,NA,NA,NA,NA,NA,S,Y,4,0,1,3,A,-,03,22350,NA,N,C,C,A,A,H,-,A,D,0,NA,NA,NA,NA,Y,NA,A,01,0,0,1,0,0,0,0,0,0,-,-,33.878631591796875,-117.88047790527344,ORANGE,FULLERTON,-117.88053131103516,33.87862777709961
9082838,2020,2020-07-01,3009,2020-03-06,0744,4722,111,5,5,6,3009,0,0,0,NA,0,2 1,EUCLID ST,PALMA VISTA AV,0,NA,Y,A,-,N,NA,NA,NA,NA,NA,NA,NA,NA,NA,Y,4,0,1,2,A,-,09,21801,A,N,D,C,A,A,H,-,A,D,0,NA,NA,NA,NA,Y,NA,A,01,0,0,1,0,0,0,0,0,0,-,-,NA,NA,ORANGE,GARDEN GROVE,-117.94145965576172,33.79991149902344
90829020,2018,2018-10-04,9670,2018-10-03,0940,016194,NA,3,1,6,3009,0,1,3,NA,2,024,SR-22 E/B,GARDEN GROVE BLVD,100,E,N,B,-,Y,NA,NA,22,NA,NA,NA,NA,NA,E,N,4,0,1,3,A,-,03,22350,NA,M,C,C,A,A,H,-,A,D,0,NA,NA,NA,NA,Y,NA,A,08,0,0,1,0,0,0,0,0,0,-,-,33.77415084838867,-117.90511322021484,ORANGE,GARDEN GROVE,-117.90515899658205,33.77424621582031
90833447,2018,2018-10-11,9675,2018-10-06,2100,021322,NA,6,2,9,3000,0,3,5,NA,2,002,SANTIAGO CANYON RD. W/B,LOMA RIDGE RD.,1700,W,N,A,-,Y,NA,NA,NA,NA,NA,NA,NA,NA,NA,Y,3,0,1,1,A,-,01,23152,A,N,E,C,A,A,H,-,C,D,0,NA,NA,NA,NA,Y,Y,A,01,0,1,0,0,0,0,0,0,0,-,-,33.76076126098633,-117.74478912353516,ORANGE,UNINCORPORATED,-117.74488067626952,33.77565002441406
90833631,2018,2018-10-11,9690,2018-10-05,0805,018479,NA,5,1,4,3045,0,1,1,NA,2,550,I-5 N/B (SAN DIEGO FRWY),LA PAZ RD,2100,N,N,A,-,Y,NA,NA,5,NA,NA,NA,NA,NA,N,Y,4,0,1,11,A,-,07,21658,A,N,B,C,A,A,H,-,A,D,0,NA,NA,NA,NA,Y,NA,A,01,0,0,1,0,0,0,0,0,0,-,-,33.60070037841797,-117.68235778808594,ORANGE,LAGUNA HILLS,-117.68236541748048,33.600677490234375
90833662,2018,2018-10-11,9675,2018-10-04,1030,018005,NA,4,1,6,3004,0,1,3,NA,2,553,SR-55 SOUTHBOUND,MACARTHUR BLVD,1400,S,N,A,-,Y,NA,NA,NA,NA,NA,NA,NA,NA,NA,Y,2,0,3,2,A,-,08,22107,NA,N,F,A,A,A,H,-,A,D,0,NA,NA,NA,NA,Y,NA,A,07,1,1,1,0,0,0,0,0,0,-,-,33.696678161621094,-117.86383819580078,ORANGE,COSTA MESA,NA,NA
90835513,2018,2018-10-15,9670,2018-10-11,1445,018867,NA,4,2,4,3020,0,1,1,NA,2,045,I-405 S/B,SEAL BEACH BLVD,1056,S,N,A,-,Y,NA,NA,405,NA,NA,NA,NA,NA,S,N,4,0,1,2,A,-,03,22350,NA,N,C,C,A,A,H,-,A,D,0,NA,NA,NA,NA,Y,NA,A,01,0,0,1,0,0,0,0,0,0,-,-,33.77412033081055,-118.06201171875,ORANGE,SEAL BEACH,-118.06201171875,33.77424240112305
90835536,2018,2018-10-15,9670,2018-10-08,1105,021459,NA,1,1,5,3003,0,1,3,NA,2,092,SR-91 E/B,VALLEY VIEW ST,500,E,N,A,-,Y,NA,NA,91,NA,NA,NA,NA,NA,E,Y,4,0,1,2,A,-,08,22107,NA,N,E,I,A,A,H,-,A,D,0,NA,NA,NA,NA,Y,NA,A,07,0,0,1,0,0,0,0,0,0,-,-,33.85606002807617,-118.02700805664063,ORANGE,BUENA PARK,-118.02698516845705,33.856201171875
90837410,2018,2018-10-16,9675,2018-10-09,1720,017993,NA,2,2,7,3001,0,1,3,NA,2,093,SR-91 WESTBOUND,LA PALMA AVE,30,W,N,A,-,Y,NA,NA,91,NA,NA,NA,NA,NA,W,N,4,0,1,3,A,-,03,22350,NA,N,C,C,A,A,H,-,A,D,0,NA,NA,NA,NA,Y,NA,A,01,0,0,1,0,0,0,0,0,0,-,-,33.8480110168457,-117.8715362548828,ORANGE,ANAHEIM,-117.8715591430664,33.84797286987305
90838883,2018,2018-10-18,9675,2018-10-10,2025,021386,NA,3,2,6,3026,0,1,1,NA,2,407,INTERSTATE 405 NB TO JEFFREY RD,JEFFREY ROAD,20,S,N,A,-,Y,NA,NA,405,NA,NA,NA,R,NA,N,N,4,0,1,2,A,-,03,22350,NA,N,C,C,A,A,H,-,C,A,0,NA,NA,NA,NA,Y,NA,A,01,0,0,1,0,0,0,0,0,0,-,-,33.66471862792969,-117.79335021972656,ORANGE,IRVINE,-117.79335021972656,33.66471862792969
90839024,2018,2018-10-18,9670,2018-09-26,0555,022075,NA,3,3,7,3001,0,1,3,NA,2,094,SR-91 E/B,STATE COLLEGE BLVD,300,W,N,B,-,Y,NA,NA,91,NA,NA,NA,NA,NA,E,N,4,0,1,3,A,-,03,22350,NA,N,C,C,A,A,H,-,B,D,0,NA,NA,NA,NA,Y,NA,A,01,0,0,1,0,0,0,0,0,0,-,-,33.8538703918457,-117.8947982788086,ORANGE,ANAHEIM,-117.89480590820313,33.85392379760742
90839784,2018,2018-10-19,9690,2018-10-16,1319,014351,NA,2,1,9,3000,0,2,4,NA,2,030,SANTIAGO CANYON ROAD,RIDGELINE ROAD,528,N,N,A,-,N,NA,NA,NA,NA,NA,NA,NA,NA,NA,Y,4,0,1,1,A,-,08,22107,NA,N,E,I,A,A,H,-,A,D,0,NA,NA,NA,NA,Y,NA,A,01,0,0,1,0,0,0,0,0,0,-,-,33.692161560058594,-117.62753295898438,ORANGE,UNINCORPORATED,-117.62732696533205,33.69178771972656
90840593,2018,2018-10-22,9675,2018-10-12,1920,019018,NA,5,2,6,3026,0,1,1,NA,2,405,I-405 NORTHBOUND,BRISTOL ST,1000,S,N,A,-,N,NA,NA,NA,NA,NA,NA,NA,NA,NA,Y,4,0,2,3,A,-,03,22350,NA,N,C,C,A,A,H,-,C,D,0,NA,NA,NA,NA,Y,NA,A,01,0,0,2,0,0,0,0,0,0,-,-,33.687618255615234,-117.8825225830078,ORANGE,IRVINE,-117.88567352294922,33.68751907348633
90842739,2018,2018-10-23,9670,2018-10-22,0928,019690,NA,1,1,5,3007,0,1,1,NA,2,041,I-405 S/B,MAGNOLIA ST,300,N,N,A,-,Y,NA,NA,NA,NA,NA,NA,NA,NA,NA,N,3,0,2,4,A,-,03,22350,NA,N,C,C,A,A,D,-,A,D,0,NA,NA,NA,NA,Y,NA,A,07,0,2,0,0,0,0,0,0,0,-,-,33.72323989868164,-117.97648620605467,ORANGE,FOUNTAIN VALLEY,-117.97264862060548,33.720489501953125
90843500,2018,2018-10-24,9670,2018-10-20,2220,021210,NA,6,3,7,3001,0,1,1,NA,2,503,I-5 S/B,BALL RD,1584,N,N,A,-,Y,NA,NA,5,NA,NA,NA,NA,NA,S,N,4,0,3,2,A,-,03,22350,NA,N,C,C,A,A,H,-,C,D,0,NA,NA,NA,NA,Y,NA,A,07,0,0,3,0,0,0,0,0,0,-,-,33.82270050048828,-117.92308807373048,ORANGE,ANAHEIM,-117.92312622070313,33.822662353515625
90847537,2018,2018-10-29,9675,2018-10-19,1400,021960,NA,5,2,6,3026,0,1,1,NA,2,540,I-5 N/B,SAND CANYON AVE,2112,N,N,A,-,Y,NA,NA,5,NA,NA,NA,NA,NA,N,Y,4,0,1,2,A,-,03,22350,NA,N,C,C,A,A,H,-,A,D,0,NA,NA,NA,NA,Y,NA,A,01,0,0,1,0,0,0,0,0,0,-,-,33.682708740234375,-117.76334381103516,ORANGE,IRVINE,-117.76333618164063,33.682716369628906
90849489,2018,2018-10-31,9675,2018-10-23,1615,017993,NA,2,2,7,3001,0,1,3,NA,2,093,SR-91 EASTBOUND,TUSTIN AVE,1000,W,N,A,-,Y,NA,NA,91,NA,NA,NA,NA,NA,E,N,4,0,2,2,A,-,03,22350,NA,N,C,C,A,A,H,-,A,D,0,NA,NA,NA,NA,Y,NA,A,01,0,0,2,0,0,0,0,0,0,-,-,33.85150146484375,-117.84163665771484,ORANGE,ANAHEIM,-117.84160614013672,33.85129928588867
90850691,2018,2018-11-01,9675,2018-10-25,0605,015041,NA,4,1,7,3019,0,1,1,NA,2,503,I-5 S/B (SANTA ANA FRWY),SR-55,500,N,N,B,-,Y,NA,NA,5,NA,NA,NA,NA,NA,S,N,4,0,1,2,A,-,03,22350,NA,F,C,C,A,A,H,-,C,D,0,NA,NA,NA,NA,Y,NA,-,99,0,0,1,0,0,0,0,0,0,-,-,33.74114990234375,-117.83560180664063,ORANGE,SANTA ANA,-117.83559417724608,33.74116134643555
90851128,2018,2018-11-01,9675,2018-10-26,1505,019018,NA,5,2,6,3015,0,1,3,NA,2,550,SR-55 SOUTHBOUND,CHAPMAN AVE,1000,N,N,A,-,Y,NA,NA,55,NA,NA,NA,NA,NA,S,Y,4,0,2,2,A,-,03,22350,NA,N,C,C,A,A,H,-,A,D,0,NA,NA,NA,NA,Y,NA,A,01,0,0,2,0,0,0,0,0,0,-,-,33.79629898071289,-117.83119964599608,ORANGE,ORANGE,-117.83113861083984,33.79630661010742
90852599,2018,2018-11-05,9670,2018-10-28,0531,022081,NA,7,3,7,3001,0,1,1,NA,2,501,I-5 S/B,BROOKHURST STREET,2000,N,N,E,-,Y,NA,NA,5,NA,NA,NA,NA,NA,S,Y,3,0,1,3,A,-,08,22107,NA,F,B,C,A,A,H,-,D,D,0,NA,NA,NA,NA,Y,NA,-,99,0,1,0,0,0,0,0,0,0,-,-,33.84931182861328,-117.96669769287108,ORANGE,ANAHEIM,-117.96675872802734,33.84918975830078
90854113,2018,2018-11-06,9670,2018-11-05,1715,019290,NA,1,2,6,3009,0,1,3,NA,2,025,SR-22 W/B (GARDEN GROVE FWY),HARBOR BLVD.,528,W,N,A,-,Y,NA,NA,22,NA,NA,NA,NA,NA,W,Y,4,0,1,2,A,-,03,22350,NA,N,C,C,A,A,H,-,B,D,0,NA,NA,NA,NA,Y,NA,A,08,0,0,1,0,0,0,0,0,0,-,-,33.7676887512207,-117.92122650146484,ORANGE,GARDEN GROVE,-117.92120361328124,33.767608642578125
90854810,2018,2018-11-07,9670,2018-10-29,1025,022081,NA,1,1,5,3007,0,1,1,NA,2,040,I-405 N/B,BROOKHURST STREET,1000,S,N,A,-,Y,NA,NA,405,NA,NA,NA,NA,NA,N,Y,4,0,3,4,A,-,03,22350,NA,N,C,C,A,A,D,-,A,D,0,NA,NA,NA,NA,Y,NA,A,01,0,0,3,0,0,0,0,0,0,-,-,33.70304870605469,-117.95140075683594,ORANGE,FOUNTAIN VALLEY,-117.95138549804688,33.703067779541016