CASE_ID,ACCIDENT_YEAR,PROC_DATE,JURIS,COLLISION_DATE,COLLISION_TIME,OFFICER_ID,REPORTING_DISTRICT,DAY_OF_WEEK,CHP_SHIFT,POPULATION,CNTY_CITY_LOC,SPECIAL_COND,BEAT_TYPE,CHP_BEAT_TYPE,CITY_DIVISION_LAPD,CHP_BEAT_CLASS,BEAT_NUMBER,PRIMARY_RD,SECONDARY_RD,DISTANCE,DIRECTION,INTERSECTION,WEATHER_1,WEATHER_2,STATE_HWY_IND,CALTRANS_COUNTY,CALTRANS_DISTRICT,STATE_ROUTE,ROUTE_SUFFIX,POSTMILE_PREFIX,POSTMILE,LOCATION_TYPE,RAMP_INTERSECTION,SIDE_OF_HWY,TOW_AWAY,COLLISION_SEVERITY,NUMBER_KILLED,NUMBER_INJURED,PARTY_COUNT,PRIMARY_COLL_FACTOR,PCF_CODE_OF_VIOL,PCF_VIOL_CATEGORY,PCF_VIOLATION,PCF_VIOL_SUBSECTION,HIT_AND_RUN,TYPE_OF_COLLISION,MVIW,PED_ACTION,ROAD_SURFACE,ROAD_COND_1,ROAD_COND_2,LIGHTING,CONTROL_DEVICE,CHP_ROAD_TYPE,PEDESTRIAN_ACCIDENT,BICYCLE_ACCIDENT,MOTORCYCLE_ACCIDENT,TRUCK_ACCIDENT,NOT_PRIVATE_PROPERTY,ALCOHOL_INVOLVED,STWD_VEHTYPE_AT_FAULT,CHP_VEHTYPE_AT_FAULT,COUNT_SEVERE_INJ,COUNT_VISIBLE_INJ,COUNT_COMPLAINT_PAIN,COUNT_PED_KILLED,COUNT_PED_INJURED,COUNT_BICYCLIST_KILLED,COUNT_BICYCLIST_INJURED,COUNT_MC_KILLED,COUNT_MC_INJURED,PRIMARY_RAMP,SECONDARY_RAMP,LATITUDE,LONGITUDE,COUNTY,CITY,POINT_X,POINT_Y
9111004,2020,2020-07-30,3000,2020-04-08,0149,4246,992J4,3,5,5,3017,0,0,0,NA,0,776,NORTH EL CAMINO REAL,AVENIDA PALIZADA,68,S,N,A,-,N,NA,NA,NA,NA,NA,NA,NA,NA,NA,Y,2,0,1,1,A,-,01,23152,A,N,E,I,A,B,H,-,C,A,0,NA,NA,NA,NA,Y,Y,A,07,1,0,0,0,0,0,0,0,0,-,-,NA,NA,ORANGE,SAN CLEMENTE,-117.61531066894533,33.4296989440918
91110624,2019,2019-10-31,9670,2019-10-23,1642,019138,NA,3,2,6,3009,0,1,3,NA,2,124,SR-22 EB (GARDEN GROVE FREEWAY),LEWIS ST,425,W,N,A,-,Y,NA,NA,22,NA,NA,NA,NA,NA,E,Y,3,0,1,2,A,-,07,21658,A,N,F,A,A,A,H,-,A,D,0,NA,NA,Y,NA,Y,NA,A,01,0,1,0,0,0,0,0,0,1,-,-,33.77791976928711,-117.8979034423828,ORANGE,GARDEN GROVE,-117.8979034423828,33.77792739868164
91110649,2019,2019-10-31,9670,2019-10-29,1355,020175,NA,2,1,7,3001,0,1,3,NA,2,094,SR-91 E/B,HARBOR BLVD,528,W,N,A,-,Y,NA,NA,91,NA,NA,NA,NA,NA,E,Y,4,0,1,3,A,-,03,22350,NA,N,C,C,A,A,H,-,A,D,0,NA,NA,NA,NA,Y,NA,A,01,0,0,1,0,0,0,0,0,0,-,-,33.85403060913086,-117.93083190917967,ORANGE,ANAHEIM,-117.93082427978516,33.85407638549805
91110718,2019,2019-10-31,9690,2019-10-24,1900,014765,NA,4,2,5,3028,0,1,1,NA,2,056,I-5 S/B (SAN DIEGO FRWY),CROWN VALLEY PKWY,1000,N,N,A,-,Y,NA,NA,NA,NA,NA,NA,NA,NA,NA,Y,4,0,1,3,A,-,03,22350,NA,N,C,A,A,A,H,-,C,D,0,NA,NA,NA,NA,Y,NA,A,07,0,0,1,0,0,0,0,0,0,-,-,33.33433151245117,-117.40222930908205,ORANGE,MISSION VIEJO,-117.67292785644533,33.56200408935547
91113067,2019,2019-11-04,9690,2019-10-31,1555,020537,NA,4,2,4,3018,0,1,1,NA,2,057,I-5 S/B (SAN DIEGO FRWY),SR-74 (ORTEGA HWY),2640,N,N,A,-,Y,NA,NA,5,NA,NA,NA,NA,NA,S,Y,3,0,2,4,A,-,03,22350,NA,N,C,C,A,A,H,-,A,D,0,NA,NA,NA,NA,Y,NA,A,08,0,2,0,0,0,0,0,0,0,-,-,33.508819580078125,-117.66095733642578,ORANGE,SAN JUAN CAPISTRANO,-117.66091918945313,33.50883865356445
91119043,2019,2019-11-13,9675,2019-11-04,0650,019652,NA,1,1,6,3004,0,1,3,NA,2,553,SR-55 NORTHBOUND,BAKER ST,1300,S,N,A,-,Y,NA,NA,55,NA,NA,NA,NA,NA,N,Y,4,0,1,2,A,-,03,22350,NA,N,C,C,A,A,H,-,A,D,0,NA,NA,NA,NA,Y,NA,A,07,0,0,1,0,0,0,0,0,0,-,-,33.67734146118164,-117.88143920898438,ORANGE,COSTA MESA,-117.88160705566406,33.67748260498047
91120536,2019,2019-11-14,9670,2019-10-28,0541,018516,NA,1,3,7,3001,0,1,3,NA,2,093,SR-91 W/B,ACACIA AVE,300,E,N,A,-,Y,NA,NA,91,NA,NA,NA,NA,NA,W,Y,3,0,1,5,A,-,08,22107,NA,N,B,C,A,A,H,-,B,D,0,NA,NA,NA,Y,Y,NA,-,-,0,1,0,0,0,0,0,0,0,-,-,33.85396957397461,-117.89694213867188,ORANGE,ANAHEIM,-117.89694213867188,33.85404968261719
91123808,2019,2019-11-19,9690,2019-11-15,0537,014552,NA,5,3,4,3018,0,1,1,NA,2,057,I-5 S/B (SAN DIEGO FRWY),SR 1 (PACIFIC COAST HWY),2112,N,N,A,-,Y,NA,NA,5,NA,NA,NA,NA,NA,S,Y,3,0,2,3,A,-,07,21658,A,N,B,C,A,A,H,-,C,D,0,NA,NA,NA,NA,Y,NA,A,01,0,1,1,0,0,0,0,0,0,-,-,33.470821380615234,-117.67469024658205,ORANGE,SAN JUAN CAPISTRANO,-117.674560546875,33.47087097167969
91124836,2019,2019-11-20,9675,2019-11-13,0553,016748,NA,3,3,4,3002,0,1,3,NA,2,070,SR-57 SOUTHBOUND,BIRCH ST,500,N,N,B,-,Y,NA,NA,NA,NA,NA,NA,NA,NA,NA,Y,4,0,1,2,A,-,07,21658,A,N,B,C,A,A,D,H,C,D,0,NA,NA,Y,NA,Y,NA,A,01,0,0,1,0,0,0,0,0,1,-,-,33.55097961425781,-117.52498626708984,ORANGE,BREA,-117.88066864013672,33.919254302978516
91127205,2019,2019-11-22,9670,2019-11-15,1810,021715,NA,5,2,7,3001,0,1,3,NA,2,094,SR-91 W/B,EAST ST,500,E,N,A,-,Y,NA,NA,91,NA,NA,NA,NA,NA,W,N,4,0,1,2,A,-,07,21658,A,F,B,C,A,A,H,-,D,D,0,NA,NA,Y,NA,Y,NA,-,99,0,0,1,0,0,0,0,0,1,-,-,33.85396957397461,-117.90193939208984,ORANGE,ANAHEIM,-117.90193939208984,33.85398864746094
91127387,2019,2019-11-22,9675,2019-11-12,1201,018039,NA,2,1,5,3022,0,1,3,NA,2,551,SR-55 SOUTHBOUND,4TH ST,534,S,N,A,-,Y,NA,NA,55,NA,NA,NA,NA,NA,S,Y,4,0,1,4,A,-,03,22350,NA,N,C,C,A,A,H,-,A,D,0,NA,NA,NA,NA,Y,NA,A,08,0,0,1,0,0,0,0,0,0,-,-,33.76250076293945,-117.83101654052734,ORANGE,TUSTIN,-117.8311767578125,33.76250076293945
91128548,2019,2019-11-25,9675,2019-11-14,1835,020091,NA,4,2,6,3004,0,1,3,NA,2,553,SR-55 SOUTHBOUND,BAY ST,100,S,N,A,-,Y,NA,NA,55,NA,NA,NA,NA,NA,S,Y,4,0,2,2,A,-,03,22350,NA,N,C,C,A,A,H,-,D,D,0,NA,NA,NA,NA,Y,NA,A,01,0,0,2,0,0,0,0,0,0,-,-,33.64767837524414,-117.91291809082033,ORANGE,COSTA MESA,-117.91283416748048,33.6475944519043
91129949,2019,2019-11-26,9670,2019-11-14,1505,019290,NA,4,2,6,3009,0,1,3,NA,2,024,SR-22 E/B (GARDEN GROVE FWY),EUCLID ST,2640,W,N,A,-,Y,NA,NA,22,NA,NA,NA,NA,NA,E,Y,4,0,1,4,A,-,07,21658,A,N,B,C,A,A,H,-,A,D,0,NA,NA,NA,Y,Y,NA,A,01,0,0,1,0,0,0,0,0,0,-,-,33.76581954956055,-117.95098876953124,ORANGE,GARDEN GROVE,-117.95098876953124,33.76592254638672
91130903,2019,2019-11-27,9690,2019-11-19,1735,018349,NA,2,2,9,3000,0,1,3,NA,1,074,SR-74 (ORTEGA HWY),CASPER PARK,5280,W,N,B,-,Y,NA,NA,NA,NA,NA,NA,NA,NA,NA,Y,3,0,2,2,A,-,05,21651,A,N,A,C,A,A,H,-,D,D,0,NA,NA,NA,NA,Y,NA,D,22,0,2,0,0,0,0,0,0,0,-,-,33.521339416503906,-117.59860229492188,ORANGE,UNINCORPORATED,NA,NA
91131382,2019,2019-11-27,9690,2019-11-23,1816,019089,NA,6,2,5,3028,0,1,1,NA,2,056,I-5 N/B (SAN DIEGO FRWY),CROWN VALLEY PKWY,1791,N,N,A,-,Y,NA,NA,5,NA,NA,NA,NA,NA,N,Y,4,0,1,3,A,-,03,22350,NA,N,C,C,A,A,H,-,D,D,0,NA,NA,NA,NA,Y,NA,A,07,0,0,1,0,0,0,0,0,0,-,-,33.564308166503906,-117.67244720458984,ORANGE,MISSION VIEJO,-117.67237854003906,33.564300537109375
91132613,2019,2019-12-02,9675,2019-11-22,1835,020091,NA,5,2,6,3026,0,1,1,NA,2,406,I-405 NORTHBOUND,JAMBOREE RD,1320,N,N,A,-,Y,NA,NA,405,NA,NA,NA,NA,NA,N,N,4,0,2,2,A,-,03,22350,NA,N,C,C,A,A,H,-,D,D,0,NA,NA,NA,NA,Y,NA,A,01,0,0,2,0,0,0,0,0,0,-,-,33.67787170410156,-117.84571838378906,ORANGE,IRVINE,-117.84571075439452,33.67789077758789
91132861,2019,2019-12-02,9675,2019-11-22,1846,020699,NA,5,2,6,3026,0,1,1,NA,2,504,I-5 NORTHBOUND,JEFFREY RD,600,S,N,A,-,Y,NA,NA,5,NA,NA,NA,NA,NA,N,Y,4,0,2,3,A,-,03,22350,NA,N,C,C,A,A,H,-,C,D,0,NA,NA,NA,NA,Y,NA,A,01,0,0,2,0,0,0,0,0,0,-,-,33.685630798339844,-117.76502990722656,ORANGE,IRVINE,-117.76524353027344,33.68548583984375
9113325,2020,2020-08-27,3001,2020-05-26,1609,A1158,NA,2,5,7,3001,0,0,0,NA,0,D-3,SPINNAKER ST,ORANGEWOOD AV,460,N,N,A,-,N,NA,NA,NA,NA,NA,NA,NA,NA,NA,Y,3,0,1,3,A,-,01,23152,A,N,B,E,A,A,H,-,A,D,0,NA,NA,NA,NA,Y,Y,A,01,0,1,0,0,0,0,0,0,0,-,-,33.79473114013672,-117.89993286132813,ORANGE,ANAHEIM,-117.89942169189452,33.797386169433594
9113327,2020,2020-08-13,3001,2020-05-22,1500,A2601,D1,5,5,7,3001,0,0,0,NA,0,015,BROOKHURST ST,GRAMERCY AV,0,NA,Y,A,-,N,NA,NA,NA,NA,NA,NA,NA,NA,NA,N,3,0,1,2,A,-,03,22350,A,M,C,C,A,A,H,-,A,A,0,NA,NA,NA,NA,Y,NA,A,01,0,1,0,0,0,0,0,0,0,-,-,NA,NA,ORANGE,ANAHEIM,-117.95906829833984,33.84111022949219
91133277,2019,2019-12-02,9670,2019-11-17,0320,021777,NA,7,3,5,3003,0,1,1,NA,2,500,I-5 N/B,STANTON AVE,600,S,N,A,-,Y,NA,NA,5,NA,NA,NA,NA,NA,N,Y,2,0,2,2,A,-,01,23152,A,F,C,C,A,A,H,-,C,D,0,NA,NA,NA,NA,Y,Y,A,01,1,0,1,0,0,0,0,0,0,-,-,33.86241149902344,-117.99057769775392,ORANGE,BUENA PARK,-117.99061584472656,33.86235427856445
9113666,2020,2020-08-31,3010,2020-06-18,2144,2090,348,4,5,6,3010,0,0,0,NA,0,004,MAIN ST,WALNUT,20,S,N,A,-,N,NA,NA,NA,NA,NA,NA,NA,NA,NA,N,4,0,1,2,A,-,21,22106,NA,N,G,B,E,A,H,-,C,D,0,Y,NA,NA,NA,Y,NA,A,01,0,0,1,0,1,0,0,0,0,-,-,NA,NA,ORANGE,HUNTINGTON BEACH,-118.00115203857422,33.65800476074219
91139713,2019,2019-12-10,9675,2019-12-02,1410,020545,NA,1,2,7,3019,0,1,1,NA,2,502,I-5 NORTHBOUND,4TH ST,500,S,N,A,-,Y,NA,NA,5,NA,NA,NA,NA,NA,N,Y,4,0,1,4,A,-,03,22350,NA,N,C,C,A,A,H,-,A,D,0,NA,NA,NA,NA,Y,NA,A,01,0,0,1,0,0,0,0,0,0,-,-,33.74626159667969,-117.84207153320313,ORANGE,SANTA ANA,-117.84239196777344,33.74614715576172
91141897,2019,2019-12-12,9675,2019-12-04,0945,017773,NA,3,1,6,3004,0,1,1,NA,2,405,I-405 N/B,HARBOR BLVD,528,S,N,C,-,Y,NA,NA,405,NA,NA,NA,NA,NA,N,Y,4,0,1,2,A,-,03,22350,NA,N,B,C,A,B,D,-,A,D,0,NA,NA,NA,NA,Y,NA,A,01,0,0,1,0,0,0,0,0,0,-,-,33.6885986328125,-117.91690063476563,ORANGE,COSTA MESA,-117.91690826416016,33.688575744628906
91142531,2019,2019-12-13,9675,2019-12-04,1840,019320,NA,3,2,5,3016,0,1,3,NA,2,571,SR-57 NORTHBOUND,ORANGETHORPE AVE,500,S,N,C,-,Y,NA,NA,57,NA,NA,NA,NA,NA,N,N,4,0,2,2,A,-,03,22350,NA,N,D,C,A,B,H,-,C,D,0,NA,NA,NA,NA,Y,NA,A,01,0,0,2,0,0,0,0,0,0,-,-,33.856201171875,-117.87539672851563,ORANGE,PLACENTIA,-117.87545776367188,33.85619354248047
91142879,2019,2019-12-13,9675,2019-12-05,0650,018714,NA,4,1,9,3000,0,1,1,NA,2,405,I-405 S/B,MACARTHUR BLVD,1300,N,N,A,-,Y,NA,NA,NA,NA,NA,NA,NA,NA,NA,Y,4,0,1,2,A,-,03,22350,NA,N,C,C,A,A,H,-,A,D,0,NA,NA,NA,NA,Y,NA,A,07,0,0,1,0,0,0,0,0,0,-,-,33.410400390625,-117.51399993896484,ORANGE,UNINCORPORATED,NA,NA
91143013,2019,2019-12-13,9675,2019-12-05,2005,021613,NA,4,2,7,3001,0,1,3,NA,2,095,SR-91 EASTBOUND,YORBA LINDA BLVD,500,W,N,A,-,Y,NA,NA,91,NA,NA,NA,NA,NA,E,Y,4,0,2,2,A,-,03,22350,NA,N,C,C,A,A,H,-,C,D,0,NA,NA,NA,NA,Y,NA,A,01,0,0,2,0,0,0,0,0,0,-,-,33.867881774902344,-117.76129913330078,ORANGE,ANAHEIM,-117.76130676269533,33.8679084777832
91143405,2019,2019-12-13,9675,2019-12-06,1242,020697,NA,5,1,9,3000,0,3,5,NA,2,002,IRVINE BLVD (1300 BLOCK),CHARLOMA ST (12000 BLOCK),0,NA,Y,A,B,N,NA,NA,NA,NA,NA,NA,NA,NA,NA,Y,3,0,2,2,A,-,12,21453,A,N,D,C,A,A,H,-,A,A,0,NA,NA,NA,NA,Y,NA,D,22,0,1,1,0,0,0,0,0,0,-,-,33.74687957763672,-117.8072509765625,ORANGE,UNINCORPORATED,-117.80728912353516,33.74678039550781
91143954,2019,2019-12-16,9675,2019-12-06,0630,021272,NA,5,1,7,3019,0,1,1,NA,2,502,I-5 SOUTHBOUND,MAIN ST,750,N,N,A,-,Y,NA,NA,5,NA,NA,NA,NA,NA,S,Y,4,0,1,2,A,-,03,22350,NA,N,C,C,A,A,H,-,A,D,0,NA,NA,NA,NA,Y,NA,A,01,0,0,1,0,0,0,0,0,0,-,-,33.773529052734375,-117.8721923828125,ORANGE,SANTA ANA,-117.87208557128906,33.77361297607422
91146011,2019,2019-12-18,9675,2019-12-09,1623,021633,NA,1,2,7,3019,0,1,1,NA,2,502,I-5 S/B,LINCOLN AVE,625,N,N,A,-,Y,NA,NA,5,NA,NA,NA,NA,NA,S,N,4,0,1,3,A,-,03,22350,NA,N,C,C,A,A,H,-,A,D,0,NA,NA,NA,NA,Y,NA,A,01,0,0,1,0,0,0,0,0,0,-,-,33.75748062133789,-117.85807037353516,ORANGE,SANTA ANA,-117.85809326171876,33.75742721557617
91146124,2019,2019-12-18,9675,2019-12-09,1800,019135,NA,1,2,6,3026,0,1,1,NA,2,406,I-405 N/B TO CULVER DRIVE,CULVER DR,5,S,N,A,-,Y,NA,NA,405,NA,NA,NA,R,NA,N,N,4,0,1,2,A,-,03,22350,NA,N,D,G,A,A,H,-,C,D,0,NA,Y,NA,NA,Y,NA,L,04,0,0,1,0,0,0,1,0,0,-,-,33.6705207824707,-117.82142639160156,ORANGE,IRVINE,-117.82142639160156,33.6705207824707
91146955,2019,2019-12-19,9675,2019-11-21,1718,020091,NA,4,2,7,3019,0,1,1,NA,2,503,I-5 NORTHBOUND,4TH ST,500,S,N,B,-,Y,NA,NA,5,NA,NA,NA,NA,NA,N,Y,4,0,2,2,A,-,03,22350,NA,F,C,C,A,A,H,-,D,D,0,NA,NA,NA,NA,Y,NA,-,99,0,0,2,0,0,0,0,0,0,-,-,33.7469596862793,-117.84261322021484,ORANGE,SANTA ANA,-117.84266662597656,33.74694061279297
91151525,2019,2019-12-24,9675,2019-12-14,1105,018539,NA,6,1,7,3001,0,1,3,NA,2,094,SR 91 W/B,IMPERIAL HIGHWAY,1375,E,N,B,-,Y,NA,NA,91,NA,NA,NA,NA,NA,W,N,4,0,1,2,A,-,03,22350,NA,N,C,C,A,A,H,-,A,D,0,NA,NA,NA,NA,Y,NA,D,22,0,0,1,0,0,0,0,0,0,-,-,33.856231689453125,-117.78610229492188,ORANGE,ANAHEIM,-117.7860870361328,33.856204986572266
91151643,2019,2019-12-24,9675,2019-12-14,1725,021206,NA,6,2,7,3019,0,1,1,NA,2,503,I-5 S/B,SR-55,3960,N,N,A,-,Y,NA,NA,5,NA,NA,NA,NA,NA,S,Y,4,0,1,3,A,-,03,22350,NA,N,C,C,A,A,H,-,D,D,0,NA,NA,NA,NA,Y,NA,A,08,0,0,1,0,0,0,0,0,0,-,-,33.74753189086914,-117.8433074951172,ORANGE,SANTA ANA,-117.8432388305664,33.74755859375
9115249,2020,2020-08-27,3007,2020-06-17,1806,314,25,3,5,5,3007,0,0,0,NA,0,001,BROOKHURST,HEIL,77,N,N,A,-,N,NA,NA,NA,NA,NA,NA,NA,NA,NA,Y,3,0,1,2,A,-,03,22350,NA,N,C,C,A,A,H,-,A,D,0,NA,NA,NA,NA,Y,NA,D,22,0,1,0,0,0,0,0,0,0,-,-,NA,NA,ORANGE,FOUNTAIN VALLEY,-117.95466613769533,33.723751068115234
91152921,2019,2019-12-26,9675,2019-12-17,0445,021691,NA,2,3,6,3015,0,1,1,NA,2,502,I-5 SOUTHBOUND,CHAPMAN AVE,1600,S,N,A,-,Y,NA,NA,5,NA,NA,NA,NA,NA,S,Y,3,0,2,2,A,-,03,22350,NA,N,C,C,A,A,H,-,C,D,0,NA,NA,NA,NA,Y,NA,A,01,0,1,1,0,0,0,0,0,0,-,-,33.78578186035156,-117.88453674316406,ORANGE,ORANGE,-117.88455200195313,33.785770416259766
91153715,2019,2019-12-27,9675,2019-12-17,1756,019938,NA,2,2,6,3026,0,1,1,NA,2,504,I-5 NORTHBOUND,JEFFREY RD,600,N,N,A,-,Y,NA,NA,NA,NA,NA,NA,NA,NA,NA,Y,4,0,1,3,A,-,03,22350,NA,N,C,C,A,A,H,-,C,D,0,NA,NA,NA,NA,Y,NA,A,01,0,0,1,0,0,0,0,0,0,-,-,33.41299057006836,-117.46929168701172,ORANGE,IRVINE,-117.76923370361328,33.691566467285156
91154907,2019,2019-12-30,9670,2019-12-12,0751,022081,NA,4,1,5,3024,0,1,1,NA,2,042,I-405 N/B,GOLDENWEST STREET,200,N,N,A,-,Y,NA,NA,405,NA,NA,NA,NA,NA,N,Y,3,0,4,7,A,-,03,22350,NA,N,B,C,A,A,D,-,A,D,0,NA,NA,NA,NA,Y,NA,A,01,0,4,0,0,0,0,0,0,0,-,-,33.7480583190918,-118.00881958007813,ORANGE,WESTMINSTER,-118.00879669189452,33.74808883666992
91155989,2019,2019-12-31,9675,2019-12-19,1650,021633,NA,4,2,6,3015,0,1,1,NA,2,502,I-5 N/B TO STATE COLLEGE BLVD.,STATE COLLEGE BLVD,240,S,N,A,-,Y,NA,NA,5,NA,NA,NA,R,NA,N,Y,4,0,2,3,A,-,03,22350,NA,N,B,C,A,A,H,-,B,A,0,NA,NA,NA,Y,Y,NA,G,26,0,0,2,0,0,0,0,0,0,-,-,33.79243850708008,-117.88871002197266,ORANGE,ORANGE,-117.88871002197266,33.79243850708008
91156077,2019,2019-12-31,9675,2019-12-20,1400,018733,NA,5,2,6,3015,0,1,3,NA,2,222,SR-22 EASTBOUND,CAMBRIDGE ST,150,W,N,A,-,Y,NA,NA,22,NA,NA,NA,NA,NA,E,Y,4,0,1,2,A,-,03,22350,NA,N,C,C,A,A,H,-,A,D,0,NA,NA,NA,NA,Y,NA,A,01,0,0,1,0,0,0,0,0,0,-,-,33.775779724121094,-117.84545135498048,ORANGE,ORANGE,-117.84544372558594,33.775753021240234
91157338,2019,2020-01-02,9670,2019-12-30,1754,019138,NA,1,2,6,3009,0,1,3,NA,2,024,SR-22 EB (GARDEN GROVE FREEWAY),PEARCE ST PED O/C,1000,E,N,A,-,Y,NA,NA,22,NA,NA,NA,NA,NA,E,Y,4,0,1,2,A,-,03,22350,NA,N,C,C,A,A,H,-,D,D,0,NA,NA,NA,NA,Y,NA,D,22,0,0,1,0,0,0,0,0,0,-,-,33.77212142944336,-117.90914916992188,ORANGE,GARDEN GROVE,-117.90917205810548,33.77216720581055
91161310,2020,2020-01-08,9690,2020-01-01,1910,014765,NA,3,2,5,3028,0,1,1,NA,2,056,I-5 S/B (SAN DIEGO FRWY),OSO PARKWAY,1584,S,N,A,-,Y,NA,NA,5,NA,NA,NA,NA,NA,S,Y,3,0,1,1,A,-,07,21658,A,N,E,I,A,A,D,-,C,D,0,NA,NA,NA,NA,Y,NA,A,01,0,1,0,0,0,0,0,0,0,-,-,33.575279235839844,-117.67185974121094,ORANGE,MISSION VIEJO,-117.67198944091795,33.57528305053711
91161506,2020,2020-01-08,9675,2020-01-02,0539,016748,NA,4,3,7,3001,0,1,3,NA,2,572,SR-57 S/B FROM LINCOLN AVENUE,LINCOLN AVE,18,S,N,A,-,Y,NA,NA,NA,NA,NA,NA,NA,NA,NA,N,4,0,1,2,A,-,08,22107,NA,N,C,G,A,A,H,-,C,D,0,NA,Y,NA,NA,Y,NA,L,04,0,0,1,0,0,0,1,0,0,-,-,33.5017204284668,-117.52439880371094,ORANGE,ANAHEIM,-117.8761978149414,33.837799072265625
91162322,2020,2020-01-09,9675,2020-01-04,1224,020544,NA,6,1,7,3001,0,1,3,NA,2,094,SR-91 WESTBOUND,LAKEVIEW AVE,3168,E,N,A,-,Y,NA,NA,91,NA,NA,NA,NA,NA,W,Y,4,0,1,3,A,-,03,22350,NA,N,C,C,A,A,H,-,A,D,0,NA,NA,NA,NA,Y,NA,A,01,0,0,1,0,0,0,0,0,0,-,-,33.85464859008789,-117.80433654785156,ORANGE,ANAHEIM,-117.80434417724608,33.85462188720703
9116267,2020,2020-11-17,3001,2020-05-24,1335,A2110,D3,7,5,7,3001,0,0,0,NA,0,0D3,STATE COLLEGE BL,ORANGEWOOD AV,18,S,N,A,-,N,NA,NA,NA,NA,NA,NA,NA,NA,NA,Y,3,0,1,2,A,-,01,23152,A,N,A,C,A,A,H,-,A,A,0,NA,NA,NA,NA,Y,Y,A,01,0,1,0,0,0,0,0,0,0,-,-,33.796138763427734,-117.88948059082033,ORANGE,ANAHEIM,-117.88932037353516,33.79619216918945
91163297,2020,2020-01-10,9670,2020-01-06,1840,019138,NA,1,2,6,3009,0,1,3,NA,2,025,SR-22 WB (GARDEN GROVE FREEWAY),HARBOR BLVD,400,W,N,A,-,Y,NA,NA,22,NA,NA,NA,NA,NA,W,N,4,0,1,2,A,-,03,22350,NA,N,C,C,A,A,H,-,C,D,0,NA,NA,NA,NA,Y,NA,A,08,0,0,1,0,0,0,0,0,0,-,-,33.76749038696289,-117.9218292236328,ORANGE,GARDEN GROVE,-117.92180633544922,33.76741027832031
91163791,2020,2020-01-13,9690,2020-01-09,0310,018953,NA,4,3,5,3017,0,1,1,NA,2,059,I-5 S/B (SAN DIEGO FRWY),AVENIDA PRESIDIO,1150,S,N,A,-,Y,NA,NA,5,NA,NA,NA,NA,NA,S,Y,2,0,2,2,A,-,01,23152,A,N,C,C,A,A,H,-,C,D,0,NA,NA,NA,Y,Y,Y,A,07,2,0,0,0,0,0,0,0,0,-,-,33.423988342285156,-117.60874176025392,ORANGE,SAN CLEMENTE,-117.60868072509766,33.42401885986328
91164152,2020,2020-01-13,9675,2020-01-06,2300,021983,NA,1,3,7,3001,0,1,3,NA,2,093,SR-91 EASTBOUND,TUSTIN AVE,1060,E,N,A,-,Y,NA,NA,91,NA,NA,NA,NA,NA,E,Y,4,0,1,4,A,-,07,21658,A,N,B,C,A,A,H,-,D,D,0,NA,NA,NA,NA,Y,NA,A,01,0,0,1,0,0,0,0,0,0,-,-,33.849639892578125,-117.83544158935548,ORANGE,ANAHEIM,-117.83546447753906,33.849609375
9116436,2020,2020-08-21,3007,2020-06-03,1610,280,65,3,5,5,3007,0,0,0,NA,0,003,ELLIS,BROOKHURST,364,W,N,A,-,N,NA,NA,NA,NA,NA,NA,NA,NA,NA,Y,4,0,1,2,A,-,09,21804,A,N,D,C,A,A,H,-,A,D,0,NA,NA,NA,NA,Y,NA,A,07,0,0,1,0,0,0,0,0,0,-,-,NA,NA,ORANGE,FOUNTAIN VALLEY,-117.95546722412108,33.69412612915039
91166795,2020,2020-01-16,9670,2020-01-08,1055,018757,NA,3,1,4,3020,0,1,1,NA,2,044,I-405 N/B,SR-22 W/B,200,S,N,B,-,Y,NA,NA,405,NA,NA,NA,NA,NA,N,Y,3,0,2,3,A,-,03,22350,NA,N,C,C,A,A,D,E,A,D,0,NA,NA,NA,Y,Y,NA,D,22,0,1,1,0,0,0,0,0,0,-,-,33.774600982666016,-118.08390045166016,ORANGE,SEAL BEACH,-118.08390045166016,33.774559020996094
91167729,2020,2020-01-17,9670,2020-01-09,1535,020809,NA,4,2,5,3003,0,1,3,NA,2,092,SR-91 E/B,BEACH BLVD,1584,E,N,A,-,Y,NA,NA,91,NA,NA,NA,NA,NA,E,Y,4,0,1,3,A,-,03,22350,NA,N,C,C,A,A,H,-,A,D,0,NA,NA,NA,NA,Y,NA,A,01,0,0,1,0,0,0,0,0,0,-,-,33.85601043701172,-117.99230194091795,ORANGE,BUENA PARK,-117.99230194091795,33.85603332519531