CASE_ID,ACCIDENT_YEAR,PROC_DATE,JURIS,COLLISION_DATE,COLLISION_TIME,OFFICER_ID,REPORTING_DISTRICT,DAY_OF_WEEK,CHP_SHIFT,POPULATION,CNTY_CITY_LOC,SPECIAL_COND,BEAT_TYPE,CHP_BEAT_TYPE,CITY_DIVISION_LAPD,CHP_BEAT_CLASS,BEAT_NUMBER,PRIMARY_RD,SECONDARY_RD,DISTANCE,DIRECTION,INTERSECTION,WEATHER_1,WEATHER_2,STATE_HWY_IND,CALTRANS_COUNTY,CALTRANS_DISTRICT,STATE_ROUTE,ROUTE_SUFFIX,POSTMILE_PREFIX,POSTMILE,LOCATION_TYPE,RAMP_INTERSECTION,SIDE_OF_HWY,TOW_AWAY,COLLISION_SEVERITY,NUMBER_KILLED,NUMBER_INJURED,PARTY_COUNT,PRIMARY_COLL_FACTOR,PCF_CODE_OF_VIOL,PCF_VIOL_CATEGORY,PCF_VIOLATION,PCF_VIOL_SUBSECTION,HIT_AND_RUN,TYPE_OF_COLLISION,MVIW,PED_ACTION,ROAD_SURFACE,ROAD_COND_1,ROAD_COND_2,LIGHTING,CONTROL_DEVICE,CHP_ROAD_TYPE,PEDESTRIAN_ACCIDENT,BICYCLE_ACCIDENT,MOTORCYCLE_ACCIDENT,TRUCK_ACCIDENT,NOT_PRIVATE_PROPERTY,ALCOHOL_INVOLVED,STWD_VEHTYPE_AT_FAULT,CHP_VEHTYPE_AT_FAULT,COUNT_SEVERE_INJ,COUNT_VISIBLE_INJ,COUNT_COMPLAINT_PAIN,COUNT_PED_KILLED,COUNT_PED_INJURED,COUNT_BICYCLIST_KILLED,COUNT_BICYCLIST_INJURED,COUNT_MC_KILLED,COUNT_MC_INJURED,PRIMARY_RAMP,SECONDARY_RAMP,LATITUDE,LONGITUDE,COUNTY,CITY,POINT_X,POINT_Y
91636356,2021,2021-11-29,9670,2021-11-20,1412,019290,NA,6,2,6,3010,0,1,1,NA,2,041,I-405 S/B,EDINGER AVE,100,S,N,B,-,Y,NA,NA,405,NA,NA,NA,NA,NA,S,Y,4,0,2,3,A,-,03,22350,NA,N,C,C,A,A,D,E,A,D,0,NA,NA,NA,NA,Y,NA,A,01,0,0,2,0,0,0,0,0,0,-,-,33.729801177978516,-117.98544311523438,ORANGE,HUNTINGTON BEACH,-117.98543548583984,33.72980499267578
9163691,2020,2020-11-12,3015,2020-09-18,2147,1250,RD44,5,5,6,3015,0,0,0,NA,0,331,CHAPMAN AV,HEWES ST,316,E,N,A,-,N,NA,NA,NA,NA,NA,NA,NA,NA,NA,Y,2,0,1,2,A,-,08,22107,NA,N,B,C,A,A,H,-,C,D,0,NA,NA,Y,NA,Y,NA,A,01,1,0,0,0,0,0,0,0,1,-,-,33.78779983520508,-117.8057098388672,ORANGE,ORANGE,-117.80467224121094,33.78773880004883
91636980,2021,2021-11-29,9670,2021-11-01,0200,021287,NA,1,3,6,3008,0,1,3,NA,2,093,SR-91 WESTBOUND,HARBOR BLVD,500,W,N,A,-,Y,NA,NA,91,NA,NA,NA,NA,NA,W,Y,3,0,1,2,C,-,18,NA,NA,N,C,C,A,A,H,-,C,D,0,NA,NA,NA,NA,Y,NA,-,-,0,1,0,0,0,0,0,0,0,-,-,33.854270935058594,-117.93366241455078,ORANGE,FULLERTON,-117.93366241455078,33.854248046875
91638368,2021,2021-11-30,9675,2021-11-18,1855,020699,NA,4,2,6,3015,0,1,3,NA,2,550,SR-55 NORTHBOUND,LINCOLN AVE.,500,S,N,A,-,Y,NA,NA,55,NA,NA,NA,NA,NA,N,N,4,0,2,2,A,-,03,22350,NA,N,C,C,A,A,H,-,C,D,0,NA,NA,NA,NA,Y,NA,A,01,0,0,2,0,0,0,0,0,0,-,-,33.83026123046875,-117.83399200439452,ORANGE,ORANGE,-117.833984375,33.830265045166016
91641156,2021,2021-12-02,9690,2021-11-20,0610,018733,NA,6,1,5,3028,0,1,1,NA,2,055,I-5 N/B (SAN DIEGO FRWY),ALICIA PKWY,650,S,N,A,-,Y,NA,NA,5,NA,NA,NA,NA,NA,N,N,3,0,1,3,A,-,07,21658,A,N,B,C,A,A,H,-,A,D,0,NA,NA,NA,Y,Y,NA,A,01,0,1,0,0,0,0,0,0,0,-,-,33.602149963378906,-117.68611907958984,ORANGE,MISSION VIEJO,-117.68610382080078,33.6021842956543
91643339,2021,2021-12-06,9670,2021-11-22,0655,016209,NA,1,1,7,3001,0,1,1,NA,2,500,I-5 N/B (SANTA ANA FREEWAY),LA PALMA AVE.,2640,N,N,A,-,Y,NA,NA,5,NA,NA,NA,NA,NA,N,Y,4,0,1,3,A,-,03,22350,NA,N,C,C,A,A,H,-,A,D,0,NA,NA,NA,NA,Y,NA,D,22,0,0,1,0,0,0,0,0,0,-,-,33.85121154785156,-117.96978759765624,ORANGE,ANAHEIM,-117.96979522705078,33.851200103759766
91645675,2021,2021-12-07,9675,2021-11-24,1438,021960,NA,3,2,6,3015,0,1,3,NA,2,550,SR-55 NORTHBOUND,KATELLA AVE.,3696,N,N,A,-,Y,NA,NA,55,NA,NA,NA,NA,NA,N,Y,4,0,2,2,A,-,03,22350,NA,N,C,C,A,A,H,-,A,D,0,NA,NA,NA,NA,Y,NA,A,01,0,0,2,0,0,0,0,0,0,-,-,33.82133865356445,-117.83187866210938,ORANGE,ORANGE,-117.83185577392578,33.82133865356445
9164773,2020,2020-12-03,3008,2020-09-27,1118,1511,ZONE3,7,5,6,3008,0,0,0,NA,0,NA,RAYMOND AV,ORANGETHORPE AV,17,S,N,A,-,NA,NA,NA,NA,NA,NA,NA,NA,NA,NA,Y,4,0,1,2,A,-,01,23152,NA,N,B,C,A,A,H,-,A,A,0,NA,NA,NA,NA,Y,NA,A,01,0,0,1,0,0,0,0,0,0,-,-,NA,NA,ORANGE,FULLERTON,-117.90676879882813,33.859535217285156
91650421,2021,2021-12-13,9675,2021-12-02,2123,021716,NA,4,2,5,3022,0,1,1,NA,2,503,I-5 NORTHBOUND,TUSTIN RANCH RD,1500,S,N,A,-,Y,NA,NA,5,NA,NA,NA,NA,NA,N,Y,4,0,1,3,A,-,08,22107,NA,N,B,C,A,A,H,-,C,D,0,NA,NA,NA,NA,Y,NA,A,07,0,0,1,0,0,0,0,0,0,-,-,33.72298049926758,-117.79966735839844,ORANGE,TUSTIN,-117.79969024658205,33.722957611083984
91655427,2021,2021-12-17,9675,2021-12-08,1740,021633,NA,3,2,7,3019,0,1,1,NA,2,502,I-5 NORTHBOUND,GRAND AVE.,1130,S,N,B,-,Y,NA,NA,5,NA,NA,NA,NA,NA,N,N,4,0,1,2,A,-,03,22350,NA,N,C,C,A,A,H,-,C,D,0,NA,NA,NA,NA,Y,NA,A,01,0,0,1,0,0,0,0,0,0,-,-,33.753021240234375,-117.84751129150392,ORANGE,SANTA ANA,-117.84748840332033,33.75306701660156
91659028,2021,2021-12-22,9675,2021-12-16,1755,021059,NA,4,2,9,3000,0,3,5,NA,2,002,IRVINE BLVD,DEL REY DR,0,NA,Y,B,-,N,NA,NA,NA,NA,NA,NA,NA,NA,NA,N,4,0,2,2,A,-,09,21801,A,N,D,C,A,A,H,-,C,D,0,NA,NA,NA,NA,Y,NA,A,07,0,0,2,0,0,0,0,0,0,-,-,33.74304962158203,-117.802001953125,ORANGE,UNINCORPORATED,-117.80197143554688,33.74308776855469
91659845,2021,2021-12-23,9675,2021-12-13,1515,021960,NA,1,2,6,3008,0,1,3,NA,2,070,SR-57 SOUTHBOUND,YORBA LINDA,2112,N,N,B,-,Y,NA,NA,57,NA,NA,NA,NA,NA,S,Y,4,0,1,2,A,-,08,22107,NA,N,B,C,A,A,H,-,A,D,0,NA,NA,NA,NA,Y,NA,A,01,0,0,1,0,0,0,0,0,0,-,-,33.89482116699219,-117.880859375,ORANGE,FULLERTON,-117.88094329833984,33.894813537597656
91660452,2021,2021-12-23,9690,2021-12-08,1500,020038,NA,3,2,9,3000,0,3,5,NA,2,004,O'NEILL DRIVE,MAYBECK LN,0,NA,Y,A,-,N,NA,NA,NA,NA,NA,NA,NA,NA,NA,N,4,0,1,2,A,-,05,21650,NA,N,D,G,A,A,H,-,A,A,0,NA,Y,NA,NA,Y,NA,L,04,0,0,1,0,0,0,1,0,0,-,-,33.56890869140625,-117.64145660400392,ORANGE,UNINCORPORATED,-117.64150238037108,33.568939208984375
91660544,2021,2021-12-23,9675,2021-12-22,0850,019979,NA,3,1,6,3004,0,1,1,NA,2,406,I-405 SOUTHBOUND,MACARTHUR BLVD.,2100,N,N,A,-,Y,NA,NA,405,NA,NA,NA,NA,NA,S,N,3,0,2,2,A,-,01,23152,A,N,C,C,A,A,H,-,A,D,0,NA,NA,NA,NA,Y,Y,A,01,0,1,1,0,0,0,0,0,0,-,-,33.68592834472656,-117.8651123046875,ORANGE,COSTA MESA,-117.86505889892578,33.68607711791992
9166163,2020,2020-11-10,3004,2020-09-01,0916,P459,05,2,5,6,3004,0,0,0,NA,0,015,ORANGE ACRES DR,BROADWAY,30,N,N,A,-,N,NA,NA,NA,NA,NA,NA,NA,NA,NA,Y,3,0,1,2,A,-,01,23152,F,N,C,C,A,A,H,-,A,A,0,NA,NA,NA,NA,Y,NA,A,01,0,1,0,0,0,0,0,0,0,-,-,33.63970184326172,-117.91439819335938,ORANGE,COSTA MESA,-117.914645,33.639629
91662000,2021,2021-12-27,9675,2021-12-14,0500,019518,NA,2,3,7,3001,0,1,3,NA,2,093,SR-91 WESTBOUND,LAKEVIEW AVE,200,W,N,B,C,Y,NA,NA,91,NA,NA,NA,NA,NA,W,N,4,0,1,3,A,-,03,22350,NA,F,B,C,A,B,H,-,D,D,0,NA,NA,NA,NA,Y,NA,-,99,0,0,1,0,0,0,0,0,0,-,-,33.84920120239258,-117.81655883789063,ORANGE,ANAHEIM,-117.81656646728516,33.849205017089844
9166256,2020,2020-11-10,3000,2020-09-17,2036,11256,922F1,4,5,5,3028,0,0,0,NA,0,755,OLYMPIAD RD,LA PAZ RD,265,N,N,A,-,N,NA,NA,NA,NA,NA,NA,NA,NA,NA,Y,4,0,2,2,A,-,01,23152,A,F,C,C,A,A,H,-,C,A,0,NA,NA,NA,NA,Y,Y,A,01,0,0,2,0,0,0,0,0,0,-,-,NA,NA,ORANGE,MISSION VIEJO,-117.6342315673828,33.6036491394043
9166348,2020,2020-10-20,3008,2020-08-27,2143,1531,ZONE3,4,5,6,3008,0,0,0,NA,0,NA,ORANGETHORPE AV,MANHATTAN AV,120,W,N,A,-,N,NA,NA,NA,NA,NA,NA,NA,NA,NA,Y,3,0,1,1,A,-,01,23152,A,N,-,I,A,-,H,-,C,D,0,NA,NA,NA,NA,Y,Y,A,01,0,1,0,0,0,0,0,0,0,-,-,NA,NA,ORANGE,FULLERTON,-117.90283203125,33.859588623046875
91668154,2021,2022-01-03,9675,2021-12-27,1609,019938,NA,1,2,6,3026,0,1,1,NA,2,504,I-5 NORTHBOUND FROM BAKE PARKWAY,BAKE PARKWAY,440,N,N,B,C,Y,NA,NA,NA,NA,NA,NA,NA,NA,NA,Y,3,0,1,1,A,-,03,22350,NA,N,F,A,A,B,H,-,B,D,0,NA,NA,NA,NA,Y,NA,A,01,0,1,0,0,0,0,0,0,0,-,-,33.38248062133789,-117.43502044677734,ORANGE,IRVINE,-117.7311782836914,33.64003372192383
91668178,2021,2022-01-03,9675,2021-12-27,1740,021059,NA,1,2,5,3022,0,1,3,NA,2,551,SR-55 SOUTHBOUND,1ST ST,528,S,N,C,-,Y,NA,NA,55,NA,NA,NA,NA,NA,S,N,4,0,1,1,A,-,03,22350,NA,N,E,I,A,B,H,-,C,D,0,NA,NA,NA,NA,Y,NA,A,07,0,0,1,0,0,0,0,0,0,-,-,33.74391174316406,-117.83370971679688,ORANGE,TUSTIN,-117.83375549316406,33.743919372558594
91668454,2021,2022-01-03,9675,2021-11-24,2235,021305,NA,3,3,7,3019,0,1,3,NA,2,552,SR-55 SOUTHBOUND,DYER ROAD,640,N,N,A,-,Y,NA,NA,55,NA,NA,NA,NA,NA,S,N,4,0,3,4,A,-,03,22350,NA,F,C,C,A,A,H,-,C,D,0,NA,NA,NA,NA,Y,NA,A,01,0,0,3,0,0,0,0,0,0,-,-,33.71002960205078,-117.85048675537108,ORANGE,SANTA ANA,-117.85042572021484,33.70996856689453
91669223,2021,2022-01-04,9675,2021-12-30,0552,020544,NA,4,3,6,3004,0,1,3,NA,2,553,SR-55 NORTHBOUND,SR-73 NORTHBOUND,480,N,N,B,C,Y,NA,NA,55,NA,NA,NA,NA,NA,N,Y,3,0,1,1,A,-,03,22350,NA,N,E,I,A,B,H,-,C,D,0,NA,NA,NA,NA,Y,NA,A,01,0,1,0,0,0,0,0,0,0,-,-,33.674461364746094,-117.88484954833984,ORANGE,COSTA MESA,-117.88485717773438,33.67446517944336
91669492,2021,2022-01-04,9670,2021-12-28,1200,014558,NA,2,1,4,3020,0,1,1,NA,2,044,I-405 N/B (SAN DIEGO FREEWAY),SEAL BEACH BLVD,1584,N,N,B,-,Y,NA,NA,405,NA,NA,NA,NA,NA,N,N,4,0,1,2,A,-,03,22350,NA,N,C,C,A,A,D,E,A,D,0,NA,NA,NA,NA,Y,NA,A,01,0,0,1,0,0,0,0,0,0,-,-,33.7746696472168,-118.0818099975586,ORANGE,SEAL BEACH,-118.0818099975586,33.7745361328125
91669909,2021,2022-01-04,9675,2021-12-27,2019,020699,NA,1,2,6,3015,0,1,1,NA,2,502,I-5 N/B TO SR-22 W/B,SR-22 EASTBOUND (MAINLINE),1000,S,N,A,-,Y,NA,NA,NA,NA,NA,NA,NA,NA,NA,N,4,0,1,2,A,-,03,22350,NA,N,C,C,A,A,H,-,C,D,0,NA,NA,NA,NA,Y,NA,A,01,0,0,1,0,0,0,0,0,0,-,-,33.775638580322266,-117.87293243408205,ORANGE,ORANGE,-117.87403869628906,33.776615142822266
91670024,2022,2022-01-04,9675,2022-01-01,2200,021691,NA,6,3,7,3001,0,1,3,NA,2,572,SR-57 NORTHBOUND FROM BALL RD EASTBOUND,BALL ROAD,100,S,N,A,-,Y,NA,NA,NA,NA,NA,NA,NA,NA,NA,Y,2,0,1,1,A,-,01,23152,A,N,F,A,A,A,H,-,C,D,0,NA,NA,NA,NA,Y,Y,A,01,1,0,0,0,0,0,0,0,0,-,-,33.81789016723633,-117.87525177001952,ORANGE,ANAHEIM,-117.87525177001952,33.81789016723633
9167007,2020,2020-11-17,3009,2020-09-24,0724,3965,042,4,5,6,3009,0,0,0,NA,0,011,CHAPMAN AV,WESTERN AV,0,NA,Y,A,-,N,NA,NA,NA,NA,NA,NA,NA,NA,NA,Y,4,0,1,2,A,-,12,21453,A,N,D,C,A,A,H,-,A,A,0,NA,NA,NA,NA,Y,NA,D,22,0,0,1,0,0,0,0,0,0,-,-,NA,NA,ORANGE,GARDEN GROVE,-118.00153350830078,33.788330078125
9167121,2020,2020-12-22,3000,2020-10-07,0950,9573,862D7,3,5,5,3050,0,0,0,NA,0,760,SANTA MARGARITA PKWY,EL TORO RD,174,S,N,A,-,N,NA,NA,NA,NA,NA,NA,NA,NA,NA,Y,4,0,1,2,A,-,03,22350,NA,N,C,C,A,A,H,-,A,A,0,NA,NA,NA,NA,Y,NA,A,07,0,0,1,0,0,0,0,0,0,-,-,NA,NA,ORANGE,LAKE FOREST,-117.6523895263672,33.65924835205078
91678145,2022,2022-01-14,9670,2022-01-11,1557,019290,NA,2,2,7,3001,0,1,1,NA,2,502,I-5 N/B,BALL ROAD,100,N,N,A,-,Y,ORA,NA,5,NA,NA,37.708,H,NA,R,N,4,0,1,3,A,-,03,22350,NA,N,C,C,A,A,H,-,A,D,0,NA,NA,NA,NA,Y,NA,A,08,0,0,1,0,0,0,0,0,0,-,-,33.81874084472656,-117.91838836669922,ORANGE,ANAHEIM,-117.91845703125,33.81869125366211
91678293,2022,2022-01-14,9690,2022-01-10,0924,014552,NA,1,1,9,3000,0,3,5,NA,2,004,CROWN VALLEY PARKWAY,O'NEILL DRIVE,0,NA,Y,B,-,N,NA,NA,NA,NA,NA,NA,NA,NA,NA,Y,3,0,2,2,A,-,12,21453,A,N,D,C,A,A,H,-,A,A,0,NA,NA,NA,NA,Y,NA,D,22,0,2,0,0,0,0,0,0,0,-,-,33.564998626708984,-117.6436004638672,ORANGE,UNINCORPORATED,-117.64366912841795,33.565372467041016
91683538,2022,2022-01-24,9675,2022-01-12,1525,021076,NA,3,2,7,3001,0,1,3,NA,2,094,SR-91 WESTBOUND,LAKEVIEW AVENUE,450,E,N,A,-,Y,ORA,NA,91,NA,R,10.463,H,NA,L,N,4,0,2,3,A,-,03,22350,NA,N,C,C,A,A,H,-,A,D,0,NA,NA,NA,NA,Y,NA,A,01,0,0,2,0,0,0,0,0,0,-,-,33.85404968261719,-117.80950927734376,ORANGE,ANAHEIM,-117.80953979492188,33.8541145324707
91683881,2022,2022-01-24,9675,2022-01-20,1750,021377,NA,4,2,6,3026,0,1,1,NA,2,504,I-5 NORTHBOUND,SR-133,50,N,N,A,-,Y,ORA,NA,5,NA,NA,23.225,H,NA,R,Y,4,0,2,2,A,-,03,22350,NA,N,C,C,A,A,H,-,C,D,0,NA,NA,NA,NA,Y,NA,A,07,0,0,2,0,0,0,0,0,0,-,-,33.66828918457031,-117.75375366210938,ORANGE,IRVINE,-117.75373077392578,33.66830062866211
91683980,2022,2022-01-24,9670,2022-01-21,2305,021821,NA,5,3,5,3003,0,1,1,NA,2,500,I-5 N/B,ARTESIA BLVD,200,S,N,A,-,Y,ORA,NA,5,NA,NA,44.218,H,NA,R,Y,2,0,2,3,A,-,01,23152,A,N,C,C,A,A,H,-,C,D,0,NA,NA,NA,NA,Y,Y,A,01,1,0,1,0,0,0,0,0,0,-,-,33.87282943725586,-118.00897216796876,ORANGE,BUENA PARK,-118.00893402099608,33.872859954833984
9168425,2020,2020-11-20,3001,2020-09-24,0918,A1158,NA,4,5,7,3001,0,0,0,NA,0,D 2,LA PALMA AV,EAST ST,0,NA,Y,A,-,N,NA,NA,NA,NA,NA,NA,NA,NA,NA,Y,4,0,2,2,D,-,00,NA,NA,N,D,C,A,A,H,-,A,A,0,NA,NA,NA,NA,Y,NA,-,-,0,0,2,0,0,0,0,0,0,-,-,33.8459587097168,-117.90525817871094,ORANGE,ANAHEIM,-117.90570068359376,33.8472900390625
91685423,2022,2022-01-26,9675,2022-01-21,2100,021874,NA,5,2,7,3019,0,1,1,NA,2,503,I-5 NORTHBOUND,FIRST STREET,250,S,N,A,-,Y,ORA,NA,5,NA,NA,30.847,H,NA,R,N,4,0,1,2,A,-,07,21658,A,N,B,C,A,A,H,-,D,D,0,NA,NA,NA,NA,Y,NA,-,-,0,0,1,0,0,0,0,0,0,-,-,33.74489974975586,-117.84169769287108,ORANGE,SANTA ANA,-117.84175872802734,33.744869232177734
91685634,2022,2022-01-26,9675,2022-01-19,1811,020694,NA,3,2,7,3001,0,1,3,NA,2,572,SR-57 NORTHBOUND,SOUTH STREET`,600,S,N,A,-,Y,ORA,NA,57,NA,NA,14.273,H,NA,R,N,4,0,1,2,A,-,03,22350,NA,N,C,C,A,A,H,-,D,D,0,NA,NA,NA,NA,Y,NA,A,01,0,0,1,0,0,0,0,0,0,-,-,33.83055114746094,-117.87584686279295,ORANGE,ANAHEIM,-117.87594604492188,33.83055114746094
91686315,2022,2022-01-27,9670,2022-01-23,0009,021467,NA,7,3,6,3008,0,1,3,NA,2,093,SR-91 W/B,EUCLID ST,1056,E,N,A,-,Y,ORA,NA,91,NA,NA,2.523,H,NA,L,Y,3,0,1,1,A,-,01,23152,A,N,E,I,A,D,H,-,D,D,0,NA,NA,NA,NA,Y,Y,A,01,0,1,0,0,0,0,0,0,0,-,-,33.85417175292969,-117.93692779541016,ORANGE,FULLERTON,-117.93692779541016,33.8542366027832
91686749,2022,2022-01-27,9675,2022-01-18,1145,019320,NA,2,1,6,3015,0,1,3,NA,2,572,SR-57 SOUTHBOUND TO INTERSTATE 5 SOUTHBOUND,LA VETA AVE,100,N,N,A,-,Y,ORA,NA,57,NA,NA,10.753,H,NA,L,N,2,0,1,1,A,-,08,22107,NA,N,E,I,A,A,H,-,A,D,0,NA,NA,Y,NA,Y,NA,C,02,1,0,0,0,0,0,0,0,1,-,-,33.780738830566406,-117.87934112548828,ORANGE,ORANGE,-117.87934112548828,33.78073501586914
91690942,2022,2022-02-01,9670,2022-01-25,1715,019171,NA,2,2,5,3003,0,1,1,NA,2,500,I-5 N/B (SANTA ANA FWY),WESTERN AVE,150,N,N,A,-,Y,ORA,NA,5,NA,NA,43.957,H,NA,R,N,4,0,1,3,A,-,07,21658,A,N,B,C,A,A,H,-,A,D,0,NA,NA,Y,NA,Y,NA,A,01,0,0,1,0,0,0,0,0,1,-,-,33.87057876586914,-118.00569915771484,ORANGE,BUENA PARK,-118.0056610107422,33.87062454223633
91690989,2021,2022-02-01,9675,2021-11-03,1640,021613,NA,3,2,9,3000,0,3,5,NA,2,001,ESPERANZA ROAD (1900 BLOCK),FAIRLYNN BLVD,200,W,N,A,-,N,NA,NA,NA,NA,NA,NA,NA,NA,NA,N,4,0,2,3,A,-,09,21801,A,M,B,C,A,A,H,-,A,D,0,NA,NA,NA,NA,Y,NA,D,22,0,0,2,0,0,0,0,0,0,-,-,33.862728118896484,-117.78671264648438,ORANGE,UNINCORPORATED,-117.78692626953124,33.862709045410156
91692768,2022,2022-02-03,9690,2022-01-19,1352,014552,NA,3,1,9,3000,0,2,4,NA,2,034,ANTONIO PARKWAY SOUTHBOUND,AVENDALE BLVD.,378,N,N,A,-,N,NA,NA,NA,NA,NA,NA,NA,NA,NA,Y,3,0,1,2,A,-,03,22350,NA,N,C,C,A,A,H,-,A,D,0,NA,NA,NA,NA,Y,NA,A,01,0,1,0,0,0,0,0,0,0,-,-,33.55270004272461,-117.62989807128906,ORANGE,UNINCORPORATED,-117.62993621826172,33.55268096923828
91694565,2022,2022-02-07,9690,2022-01-28,1830,021875,NA,5,2,4,3045,0,1,1,NA,2,055,I-5 S/B (SAN DIEGO FRWY),EL TORO ROAD,1584,S,N,A,-,Y,ORA,NA,5,NA,NA,18.352,H,NA,L,N,4,0,1,3,A,-,03,22350,NA,M,C,C,A,A,H,-,D,D,0,NA,NA,NA,NA,Y,NA,A,01,0,0,1,0,0,0,0,0,0,-,-,33.61101150512695,-117.70355224609376,ORANGE,LAGUNA HILLS,-117.70352172851563,33.61103820800781
91694618,2022,2022-02-07,9670,2022-01-29,0010,021579,NA,6,3,9,3000,0,3,5,NA,2,004,BROADWAY ST 9700 BLOCK,GREENWICH LN,100,E,N,A,-,N,NA,NA,NA,NA,NA,NA,NA,NA,NA,N,4,0,1,2,A,-,09,21801,A,M,D,C,A,A,H,-,D,D,0,NA,NA,NA,NA,Y,NA,A,08,0,0,1,0,0,0,0,0,0,-,-,33.82883834838867,-117.96233367919922,ORANGE,UNINCORPORATED,-117.96250152587892,33.828826904296875
91695631,2022,2022-02-08,9675,2022-02-04,1650,019938,NA,5,2,6,3004,0,1,1,NA,2,405,I-405 NORTHBOUND,HARBOR BLVD.,1500,N,N,A,-,Y,NA,NA,NA,NA,NA,NA,NA,NA,NA,N,4,0,2,2,A,-,03,22350,NA,N,C,C,A,A,H,-,B,D,0,NA,NA,NA,NA,Y,NA,A,01,0,0,2,0,0,0,0,0,0,-,-,33.41279983520508,-117.55255889892578,ORANGE,COSTA MESA,-117.92299652099608,33.690792083740234
91696059,2022,2022-02-08,9690,2022-02-01,1315,019319,NA,2,1,5,3028,0,1,1,NA,2,056,I-5 S/B (SAN DIEGO FREEWAY),CROWN VALLEY PARKWAY,2640,N,N,B,-,Y,ORA,NA,5,NA,NA,14.274,H,NA,L,Y,4,0,3,3,A,-,03,22350,NA,N,C,C,A,A,H,-,A,D,0,NA,NA,NA,NA,Y,NA,A,01,0,0,3,0,0,0,0,0,0,-,-,33.56637954711914,-117.67243957519533,ORANGE,MISSION VIEJO,-117.67240142822266,33.566375732421875
91698258,2022,2022-02-10,9675,2022-02-05,1130,019979,NA,6,1,6,3026,0,1,1,NA,2,406,I-405 NORTHBOUND,MACARTHUR BLVD.,1100,S,N,A,-,Y,ORA,NA,405,NA,NA,7.472,H,NA,R,N,4,0,1,2,A,-,03,22350,NA,N,C,C,A,A,H,-,A,D,0,NA,NA,NA,NA,Y,NA,A,01,0,0,1,0,0,0,0,0,0,-,-,33.68069076538086,-117.85198974609376,ORANGE,IRVINE,-117.85199737548828,33.6806755065918
91699991,2022,2022-02-14,9690,2022-02-04,1652,018953,NA,5,2,5,3028,0,1,1,NA,2,056,I-5 N/B (SAN DIEGO FREEWAY),AVERY PARKWAY,1000,S,N,A,-,Y,ORA,NA,5,NA,NA,12.751,H,NA,R,Y,4,0,1,2,A,-,03,22350,NA,N,C,C,A,A,D,-,A,D,0,NA,NA,NA,NA,Y,NA,A,01,0,0,1,0,0,0,0,0,0,-,-,33.544410705566406,-117.67333221435548,ORANGE,MISSION VIEJO,-117.67325592041016,33.54439926147461
9170214,2020,2021-01-09,3010,2020-10-17,0101,3171,421,6,5,6,3010,0,0,0,NA,0,004,GOLDEN WEST,PROLONGATCON,0,NA,Y,E,-,N,NA,NA,NA,NA,NA,NA,NA,NA,NA,Y,3,0,3,2,A,-,08,22107,NA,N,A,C,A,A,H,-,C,A,0,NA,NA,NA,NA,Y,NA,A,01,0,2,1,0,0,0,0,0,0,-,-,NA,NA,ORANGE,HUNTINGTON BEACH,NA,NA
91703537,2022,2022-02-25,9675,2022-02-11,1800,021059,NA,5,2,6,3015,0,1,3,NA,2,222,SR-22 WESTBOUND,CAMBRIDGE ST,200,W,N,A,-,Y,ORA,NA,22,NA,R,12.303,H,NA,L,N,3,0,1,7,A,-,03,22350,NA,N,C,C,A,A,H,-,C,D,0,NA,NA,NA,NA,Y,NA,A,07,0,1,0,0,0,0,0,0,0,-,-,33.77600860595703,-117.84535217285156,ORANGE,ORANGE,-117.84534454345705,33.775997161865234
91705937,2022,2022-02-22,9675,2022-02-12,1235,020018,NA,6,1,7,3019,0,1,1,NA,2,503,I-5 SOUTHBOUND,SR-55 SOUTHBOUND,1500,N,N,A,-,Y,ORA,NA,5,NA,NA,30.497,H,NA,L,N,4,0,1,2,A,-,03,22350,NA,N,C,C,A,A,H,-,A,D,0,NA,NA,NA,NA,Y,NA,A,01,0,0,1,0,0,0,0,0,0,-,-,33.741798400878906,-117.83767700195313,ORANGE,SANTA ANA,-117.83763885498048,33.741886138916016
91707550,2022,2022-02-24,9670,2022-02-17,2059,021755,NA,4,2,3,3013,0,1,1,NA,2,061,I-605 S/B,KATELLA AVE,200,N,N,A,-,Y,ORA,NA,605,NA,R,1.479,H,NA,L,Y,4,0,1,2,A,-,03,22350,NA,N,C,C,A,A,H,-,C,D,0,NA,NA,NA,NA,Y,Y,A,07,0,0,1,0,0,0,0,0,0,-,-,33.80369186401367,-118.08177185058594,ORANGE,LOS ALAMITOS,-118.08175659179688,33.803688049316406