CASE_ID,ACCIDENT_YEAR,PROC_DATE,JURIS,COLLISION_DATE,COLLISION_TIME,OFFICER_ID,REPORTING_DISTRICT,DAY_OF_WEEK,CHP_SHIFT,POPULATION,CNTY_CITY_LOC,SPECIAL_COND,BEAT_TYPE,CHP_BEAT_TYPE,CITY_DIVISION_LAPD,CHP_BEAT_CLASS,BEAT_NUMBER,PRIMARY_RD,SECONDARY_RD,DISTANCE,DIRECTION,INTERSECTION,WEATHER_1,WEATHER_2,STATE_HWY_IND,CALTRANS_COUNTY,CALTRANS_DISTRICT,STATE_ROUTE,ROUTE_SUFFIX,POSTMILE_PREFIX,POSTMILE,LOCATION_TYPE,RAMP_INTERSECTION,SIDE_OF_HWY,TOW_AWAY,COLLISION_SEVERITY,NUMBER_KILLED,NUMBER_INJURED,PARTY_COUNT,PRIMARY_COLL_FACTOR,PCF_CODE_OF_VIOL,PCF_VIOL_CATEGORY,PCF_VIOLATION,PCF_VIOL_SUBSECTION,HIT_AND_RUN,TYPE_OF_COLLISION,MVIW,PED_ACTION,ROAD_SURFACE,ROAD_COND_1,ROAD_COND_2,LIGHTING,CONTROL_DEVICE,CHP_ROAD_TYPE,PEDESTRIAN_ACCIDENT,BICYCLE_ACCIDENT,MOTORCYCLE_ACCIDENT,TRUCK_ACCIDENT,NOT_PRIVATE_PROPERTY,ALCOHOL_INVOLVED,STWD_VEHTYPE_AT_FAULT,CHP_VEHTYPE_AT_FAULT,COUNT_SEVERE_INJ,COUNT_VISIBLE_INJ,COUNT_COMPLAINT_PAIN,COUNT_PED_KILLED,COUNT_PED_INJURED,COUNT_BICYCLIST_KILLED,COUNT_BICYCLIST_INJURED,COUNT_MC_KILLED,COUNT_MC_INJURED,PRIMARY_RAMP,SECONDARY_RAMP,LATITUDE,LONGITUDE,COUNTY,CITY,POINT_X,POINT_Y
91707914,2022,2022-02-24,9675,2022-02-18,1005,020018,NA,5,1,5,3022,0,1,1,NA,2,503,I-5 NORTHBOUND,NEWPORT AVENUE,300,N,N,A,-,Y,ORA,NA,5,NA,NA,29.701,H,NA,R,Y,3,0,1,2,A,-,03,22350,NA,N,C,C,A,A,H,-,A,D,0,NA,NA,Y,NA,Y,NA,C,02,0,1,0,0,0,0,0,0,1,-,-,33.73772048950195,-117.82431793212892,ORANGE,TUSTIN,-117.82434844970705,33.73765182495117
91708037,2022,2022-02-24,9675,2022-02-18,1829,021377,NA,5,2,7,3001,0,1,3,NA,2,095,SR-91 WESTBOUND,GYPSUM CANYON RD,5280,E,N,A,-,Y,ORA,NA,91,NA,R,17.166,H,NA,L,Y,4,0,1,3,A,-,03,22350,NA,F,C,C,A,A,H,-,C,D,0,NA,NA,NA,NA,Y,NA,A,07,0,0,1,0,0,0,0,0,0,-,-,33.872318267822266,-117.7001724243164,ORANGE,ANAHEIM,-117.70013427734376,33.87226486206055
91709668,2022,2022-02-25,9675,2022-02-18,1800,021690,NA,5,2,7,3019,0,1,3,NA,2,551,SR-55 S/B,17TH ST.,35,N,N,A,-,Y,ORA,NA,55,NA,NA,11.824,H,NA,L,Y,4,0,2,4,A,-,03,22350,NA,N,C,C,A,A,H,-,C,D,0,NA,NA,NA,NA,Y,NA,A,01,0,0,2,0,0,0,0,0,0,-,-,33.76036071777344,-117.8312530517578,ORANGE,SANTA ANA,-117.83119201660156,33.76036071777344
91710661,2022,2022-02-28,9675,2022-02-08,0230,021983,NA,2,3,7,3001,0,1,3,NA,2,093,SR-91 WESTBOUND,STATE COLLEGE BLVD,1100,E,N,A,-,Y,ORA,NA,91,NA,NA,5.444,H,NA,L,Y,2,0,1,2,A,-,01,23152,A,N,C,C,A,A,H,-,D,D,0,NA,NA,NA,Y,Y,Y,A,07,1,0,0,0,0,0,0,0,0,-,-,33.85398864746094,-117.88638305664063,ORANGE,ANAHEIM,-117.88634490966795,33.8541374206543
91711871,2022,2022-03-01,9675,2022-02-19,0336,021960,NA,6,3,7,3001,0,1,3,NA,2,094,SR-91 WESTBOUND,IMPERIAL HIGHWAY,7392,E,N,A,-,Y,ORA,NA,91,NA,R,12.936,H,NA,L,Y,2,0,1,2,A,-,01,23152,A,N,C,C,A,A,H,-,C,D,0,NA,NA,NA,Y,Y,Y,A,01,1,0,0,0,0,0,0,0,0,-,-,33.86450958251953,-117.76921844482422,ORANGE,ANAHEIM,-117.76919555664063,33.864479064941406
91713997,2022,2022-03-03,9675,2022-02-22,0655,019897,NA,2,1,5,3022,0,1,1,NA,2,503,I-5 SOUTHBOUND,SR-55 NORTHBOUND,148,S,N,A,-,Y,ORA,NA,5,NA,NA,30.248,H,NA,L,Y,4,0,1,3,A,-,03,22350,NA,N,C,C,A,A,H,-,A,D,0,NA,NA,NA,NA,Y,NA,A,01,0,0,1,0,0,0,0,0,0,-,-,33.74026870727539,-117.83319854736328,ORANGE,TUSTIN,-117.83318328857422,33.740299224853516
91719765,2022,2022-03-10,9670,2022-02-19,0529,018516,NA,6,3,6,3008,0,1,1,NA,2,051,I-5 S/B,SR-91,295,N,N,B,-,Y,ORA,NA,5,NA,NA,42.239,H,NA,L,Y,4,0,2,6,A,-,03,22350,NA,N,E,I,A,A,H,-,C,D,0,NA,NA,NA,NA,Y,NA,A,01,0,0,2,0,0,0,0,0,0,-,-,33.85704040527344,-117.98117065429688,ORANGE,FULLERTON,-117.98120880126952,33.856971740722656
9172355,2020,2020-12-04,3012,2020-09-22,1653,649,12,2,5,5,3012,0,0,0,NA,0,001,WHITTIER BL,CORTO WY,66,E,N,A,-,Y,ORA,12,39,-,-,21.03,H,-,S,N,4,0,2,2,A,-,08,22107,NA,N,B,C,A,A,H,-,A,D,0,NA,NA,NA,NA,Y,NA,A,01,0,0,2,0,0,0,0,0,0,-,-,NA,NA,ORANGE,LA HABRA,-117.9621353149414,33.93940734863281
9172375,2020,2020-12-07,3022,2020-09-08,1647,1374,SOUTH,2,5,5,3022,0,0,0,NA,0,NA,PASADENA AV,ALTADENA DR,0,NA,Y,A,-,N,NA,NA,NA,NA,NA,NA,NA,NA,NA,Y,4,0,1,2,A,-,09,21802,A,N,D,C,A,A,H,-,A,A,0,NA,NA,NA,NA,Y,NA,A,01,0,0,1,0,0,0,0,0,0,-,-,33.73112106323242,-117.8318099975586,ORANGE,TUSTIN,-117.83175659179688,33.73114013671875
9172937,2022,2022-07-06,3003,2022-05-13,2319,1164,NA,5,5,5,3003,0,0,0,NA,0,002,BEACH BL,AUTO CENTER DR,0,NA,Y,A,-,Y,ORA,12,39,-,-,15.15,I,5,S,Y,4,0,1,2,A,-,12,21453,A,N,A,C,A,A,H,-,C,D,0,NA,NA,NA,NA,Y,NA,A,07,0,0,1,0,0,0,0,0,0,-,-,33.86750030517578,-117.99819946289063,ORANGE,BUENA PARK,-117.99827575683594,33.86762237548828
9173394,2020,2020-11-14,3009,2020-09-24,0935,1610,1-2,4,5,6,3009,0,0,0,NA,0,081,VINEVALE,LA GRAND,10,S,N,A,-,N,NA,NA,NA,NA,NA,NA,NA,NA,NA,N,4,0,1,2,A,-,08,22107,NA,M,E,I,-,A,H,-,A,D,0,Y,NA,NA,NA,Y,NA,-,99,0,0,1,0,1,0,0,0,0,-,-,NA,NA,ORANGE,GARDEN GROVE,-117.974609375,33.80003356933594
91736301,2022,2022-03-29,9675,2022-03-23,0730,020131,NA,3,1,6,3015,0,1,3,NA,2,550,SR-55 SOUTHBOUND,CHAPMAN AVENUE,75,N,N,A,-,Y,ORA,NA,55,NA,NA,13.754,H,NA,L,N,4,0,1,2,A,-,03,22350,NA,N,C,C,A,A,H,-,A,D,0,NA,NA,NA,Y,Y,NA,F,26,0,0,1,0,0,0,0,0,0,-,-,33.78847122192383,-117.83113098144533,ORANGE,ORANGE,-117.83116149902344,33.78847122192383
91742968,2022,2022-04-07,9670,2022-04-05,1525,022737,NA,2,2,5,3024,0,1,1,NA,2,042,I-405 N/B,BOLSA CHICA RD,150,S,N,A,-,Y,ORA,NA,405,NA,NA,20.528,H,NA,R,N,4,0,1,2,A,-,03,22350,NA,M,B,C,A,A,D,E,A,D,0,NA,NA,NA,NA,Y,NA,-,99,0,0,1,0,0,0,0,0,0,-,-,33.773109436035156,-118.03880310058594,ORANGE,WESTMINSTER,-118.03875732421876,33.77315139770508
91747812,2022,2022-04-14,9675,2022-04-02,1320,019518,NA,6,1,7,3001,0,1,3,NA,2,241,SR-241 NORTHBOUND TO SR-91 WB,SR-91 EASTBOUND,2200,S,N,A,-,Y,ORA,NA,241,NA,NA,38.595,H,NA,R,N,3,0,1,2,A,-,08,22107,NA,N,C,C,A,A,H,-,A,D,0,NA,NA,NA,NA,Y,NA,A,01,0,1,0,0,0,0,0,0,0,-,-,33.86088943481445,-117.71630096435548,ORANGE,ANAHEIM,-117.71636962890624,33.860897064208984
9174864,2020,2020-12-18,3026,2020-10-04,0056,587,3026,7,5,6,3026,0,0,0,NA,0,00C,PACIFICA,GATEWAY,0,NA,Y,A,-,N,NA,NA,NA,NA,NA,NA,NA,NA,NA,Y,4,0,2,2,A,-,08,22100,A,M,B,C,A,A,H,-,C,A,0,NA,NA,NA,NA,Y,NA,A,01,0,0,2,0,0,0,0,0,0,-,-,NA,NA,ORANGE,IRVINE,-117.75508880615234,33.65707015991211
91751072,2022,2022-04-19,9675,2022-04-08,1945,021633,NA,5,2,7,3019,0,1,3,NA,2,556,SR-55 NORTHBOUND TO I-5 NORTHBOUND,MAIN ST.,30,S,N,A,-,Y,ORA,NA,5,NA,NA,30.463,H,NA,R,N,4,0,1,2,A,-,03,22350,NA,N,C,C,A,A,H,-,C,D,0,NA,NA,NA,NA,Y,NA,A,07,0,0,1,0,0,0,0,0,0,-,-,33.741920471191406,-117.83643341064452,ORANGE,SANTA ANA,-117.83651733398438,33.741756439208984
91752649,2022,2022-04-20,9675,2022-04-08,0540,019979,NA,5,3,6,3015,0,1,1,NA,2,502,I-5 SOUTHBOUND TO SR-22 WESTBOUND,CHAPMAN AVE.,2300,S,N,A,-,Y,NA,NA,NA,NA,NA,NA,NA,NA,NA,N,3,0,1,1,A,-,08,22107,NA,N,E,I,A,A,H,-,C,D,0,NA,NA,NA,NA,Y,NA,A,07,0,1,0,0,0,0,0,0,0,-,-,33.781368255615234,-117.88153076171876,ORANGE,ORANGE,-117.88153076171876,33.781368255615234
91757064,2022,2022-04-26,9690,2022-04-16,1650,019925,NA,6,2,4,3018,0,1,1,NA,2,057,I-5 S/B TO CAMINO LAS RAMBLAS,CAMINO LAS RAMBLAS,95,N,N,A,-,Y,ORA,NA,1,NA,R,0.196,H,NA,R,N,4,0,1,2,A,-,03,22350,NA,N,C,C,A,A,H,-,A,A,0,NA,NA,NA,NA,Y,NA,A,01,0,0,1,0,0,0,0,0,0,-,-,33.46630096435547,-117.67082214355467,ORANGE,SAN JUAN CAPISTRANO,-117.67070770263672,33.46624755859375
91759150,2022,2022-04-28,9690,2022-04-17,0920,020182,NA,7,1,4,3049,0,1,3,NA,1,013,SR-133 N/B (LAGUNA CANYON ROAD),SR-73 (SAN JOAQUIN TRANSPORTATION CORRIDOR),2640,N,N,A,-,Y,ORA,NA,133,NA,R,4.61,H,NA,R,N,3,0,1,1,C,-,18,NA,NA,N,E,I,A,A,H,-,A,D,0,NA,Y,NA,NA,Y,NA,-,-,0,1,0,0,0,0,1,0,0,-,-,33.599578857421875,-117.76209259033205,ORANGE,ALISO VIEJO,-117.7621612548828,33.59956359863281
91760932,2022,2022-04-29,9675,2022-04-22,1130,019979,NA,5,1,6,3004,0,1,1,NA,2,405,I-405 SOUTHBOUND,FAIRVIEW RD,1000,N,N,A,-,Y,ORA,NA,405,NA,NA,11.131,H,NA,L,N,4,0,1,2,A,-,03,22350,NA,N,C,C,A,A,H,-,A,D,0,NA,NA,NA,NA,Y,NA,D,22,0,0,1,0,0,0,0,0,0,-,-,33.68782043457031,-117.91374969482422,ORANGE,COSTA MESA,-117.91374969482422,33.687862396240234
9176458,2020,2021-02-04,3005,2020-11-04,1136,8237,C13,3,5,4,3005,0,0,0,NA,0,001,DENNI ST,NEWMAN AV,23,S,N,A,-,N,NA,NA,NA,NA,NA,NA,NA,NA,NA,N,3,0,1,2,A,-,09,21802,NA,N,D,C,A,A,H,-,A,D,0,NA,NA,NA,NA,Y,NA,A,01,0,1,0,0,0,0,0,0,0,-,-,NA,NA,ORANGE,CYPRESS,-118.05455780029295,33.82742691040039
9176503,2020,2020-11-30,3004,2020-09-27,2005,P649,20,7,5,6,3004,0,0,0,NA,0,010,W BAKER ST,COLLEGE AV,0,NA,Y,A,-,N,NA,NA,NA,NA,NA,NA,NA,NA,NA,N,3,0,2,2,A,-,12,21453,A,N,D,C,A,A,H,-,C,A,0,NA,NA,NA,NA,Y,NA,A,01,0,2,0,0,0,0,0,0,0,-,-,33.68009948730469,-117.91649627685548,ORANGE,COSTA MESA,-117.91660308837892,33.680091857910156
91766155,2022,2022-05-06,9675,2022-04-28,1700,019135,NA,4,2,7,3001,0,1,3,NA,2,571,SR-57 SOUTHBOUND TO SR-91 WESTBOUND,MIRALOMA AVE,200,N,N,A,-,Y,ORA,NA,57,NA,NA,15.924,H,NA,L,N,4,0,1,2,A,-,03,22350,NA,N,C,C,A,A,H,-,A,D,0,NA,NA,NA,NA,Y,NA,A,01,0,0,1,0,0,0,0,0,0,-,-,33.854408264160156,-117.87593841552734,ORANGE,ANAHEIM,-117.87577056884766,33.85441589355469
91767637,2022,2022-05-09,9675,2022-04-28,2358,022283,NA,4,3,6,3026,0,1,1,NA,2,503,I-5 NORTHBOUND,CULVER DRIVE,2000,S,N,A,-,Y,ORA,NA,5,NA,R,26.201,H,NA,R,Y,2,0,3,4,A,-,01,23152,A,N,C,C,A,A,H,-,C,D,0,NA,NA,NA,NA,Y,Y,A,01,1,2,0,0,0,0,0,0,0,-,-,33.705421447753906,-117.7782974243164,ORANGE,IRVINE,-117.77830505371094,33.70541763305664
91767757,2022,2022-05-09,9675,2022-04-30,0800,020018,NA,6,1,7,3019,0,1,1,NA,2,520,I-5 SOUTHBOUND,BROADWAY,200,S,N,A,-,Y,ORA,NA,5,NA,NA,33.257,H,NA,L,N,4,0,1,1,A,-,08,22107,NA,N,E,I,A,A,H,-,A,A,0,NA,NA,NA,NA,Y,NA,A,07,0,0,1,0,0,0,0,0,0,-,-,33.76932907104492,-117.86853790283205,ORANGE,SANTA ANA,-117.86864471435548,33.76927947998047
91768678,2022,2022-05-10,9690,2022-04-25,0925,019319,NA,1,1,9,3000,0,1,3,NA,2,072,SR-73 (SAN JOAQUIN HILLS TRANSPORTATION CORRIDOR),SR-133 (LAGUNA CANYON ROAD),4752,N,N,A,-,Y,ORA,NA,73,NA,NA,17.756,H,NA,L,Y,2,0,2,2,A,-,03,22350,NA,N,C,C,A,A,H,-,A,D,0,NA,NA,NA,NA,Y,NA,A,01,1,0,1,0,0,0,0,0,0,-,-,33.59872817993164,-117.77333831787108,ORANGE,UNINCORPORATED,-117.77333831787108,33.598731994628906
91774904,2022,2022-05-18,9690,2022-05-11,1515,019925,NA,3,2,5,3028,0,1,1,NA,2,056,I-5 S/B TO CROWN VALLEY PKWY.,CROWN VALLEY PKWY.,700,N,N,A,-,Y,ORA,NA,5,NA,NA,13.888,H,NA,L,N,4,0,1,2,A,-,03,22350,NA,N,C,C,A,A,H,-,A,D,0,NA,NA,NA,NA,Y,NA,D,22,0,0,1,0,0,0,0,0,0,-,-,33.56079864501953,-117.67328643798828,ORANGE,MISSION VIEJO,-117.673095703125,33.560791015625
91778734,2022,2022-05-24,9675,2022-05-13,0115,021914,NA,5,3,7,3019,0,1,3,NA,2,552,SR-55 NORTHBOUND,DYER ROAD,350,N,N,A,-,Y,ORA,NA,55,NA,R,8.055,H,NA,R,N,4,0,1,2,A,-,01,23152,A,N,C,C,A,A,H,-,C,D,0,NA,NA,NA,NA,Y,Y,A,01,0,0,1,0,0,0,0,0,0,-,-,33.710548400878906,-117.849609375,ORANGE,SANTA ANA,-117.84964752197266,33.71057891845703
91782989,2022,2022-07-28,9675,2022-05-17,1732,019599,NA,2,2,6,3015,0,1,1,NA,2,502,I-5 S/B,LA VETA AVE.,70,S,N,A,-,Y,ORA,NA,5,NA,NA,34.195,H,NA,L,N,4,0,1,2,A,-,03,22350,NA,F,C,C,A,A,H,-,A,D,0,NA,NA,NA,NA,Y,NA,A,08,0,0,1,0,0,0,0,0,0,-,-,33.780670166015625,-117.87882232666016,ORANGE,ORANGE,-117.87875366210938,33.78072738647461
91783868,2022,2022-05-30,9675,2022-05-24,1426,018985,NA,2,2,6,3026,0,1,1,NA,2,405,I-405 N/B,MACARTHUR BLVD.,1500,N,N,A,-,Y,ORA,NA,405,NA,NA,8.125,H,NA,R,Y,3,0,1,2,A,-,03,22350,NA,N,C,C,A,A,H,-,A,D,0,NA,NA,NA,NA,Y,NA,A,01,0,1,0,0,0,0,0,0,0,-,-,33.6851692199707,-117.86190795898438,ORANGE,IRVINE,-117.86196899414063,33.68507385253906
91785332,2022,2022-05-31,9675,2022-05-20,1100,017993,NA,5,1,7,3019,0,1,3,NA,2,552,SR-55 SOUTHBOUND,WARNER AVE,400,N,N,B,-,Y,ORA,NA,55,NA,R,8.585,H,NA,L,Y,4,0,1,3,A,-,03,22350,NA,N,C,C,A,A,H,-,A,D,0,NA,NA,NA,NA,Y,NA,A,07,0,0,1,0,0,0,0,0,0,-,-,33.71662139892578,-117.84414672851563,ORANGE,SANTA ANA,-117.84403228759766,33.71653747558594
91785665,2022,2022-06-01,9670,2022-05-30,2230,022737,NA,1,3,5,3024,0,1,1,NA,2,042,I-405 N/B (SAN DIEGO FREEWAY),BOLSA CHICA RD,200,S,N,A,-,Y,ORA,NA,405,NA,NA,20.487,H,NA,R,Y,3,0,3,1,A,-,01,23152,A,N,E,I,A,A,D,E,C,D,0,NA,NA,NA,NA,Y,Y,A,01,0,2,1,0,0,0,0,0,0,-,-,33.77275848388672,-118.03822326660156,ORANGE,WESTMINSTER,-118.03823852539063,33.772743225097656
91786617,2022,2022-06-02,9675,2022-05-24,1330,014424,NA,2,1,6,3004,0,1,3,NA,2,073,SR-73 SOUTHBOUND,SR-55 SOUTHBOUND,2640,S,N,A,-,Y,ORA,NA,73,NA,R,26.385,H,NA,L,N,4,0,1,2,A,-,01,23152,F,N,B,C,A,A,H,-,A,A,0,NA,NA,NA,NA,Y,NA,A,01,0,0,1,0,0,0,0,0,0,-,-,33.6709098815918,-117.88433074951172,ORANGE,COSTA MESA,-117.88426971435548,33.67094421386719
9178806,2020,2020-12-24,3008,2020-10-16,0557,1534,ZONE1,5,5,6,3008,0,0,0,NA,0,NA,BAKER AV,LOMBARD DR,180,E,N,A,-,N,NA,NA,NA,NA,NA,NA,NA,NA,NA,Y,3,0,1,2,A,-,00,23153,F,N,C,E,A,A,H,-,C,D,0,NA,NA,NA,NA,Y,NA,A,01,0,1,0,0,0,0,0,0,0,-,-,NA,NA,ORANGE,FULLERTON,-117.93429565429688,33.85697937011719
9178894,2020,2020-11-12,3008,2020-09-22,1147,1295,ZONE2,2,5,6,3008,0,0,0,NA,0,NA,LEMON ST,ORANGETHORPE AV,0,NA,Y,A,-,N,NA,NA,NA,NA,NA,NA,NA,NA,NA,Y,4,0,1,2,A,-,09,21801,A,N,A,C,A,A,H,-,A,A,0,NA,NA,NA,NA,Y,NA,A,01,0,0,1,0,0,0,0,0,0,-,-,NA,NA,ORANGE,FULLERTON,-117.91986846923828,33.8595085144043
91789998,2022,2022-06-07,9690,2022-06-01,1340,020537,NA,3,1,5,3028,0,1,1,NA,2,056,I-5 S/B (SAN DIEGO FWY),CROWL VALLEY PKWY,2640,N,N,A,-,Y,ORA,NA,5,NA,NA,14.265,H,NA,L,Y,4,0,1,3,A,-,03,22350,NA,N,C,C,A,A,D,-,A,D,0,NA,NA,NA,NA,Y,NA,A,07,0,0,1,0,0,0,0,0,0,-,-,33.56623840332031,-117.67237854003906,ORANGE,MISSION VIEJO,-117.67241668701172,33.56624221801758
91790750,2022,2022-06-08,9675,2022-05-31,0840,020627,NA,2,1,4,3002,0,1,3,NA,2,070,SR-57 SOUTHBOUND,BASTANCHURY ROAD,1000,N,N,A,-,Y,NA,NA,NA,NA,NA,NA,NA,NA,NA,Y,4,0,1,2,A,-,03,22350,NA,N,C,C,A,A,H,-,A,D,0,NA,NA,NA,NA,Y,NA,A,01,0,0,1,0,0,0,0,0,0,-,-,33.5400390625,-117.52529907226563,ORANGE,BREA,-117.88130950927734,33.8994255065918
9179094,2019,2020-11-09,3008,2019-07-15,2336,1525,ZONE2,1,5,6,3008,0,0,0,NA,0,NA,COMMONWEALTH AV,LEMON ST,0,NA,Y,A,-,NA,NA,NA,NA,NA,NA,NA,NA,NA,NA,NA,4,0,2,2,A,-,09,21800,NA,N,D,C,A,A,H,-,E,B,0,NA,NA,NA,NA,Y,NA,A,01,0,0,2,0,0,0,0,0,0,-,-,NA,NA,ORANGE,FULLERTON,-117.91982269287108,33.870391845703125
91791677,2022,2022-06-09,9675,2022-06-03,0915,019394,NA,5,1,6,3004,0,1,3,NA,2,073,SR-73 N/B TO I-405 N/B,FAIRVIEW RD.,2465,S,N,B,-,Y,ORA,NA,73,NA,R,27.848,H,NA,R,Y,3,0,1,2,A,-,03,22350,NA,N,B,C,A,A,H,-,A,D,0,NA,NA,Y,NA,Y,NA,C,02,0,1,0,0,0,0,0,0,1,-,-,33.68790054321289,-117.89949035644533,ORANGE,COSTA MESA,-117.89949035644533,33.68789291381836
91792431,2022,2022-06-10,9675,2022-05-29,1528,021690,NA,7,2,7,3001,0,1,3,NA,2,193,SR-91 WESTBOUND TO SR-55 SOUTHBOUND,LAKEVIEW AVENUE,5808,W,N,A,-,Y,ORA,NA,55,NA,R,17.639,H,NA,L,N,2,0,1,2,A,-,03,22350,NA,N,E,J,A,A,C,-,A,D,0,NA,NA,NA,NA,Y,NA,D,22,1,0,0,0,0,0,0,0,0,-,-,33.842838287353516,-117.82990264892578,ORANGE,ANAHEIM,-117.8299560546875,33.842891693115234
91793968,2022,2022-06-13,9690,2022-06-08,0720,020236,NA,3,1,5,3028,0,1,1,NA,2,056,I-5 S/B (SAN DIEGO FRWY),CROWN VALLEY PARKWAY,1400,N,N,B,-,Y,ORA,NA,5,NA,NA,14.077,H,NA,L,N,4,0,3,3,A,-,03,22350,NA,N,C,C,A,A,D,-,A,D,0,NA,NA,NA,NA,Y,NA,A,01,0,0,3,0,0,0,0,0,0,-,-,33.56351852416992,-117.67276000976563,ORANGE,MISSION VIEJO,-117.67277526855467,33.56352233886719
9179666,2019,2020-11-17,3008,2019-08-30,2347,1567,ZONE1,5,5,6,3008,0,0,0,NA,0,001,EUCLID ST,ORANGETHORPE AV,0,NA,Y,A,-,N,NA,NA,NA,NA,NA,NA,NA,NA,NA,Y,3,0,2,2,A,-,12,21453,A,N,A,C,A,A,H,-,C,A,0,NA,NA,NA,NA,Y,NA,A,01,0,2,0,0,0,0,0,0,0,-,-,NA,NA,ORANGE,FULLERTON,-117.94183349609376,33.85934829711914
91797356,2022,2022-06-17,9675,2022-06-10,1710,019652,NA,5,2,6,3004,0,1,1,NA,2,405,I-405 SOUTHBOUND,FAIRVIEW RD,500,S,N,A,-,Y,ORA,NA,405,NA,NA,10.646,H,NA,L,N,4,0,1,2,A,-,03,22350,NA,N,C,C,A,A,H,-,A,D,0,NA,NA,NA,NA,Y,NA,A,01,0,0,1,0,0,0,0,0,0,-,-,33.6876106262207,-117.90515899658205,ORANGE,COSTA MESA,-117.90515899658205,33.68767547607422
91798773,2022,2022-06-20,9675,2022-06-14,2220,021914,NA,2,3,6,3026,0,1,1,NA,2,406,I-405 NORTHBOUND FROM MACARTHUR BLVD,MACARTHUR BLVD,50,S,N,A,-,Y,NA,NA,NA,NA,NA,NA,NA,NA,NA,N,4,0,1,2,A,-,01,23152,A,N,E,I,A,A,H,-,C,D,0,NA,NA,NA,NA,Y,Y,A,01,0,0,1,0,0,0,0,0,0,-,-,33.6838493347168,-117.85588836669922,ORANGE,IRVINE,-117.85588836669922,33.6838493347168
91800698,2022,2022-06-22,9675,2022-06-15,0829,018017,NA,3,1,7,3019,0,1,1,NA,2,502,I-5 SOUTHBOUND,BROADWAY,50,S,N,A,-,Y,ORA,NA,5,NA,NA,33.289,H,NA,L,N,4,0,1,2,A,-,03,22350,NA,N,C,C,A,A,H,-,A,D,0,NA,NA,NA,NA,Y,NA,D,22,0,0,1,0,0,0,0,0,0,-,-,33.769588470458984,-117.86913299560548,ORANGE,SANTA ANA,-117.86892700195313,33.76968765258789
91802087,2022,2022-06-23,9670,2022-06-20,1650,022737,NA,1,2,7,3001,0,1,1,NA,2,052,I-5 N/B (SANTA ANA FREEWAY),HARBOR BLVD,600,S,N,A,-,Y,ORA,NA,5,NA,NA,37.282,H,NA,R,Y,2,0,1,2,A,-,03,22350,NA,N,C,C,A,A,H,-,A,D,0,NA,NA,Y,NA,Y,NA,C,02,1,0,0,0,0,0,0,0,1,-,-,33.81435012817383,-117.9140625,ORANGE,ANAHEIM,-117.91400909423828,33.814388275146484
91803535,2022,2022-06-27,9690,2022-06-10,1030,021875,NA,5,1,5,3050,0,1,1,NA,2,055,I-5 N/B (SAN DIEGO FRWY),EL TORO RD,1500,N,N,A,-,Y,ORA,NA,5,NA,NA,18.976,H,NA,R,N,4,0,1,3,A,-,03,22350,NA,M,C,C,A,A,H,-,A,D,0,NA,NA,NA,NA,Y,NA,-,99,0,0,1,0,0,0,0,0,0,-,-,33.61785125732422,-117.71067810058594,ORANGE,LAKE FOREST,-117.71063995361328,33.61787414550781
91805958,2021,2022-06-29,9675,2021-12-30,0305,021874,NA,4,3,6,3015,0,1,3,NA,2,551,STATE ROUTE 55 NORTHBOUND TO STATE ROUTE 22 WESTBO,TUSTIN AVENUE,640,S,N,B,C,Y,NA,NA,NA,NA,NA,NA,NA,NA,NA,N,1,1,0,2,A,-,03,22350,NA,N,G,B,E,B,H,-,E,D,0,Y,NA,NA,NA,Y,NA,D,22,0,0,0,1,0,0,0,0,0,-,-,33.7775993347168,-117.83419799804688,ORANGE,ORANGE,-117.83335876464844,33.84010696411133
9181269,2020,2020-12-12,3001,2020-09-18,0822,A2589,D2,5,5,7,3001,0,0,0,NA,0,0D2,EUCLID ST,ROMNEYA DR,250,S,N,A,-,N,NA,NA,NA,NA,NA,NA,NA,NA,NA,NA,4,0,1,2,A,-,03,22350,NA,N,C,C,A,A,H,-,A,A,0,NA,NA,NA,NA,Y,NA,D,22,0,0,1,0,0,0,0,0,0,-,-,33.85100173950195,-117.94161224365234,ORANGE,ANAHEIM,-117.94178009033205,33.84998321533203