CASE_ID,ACCIDENT_YEAR,PROC_DATE,JURIS,COLLISION_DATE,COLLISION_TIME,OFFICER_ID,REPORTING_DISTRICT,DAY_OF_WEEK,CHP_SHIFT,POPULATION,CNTY_CITY_LOC,SPECIAL_COND,BEAT_TYPE,CHP_BEAT_TYPE,CITY_DIVISION_LAPD,CHP_BEAT_CLASS,BEAT_NUMBER,PRIMARY_RD,SECONDARY_RD,DISTANCE,DIRECTION,INTERSECTION,WEATHER_1,WEATHER_2,STATE_HWY_IND,CALTRANS_COUNTY,CALTRANS_DISTRICT,STATE_ROUTE,ROUTE_SUFFIX,POSTMILE_PREFIX,POSTMILE,LOCATION_TYPE,RAMP_INTERSECTION,SIDE_OF_HWY,TOW_AWAY,COLLISION_SEVERITY,NUMBER_KILLED,NUMBER_INJURED,PARTY_COUNT,PRIMARY_COLL_FACTOR,PCF_CODE_OF_VIOL,PCF_VIOL_CATEGORY,PCF_VIOLATION,PCF_VIOL_SUBSECTION,HIT_AND_RUN,TYPE_OF_COLLISION,MVIW,PED_ACTION,ROAD_SURFACE,ROAD_COND_1,ROAD_COND_2,LIGHTING,CONTROL_DEVICE,CHP_ROAD_TYPE,PEDESTRIAN_ACCIDENT,BICYCLE_ACCIDENT,MOTORCYCLE_ACCIDENT,TRUCK_ACCIDENT,NOT_PRIVATE_PROPERTY,ALCOHOL_INVOLVED,STWD_VEHTYPE_AT_FAULT,CHP_VEHTYPE_AT_FAULT,COUNT_SEVERE_INJ,COUNT_VISIBLE_INJ,COUNT_COMPLAINT_PAIN,COUNT_PED_KILLED,COUNT_PED_INJURED,COUNT_BICYCLIST_KILLED,COUNT_BICYCLIST_INJURED,COUNT_MC_KILLED,COUNT_MC_INJURED,PRIMARY_RAMP,SECONDARY_RAMP,LATITUDE,LONGITUDE,COUNTY,CITY,POINT_X,POINT_Y
9298167,2021,2021-08-13,3000,2021-06-24,0852,5489,991F7,4,5,4,3045,0,0,0,NA,0,782,CALLE DE LOUISA,CALLE DE LA PLATA,527,S,N,A,-,N,NA,NA,NA,NA,NA,NA,NA,NA,NA,N,2,0,1,2,B,-,22,NA,NA,N,G,B,C,A,H,-,A,D,0,Y,NA,NA,NA,Y,NA,A,07,1,0,0,0,1,0,0,0,0,-,-,NA,NA,ORANGE,LAGUNA HILLS,-117.70906066894533,33.61009979248047
9299938,2021,2021-09-13,3026,2021-08-04,1655,6352,NA,3,5,6,3026,0,0,0,NA,0,00C,LAGUNA CANYON RD,LAKE FOREST DR,1380,S,N,A,-,N,NA,NA,NA,NA,NA,NA,NA,NA,NA,Y,3,0,1,1,A,-,08,22107,NA,N,E,I,A,A,D,-,A,A,0,NA,NA,NA,NA,Y,NA,E,22,0,1,0,0,0,0,0,0,0,-,-,NA,NA,ORANGE,IRVINE,-117.76080322265624,33.63432312011719
9300689,2021,2021-08-18,3012,2021-07-07,1434,611,12,3,5,5,3012,0,0,0,NA,0,001,WHITTIER BL,KIRBY DR,0,NA,Y,A,-,N,NA,NA,NA,NA,NA,NA,NA,NA,NA,N,4,0,1,2,A,-,09,21802,A,N,B,C,A,A,H,-,A,D,0,NA,NA,Y,NA,Y,NA,A,01,0,0,1,0,0,0,0,0,0,-,-,NA,NA,ORANGE,LA HABRA,-117.95232391357422,33.939109802246094
9301830,2021,2021-09-30,3009,2021-03-16,0643,3965,114,2,5,6,3009,0,0,0,NA,0,021,GARDEN GROVE BL,NELSON ST,6,W,N,A,-,N,NA,NA,NA,NA,NA,NA,NA,NA,NA,N,1,1,0,2,A,-,09,21801,A,F,D,G,A,A,H,-,B,A,0,NA,Y,NA,Y,Y,NA,G,25,0,0,0,0,0,1,0,0,0,-,-,NA,NA,ORANGE,GARDEN GROVE,-117.9451904296875,33.774200439453125
9306444,2021,2021-09-10,3005,2021-07-29,1100,8263,C15,4,5,4,3005,0,0,0,NA,0,001,WALKER ST,ORANGE AV,0,NA,Y,A,-,N,NA,NA,NA,NA,NA,NA,NA,NA,NA,Y,4,0,2,3,A,-,12,21453,A,N,D,C,A,A,H,-,A,A,0,NA,NA,NA,NA,Y,NA,A,01,0,0,2,0,0,0,0,0,0,-,-,NA,NA,ORANGE,CYPRESS,-118.0369110107422,33.82434844970703
9310286,2021,2021-09-14,3005,2021-07-20,1424,8041,C15,2,5,4,3005,0,0,0,NA,0,002,WALKER ST,VISTA SIERRA,0,NA,Y,A,-,N,NA,NA,NA,NA,NA,NA,NA,NA,NA,N,3,0,1,2,A,-,05,21650,1,N,D,G,A,A,H,-,A,A,0,NA,Y,NA,NA,Y,NA,L,04,0,1,0,0,0,0,1,0,0,-,-,NA,NA,ORANGE,CYPRESS,-118.03694915771484,33.827056884765625
9310678,2021,2021-10-12,3003,2021-08-02,1352,1268,NA,1,5,5,3003,0,0,0,NA,0,NA,LA PALMA AV,SAN RAFAEL DR,0,NA,Y,A,-,N,NA,NA,NA,NA,NA,NA,NA,NA,NA,Y,3,0,2,2,A,-,08,22107,NA,N,D,C,A,A,H,-,A,A,0,NA,NA,NA,NA,Y,NA,A,01,0,2,0,0,0,0,0,0,0,-,-,33.846500396728516,-118.02400207519533,ORANGE,BUENA PARK,-118.02423095703124,33.84660720825195
9312189,2021,2021-09-07,3000,2021-06-29,0916,9388,797J6,2,5,4,3021,0,0,0,NA,0,2A21,BEACH BL,GARDEN GROVE BL,0,NA,Y,A,-,Y,ORA,12,39,-,-,8.665,I,5,S,Y,4,0,2,2,A,-,12,21453,A,N,A,C,A,A,H,-,A,A,0,NA,NA,NA,NA,Y,NA,A,01,0,0,2,0,0,0,0,0,0,-,-,NA,NA,ORANGE,STANTON,-117.99292755126952,33.77363586425781
9312249,2021,2021-09-16,3004,2021-08-06,1332,P510,13,5,5,6,3004,0,0,0,NA,0,002,NEWPORT BL,VICTORIA ST,0,NA,Y,A,-,N,NA,NA,55,NA,NA,NA,NA,NA,NA,Y,2,0,2,2,A,-,01,23152,F,N,D,C,A,A,H,-,A,A,0,NA,NA,NA,NA,Y,NA,A,07,1,1,0,0,0,0,0,0,0,-,-,33.6521110534668,-117.90882110595705,ORANGE,COSTA MESA,-117.90857696533205,33.65187072753906
9312474,2021,2021-09-16,3009,2021-07-07,1342,3972,076,3,5,6,3009,0,0,0,NA,0,013,MAGNOLIA ST,TRASK AV,196,S,N,A,-,N,NA,NA,NA,NA,NA,NA,NA,NA,NA,N,3,0,1,1,C,-,18,NA,NA,N,H,A,A,A,H,-,A,D,0,NA,Y,NA,NA,Y,NA,-,-,0,1,0,0,0,0,1,0,0,-,-,NA,NA,ORANGE,GARDEN GROVE,-117.97251129150392,33.766143798828125
9313065,2021,2021-10-04,3009,2021-08-07,1117,4498,135,6,5,6,3009,0,0,0,NA,0,023,NEWHOPE ST,GARDEN GROVE BL,100,S,N,A,-,N,NA,NA,NA,NA,NA,NA,NA,NA,NA,Y,4,0,1,1,C,-,18,NA,NA,N,E,I,A,A,H,-,A,A,0,NA,NA,NA,NA,Y,NA,-,-,0,0,1,0,0,0,0,0,0,-,-,NA,NA,ORANGE,GARDEN GROVE,-117.92913818359376,33.77411651611328
9314284,2021,2021-09-11,3000,2021-07-05,1755,9704,862E7,1,5,5,3028,0,0,0,NA,0,754,EL TORO RD,MARGUERITE PKWY,162,E,N,A,-,N,NA,NA,NA,NA,NA,NA,NA,NA,NA,Y,3,0,1,2,A,-,08,22107,NA,N,B,C,A,A,H,-,A,A,0,NA,NA,NA,NA,Y,NA,A,07,0,1,0,0,0,0,0,0,0,-,-,NA,NA,ORANGE,MISSION VIEJO,-117.6413345336914,33.660858154296875
9316738,2021,2021-10-21,3026,2021-08-03,2210,582,5,2,5,6,3026,0,0,0,NA,0,00C,ALTON PKWY,VALLEY OAK DR,0,NA,Y,A,-,N,NA,NA,NA,NA,NA,NA,NA,NA,NA,Y,4,0,2,2,A,-,12,22450,NA,N,D,C,A,A,-,-,C,A,0,NA,NA,NA,NA,Y,NA,-,-,0,0,2,0,0,0,0,0,0,-,-,NA,NA,ORANGE,IRVINE,-117.7785186767578,33.66360092163086
9318088,2021,2021-09-17,3000,2021-07-30,1350,5013,951J4,5,5,5,3040,0,0,0,NA,0,741,HIDDEN HILLS RD,WINDRIDGE,30,E,N,A,-,N,NA,NA,NA,NA,NA,NA,NA,NA,NA,N,4,0,1,2,A,-,05,21650,1,N,H,G,A,A,H,-,A,D,0,NA,Y,NA,NA,Y,NA,A,01,0,0,1,0,0,0,1,0,0,-,-,NA,NA,ORANGE,LAGUNA NIGUEL,-117.69773864746094,33.525264739990234
9318118,2021,2021-10-01,3000,2021-08-26,1652,5377,951H4,4,5,5,3040,0,0,0,NA,0,743,CROWN VALLEY PKWY,LA PAZ RD,439,W,N,A,-,N,NA,NA,NA,NA,NA,NA,NA,NA,NA,N,3,0,1,2,D,-,00,NA,NA,N,B,G,A,A,H,-,A,A,0,NA,Y,NA,NA,Y,NA,-,-,0,1,0,0,0,0,1,0,0,-,-,NA,NA,ORANGE,LAGUNA NIGUEL,-117.69965362548828,33.53548049926758
9318170,2021,2021-10-05,3009,2021-08-27,2036,4731,152,5,5,6,3009,0,0,0,NA,0,022,CHAPMAN AV,FALLINGLEAF CIR,35,E,N,A,-,N,NA,NA,NA,NA,NA,NA,NA,NA,NA,Y,2,0,2,2,A,-,08,22107,NA,N,A,C,A,A,H,-,C,D,0,NA,NA,NA,NA,Y,NA,A,01,1,1,0,0,0,0,0,0,0,-,-,NA,NA,ORANGE,GARDEN GROVE,-117.90801239013672,33.7888298034668
9318851,2021,2021-09-03,3004,2021-07-25,0819,P618,08,7,5,6,3004,0,0,0,NA,0,012,VICTORIA ST,AMERICAN AV,197,W,N,A,-,N,NA,NA,NA,NA,NA,NA,NA,NA,NA,Y,2,0,1,2,C,-,18,NA,NA,N,A,C,A,A,H,-,A,D,0,NA,NA,NA,NA,Y,NA,-,-,1,0,0,0,0,0,0,0,0,-,-,33.65235137939453,-117.9423599243164,ORANGE,COSTA MESA,-117.94242095947266,33.65237045288086
9320142,2020,2022-07-05,3008,2020-11-23,1743,1159,NA,1,5,6,3008,0,0,0,NA,0,NA,BASTANCHURY RD,VALENCIA MESA DR,125,S,N,A,-,N,NA,NA,NA,NA,NA,NA,NA,NA,NA,Y,1,1,1,2,A,-,05,21651,B,N,A,G,A,A,H,-,C,A,0,NA,Y,NA,NA,Y,NA,L,04,0,1,0,0,0,1,0,0,0,-,-,NA,NA,ORANGE,FULLERTON,-117.95054626464844,33.881832122802734
9320361,2021,2023-06-17,3009,2021-10-16,0059,3927,144,6,5,6,3009,0,0,0,NA,0,2-2,HARBOR BL,PALM ST,0,NA,Y,A,-,N,NA,NA,NA,NA,NA,NA,NA,NA,NA,Y,1,1,0,1,A,-,03,22350,NA,N,H,J,A,A,H,-,C,A,0,NA,NA,Y,NA,Y,Y,C,02,0,0,0,0,0,0,0,1,0,-,-,NA,NA,ORANGE,GARDEN GROVE,-117.91519927978516,33.77727127075195
9320962,2020,2022-07-07,3020,2020-02-19,1305,444,S22,3,5,4,3020,0,0,0,NA,0,002,GOLDEN RAIN RD,CEDAR CREST LN,410,W,N,A,-,N,NA,NA,NA,NA,NA,NA,NA,NA,NA,Y,3,0,1,1,D,-,00,NA,NA,N,F,I,A,A,H,-,A,D,0,NA,NA,NA,NA,Y,NA,-,-,0,1,0,0,0,0,0,0,0,-,-,NA,NA,ORANGE,SEAL BEACH,-118.08645629882813,33.763206481933594
9320966,2020,2022-07-07,3020,2020-06-08,1823,441,S20,1,5,4,3020,0,0,0,NA,0,002,LAMPSON AV,ROSE ST,284,E,N,A,-,N,NA,NA,NA,NA,NA,NA,NA,NA,NA,Y,3,0,2,1,A,-,03,22350,NA,N,F,I,A,A,H,-,A,D,0,NA,NA,NA,NA,Y,NA,A,01,0,2,0,0,0,0,0,0,0,-,-,NA,NA,ORANGE,SEAL BEACH,-118.04656982421876,33.78120040893555
9322322,2021,2021-09-27,3000,2021-08-13,0945,6532,971J6,5,5,4,3029,0,0,0,NA,0,734,PACIFIC COAST HWY,BINNACLE LANTERN,167,N,N,A,-,N,NA,NA,NA,NA,NA,NA,NA,NA,NA,Y,4,0,3,2,A,-,09,21801,A,N,D,C,A,A,H,-,A,D,0,NA,NA,NA,NA,Y,NA,A,01,0,0,3,0,0,0,0,0,0,-,-,NA,NA,ORANGE,DANA POINT,-117.69244384765624,33.466224670410156
9322553,2021,2021-10-21,3011,2021-09-20,2054,31273,35,1,5,4,3011,0,0,0,NA,0,001,PARK AV,3RD ST,0,NA,Y,A,-,N,NA,NA,NA,NA,NA,NA,NA,NA,NA,Y,4,0,1,4,A,-,03,22350,NA,M,D,C,A,A,H,-,C,A,0,NA,NA,NA,NA,Y,NA,D,22,0,0,1,0,0,0,0,0,0,-,-,NA,NA,ORANGE,LAGUNA BEACH,-117.78008270263672,33.54206466674805
9323350,2021,2021-10-04,3002,2021-08-18,1910,3893,740F6,3,5,5,3025,0,0,0,NA,0,003,VILLAGE CENTER DR,VISTA DEL MAR,54,S,N,A,-,N,NA,NA,NA,NA,NA,NA,NA,NA,NA,Y,4,0,1,1,A,-,01,23152,A,N,E,I,A,A,H,-,A,D,0,NA,NA,NA,NA,Y,Y,A,01,0,0,1,0,0,0,0,0,0,-,-,NA,NA,ORANGE,YORBA LINDA,-117.77560424804688,33.879615783691406
9323431,2021,2021-10-20,3009,2021-09-08,1521,4303,132,3,5,6,3009,0,0,0,NA,0,021,NORMA LN,ORANGEWOOD AV,16,N,N,A,-,N,NA,NA,NA,NA,NA,NA,NA,NA,NA,N,3,0,1,2,A,-,08,22107,NA,N,D,C,A,A,H,-,A,D,0,NA,NA,NA,NA,Y,NA,A,01,0,1,0,0,0,0,0,0,0,-,-,NA,NA,ORANGE,GARDEN GROVE,-117.92967987060548,33.795989990234375
9325062,2021,2021-09-28,3000,2021-08-22,0309,8737,891H4,7,5,5,3050,0,0,0,NA,0,061,RIDGE ROUTE DR,JERONIMO RD,0,NA,Y,A,-,N,NA,NA,NA,NA,NA,NA,NA,NA,NA,Y,3,0,2,2,A,-,01,23152,A,N,D,C,A,A,H,-,C,A,0,NA,NA,NA,NA,Y,Y,D,22,0,2,0,0,0,0,0,0,0,-,-,NA,NA,ORANGE,LAKE FOREST,-117.69717407226563,33.633277893066406
9325609,2021,2021-10-22,3009,2021-09-16,1744,4587,041,4,5,6,3009,0,0,0,NA,0,1-1,ORANGEWOOD AV,WESTERN ST,0,NA,Y,A,-,N,NA,NA,NA,NA,NA,NA,NA,NA,NA,Y,4,0,2,2,A,-,09,21801,A,N,A,C,A,A,H,-,A,A,0,NA,NA,NA,NA,Y,NA,A,01,0,0,2,0,0,0,0,0,0,-,-,NA,NA,ORANGE,GARDEN GROVE,-118.00160980224608,33.79559326171875
9325610,2021,2021-10-22,3009,2021-09-15,1653,3927,163,3,5,6,3009,0,0,0,NA,0,2-2,CHAPMAN AV,LEWIS ST,296,W,N,A,-,N,NA,NA,NA,NA,NA,NA,NA,NA,NA,Y,4,0,1,2,A,-,03,22350,NA,N,C,-,A,A,H,-,A,A,0,NA,NA,NA,NA,Y,NA,A,01,0,0,1,0,0,0,0,0,0,-,-,NA,NA,ORANGE,GARDEN GROVE,-117.8984832763672,33.78886032104492
9327208,2021,2021-11-24,3000,2021-08-20,1353,7734,922-B,5,5,5,3028,0,0,0,NA,0,753,CROWN VALLEY PKWY,RT 5,290,W,N,A,-,N,NA,NA,NA,NA,NA,NA,NA,NA,NA,N,4,0,1,2,A,-,03,22350,NA,N,C,C,A,A,H,-,A,D,0,NA,NA,NA,NA,Y,NA,A,07,0,0,1,0,0,0,0,0,0,-,SO,NA,NA,ORANGE,MISSION VIEJO,-117.67403411865234,33.55881118774414
9336490,2021,2021-09-30,3026,2021-08-07,1741,648,8,6,5,6,3026,0,0,0,NA,0,00P,HALLMARK,REGAL,184,N,N,A,-,N,NA,NA,NA,NA,NA,NA,NA,NA,NA,Y,3,0,1,1,A,-,03,22350,NA,N,A,I,A,A,H,-,A,D,0,NA,NA,NA,NA,Y,Y,A,01,0,1,0,0,0,0,0,0,0,-,-,NA,NA,ORANGE,IRVINE,-117.74801635742188,33.692054748535156
9337248,2021,2021-10-09,3002,2021-08-11,1225,9149,740-D,3,5,5,3025,0,0,0,NA,0,001,BASTANCHURY RD,PRINCETON PL,354,E,N,A,-,N,NA,NA,NA,NA,NA,NA,NA,NA,NA,N,4,0,1,2,A,-,08,22107,NA,N,D,C,A,A,H,-,A,D,0,NA,NA,NA,NA,Y,NA,D,22,0,0,1,0,0,0,0,0,0,-,-,NA,NA,ORANGE,YORBA LINDA,-117.7873992919922,33.899314880371094
9337472,2021,2021-10-19,3000,2021-09-09,1352,2785,921G6,4,5,4,3049,0,0,0,NA,0,784,PACIFIC PARK,LA PAZ,0,NA,Y,A,-,N,NA,NA,NA,NA,NA,NA,NA,NA,NA,Y,4,0,1,2,A,-,09,21453,C,N,A,C,A,A,H,-,A,A,0,NA,NA,NA,NA,Y,NA,A,01,0,0,1,0,0,0,0,0,0,-,-,NA,NA,ORANGE,ALISO VIEJO,-117.70771026611328,33.569271087646484
9338742,2021,2021-10-12,3012,2021-08-26,0742,611,26,4,5,5,3012,0,0,0,NA,0,002,LEMON ST,LA HABRA BL,10,N,N,A,-,N,NA,NA,NA,NA,NA,NA,NA,NA,NA,N,3,0,1,2,A,-,11,21950,B,N,B,B,B,A,H,-,A,D,0,Y,NA,NA,NA,Y,NA,N,60,0,1,0,0,1,0,0,0,0,-,-,NA,NA,ORANGE,LA HABRA,-117.94071197509766,33.9318962097168
9339023,2021,2021-10-25,3026,2021-09-14,1256,6352,NA,2,5,6,3026,0,0,0,NA,0,NA,CIVIC CENTER PLZ,HARVARD AV,371,W,N,A,-,N,NA,NA,NA,NA,NA,NA,NA,NA,NA,NA,3,0,1,2,A,-,10,21950,A,N,G,B,B,A,H,-,A,A,0,Y,NA,NA,NA,Y,NA,A,01,0,1,0,0,1,0,0,0,0,-,-,33.685638427734375,-117.82408905029295,ORANGE,IRVINE,-117.82527923583984,33.68683624267578
9339097,2021,2021-11-01,3026,2021-09-19,1317,51,NA,7,5,6,3026,0,0,0,NA,0,00P,GROVELAND,IRVINE BL,34,S,N,A,-,N,NA,NA,NA,NA,NA,NA,NA,NA,NA,Y,4,0,1,2,A,-,08,22107,NA,N,C,C,A,A,H,-,A,A,0,NA,NA,NA,NA,Y,NA,A,01,0,0,1,0,0,0,0,0,0,-,-,NA,NA,ORANGE,IRVINE,-117.74446105957033,33.70268249511719
9340809,2021,2021-10-29,3013,2021-08-13,1615,216,L04,5,5,3,3013,0,0,0,NA,0,005,KATELLA AV,WALLINGSFORD DR,189,E,N,A,-,N,NA,NA,NA,NA,NA,NA,NA,NA,NA,Y,3,0,2,5,A,-,03,22350,NA,M,C,C,A,A,H,-,A,A,0,NA,NA,NA,NA,Y,NA,A,01,0,2,0,0,0,0,0,0,0,-,-,NA,NA,ORANGE,LOS ALAMITOS,-118.07382202148438,33.80302810668945
9341311,2021,2021-11-05,3005,2021-09-05,1315,8263,C17,7,5,4,3005,0,0,0,NA,0,002,VALLEY VIEW ST,ORANGE AV,0,NA,Y,A,-,N,NA,NA,NA,NA,NA,NA,NA,NA,NA,N,4,0,1,2,A,-,09,21800,A,N,D,C,A,A,H,-,A,A,0,NA,NA,NA,NA,Y,NA,A,01,0,0,1,0,0,0,0,0,0,-,-,NA,NA,ORANGE,CYPRESS,-118.02838897705078,33.82445526123047
9344374,2021,2021-10-15,3003,2021-09-09,0809,1268,NA,4,5,5,3003,0,0,0,NA,0,NA,CRESCENT AV,WESTERN AV,0,NA,Y,A,-,N,NA,NA,NA,NA,NA,NA,NA,NA,NA,Y,4,0,1,2,A,-,09,21804,A,N,D,C,A,A,H,-,A,D,0,NA,NA,NA,NA,Y,NA,A,01,0,0,1,0,0,0,0,0,0,-,-,33.839298248291016,-118.00140380859376,ORANGE,BUENA PARK,-118.0023193359375,33.839317321777344
9347177,2021,2021-11-20,3004,2021-09-25,0207,P508,22,6,5,6,3004,0,0,0,NA,0,005,BRISTOL ST,W BAKER ST,480,S,N,A,-,N,NA,NA,NA,NA,NA,NA,NA,NA,NA,Y,2,0,1,2,A,-,01,23152,A,N,D,C,A,A,H,-,C,D,0,NA,NA,NA,Y,Y,Y,A,01,1,0,0,0,0,0,0,0,0,-,-,33.67869186401367,-117.88584136962892,ORANGE,COSTA MESA,-117.88589477539063,33.67881393432617
9348687,2020,2022-06-22,3016,2020-03-11,1035,1241,20,3,5,5,3016,0,0,0,NA,0,002,PLACENTIA AV,CROWTHER AV,0,NA,Y,B,-,N,NA,NA,NA,NA,NA,NA,NA,NA,NA,Y,4,0,2,2,A,-,09,21801,A,N,D,C,A,A,H,-,A,A,0,NA,NA,NA,NA,Y,NA,A,01,0,0,2,0,0,0,0,0,0,-,-,33.865699768066406,-117.88134765625,ORANGE,PLACENTIA,-117.88143157958984,33.86566162109375
9348691,2020,2022-06-22,3016,2020-03-26,1823,2169,8,4,5,5,3016,0,0,0,NA,0,001,YORBA LINDA BL,PALM DR,0,NA,Y,A,-,N,NA,NA,NA,NA,NA,NA,NA,NA,NA,N,4,0,1,2,A,-,03,22350,NA,N,C,C,A,A,H,-,A,A,0,NA,NA,NA,NA,Y,NA,A,01,0,0,1,0,0,0,0,0,0,-,-,33.88821029663086,-117.86197662353516,ORANGE,PLACENTIA,-117.86168670654295,33.88835906982422
9348735,2020,2022-06-22,3016,2020-06-22,1221,2177,NA,1,5,5,3016,0,0,0,NA,0,NA,VALENCIA AV,BASTANCHURY RD,0,NA,Y,A,-,N,NA,NA,NA,NA,NA,NA,NA,NA,NA,N,4,0,2,2,A,-,09,21801,A,N,D,C,A,A,H,-,A,A,0,NA,NA,NA,NA,Y,NA,A,07,0,0,2,0,0,0,0,0,0,-,-,33.89649963378906,-117.8550262451172,ORANGE,PLACENTIA,-117.85494232177734,33.89664077758789
9348773,2020,2022-06-22,3016,2020-08-25,0840,1254,11,2,5,5,3016,0,0,0,NA,0,001,BASTANCHURY RD,CARTLEN DR,0,NA,Y,A,-,N,NA,NA,NA,NA,NA,NA,NA,NA,NA,N,4,0,1,2,A,-,09,21801,A,N,D,C,A,A,H,-,A,D,0,NA,NA,NA,NA,Y,NA,A,01,0,0,1,0,0,0,0,0,0,-,-,33.899288177490234,-117.84999847412108,ORANGE,PLACENTIA,-117.84999847412108,33.8992805480957
9350034,2021,2021-11-08,3000,2021-09-07,1730,9855,952B2,2,5,5,3028,0,0,0,NA,0,3A56,MARGUERITE PKWY,AVERY PKWY,0,NA,Y,A,-,N,NA,NA,NA,NA,NA,NA,NA,NA,NA,N,4,0,1,2,D,-,00,NA,NA,N,B,C,A,A,H,-,A,A,0,NA,NA,NA,NA,Y,NA,-,-,0,0,1,0,0,0,0,0,0,-,-,NA,NA,ORANGE,MISSION VIEJO,-117.6710205078125,33.547210693359375
9350074,2021,2021-11-08,3009,2021-09-18,2240,4613,123,6,5,6,3009,0,0,0,NA,0,2-1,9TH ST,LAMPSON AV,46,N,N,A,-,N,NA,NA,NA,NA,NA,NA,NA,NA,NA,Y,3,0,2,2,A,-,09,21801,A,N,A,C,A,A,H,-,C,A,0,NA,NA,NA,NA,Y,NA,A,01,0,2,0,0,0,0,0,0,0,-,-,NA,NA,ORANGE,GARDEN GROVE,-117.93236541748048,33.78163528442383
9352470,2021,2021-11-23,3004,2021-10-24,1100,P648,10,7,5,6,3004,0,0,0,NA,0,015,CANYON DR,TRABUCO CIR,0,NA,Y,A,-,N,NA,NA,NA,NA,NA,NA,NA,NA,NA,N,3,0,1,2,A,-,09,21800,A,N,D,G,A,A,H,-,A,D,0,NA,Y,NA,NA,Y,NA,L,04,0,1,0,0,0,0,1,0,0,-,-,33.656898498535156,-117.94080352783205,ORANGE,COSTA MESA,-117.94084930419922,33.65697479248047
9353831,2021,2021-11-16,3026,2021-10-25,1516,313,NA,1,5,6,3026,0,0,0,NA,0,NA,WEST YALE LOOP,BLUE LAKE NORTH,0,NA,Y,C,-,N,NA,NA,NA,NA,NA,NA,NA,NA,NA,NA,4,0,1,2,A,-,00,47207,NA,N,D,G,A,B,H,-,A,A,0,NA,Y,NA,NA,Y,NA,L,04,0,0,1,0,0,0,1,0,0,-,-,NA,NA,ORANGE,IRVINE,-117.81120300292967,33.677101135253906
9354477,2021,2021-11-30,3000,2021-10-04,1100,2849,862A6,1,5,5,3050,0,0,0,NA,0,764,MONARCH,DIMENSION DR,0,NA,Y,B,-,N,NA,NA,NA,NA,NA,NA,NA,NA,NA,N,4,0,1,1,A,-,08,22107,NA,N,E,I,A,A,H,-,A,D,0,NA,NA,Y,NA,Y,NA,C,02,0,0,1,0,0,0,0,0,1,-,-,NA,NA,ORANGE,LAKE FOREST,-117.6766357421875,33.67027282714844
9354758,2021,2021-11-01,3004,2021-10-16,0414,P680,14,6,5,6,3004,0,0,0,NA,0,011,ADAMS AV,PLACENTIA AV,0,NA,Y,A,-,N,NA,NA,NA,NA,NA,NA,NA,NA,NA,Y,2,0,2,2,A,-,01,23153,A,F,D,D,A,A,H,-,C,A,0,NA,NA,NA,NA,Y,Y,A,01,2,0,0,0,0,0,0,0,0,-,-,33.67253875732422,-117.9360580444336,ORANGE,COSTA MESA,-117.93541717529295,33.67252731323242
9354990,2021,2021-11-15,3009,2021-10-15,1134,3927,145,5,5,6,3009,0,0,0,NA,0,2-3,HARBOR BL,GARDEN GROVE BL,915,S,N,A,-,N,NA,NA,NA,NA,NA,NA,NA,NA,NA,Y,3,0,2,2,A,-,12,21453,A,N,A,C,A,A,H,-,A,A,0,NA,NA,NA,NA,Y,NA,A,01,0,2,0,0,0,0,0,0,0,-,-,NA,NA,ORANGE,GARDEN GROVE,-117.92049407958984,33.77183151245117
9355301,2021,2021-11-06,3005,2021-09-09,1501,8236,C28,4,5,4,3005,0,0,0,NA,0,NA,VALLEY VIEW ST,CERRITOS AV,0,NA,Y,A,-,N,NA,NA,NA,NA,NA,NA,NA,NA,NA,N,4,0,1,2,A,-,12,21453,A,N,D,C,A,A,H,-,A,A,0,NA,NA,NA,NA,Y,NA,A,01,0,0,1,0,0,0,0,0,0,-,-,NA,NA,ORANGE,CYPRESS,-118.02825164794922,33.80986785888672
9355769,2021,2021-11-08,3012,2021-10-03,1751,702,22,7,5,5,3012,0,0,0,NA,0,002,NORTH HARBOR BL,E WHITTIER BL,190,N,N,A,-,Y,ORA,12,39,-,-,22.659,I,6,S,N,4,0,1,2,A,-,03,22350,NA,N,C,C,A,A,H,-,A,D,0,NA,NA,NA,NA,Y,NA,A,01,0,0,1,0,0,0,0,0,0,-,-,NA,NA,ORANGE,LA HABRA,-117.93306732177734,33.939178466796875
9357304,2021,2021-11-13,3000,2021-09-08,1620,1916,891F7,3,5,4,3045,0,0,0,NA,0,746,EL TORO RD,AVENIDA DE LA CARLOTA,0,NA,Y,A,-,N,NA,NA,NA,NA,NA,NA,NA,NA,NA,N,3,0,1,2,A,-,07,21658,A,F,B,C,A,A,H,-,A,D,0,NA,NA,NA,NA,Y,NA,A,07,0,1,0,0,0,0,0,0,0,-,-,NA,NA,ORANGE,LAGUNA HILLS,-117.70860290527344,33.6138916015625
9357305,2021,2021-11-13,3000,2021-09-05,0300,1713,921G2,7,5,4,3045,0,0,0,NA,0,348,ALICIA PKWY,MOULTON PKWY,0,NA,Y,A,-,N,NA,NA,NA,NA,NA,NA,NA,NA,NA,Y,2,0,1,2,D,-,00,NA,NA,N,D,C,A,A,H,-,C,A,0,NA,NA,NA,NA,Y,NA,-,-,1,0,0,0,0,0,0,0,0,-,-,NA,NA,ORANGE,LAGUNA HILLS,-117.70689392089844,33.58359146118164
9357369,2021,2021-11-13,3000,2021-09-27,0835,2849,891 G,1,5,5,3050,0,0,0,NA,0,764,EL TORO RD,RAYMOND WY,26,W,N,B,C,N,NA,NA,NA,NA,NA,NA,NA,NA,NA,N,3,0,1,2,D,-,00,NA,NA,N,G,B,B,B,H,-,A,A,0,Y,NA,NA,NA,Y,NA,-,-,0,1,0,0,1,0,0,0,0,-,-,NA,NA,ORANGE,LAKE FOREST,-117.70058441162108,33.620399475097656