CASE_ID,ACCIDENT_YEAR,PROC_DATE,JURIS,COLLISION_DATE,COLLISION_TIME,OFFICER_ID,REPORTING_DISTRICT,DAY_OF_WEEK,CHP_SHIFT,POPULATION,CNTY_CITY_LOC,SPECIAL_COND,BEAT_TYPE,CHP_BEAT_TYPE,CITY_DIVISION_LAPD,CHP_BEAT_CLASS,BEAT_NUMBER,PRIMARY_RD,SECONDARY_RD,DISTANCE,DIRECTION,INTERSECTION,WEATHER_1,WEATHER_2,STATE_HWY_IND,CALTRANS_COUNTY,CALTRANS_DISTRICT,STATE_ROUTE,ROUTE_SUFFIX,POSTMILE_PREFIX,POSTMILE,LOCATION_TYPE,RAMP_INTERSECTION,SIDE_OF_HWY,TOW_AWAY,COLLISION_SEVERITY,NUMBER_KILLED,NUMBER_INJURED,PARTY_COUNT,PRIMARY_COLL_FACTOR,PCF_CODE_OF_VIOL,PCF_VIOL_CATEGORY,PCF_VIOLATION,PCF_VIOL_SUBSECTION,HIT_AND_RUN,TYPE_OF_COLLISION,MVIW,PED_ACTION,ROAD_SURFACE,ROAD_COND_1,ROAD_COND_2,LIGHTING,CONTROL_DEVICE,CHP_ROAD_TYPE,PEDESTRIAN_ACCIDENT,BICYCLE_ACCIDENT,MOTORCYCLE_ACCIDENT,TRUCK_ACCIDENT,NOT_PRIVATE_PROPERTY,ALCOHOL_INVOLVED,STWD_VEHTYPE_AT_FAULT,CHP_VEHTYPE_AT_FAULT,COUNT_SEVERE_INJ,COUNT_VISIBLE_INJ,COUNT_COMPLAINT_PAIN,COUNT_PED_KILLED,COUNT_PED_INJURED,COUNT_BICYCLIST_KILLED,COUNT_BICYCLIST_INJURED,COUNT_MC_KILLED,COUNT_MC_INJURED,PRIMARY_RAMP,SECONDARY_RAMP,LATITUDE,LONGITUDE,COUNTY,CITY,POINT_X,POINT_Y
94546253,2025,2025-01-22,9690,2025-01-15,600,014424,NA,3,1,5,3017,0,1,1,NA,2,059,I-5 S/B (SAN DIEGO FRWY) TO AVENIDA CALAFIA,AVENIDA CALAFIA,30,N,N,A,-,Y,NA,NA,NA,NA,NA,NA,NA,NA,NA,N,3,0,1,1,A,-,03,22350,NA,N,F,A,A,A,H,-,A,A,0,NA,NA,Y,NA,Y,NA,C,02,0,1,0,0,0,0,0,0,1,-,-,33.40911102294922,-117.60063934326172,ORANGE,SAN CLEMENTE,NA,NA
9454655,2022,2022-06-30,3012,2022-06-06,1334,568,41,1,5,5,3012,0,0,0,NA,0,004,2ND AV,EUCLID ST,22,E,N,A,-,N,NA,NA,NA,NA,NA,NA,NA,NA,NA,N,3,0,1,2,A,-,08,22107,NA,N,B,E,A,A,H,-,A,A,0,NA,NA,NA,NA,Y,NA,I,20,0,1,0,0,0,0,0,0,0,-,-,NA,NA,ORANGE,LA HABRA,-117.94600677490234,33.92989730834961
94548228,2025,2025-01-24,9670,2025-01-23,720,020938,NA,4,1,6,3008,0,1,3,NA,2,093,SR-91 W/B,BROOKHURST ST,200,W,N,A,-,Y,ORA,NA,91,NA,NA,1.038,H,NA,L,N,4,0,1,3,A,-,03,22350,NA,N,C,C,A,A,H,-,A,D,0,NA,NA,NA,NA,Y,NA,D,22,0,0,1,0,0,0,0,0,0,-,-,33.854000091552734,-117.96282196044922,ORANGE,FULLERTON,-117.96282196044922,33.85392379760742
94549122,2025,2025-01-24,9675,2025-01-22,1209,021984,NA,3,1,6,3004,0,1,3,NA,2,553,SR-55 NORTHBOUND,MACARTHUR BOULEVARD,200,S,N,A,-,Y,ORA,NA,55,NA,R,6.931,H,NA,R,N,3,0,1,1,A,-,03,22350,NA,N,F,A,A,A,H,-,A,D,0,NA,NA,Y,NA,Y,NA,C,02,0,1,0,0,0,0,0,0,1,-,-,33.697959899902344,-117.86199951171876,ORANGE,COSTA MESA,-117.86203002929688,33.69797897338867
94550759,2025,2025-01-27,9670,2025-01-25,1835,022519,NA,6,2,6,3009,0,1,3,NA,2,023,SR-22 W/B,HARBOR BLVD,200,W,N,B,-,Y,ORA,NA,22,NA,R,7.693,H,NA,L,N,3,0,2,3,A,-,03,22350,NA,N,C,C,A,A,H,-,C,D,0,NA,NA,Y,NA,Y,NA,A,01,0,2,0,0,0,0,0,0,2,-,-,33.7670783996582,-117.92304229736328,ORANGE,GARDEN GROVE,-117.92299652099608,33.76698303222656
94555287,2025,2025-01-30,9675,2025-01-20,1350,019320,NA,1,1,6,3015,0,1,3,NA,2,222,SR-22 WESTBOUND,GRAND AVE,800,W,N,A,-,Y,ORA,NA,22,NA,R,11.808,H,NA,L,N,4,0,1,1,C,-,18,NA,NA,N,E,8,A,A,H,-,A,D,0,NA,NA,NA,NA,Y,NA,-,-,0,0,1,0,0,0,0,0,0,-,-,33.77585983276367,-117.853759765625,ORANGE,ORANGE,-117.85372161865234,33.77593994140625
94562787,2025,2025-02-03,9675,2025-01-31,620,021984,NA,5,1,7,3019,0,1,1,NA,2,502,I-5 SOUTHBOUND,FOURTH STREET,740,N,N,A,-,Y,ORA,NA,5,NA,NA,31.249,H,NA,L,N,4,0,1,1,A,-,08,22107,NA,N,E,I,A,A,H,-,A,D,0,NA,NA,NA,NA,Y,NA,A,01,0,0,1,0,0,0,0,0,0,-,-,33.75006103515625,-117.84488677978516,ORANGE,SANTA ANA,-117.84480285644533,33.75010681152344
94565161,2025,2025-02-04,9670,2025-01-30,930,019290,NA,4,1,6,3009,0,1,3,NA,2,024,SR-22 E/B,BROOKHURST STREET,25,W,N,A,-,Y,ORA,NA,22,NA,R,5.786,H,NA,R,N,4,0,1,2,A,-,08,22107,NA,N,B,C,A,A,H,-,A,D,0,NA,NA,NA,Y,Y,NA,-,-,0,0,1,0,0,0,0,0,0,-,-,33.76578903198242,-117.95555114746094,ORANGE,GARDEN GROVE,-117.95555114746094,33.76581573486328
94566717,2025,2025-02-05,9675,2025-02-01,837,016748,NA,6,1,9,3000,0,1,3,NA,2,570,SR-57 SOUTHBOUND,TONNER CANYON ROAD,100,S,N,A,-,Y,NA,NA,NA,NA,NA,NA,NA,NA,NA,Y,4,0,1,1,A,-,08,22107,NA,N,E,I,A,A,H,-,A,D,0,NA,NA,NA,Y,Y,NA,G,25,0,0,1,0,0,0,0,0,0,-,-,33.5618896484375,-117.52385711669922,ORANGE,UNINCORPORATED,-117.87722778320313,33.938594818115234
94567707,2025,2025-02-06,9670,2025-02-01,615,020134,NA,6,1,4,3020,0,1,3,NA,2,020,SR-22 E/B TO I-405 N/B,SAN GABRIEL RIVER,2000,E,N,A,-,Y,NA,NA,NA,NA,NA,NA,NA,NA,NA,Y,4,0,1,1,A,-,08,22107,NA,N,F,A,A,A,H,-,A,D,0,NA,NA,NA,NA,Y,NA,A,01,0,0,1,0,0,0,0,0,0,-,-,33.77582931518555,-118.09042358398438,ORANGE,SEAL BEACH,NA,NA
94569387,2025,2025-02-07,9675,2025-02-02,1618,023136,NA,7,2,7,3001,0,1,3,NA,2,094,SR-91 WESTBOUND,IMPERIAL HIGHWAY,3179,E,N,A,-,Y,ORA,NA,91,NA,R,12.152,H,NA,L,Y,4,0,5,3,A,-,03,22350,NA,N,C,C,A,A,H,-,A,D,0,NA,NA,NA,NA,Y,NA,E,22,0,0,5,0,0,0,0,0,0,-,-,33.858768463134766,-117.7811279296875,ORANGE,ANAHEIM,-117.78106689453124,33.85867691040039
94570212,2025,2025-02-07,9690,2025-01-25,945,019394,NA,6,1,5,3050,0,1,1,NA,2,055,I-5 N/B (SAN DIEGO FRWY),LAKE FOREST DR.,1160,S,N,B,-,Y,ORA,NA,5,NA,NA,19.654,H,NA,R,N,4,0,1,3,A,-,03,22350,NA,N,C,C,A,A,H,-,A,D,0,NA,NA,NA,NA,Y,NA,A,01,0,0,1,0,0,0,0,0,0,-,-,33.62562942504883,-117.71775817871094,ORANGE,LAKE FOREST,-117.7177734375,33.6256217956543
94570420,2025,2025-02-10,9675,2025-02-07,938,022222,NA,5,1,6,3015,0,1,3,NA,2,550,SR-55 NB TO LINCOLN AVE,LINCOLN AVE,350,S,N,B,C,Y,ORA,NA,55,NA,NA,16.85,H,NA,R,N,3,0,1,1,A,-,03,22350,NA,N,F,I,A,B,H,-,A,D,0,NA,NA,Y,NA,Y,NA,C,02,0,1,0,0,0,0,0,0,1,-,-,33.83293914794922,-117.83492279052734,ORANGE,ORANGE,-117.83516693115234,33.83289337158203
9457220,2022,2022-06-30,3009,2022-06-11,1055,4503,135,6,5,6,3009,0,0,0,NA,0,2-3,TRASK AV,PROSPERITY PL,175,E,N,A,-,N,NA,NA,NA,NA,NA,NA,NA,NA,NA,Y,4,0,1,2,A,-,09,21804,A,M,D,C,A,A,H,-,A,D,0,NA,NA,NA,NA,Y,NA,A,07,0,0,1,0,0,0,0,0,0,-,-,NA,NA,ORANGE,GARDEN GROVE,-117.92588043212892,33.76702880859375
94585467,2025,2025-02-20,9675,2025-01-28,935,022993,NA,2,1,7,3019,0,1,1,NA,2,502,I-5 SOUTHBOUND,MAIN STREET,528,S,N,A,-,Y,ORA,NA,5,NA,NA,32.789,H,NA,L,Y,3,0,2,4,A,-,03,22350,NA,N,C,C,A,A,H,-,A,D,0,NA,NA,NA,NA,Y,NA,A,01,0,2,0,0,0,0,0,0,0,-,-,33.76377868652344,-117.86531066894533,ORANGE,SANTA ANA,-117.86533355712892,33.763771057128906
94586345,2025,2025-02-21,9675,2025-02-12,1202,021633,NA,3,1,6,3015,0,1,3,NA,2,222,SR-22 EASTBOUND,THE CITY DRIVE,335,E,N,C,-,Y,ORA,NA,22,NA,R,9.816,H,NA,R,Y,4,0,1,2,A,-,01,23152,A,N,C,C,A,B,H,-,A,D,0,NA,NA,NA,NA,Y,Y,-,-,0,0,1,0,0,0,0,0,0,-,-,33.77880096435547,-117.88771057128906,ORANGE,ORANGE,-117.88771057128906,33.77892303466797
94588426,2025,2025-02-24,9690,2025-02-09,1515,020038,NA,7,2,9,3000,0,3,5,NA,2,004,AVENDALE BOULEVARD,SKLAR STREET,0,NA,Y,B,-,N,NA,NA,NA,NA,NA,NA,NA,NA,NA,Y,4,0,1,2,A,-,09,21801,A,N,D,C,A,A,H,-,A,D,0,NA,NA,NA,NA,Y,NA,A,01,0,0,1,0,0,0,0,0,0,-,-,33.55147171020508,-117.63215637207033,ORANGE,UNINCORPORATED,-117.63211822509766,33.55134201049805
94589844,2025,2025-02-26,9675,2025-02-15,735,023128,NA,6,1,6,3008,0,1,3,NA,2,570,SR-57 SOUTHBOUND,YORBA LINDA BLVD,1970,N,N,A,-,Y,ORA,NA,57,NA,NA,18.728,H,NA,L,N,4,0,1,3,A,-,08,22107,NA,N,C,C,A,A,H,-,A,D,0,NA,NA,NA,Y,Y,NA,A,01,0,0,1,0,0,0,0,0,0,-,-,33.89461135864258,-117.88094329833984,ORANGE,FULLERTON,-117.88092803955078,33.89461135864258
94591943,2025,2025-02-27,9690,2025-02-14,1457,016516,NA,5,2,4,3018,0,1,1,NA,2,057,I-5 N/B,SR-73,800,S,N,B,-,Y,ORA,NA,5,NA,NA,12.057,H,NA,R,Y,3,0,2,3,A,-,08,22107,NA,N,D,C,A,A,H,-,A,D,0,NA,NA,NA,NA,Y,NA,A,01,0,2,0,0,0,0,0,0,0,-,-,33.53458023071289,-117.67463684082033,ORANGE,SAN JUAN CAPISTRANO,-117.6747817993164,33.53458023071289
94591961,2025,2025-02-27,9675,2025-02-15,33,023521,NA,6,3,7,3001,0,1,3,NA,2,095,SR-91 EASTBOUND,GYPSUM CANYON ROAD,854,W,N,A,-,Y,ORA,NA,91,NA,R,16.238,H,NA,R,N,3,0,3,2,A,-,01,23152,A,N,C,E,A,A,H,-,C,D,0,NA,NA,NA,NA,Y,Y,A,07,0,1,2,0,0,0,0,0,0,-,-,33.86606979370117,-117.71450805664063,ORANGE,ANAHEIM,-117.71451568603516,33.86621856689453
9459228,2022,2022-06-13,3005,2022-05-27,1857,8133,C17,5,5,4,3005,0,0,0,NA,0,NA,ORANGE AV,VALLEY VIEW ST,540,E,N,A,-,N,NA,NA,NA,NA,NA,NA,NA,NA,NA,Y,3,0,3,2,A,-,03,22350,NA,N,C,C,A,A,H,-,A,D,0,NA,NA,NA,NA,Y,NA,A,01,0,2,1,0,0,0,0,0,0,-,-,NA,NA,ORANGE,CYPRESS,-118.02661895751952,33.82447814941406
94593204,2025,2025-02-28,9675,2025-02-19,2341,021960,NA,3,3,6,3008,0,1,3,NA,2,571,SR-57 SOUTHBOUND,NUTWOOD AVE,1056,N,N,A,-,Y,ORA,NA,57,NA,NA,17.872,H,NA,L,Y,4,0,1,2,A,-,03,22350,NA,N,C,C,A,A,H,-,C,D,0,NA,NA,NA,NA,Y,NA,A,01,0,0,1,0,0,0,0,0,0,-,-,33.88222885131836,-117.88063049316406,ORANGE,FULLERTON,-117.88059997558594,33.88222885131836
94594304,2025,2025-03-03,9675,2025-02-19,850,022298,NA,3,1,6,3015,0,1,1,NA,2,502,I-5 SOUTHBOUND (SANTA ANA FREEWAY),SANTA ANA RIVER,400,N,N,A,-,Y,ORA,NA,5,NA,NA,34.662,H,NA,L,N,4,0,1,2,A,-,03,22350,NA,N,C,C,A,A,H,-,A,D,0,NA,NA,NA,NA,Y,NA,A,01,0,0,1,0,0,0,0,0,0,-,-,33.7852897644043,-117.88433074951172,ORANGE,ORANGE,-117.88420867919922,33.78537368774414
94595882,2025,2025-03-04,9675,2025-02-25,1258,021633,NA,2,1,4,3002,0,1,3,NA,2,570,SR-57 SOUTHBOUND,BIRCH STREET,75,N,N,A,-,Y,ORA,NA,57,NA,NA,20.408,H,NA,L,N,4,0,1,2,A,-,03,22350,NA,N,D,C,A,A,H,-,A,D,0,NA,NA,NA,NA,Y,NA,D,22,0,0,1,0,0,0,0,0,0,-,-,33.91830825805664,-117.88091278076172,ORANGE,BREA,-117.88096618652344,33.9183235168457
94597009,2025,2025-03-05,9675,2025-02-23,335,023208,NA,7,3,5,3014,0,1,3,NA,2,074,SR-73 NORTHBOUND,JAMBOREE ROAD,1200,S,N,A,-,Y,ORA,NA,73,NA,NA,24.572,H,NA,R,Y,3,0,1,1,A,-,08,22107,NA,N,E,J,A,A,H,-,C,D,0,NA,NA,NA,NA,Y,Y,A,01,0,1,0,0,0,0,0,0,0,-,-,33.65324020385742,-117.86231994628906,ORANGE,NEWPORT BEACH,-117.86251831054688,33.65314483642578
9459713,2022,2022-07-06,3006,2022-05-04,1557,333,21,3,5,3,3006,0,0,0,NA,0,001,LA PALMA,REDFORD,0,NA,Y,A,-,N,NA,NA,NA,NA,NA,NA,NA,NA,NA,N,4,0,1,1,A,-,08,22107,NA,N,E,I,A,A,H,-,A,D,0,NA,NA,NA,NA,Y,NA,A,01,0,0,1,0,0,0,0,0,0,-,-,NA,NA,ORANGE,LA PALMA,-118.05181884765624,33.84618377685547
94597710,2024,2025-03-05,9675,2024-10-11,2321,023521,NA,5,3,9,3000,0,3,5,NA,2,002,HEWES STREET,E PERAL STREET,0,NA,Y,A,-,N,NA,NA,NA,NA,NA,NA,NA,NA,NA,N,2,0,1,2,A,-,00,21751,A,N,D,G,A,A,H,-,C,A,0,NA,NA,Y,NA,Y,NA,-,-,1,0,0,0,0,0,0,0,1,-,-,33.78868865966797,-117.8057098388672,ORANGE,UNINCORPORATED,NA,NA
9459867,2022,2022-06-27,3011,2022-06-04,0222,31448,61,6,5,4,3011,0,0,0,NA,0,003,TEMPLE HILLS DR,EDISON POWER POLE 4409309E,150,W,N,A,-,N,NA,NA,NA,NA,NA,NA,NA,NA,NA,Y,3,0,1,1,A,-,01,23152,A,N,E,I,A,A,H,-,C,D,0,NA,NA,NA,NA,Y,Y,A,01,0,1,0,0,0,0,0,0,0,-,-,NA,NA,ORANGE,LAGUNA BEACH,NA,NA
94600850,2025,2025-03-18,9675,2025-02-25,827,024301,NA,2,1,5,3014,0,1,3,NA,2,553,SR-55 NORTHBOUND,MESA DRIVE,1000,N,N,A,-,Y,ORA,NA,55,NA,R,4.197,H,NA,R,N,3,0,1,2,A,-,03,22350,NA,N,C,C,A,A,H,-,A,D,0,NA,NA,NA,NA,Y,NA,A,07,0,1,0,0,0,0,0,0,0,-,-,33.66783142089844,-117.89273834228516,ORANGE,NEWPORT BEACH,-117.89280700683594,33.667877197265625
9460282,2022,2022-06-29,3012,2022-05-12,1407,698,21,4,5,5,3012,0,0,0,NA,0,002,N HARBOR BL,E WHITTIER BL,500,N,N,A,-,N,NA,NA,NA,NA,NA,NA,NA,NA,NA,Y,4,0,2,2,A,-,09,21801,A,N,D,C,A,A,H,-,A,D,0,NA,NA,NA,NA,Y,NA,A,07,0,0,2,0,0,0,0,0,0,-,-,NA,NA,ORANGE,LA HABRA,-117.93306732177734,33.94047927856445
94605396,2025,2025-03-18,9675,2025-03-02,1334,024261,NA,7,1,7,3019,0,1,3,NA,2,552,SR-55 SOUTHBOUND,MACARTHUR BOULEVARD,500,N,N,A,-,Y,ORA,NA,55,NA,R,7.114,H,NA,L,N,4,0,1,2,A,-,03,22350,NA,N,C,C,A,A,H,-,A,D,0,NA,NA,NA,NA,Y,NA,A,07,0,0,1,0,0,0,0,0,0,-,-,33.70021057128906,-117.86028289794922,ORANGE,SANTA ANA,-117.86019134521484,33.70015335083008
94607434,2025,2025-03-18,9675,2025-03-06,111,022052,NA,4,3,7,3019,0,1,1,NA,2,502,I-5 SOUTHBOUND,4TH ST,830,N,N,A,-,Y,ORA,NA,5,NA,NA,31.261,H,NA,L,Y,2,0,1,2,A,-,03,22350,NA,N,C,C,A,A,H,-,D,D,0,NA,NA,NA,Y,Y,NA,A,01,1,0,0,0,0,0,0,0,0,-,-,33.75022888183594,-117.84496307373048,ORANGE,SANTA ANA,-117.8449249267578,33.75025177001953
9460870,2022,2022-06-22,3003,2022-05-05,1247,1268,NA,4,5,5,3003,0,0,0,NA,0,NA,WESTERN AV,8TH ST,178,S,N,A,-,N,NA,NA,NA,NA,NA,NA,NA,NA,NA,N,3,0,1,2,D,-,00,NA,NA,N,D,G,A,A,H,-,A,D,0,NA,Y,NA,NA,Y,NA,-,-,0,1,0,0,0,0,1,0,0,-,-,33.8665885925293,-118.00270080566406,ORANGE,BUENA PARK,-118.00257110595705,33.86663055419922
94609172,2025,2025-03-18,9675,2025-03-08,1040,018714,NA,6,1,6,3026,0,1,1,NA,2,406,I-405 NORTHBOUND,MACARTHUR BLVD,1426,S,N,A,-,Y,ORA,NA,405,NA,NA,7.51,H,NA,R,Y,4,0,4,4,A,-,03,22350,NA,N,C,C,A,A,H,-,A,D,0,NA,NA,NA,NA,Y,NA,A,01,0,0,4,0,0,0,0,0,0,-,-,33.6810302734375,-117.85250091552734,ORANGE,IRVINE,-117.8525619506836,33.68092727661133
94609613,2025,2025-03-18,9675,2025-03-05,1957,021960,NA,3,2,7,3001,0,1,3,NA,2,572,SR-57 NORTHBOUND,LINCOLN AVE,2376,S,N,C,-,Y,ORA,NA,57,NA,NA,14.311,H,NA,R,N,4,0,1,2,A,-,03,22350,NA,N,C,C,A,B,H,-,C,D,0,NA,NA,NA,NA,Y,NA,A,01,0,0,1,0,0,0,0,0,0,-,-,33.83110809326172,-117.87583923339844,ORANGE,ANAHEIM,-117.87594604492188,33.831111907958984
94609622,2025,2025-03-18,9675,2025-03-05,840,022159,NA,3,1,7,3001,0,1,3,NA,2,094,SR-91 W/B,YORBA LINDA BLVD.,6758,W,N,A,-,Y,ORA,NA,91,NA,R,13.096,H,NA,L,Y,4,0,1,2,A,-,07,21658,A,F,B,C,A,A,H,-,A,D,0,NA,NA,NA,NA,Y,NA,-,99,0,0,1,0,0,0,0,0,0,-,-,33.86560821533203,-117.76673126220705,ORANGE,ANAHEIM,-117.76676940917967,33.865665435791016
94609878,2025,2025-03-18,9670,2025-03-11,900,020505,NA,2,1,6,3008,0,1,3,NA,2,093,SR-91 W/B,ACACIA ST,1056,E,N,B,-,Y,ORA,NA,91,NA,NA,4.967,H,NA,L,Y,4,0,2,3,A,-,03,22350,NA,N,C,C,A,B,H,-,A,D,0,NA,NA,NA,NA,Y,NA,A,07,0,0,2,0,0,0,0,0,0,-,-,33.854129791259766,-117.89456176757813,ORANGE,FULLERTON,-117.89456176757813,33.85416030883789
94610331,2025,2025-03-18,9675,2025-01-31,1035,022842,NA,5,1,7,3001,0,1,3,NA,2,092,SR-91 WESTBOUND,SR-57 NORTHBOUND,110,E,N,A,-,Y,ORA,NA,91,NA,NA,6.181,H,NA,L,Y,4,0,1,3,A,-,03,22350,NA,F,C,C,A,A,H,-,A,D,0,NA,NA,NA,Y,Y,NA,G,26,0,0,1,0,0,0,0,0,0,-,-,33.84941864013672,-117.87489318847656,ORANGE,ANAHEIM,-117.87486267089844,33.84946060180664
94610754,2025,2025-03-19,9675,2025-03-10,1744,023051,NA,1,2,7,3001,0,1,3,NA,2,572,SR-57 SOUTHBOUND,BALL RD,1214,N,N,A,-,Y,ORA,NA,57,NA,NA,13.653,H,NA,L,Y,3,0,1,2,A,-,03,22350,NA,N,C,C,A,A,H,-,A,D,0,NA,NA,NA,NA,Y,NA,A,01,0,1,0,0,0,0,0,0,0,-,-,33.82154083251953,-117.87632751464844,ORANGE,ANAHEIM,-117.87628936767578,33.82154083251953
9461091,2021,2022-06-27,3016,2021-09-29,1622,1255,22,3,5,5,3016,0,0,0,NA,0,001,YORBA LINDA BL,KRAEMER BL,28,W,N,A,-,N,NA,NA,NA,NA,NA,NA,NA,NA,NA,N,3,0,3,2,A,-,03,22350,NA,N,C,C,A,A,H,-,A,A,0,NA,NA,NA,NA,Y,NA,A,01,0,1,2,0,0,0,0,0,0,-,-,NA,NA,ORANGE,PLACENTIA,-117.86363220214844,33.887847900390625
9461104,2021,2022-06-23,3016,2021-12-24,0028,1288,26,5,5,5,3016,0,0,0,NA,0,002,KRAEMER BL,ORANGETHORPE AV,0,NA,Y,A,-,N,NA,NA,NA,NA,NA,NA,NA,NA,NA,Y,4,0,1,2,A,-,12,21453,A,N,D,C,A,A,H,-,C,A,0,NA,NA,NA,NA,Y,Y,A,01,0,0,1,0,0,0,0,0,0,-,-,33.8649787902832,-117.86241149902344,ORANGE,PLACENTIA,-117.86245727539063,33.86500930786133
94611264,2025,2025-03-19,9690,2025-03-07,715,020038,NA,5,1,9,3000,0,1,3,NA,1,074,SR-74 (ORTEGA HIGHWAY),HOT SPRINGS CANYON ROAD,19536,W,N,B,-,Y,ORA,NA,74,NA,NA,8.995,H,NA,R,Y,4,0,1,2,A,-,03,22350,NA,N,C,C,A,A,H,-,A,D,0,NA,NA,NA,NA,Y,NA,A,01,0,0,1,0,0,0,0,0,0,-,-,33.55393981933594,-117.5491180419922,ORANGE,UNINCORPORATED,-117.54914093017578,33.55393981933594
94612004,2025,2025-03-20,9670,2025-03-13,2235,021821,NA,4,3,5,3003,0,1,3,NA,2,091,SR-91 W/B,BEACH BLVD,1848,E,N,A,-,Y,ORA,NA,91,NA,R,2.994,H,NA,L,Y,4,0,1,4,A,-,03,22350,NA,M,C,C,A,A,H,-,C,D,0,NA,NA,NA,NA,Y,NA,A,07,0,0,1,0,0,0,0,0,0,-,-,33.8561897277832,-117.99147033691406,ORANGE,BUENA PARK,-117.99147033691406,33.85623550415039
9461299,2021,2022-06-23,3016,2021-03-17,0936,2177,21,3,5,5,3016,0,0,0,NA,0,002,ORANGETHORPE AV,TAFOLLA ST,347,W,N,A,-,N,NA,NA,NA,NA,NA,NA,NA,NA,NA,Y,4,0,2,2,A,-,03,22350,NA,N,C,C,A,A,H,-,A,A,0,NA,NA,NA,NA,Y,NA,A,01,0,0,2,0,0,0,0,0,0,-,-,33.861751556396484,-117.8756866455078,ORANGE,PLACENTIA,-117.87676239013672,33.86137390136719
9461300,2021,2022-06-23,3016,2021-03-25,1413,1241,5,4,5,5,3016,0,0,0,NA,0,001,KRAEMER BL,LIVINGSTON AV,0,NA,Y,B,-,N,NA,NA,NA,NA,NA,NA,NA,NA,NA,N,4,0,1,2,A,-,05,21650,1,N,D,G,A,A,H,-,A,A,0,NA,Y,NA,NA,Y,NA,L,04,0,0,1,0,0,0,1,0,0,-,-,33.8928108215332,-117.86338806152344,ORANGE,PLACENTIA,-117.86367034912108,33.89286422729492
94613449,2025,2025-03-24,9670,2025-03-14,2335,022761,NA,5,3,5,3024,0,1,1,NA,2,042,I-405 NORTHBOUND,EDWARDS ST,50,N,N,A,-,Y,ORA,NA,405,NA,NA,18.637,H,NA,R,Y,3,0,1,2,A,-,03,22350,NA,N,C,C,A,A,H,-,C,A,0,NA,NA,NA,NA,Y,NA,A,08,0,1,0,0,0,0,0,0,0,-,-,33.75389099121094,-118.01544952392578,ORANGE,WESTMINSTER,-118.01554870605467,33.75380325317383
94613498,2025,2025-03-24,9675,2025-03-10,415,022639,NA,1,3,6,3026,0,1,1,NA,2,047,I-405 NORTHBOUND,JEFFREY ROAD,100,S,N,A,-,Y,ORA,NA,405,NA,NA,3.9,H,NA,R,Y,2,0,1,1,A,-,08,22107,NA,N,E,8,A,A,H,-,C,D,0,NA,NA,NA,NA,Y,NA,A,07,1,0,0,0,0,0,0,0,0,-,-,33.663299560546875,-117.79402160644533,ORANGE,IRVINE,-117.79399871826172,33.66341781616211
9462721,2020,2022-06-29,3016,2020-09-29,1931,1246,3,2,5,5,3016,0,0,0,NA,0,001,PLACENTIA AV,BASTANCHURY RD,0,NA,Y,-,-,N,NA,NA,NA,NA,NA,NA,NA,NA,NA,Y,4,0,1,2,A,-,07,21658,A,N,B,C,A,A,H,-,C,A,0,NA,NA,NA,NA,Y,NA,A,01,0,0,1,0,0,0,0,0,0,-,-,33.896358489990234,-117.87242126464844,ORANGE,PLACENTIA,-117.87232971191406,33.89645004272461
94629515,2024,2025-03-27,9670,2024-12-23,1430,019171,NA,1,2,9,3000,0,3,5,NA,2,003,KIETHLEY DR,TIGERTAIL DR,0,NA,Y,A,-,N,NA,NA,NA,NA,NA,NA,NA,NA,NA,N,4,0,1,2,A,-,09,21801,A,N,B,C,A,A,H,-,A,D,0,NA,NA,NA,NA,Y,NA,D,22,0,0,1,0,0,0,0,0,0,-,-,33.77632141113281,-118.08529663085938,ORANGE,UNINCORPORATED,NA,NA
94629974,2025,2025-03-28,9670,2025-02-16,1558,020956,NA,7,2,5,3007,0,1,1,NA,2,040,I-405 S/B (SAN DIEGO FREEWAY),BROOKHURST STREET,751,N,N,A,-,Y,ORA,NA,405,NA,NA,13.929,H,NA,L,N,2,0,1,1,A,-,03,22350,NA,N,E,I,A,A,H,-,A,D,0,NA,NA,Y,NA,Y,NA,C,02,1,0,0,0,0,0,0,0,1,-,-,33.70671081542969,-117.95632934570313,ORANGE,FOUNTAIN VALLEY,-117.95630645751952,33.70673370361328
94633008,2025,2025-04-01,9670,2025-03-28,1630,020523,NA,5,2,6,3008,0,1,1,NA,2,500,I-5 S/B TO SR-91 E/B,ORANGETHORPE AVE,575,N,N,A,-,Y,ORA,NA,91,NA,R,3.504,H,NA,L,Y,3,0,1,2,A,-,03,22350,NA,N,C,C,A,A,H,-,A,D,0,NA,NA,NA,NA,Y,NA,A,01,0,1,0,0,0,0,0,0,0,-,-,33.85736846923828,-117.98284149169922,ORANGE,FULLERTON,-117.98284149169922,33.85737609863281