CASE_ID,ACCIDENT_YEAR,PROC_DATE,JURIS,COLLISION_DATE,COLLISION_TIME,OFFICER_ID,REPORTING_DISTRICT,DAY_OF_WEEK,CHP_SHIFT,POPULATION,CNTY_CITY_LOC,SPECIAL_COND,BEAT_TYPE,CHP_BEAT_TYPE,CITY_DIVISION_LAPD,CHP_BEAT_CLASS,BEAT_NUMBER,PRIMARY_RD,SECONDARY_RD,DISTANCE,DIRECTION,INTERSECTION,WEATHER_1,WEATHER_2,STATE_HWY_IND,CALTRANS_COUNTY,CALTRANS_DISTRICT,STATE_ROUTE,ROUTE_SUFFIX,POSTMILE_PREFIX,POSTMILE,LOCATION_TYPE,RAMP_INTERSECTION,SIDE_OF_HWY,TOW_AWAY,COLLISION_SEVERITY,NUMBER_KILLED,NUMBER_INJURED,PARTY_COUNT,PRIMARY_COLL_FACTOR,PCF_CODE_OF_VIOL,PCF_VIOL_CATEGORY,PCF_VIOLATION,PCF_VIOL_SUBSECTION,HIT_AND_RUN,TYPE_OF_COLLISION,MVIW,PED_ACTION,ROAD_SURFACE,ROAD_COND_1,ROAD_COND_2,LIGHTING,CONTROL_DEVICE,CHP_ROAD_TYPE,PEDESTRIAN_ACCIDENT,BICYCLE_ACCIDENT,MOTORCYCLE_ACCIDENT,TRUCK_ACCIDENT,NOT_PRIVATE_PROPERTY,ALCOHOL_INVOLVED,STWD_VEHTYPE_AT_FAULT,CHP_VEHTYPE_AT_FAULT,COUNT_SEVERE_INJ,COUNT_VISIBLE_INJ,COUNT_COMPLAINT_PAIN,COUNT_PED_KILLED,COUNT_PED_INJURED,COUNT_BICYCLIST_KILLED,COUNT_BICYCLIST_INJURED,COUNT_MC_KILLED,COUNT_MC_INJURED,PRIMARY_RAMP,SECONDARY_RAMP,LATITUDE,LONGITUDE,COUNTY,CITY,POINT_X,POINT_Y
9668341,2024,2024-04-25,3004,2024-02-09,601,P721,18,5,5,6,3004,0,0,0,NA,0,015,VILLAGE WAY,HARBOR BL,25,E,N,B,-,N,NA,NA,NA,NA,NA,NA,NA,NA,NA,N,3,0,1,2,A,-,10,21950,NA,N,G,B,D,B,H,-,C,D,0,Y,NA,NA,NA,Y,NA,A,01,0,1,0,0,1,0,0,0,0,-,-,33.67753982543945,-117.9190673828125,ORANGE,COSTA MESA,-117.91929626464844,33.67752456665039
9673819,2024,2024-06-24,3000,2024-01-16,934,9113,891J4,2,5,5,3050,0,0,0,NA,0,061,EL TORO RD,2ND ST,0,NA,Y,A,-,N,NA,NA,NA,NA,NA,NA,NA,NA,NA,Y,3,0,1,2,A,-,09,21801,NA,N,D,C,A,A,H,-,A,D,0,NA,NA,NA,NA,Y,NA,A,01,0,1,0,0,0,0,0,0,0,-,-,33.62910842895508,-117.68975830078124,ORANGE,LAKE FOREST,-117.68893432617188,33.62976837158203
9674221,2024,2024-03-20,3000,2024-01-16,1432,10770,992J1,2,5,5,3017,0,0,0,NA,0,176,AVENIDA PICO,CALLE AMANECER,199,E,N,A,-,N,NA,NA,NA,NA,NA,NA,NA,NA,NA,Y,4,0,1,4,A,-,03,22350,NA,N,C,C,A,A,H,-,A,A,0,NA,NA,NA,NA,Y,NA,D,22,0,0,1,0,0,0,0,0,0,-,-,NA,NA,ORANGE,SAN CLEMENTE,-117.6091079711914,33.45047378540039
9676195,2024,2024-03-08,3011,2024-02-02,918,31258,71,5,5,4,3011,0,0,0,NA,0,001,LAGUNA CANYON RD,CANYON ACRES DR,4752,N,N,B,C,Y,ORA,12,133,-,-,1.86,H,-,S,Y,4,0,1,2,A,-,03,22350,NA,N,C,C,A,B,H,-,A,D,0,NA,NA,NA,NA,Y,NA,A,01,0,0,1,0,0,0,0,0,0,-,-,NA,NA,ORANGE,LAGUNA BEACH,-117.76759338378906,33.56344223022461
9678470,2024,2024-04-30,3000,2024-02-02,1745,3358,972C2,5,5,4,3018,0,0,0,NA,0,731,ALIPAZ ST,VIA TONADA,7,E,N,A,-,N,NA,NA,NA,NA,NA,NA,NA,NA,NA,Y,4,0,1,4,A,-,09,21801,A,N,D,C,A,A,H,-,C,D,0,NA,NA,NA,NA,Y,NA,A,01,0,0,1,0,0,0,0,0,0,-,-,NA,NA,ORANGE,SAN JUAN CAPISTRANO,-117.66733551025392,33.49640655517578
9678537,2024,2024-04-22,3004,2024-02-27,1824,P724,33,2,5,6,3004,0,0,0,NA,0,015,SUNFLOWER AV,BRISTOL ST,65,W,N,B,-,N,NA,NA,NA,NA,NA,NA,NA,NA,NA,N,4,0,1,2,A,-,21,22106,NA,N,C,C,A,A,H,-,C,A,0,NA,NA,NA,NA,Y,NA,A,01,0,0,1,0,0,0,0,0,0,-,-,33.694000244140625,-117.88500213623048,ORANGE,COSTA MESA,-117.88555145263672,33.69411849975586
9681667,2024,2024-06-18,3004,2024-03-20,1150,P707,18,3,5,6,3004,0,0,0,NA,0,015,MESA VERDE DR W,BOA VISTA DR,0,NA,Y,A,-,N,NA,NA,NA,NA,NA,NA,NA,NA,NA,N,4,0,1,2,A,-,05,21650,1,N,D,G,A,A,H,-,A,A,0,NA,Y,NA,NA,Y,NA,L,04,0,0,1,0,0,0,1,0,0,-,-,33.67667007446289,-117.93589019775392,ORANGE,COSTA MESA,-117.93587493896484,33.6737174987793
9682477,2024,2024-04-26,3000,2024-03-28,2041,5455,892G2,4,5,5,3028,0,0,0,NA,0,767,SANTA MARGARITA PKWY,MELINDA RD,125,N,N,A,-,N,NA,NA,NA,NA,NA,NA,NA,NA,NA,Y,3,0,1,2,A,-,01,23152,A,N,C,C,A,A,H,-,C,A,0,NA,NA,NA,NA,Y,Y,A,01,0,1,0,0,0,0,0,0,0,-,-,NA,NA,ORANGE,MISSION VIEJO,-117.6253662109375,33.64573287963867
9683490,2024,2024-08-06,3002,2024-03-18,1324,9211,740F6,1,5,5,3025,0,0,0,NA,0,003,FAIRMONT BL,VILLAGE CENTER DR,0,NA,Y,B,-,N,NA,NA,NA,NA,NA,NA,NA,NA,NA,Y,4,0,1,1,C,-,18,NA,NA,N,E,I,A,A,H,-,A,A,0,NA,NA,NA,NA,Y,NA,-,-,0,0,1,0,0,0,0,0,0,-,-,NA,NA,ORANGE,YORBA LINDA,-117.78066253662108,33.87104034423828
9683491,2024,2024-05-29,3000,2024-03-01,1223,12644,892A6,5,5,5,3028,0,0,0,NA,0,753,ALICIA PKWY,JERONIMO RD,0,NA,Y,A,-,N,NA,NA,NA,NA,NA,NA,NA,NA,NA,Y,4,0,1,2,A,-,09,21453,C,N,D,C,A,A,H,-,A,A,0,NA,NA,NA,NA,Y,NA,A,07,0,0,1,0,0,0,0,0,0,-,-,NA,NA,ORANGE,MISSION VIEJO,-117.67835998535156,33.61516189575195
9685950,2024,2024-07-17,3004,2024-05-04,1019,P672,13,6,5,6,3004,0,0,0,NA,0,015,FAIR DR,FORDHAM DR,404,W,N,B,-,N,NA,NA,NA,NA,NA,NA,NA,NA,NA,N,3,0,2,2,A,-,09,21804,A,N,D,C,A,A,H,-,A,D,0,NA,NA,NA,NA,Y,NA,A,08,0,2,0,0,0,0,0,0,0,-,-,33.663299560546875,-117.91641235351563,ORANGE,COSTA MESA,-117.91631317138672,33.66326141357422
9686010,2024,2024-08-01,3012,2024-05-08,957,716,27,3,5,5,3012,0,0,0,NA,0,002,BEDFORD ST,FRANCIS,0,NA,Y,A,-,N,NA,NA,NA,NA,NA,NA,NA,NA,NA,Y,3,0,1,1,C,-,18,NA,NA,N,E,I,A,A,H,-,A,A,0,NA,NA,NA,NA,Y,NA,-,-,0,1,0,0,0,0,0,0,0,-,-,NA,NA,ORANGE,LA HABRA,-117.93181610107422,33.93593978881836
9686667,2024,2024-07-18,3009,2024-05-01,1338,4860,124,3,5,6,3009,0,0,0,NA,0,021,MAIN ST,STANFORD AV,44,N,N,A,-,N,NA,NA,NA,NA,NA,NA,NA,NA,NA,N,4,0,2,2,A,-,04,21703,NA,N,C,C,A,A,H,-,A,D,0,NA,NA,NA,NA,Y,NA,D,22,0,0,2,0,0,0,0,0,0,-,-,NA,NA,ORANGE,GARDEN GROVE,-117.94105529785156,33.77790069580078
9686943,2024,2024-07-25,3000,2024-05-20,1528,12177,972D1,1,5,4,3018,0,0,0,NA,0,730,ORTEGA HWY,AVENIDA LOS CERRITOS,145,E,N,A,-,Y,ORA,12,74,-,-,0.17,H,-,E,Y,4,0,1,3,A,-,05,21651,A,N,C,C,A,A,H,-,A,D,0,NA,NA,NA,NA,Y,NA,A,01,0,0,1,0,0,0,0,0,0,-,-,NA,NA,ORANGE,SAN JUAN CAPISTRANO,-117.6565399169922,33.50300979614258
9689379,2024,2024-05-13,3009,2024-03-24,1951,5203,135,7,5,6,3009,0,0,0,NA,0,023,NEWHOPE ST,TRASK AV,0,NA,Y,A,-,N,NA,NA,NA,NA,NA,NA,NA,NA,NA,Y,4,0,2,2,A,-,09,21801,A,N,D,C,A,A,H,-,C,A,0,NA,NA,NA,NA,Y,NA,A,01,0,0,2,0,0,0,0,0,0,-,-,NA,NA,ORANGE,GARDEN GROVE,-117.92902374267578,33.76700210571289
9689625,2024,2024-06-21,3004,2024-04-15,1713,P604,21,1,5,6,3004,0,0,0,NA,0,015,BEAR ST,BAKER ST,533,S,N,A,-,N,NA,NA,NA,NA,NA,NA,NA,NA,NA,N,2,0,1,2,A,-,03,22350,NA,N,C,C,A,A,H,-,A,D,0,NA,NA,Y,NA,Y,NA,C,02,1,0,0,0,0,0,0,0,1,-,-,33.68009948730469,-117.89447784423828,ORANGE,COSTA MESA,-117.89346313476563,33.678958892822266
9689805,2024,2024-05-10,3000,2024-03-01,1328,5377,951F5,5,5,5,3040,0,0,0,NA,0,741,CROWN VALLEY PKWY,ALICIA PKWY,0,NA,Y,B,-,N,NA,NA,NA,NA,NA,NA,NA,NA,NA,Y,3,0,3,3,A,-,09,21453,C,N,D,C,A,A,H,-,A,A,0,NA,NA,NA,NA,Y,NA,A,01,0,2,1,0,0,0,0,0,0,-,-,NA,NA,ORANGE,LAGUNA NIGUEL,-117.7149658203125,33.523651123046875
9689815,2024,2024-05-10,3000,2024-03-17,2211,11095,SOUTH,7,5,4,3018,0,0,0,NA,0,432,CAMINO LAS RAMBLAS,MONTANAS DEL MAR,0,NA,Y,A,-,N,NA,NA,NA,NA,NA,NA,NA,NA,NA,Y,2,0,1,1,A,-,03,22350,NA,N,E,I,A,A,H,-,C,D,0,NA,NA,NA,NA,Y,NA,A,01,1,0,0,0,0,0,0,0,0,-,-,33.4736213684082,-117.64544677734376,ORANGE,SAN JUAN CAPISTRANO,-117.6458740234375,33.47298812866211
9691127,2024,2024-04-11,3012,2024-02-29,1822,456,33,4,5,5,3012,0,0,0,NA,0,003,W LA HABRA BL,HILLCREST ST,192,E,N,A,-,N,NA,NA,NA,NA,NA,NA,NA,NA,NA,N,2,0,1,2,A,-,11,21954,A,N,G,B,D,A,H,-,C,D,0,Y,NA,NA,NA,Y,NA,N,60,1,0,0,0,1,0,0,0,0,-,-,NA,NA,ORANGE,LA HABRA,-117.95257568359376,33.931861877441406
9691622,2024,2024-05-29,3012,2024-03-16,1417,705,37,6,5,5,3012,0,0,0,NA,0,003,BEACH BL,RESORT LN,0,N,N,A,-,Y,ORA,12,39,-,-,18.67,H,-,S,Y,3,0,3,4,A,-,03,22350,NA,N,C,C,A,A,H,-,A,D,0,NA,NA,NA,NA,Y,NA,A,07,0,3,0,0,0,0,0,0,0,-,-,NA,NA,ORANGE,LA HABRA,-117.97364044189452,33.91196060180664
9692048,2024,2024-06-27,3011,2024-04-19,1252,31258,37,5,5,4,3011,0,0,0,NA,0,001,LAGUNA CANYON RD,CANYON ACRES DR,0,N,N,B,-,Y,ORA,12,133,-,-,1.45,H,-,N,N,4,0,1,2,A,-,03,22350,NA,N,C,C,A,A,H,-,A,D,0,NA,NA,NA,NA,Y,NA,D,22,0,0,1,0,0,0,0,0,0,-,-,NA,NA,ORANGE,LAGUNA BEACH,-117.7728271484375,33.560306549072266
9693063,2024,2024-06-13,3009,2024-04-23,800,4659,135,2,5,6,3009,0,0,0,NA,0,023,NEWHOPE ST,TRASK AV,0,NA,Y,B,-,N,NA,NA,NA,NA,NA,NA,NA,NA,NA,N,4,0,1,3,A,-,12,21453,A,N,D,C,A,A,H,-,A,A,0,NA,NA,NA,Y,Y,NA,A,01,0,0,1,0,0,0,0,0,0,-,-,NA,NA,ORANGE,GARDEN GROVE,-117.92902374267578,33.76700210571289
9694259,2024,2024-07-02,3012,2024-05-15,1040,712,NA,3,5,5,3012,0,0,0,NA,0,NA,BEACH,LAMBERT,130,N,N,B,-,Y,ORA,12,39,-,-,19.69,H,-,S,N,4,0,1,2,A,-,03,22350,NA,N,C,C,A,A,H,-,A,A,0,NA,NA,NA,NA,Y,NA,A,01,0,0,1,0,0,0,0,0,0,-,-,NA,NA,ORANGE,LA HABRA,-117.96790313720705,33.924922943115234
9694427,2023,2024-05-04,3000,2023-07-03,545,9843,891H5,1,5,5,3050,0,0,0,NA,0,161,MUIRLANDS BL,TULIP ST,8,N,N,A,-,N,NA,NA,NA,NA,NA,NA,NA,NA,NA,Y,4,0,2,2,A,-,08,22107,NA,N,D,C,A,A,H,-,A,D,0,NA,NA,NA,NA,Y,NA,A,01,0,0,2,0,0,0,0,0,0,-,-,33.62459182739258,-117.69931793212892,ORANGE,LAKE FOREST,-117.69929504394533,33.62449264526367
9694481,2022,2024-05-01,3004,2022-03-10,2014,P692,32,4,5,6,3004,0,0,0,NA,0,015,BRISTOL ST,SUNFLOWER AV,0,NA,Y,A,-,N,NA,NA,NA,NA,NA,NA,NA,NA,NA,N,3,0,1,2,A,-,11,21950,B,N,G,-,B,A,H,-,C,A,0,Y,NA,NA,NA,Y,NA,N,60,0,1,0,0,1,0,0,0,0,-,-,33.69417190551758,-117.89238739013672,ORANGE,COSTA MESA,-117.88555145263672,33.69411849975586
9696064,2024,2024-05-06,3009,2024-03-26,811,4856,076,2,5,6,3009,0,0,0,NA,0,1-3,YOCKEY ST,LOMAY AV,16,S,N,A,-,N,NA,NA,NA,NA,NA,NA,NA,NA,NA,N,4,0,1,3,A,-,03,22350,NA,N,C,C,A,A,H,-,A,A,0,NA,NA,NA,NA,Y,NA,A,01,0,0,1,0,0,0,0,0,0,-,-,NA,NA,ORANGE,GARDEN GROVE,-117.9767837524414,33.76024627685547
9696372,2024,2024-06-18,3000,2024-03-29,1020,1920,797J1,5,5,4,3021,0,0,0,NA,0,721,BEACH BL,STARR ST,0,NA,Y,A,-,Y,ORA,12,39,-,-,11.485,I,5,N,N,4,0,1,2,D,-,00,NA,NA,N,D,C,A,A,H,-,A,A,0,NA,NA,NA,NA,Y,NA,-,-,0,0,1,0,0,0,0,0,0,-,-,NA,NA,ORANGE,STANTON,-117.99314880371094,33.81470489501953
9697284,2024,2024-06-19,3004,2024-04-29,1505,P683,05,1,5,6,3004,0,0,0,NA,0,015,ORANGE AV,CABRILLO ST,43,S,N,A,-,N,NA,NA,NA,NA,NA,NA,NA,NA,NA,N,2,0,1,1,A,-,03,22350,NA,N,H,A,A,A,H,-,A,D,0,NA,Y,NA,NA,Y,NA,L,04,1,0,0,0,0,0,1,0,0,-,-,33.636348724365234,-117.91786193847656,ORANGE,COSTA MESA,-117.91776275634766,33.636356353759766
9697920,2024,2024-06-21,3000,2024-04-26,1720,11752,921G4,5,5,4,3045,0,0,0,NA,0,746,MOULTON PKY,GORDON RD,30,S,N,A,-,N,NA,NA,NA,NA,NA,NA,NA,NA,NA,Y,3,0,1,2,A,-,03,22350,NA,N,C,C,A,A,H,-,B,A,0,NA,NA,NA,NA,Y,NA,A,07,0,1,0,0,0,0,0,0,0,-,-,NA,NA,ORANGE,LAGUNA HILLS,-117.70481872558594,33.58174133300781
9698758,2024,2024-05-30,3012,2024-04-09,1958,680,NCJC,2,5,5,3012,0,0,0,NA,0,002,LA HABRA BL,MCPHERSON ST,0,NA,Y,A,-,N,NA,NA,NA,NA,NA,NA,NA,NA,NA,Y,2,0,1,2,A,-,12,21453,A,N,D,C,A,A,H,-,C,A,0,NA,NA,Y,NA,Y,NA,A,01,1,0,0,0,0,0,0,0,1,-,-,NA,NA,ORANGE,LA HABRA,-117.93852996826172,33.9318733215332
9700193,2024,2024-06-28,3000,2024-05-03,19,10313,921D5,5,5,4,3049,0,0,0,NA,0,483,ALISO CRK,AUTUMNGLEN,352,S,N,A,-,N,NA,NA,NA,NA,NA,NA,NA,NA,NA,Y,4,0,1,2,A,-,09,21801,A,N,D,C,A,A,H,-,C,D,0,NA,NA,NA,NA,Y,NA,A,01,0,0,1,0,0,0,0,0,0,-,-,NA,NA,ORANGE,ALISO VIEJO,-117.72332763671876,33.572776794433594
9702267,2024,2024-07-26,3011,2024-06-08,1759,31615,45,6,5,4,3011,0,0,0,NA,0,003,RT 1,CARDINAL DR,36,S,N,A,-,Y,ORA,12,1,-,-,7.29,H,-,N,N,4,0,3,2,A,-,03,22350,NA,N,C,C,A,A,H,-,A,D,0,NA,NA,NA,NA,Y,NA,A,07,0,0,3,0,0,0,0,0,0,-,-,NA,NA,ORANGE,LAGUNA BEACH,-117.76080322265624,33.52008056640625
9702522,2024,2024-08-02,3012,2024-04-28,1832,686,35,7,5,5,3012,0,0,0,NA,0,003,IDAHO ST,AUBURN WY,15,S,N,A,-,N,NA,NA,NA,NA,NA,NA,NA,NA,NA,N,3,0,1,2,A,-,05,21650,1,N,D,G,A,A,H,-,A,A,0,NA,Y,NA,NA,Y,NA,L,04,0,1,0,0,0,0,1,0,0,-,-,NA,NA,ORANGE,LA HABRA,-117.9592056274414,33.91891860961914
9702623,2024,2024-07-23,3005,2024-05-24,644,8133,C42,5,5,4,3005,0,0,0,NA,0,003,KNOTT AV,GRAND MANAN,40,S,N,B,-,N,NA,NA,NA,NA,NA,NA,NA,NA,NA,Y,3,0,1,2,A,-,07,21658,A,N,C,E,A,A,H,-,A,D,0,NA,NA,NA,NA,Y,NA,A,01,0,1,0,0,0,0,0,0,0,-,-,NA,NA,ORANGE,CYPRESS,-118.01108551025392,33.796932220458984
9704904,2024,2024-07-01,3000,2024-05-28,1340,11797,992G3,2,5,5,3017,0,0,0,NA,0,777,NORTH EL CAMINO REAL,D LOS MOLINOS,300,N,N,A,-,N,NA,NA,NA,NA,NA,NA,NA,NA,NA,Y,3,0,3,2,A,-,08,22107,NA,N,A,C,A,A,H,-,A,D,0,NA,NA,NA,NA,Y,NA,D,22,0,1,2,0,0,0,0,0,0,-,-,NA,NA,ORANGE,SAN CLEMENTE,-117.62873077392578,33.43256759643555
9706059,2024,2024-06-05,3009,2024-03-24,1840,5000,136,7,5,6,3009,0,0,0,NA,0,023,WESTMINSTER AV,NEWHOPE ST,0,NA,Y,A,-,N,NA,NA,NA,NA,NA,NA,NA,NA,NA,N,2,0,1,2,A,-,05,21650,1,N,G,G,A,A,H,-,B,A,0,NA,Y,NA,NA,Y,NA,L,04,1,0,0,0,0,0,1,0,0,-,-,NA,NA,ORANGE,GARDEN GROVE,-117.9289093017578,33.75965881347656
9706167,2024,2024-06-07,3000,2024-04-03,1910,11084,921F,3,5,4,3049,0,0,0,NA,0,483,ALICIA PKWY,HOLLYOAK,355,S,N,A,-,N,NA,NA,NA,NA,NA,NA,NA,NA,NA,Y,2,0,1,1,A,-,01,23152,A,N,E,I,A,A,H,-,A,D,0,NA,NA,NA,NA,Y,Y,A,01,1,0,0,0,0,0,0,0,0,-,-,NA,NA,ORANGE,ALISO VIEJO,-117.71134948730467,33.57663345336914
9706257,2024,2024-06-07,3009,2024-04-27,300,5000,111,6,5,6,3009,0,0,0,NA,0,2-1,EUCLID ST,KATELLA AV,317,S,N,A,-,N,NA,NA,NA,NA,NA,NA,NA,NA,NA,N,2,0,1,2,A,-,11,21954,A,F,G,B,D,A,H,-,C,D,0,Y,NA,NA,NA,Y,NA,N,60,1,0,0,0,1,0,0,0,0,-,-,NA,NA,ORANGE,GARDEN GROVE,-117.94149780273438,33.80221176147461
9706305,2024,2024-08-13,3005,2024-05-03,1750,8332,C46,5,5,4,3005,0,0,0,NA,0,003,ORANGEWOOD AV,VALLEY VIEW ST,0,NA,Y,A,-,N,NA,NA,NA,NA,NA,NA,NA,NA,NA,N,3,0,1,2,A,-,05,21650,NA,N,D,J,A,A,H,-,A,A,0,NA,NA,NA,NA,Y,NA,-,NA,0,1,0,0,0,0,0,0,0,-,-,NA,NA,ORANGE,CYPRESS,-118.02857971191406,33.795692443847656
9706389,2024,2024-07-11,3011,2024-05-28,1603,31613,0,2,5,4,3011,0,0,0,NA,0,NA,RT 133,CASTLE ROCK RD,2314,W,N,B,-,Y,ORA,12,133,-,-,1.821,H,-,S,Y,3,0,2,2,A,-,03,22350,NA,N,E,I,A,A,H,-,A,D,0,NA,NA,NA,NA,Y,NA,A,01,0,1,1,0,0,0,0,0,0,-,-,NA,NA,ORANGE,LAGUNA BEACH,-117.76824951171876,33.563533782958984
9707386,2024,2024-07-26,3000,2024-05-01,2028,10662,891D7,3,5,4,3045,0,0,0,NA,0,445,ALICIA PKWY,COSTEAU ST,326,S,N,A,-,N,NA,NA,NA,NA,NA,NA,NA,NA,NA,N,4,0,1,2,A,-,08,22107,NA,N,B,C,A,A,H,-,C,D,0,NA,NA,NA,NA,Y,NA,A,01,0,0,1,0,0,0,0,0,0,-,-,33.59798812866211,-117.69313049316406,ORANGE,LAGUNA HILLS,-117.69269561767578,33.598724365234375
9707391,2024,2024-07-26,3000,2024-05-02,1910,6717,892A3,4,5,5,3050,0,0,0,NA,0,762,EL TORO RD,JERONIMO RD,29,E,N,B,-,N,NA,NA,NA,NA,NA,NA,NA,NA,NA,Y,4,0,1,2,A,-,12,21453,A,N,D,C,A,A,H,-,B,A,0,NA,NA,NA,NA,Y,NA,A,01,0,0,1,0,0,0,0,0,0,-,-,33.37424087524414,-117.4126434326172,ORANGE,LAKE FOREST,-117.69049072265624,33.62850570678711
9707905,2024,2024-08-09,3012,2024-06-14,929,686,45,5,5,5,3012,0,0,0,NA,0,004,LAMBERT RD,WALNUT ST,0,NA,Y,A,-,N,NA,NA,NA,NA,NA,NA,NA,NA,NA,Y,3,0,1,2,A,-,09,21801,A,N,D,C,A,A,H,-,A,A,0,NA,NA,NA,NA,Y,NA,A,01,0,1,0,0,0,0,0,0,0,-,-,NA,NA,ORANGE,LA HABRA,-117.95047760009766,33.924537658691406
9712941,2024,2024-07-09,3009,2024-05-20,1758,4781,154,1,5,6,3009,0,0,0,NA,0,022,LAMPSON AV,VOLKWOOD ST,0,NA,Y,A,-,N,NA,NA,NA,NA,NA,NA,NA,NA,NA,N,4,0,2,2,A,-,09,21802,A,N,D,C,A,A,H,-,A,A,0,NA,NA,NA,NA,Y,NA,A,07,0,0,2,0,0,0,0,0,0,-,-,NA,NA,ORANGE,GARDEN GROVE,-117.91098022460938,33.78166961669922
9713634,2024,2024-07-16,3000,2024-04-30,1926,11095,952E7,2,5,4,3018,0,0,0,NA,0,432,CAMINO CAPISTRANO,SUNDANCE DR,0,NA,Y,A,-,N,NA,NA,NA,NA,NA,NA,NA,NA,NA,Y,2,0,4,2,A,-,09,21801,A,N,D,C,A,A,H,-,A,D,0,NA,NA,NA,NA,Y,NA,A,01,2,1,1,0,0,0,0,0,0,-,-,33.50836181640625,-117.64851379394533,ORANGE,SAN JUAN CAPISTRANO,NA,NA
9713672,2024,2024-07-30,3000,2024-04-17,2221,10422,ORANG,3,5,4,3049,0,0,0,NA,0,382,ALISO CREEK RD,PACIFIC PARK DR,0,NA,Y,A,-,N,NA,NA,NA,NA,NA,NA,NA,NA,NA,Y,4,0,1,2,A,-,12,21453,A,N,D,C,A,A,H,-,C,A,0,NA,NA,NA,NA,Y,NA,A,01,0,0,1,0,0,0,0,0,0,-,-,NA,NA,ORANGE,ALISO VIEJO,-117.72345733642578,33.570919036865234
9713917,2024,2024-08-16,3009,2024-05-29,712,4917,81,3,5,6,3009,0,0,0,NA,0,1-2,ORANGEWOOD AV,GILBERT ST,40,E,N,B,-,N,NA,NA,NA,NA,NA,NA,NA,NA,NA,N,4,0,2,2,A,-,03,22350,NA,M,C,C,A,A,H,-,A,A,0,NA,NA,NA,NA,Y,NA,A,01,0,0,2,0,0,0,0,0,0,-,-,NA,NA,ORANGE,GARDEN GROVE,-117.96739959716795,33.79579162597656
9713974,2024,2024-08-06,3004,2024-06-25,1048,P462,01,2,5,6,3004,0,0,0,NA,0,009,PLACENTIA AV,WEST 17TH ST,0,NA,Y,A,-,N,NA,NA,NA,NA,NA,NA,NA,NA,NA,Y,2,0,3,2,A,-,00,23153,F,N,D,C,A,A,H,-,A,A,0,NA,NA,NA,NA,Y,NA,A,01,2,1,0,0,0,0,0,0,0,-,-,NA,NA,ORANGE,COSTA MESA,-117.93189239501952,33.636112213134766
9714042,2024,2024-07-31,3000,2024-06-01,1115,12644,891G6,6,5,5,3050,0,0,0,NA,0,060,EL TORO RD,ROCKFIELD BL,52,W,N,A,-,N,NA,NA,NA,NA,NA,NA,NA,NA,NA,Y,3,0,1,2,A,-,03,22350,NA,N,C,C,A,A,H,-,A,A,0,NA,NA,Y,NA,Y,NA,A,01,0,1,0,0,0,0,0,0,1,-,-,NA,NA,ORANGE,LAKE FOREST,-117.7048568725586,33.616905212402344
9714077,2024,2024-07-31,3009,2024-06-02,200,5074,71,7,5,6,3009,0,0,0,NA,0,012,KATELLA AV,MACMURRAY ST,112,E,N,A,-,N,NA,NA,NA,NA,NA,NA,NA,NA,NA,N,2,0,1,2,A,-,03,22350,NA,N,G,B,D,A,H,-,C,D,0,Y,NA,NA,NA,Y,Y,A,01,1,0,0,0,1,0,0,0,0,-,-,NA,NA,ORANGE,GARDEN GROVE,-117.97785186767578,33.80287551879883
9716157,2024,2024-08-02,3003,2024-06-09,1840,1257,3003,7,5,5,3003,0,0,0,NA,0,001,8TH ST,INDIANA ST,35,W,N,A,-,N,NA,NA,NA,NA,NA,NA,NA,NA,NA,N,4,0,1,2,A,-,09,21800,NA,N,D,C,A,A,H,-,A,A,0,NA,NA,NA,NA,Y,NA,A,01,0,0,1,0,0,0,0,0,0,-,-,33.86722183227539,-117.98953247070313,ORANGE,BUENA PARK,-117.98958587646484,33.86722946166992
9716260,2024,2024-07-19,3000,2024-05-27,1515,10186,971G7,1,5,4,3029,0,0,0,NA,0,638,COVE RD,SCENIC DR,523,E,N,B,-,N,NA,NA,NA,NA,NA,NA,NA,NA,NA,N,2,0,1,1,A,-,03,22350,NA,N,E,I,A,A,H,-,A,D,0,NA,Y,NA,NA,Y,Y,M,91,1,0,0,0,0,0,1,0,0,-,-,33.46207809448242,-117.70761108398438,ORANGE,DANA POINT,-117.70769500732422,33.46208953857422
9716351,2024,2024-08-09,3000,2024-05-26,1853,10618,922B7,7,5,5,3028,0,0,0,NA,0,050,CAMINO CAPISTRANO,PASEO DE COLINAS,7920,N,N,A,-,N,NA,NA,NA,NA,NA,NA,NA,NA,NA,Y,2,0,2,2,A,-,01,23152,G,N,C,C,A,A,H,-,D,D,0,NA,NA,NA,Y,Y,Y,A,07,1,0,1,0,0,0,0,0,0,-,-,NA,NA,ORANGE,MISSION VIEJO,-117.67363739013672,33.57078170776367
9716877,2024,2024-08-07,3000,2024-05-25,1420,10853,973B5,6,5,5,3017,0,0,0,NA,0,778,CALLE SALUTA,AVENDIA TALEGA,62,W,N,A,-,N,NA,NA,NA,NA,NA,NA,NA,NA,NA,Y,3,0,2,3,A,-,09,21801,A,N,D,C,A,A,H,-,A,A,0,NA,NA,NA,NA,Y,NA,A,07,0,1,1,0,0,0,0,0,0,-,-,NA,NA,ORANGE,SAN CLEMENTE,-117.59775543212892,33.47260665893555