CASE_ID,ACCIDENT_YEAR,PROC_DATE,JURIS,COLLISION_DATE,COLLISION_TIME,OFFICER_ID,REPORTING_DISTRICT,DAY_OF_WEEK,CHP_SHIFT,POPULATION,CNTY_CITY_LOC,SPECIAL_COND,BEAT_TYPE,CHP_BEAT_TYPE,CITY_DIVISION_LAPD,CHP_BEAT_CLASS,BEAT_NUMBER,PRIMARY_RD,SECONDARY_RD,DISTANCE,DIRECTION,INTERSECTION,WEATHER_1,WEATHER_2,STATE_HWY_IND,CALTRANS_COUNTY,CALTRANS_DISTRICT,STATE_ROUTE,ROUTE_SUFFIX,POSTMILE_PREFIX,POSTMILE,LOCATION_TYPE,RAMP_INTERSECTION,SIDE_OF_HWY,TOW_AWAY,COLLISION_SEVERITY,NUMBER_KILLED,NUMBER_INJURED,PARTY_COUNT,PRIMARY_COLL_FACTOR,PCF_CODE_OF_VIOL,PCF_VIOL_CATEGORY,PCF_VIOLATION,PCF_VIOL_SUBSECTION,HIT_AND_RUN,TYPE_OF_COLLISION,MVIW,PED_ACTION,ROAD_SURFACE,ROAD_COND_1,ROAD_COND_2,LIGHTING,CONTROL_DEVICE,CHP_ROAD_TYPE,PEDESTRIAN_ACCIDENT,BICYCLE_ACCIDENT,MOTORCYCLE_ACCIDENT,TRUCK_ACCIDENT,NOT_PRIVATE_PROPERTY,ALCOHOL_INVOLVED,STWD_VEHTYPE_AT_FAULT,CHP_VEHTYPE_AT_FAULT,COUNT_SEVERE_INJ,COUNT_VISIBLE_INJ,COUNT_COMPLAINT_PAIN,COUNT_PED_KILLED,COUNT_PED_INJURED,COUNT_BICYCLIST_KILLED,COUNT_BICYCLIST_INJURED,COUNT_MC_KILLED,COUNT_MC_INJURED,PRIMARY_RAMP,SECONDARY_RAMP,LATITUDE,LONGITUDE,COUNTY,CITY,POINT_X,POINT_Y
7126565,2015,2015-12-07,3012,2015-11-01,0124,619,48,7,5,5,3012,0,0,0,NA,0,004,TERRAZA SAN BENITO,CALLE DON GUILLERMO,50,W,N,A,-,N,NA,NA,NA,NA,NA,NA,NA,NA,NA,Y,3,0,1,2,A,-,01,23152,A,M,B,C,A,A,H,-,C,D,0,NA,NA,NA,NA,Y,Y,I,11,0,1,0,0,0,0,0,0,0,-,-,NA,NA,ORANGE,LA HABRA,-117.94649878,33.91122559
7128253,2015,2015-12-07,3002,2015-11-23,2346,1576,431W,1,5,4,3002,0,0,0,NA,0,012,SANTA FE RD,LAMBERT RD,693,N,N,A,-,N,NA,NA,NA,NA,NA,NA,NA,NA,NA,Y,3,0,1,1,A,-,01,23152,A,N,E,I,A,A,H,-,C,D,0,NA,NA,NA,NA,Y,Y,A,01,0,1,0,0,0,0,0,0,0,-,-,NA,NA,ORANGE,BREA,NA,NA
7128579,2015,2015-12-09,3014,2015-10-30,1519,1079,28,5,5,5,3014,0,0,0,NA,0,0A2,IRVINE AV,WESTCLIFF DR,142,N,N,A,-,N,NA,NA,NA,NA,NA,NA,NA,NA,NA,N,4,0,1,2,A,-,05,21650,1,N,H,G,A,A,H,-,A,A,0,NA,Y,NA,NA,Y,NA,L,04,0,0,1,0,0,0,1,0,0,-,-,33.6287,-117.9081,ORANGE,NEWPORT BEACH,-117.90827002,33.6286422
7128644,2015,2015-12-10,3004,2015-11-09,1518,P543,05,1,5,6,3004,0,0,0,NA,0,006,EAST 17TH ST,ORANGE AV,0,NA,Y,A,-,N,NA,NA,NA,NA,NA,NA,NA,NA,NA,Y,3,0,1,2,A,-,09,21801,A,N,D,C,A,A,H,-,A,A,0,NA,NA,Y,NA,Y,NA,A,01,0,1,0,0,0,0,0,0,1,-,-,33.6353,-117.9194,ORANGE,COSTA MESA,-117.91873008,33.63540012
7128687,2015,2015-12-09,3019,2015-11-12,0838,2460,NE,4,5,7,3019,0,0,0,NA,0,002,BUSH ST,CIVIC CENTER DR,145,S,N,A,-,N,NA,NA,NA,NA,NA,NA,NA,NA,NA,N,4,0,1,2,A,-,03,22350,NA,N,G,B,E,A,H,-,A,D,0,Y,NA,NA,NA,Y,NA,A,01,0,0,1,0,1,0,0,0,0,-,-,33.75082,-117.86674,ORANGE,SANTA ANA,-117.86662447,33.75022251
7128844,2015,2015-12-09,3010,2015-11-23,2119,1226,422,1,5,6,3010,0,0,0,NA,0,005,MAIN,GARFIELD,0,NA,Y,A,-,N,NA,NA,NA,NA,NA,NA,NA,NA,NA,Y,4,0,1,3,A,-,01,23152,E,N,D,C,A,A,H,-,C,A,0,NA,NA,NA,NA,Y,NA,A,01,0,0,1,0,0,0,0,0,0,-,-,NA,NA,ORANGE,HUNTINGTON BEACH,-117.9979501,33.68657012
7128991,2015,2015-12-14,3007,2015-11-17,0718,274,66,2,5,5,3007,0,0,0,NA,0,003,ELLIS,AMISTAD,48,W,N,A,-,N,NA,NA,NA,NA,NA,NA,NA,NA,NA,Y,4,0,1,2,A,-,05,21650,NA,N,A,C,A,A,H,-,A,A,0,NA,NA,NA,NA,Y,NA,A,07,0,0,1,0,0,0,0,0,0,-,-,NA,NA,ORANGE,FOUNTAIN VALLEY,-117.94392741,33.69421772
7129499,2015,2015-12-08,3016,2015-11-20,0814,1241,31,5,5,5,3016,0,0,0,NA,0,002,MIRA LAGO LN,MONTEGO WY,97,W,N,A,-,N,NA,NA,NA,NA,NA,NA,NA,NA,NA,N,4,0,1,2,A,-,09,21804,A,N,D,C,A,A,H,-,A,D,0,NA,NA,NA,NA,Y,NA,A,07,0,0,1,0,0,0,0,0,0,-,-,NA,NA,ORANGE,PLACENTIA,-117.84911455,33.86893667
7130458,2015,2016-12-03,3004,2015-11-04,1259,P543,02,3,5,6,3004,0,0,0,NA,0,001,NEWPORT BL,16TH ST,67,N,N,A,-,Y,ORA,12,55,-,-,1.24,H,-,N,Y,4,0,1,4,C,-,18,NA,NA,N,B,C,A,A,H,-,A,A,0,NA,NA,NA,NA,Y,NA,-,-,0,0,1,0,0,0,0,0,0,-,-,33.38,-117.5521,ORANGE,COSTA MESA,-117.92265738,33.63354227
7130729,2015,2015-12-10,3001,2015-11-23,1948,A1252,NA,1,5,7,3001,0,0,0,NA,0,0D1,SOUTH EUCLID ST,PAMPAS LN,283,N,N,B,-,N,NA,NA,NA,NA,NA,NA,NA,NA,NA,N,3,0,1,2,A,-,09,21801,A,N,D,C,A,A,H,-,C,A,0,NA,NA,NA,NA,Y,NA,A,01,0,1,0,0,0,0,0,0,0,-,-,NA,NA,ORANGE,ANAHEIM,-117.94149061,33.83147571
7131291,2015,2015-12-04,3024,2015-10-22,2027,381,P 29,4,5,5,3024,0,0,0,NA,0,0ES,BOLSA AV,BROOKHURST ST,0,NA,Y,A,-,N,NA,NA,NA,NA,NA,NA,NA,NA,NA,Y,3,0,2,3,A,-,12,21453,A,N,D,C,A,A,H,-,C,A,0,NA,NA,NA,NA,Y,NA,A,01,0,1,1,0,0,0,0,0,0,-,-,33.74495,-117.95472,ORANGE,WESTMINSTER,-117.95497012,33.74486008
7132469,2015,2015-12-14,3022,2015-11-23,1719,1077,NA,1,5,5,3022,0,0,0,NA,0,NA,TUSTIN RANCH RD,IRVINE BL,358,S,N,A,-,N,NA,NA,NA,NA,NA,NA,NA,NA,NA,Y,4,0,1,2,A,-,03,22350,NA,N,C,C,A,A,H,-,C,D,0,NA,NA,NA,NA,Y,NA,A,01,0,0,1,0,0,0,0,0,0,-,-,NA,NA,ORANGE,TUSTIN,-117.79496012,33.73681984
7132563,2015,2015-12-22,3010,2015-12-06,1633,1096,474,7,5,6,3010,0,0,0,NA,0,002,HAMILTON,MAGNOLIA,0,NA,Y,A,-,N,NA,NA,NA,NA,NA,NA,NA,NA,NA,Y,3,0,5,2,A,-,12,21453,A,N,D,C,A,A,H,-,B,A,0,NA,NA,NA,NA,Y,NA,A,01,0,1,4,0,0,0,0,0,0,-,-,NA,NA,ORANGE,HUNTINGTON BEACH,-117.97092,33.65049011
7132980,2015,2015-12-17,3019,2015-12-01,0843,2528,SC,2,5,7,3019,0,0,0,NA,0,004,RAITT ST,SAINT GERTRUDE PL,111,S,N,A,-,N,NA,NA,NA,NA,NA,NA,NA,NA,NA,Y,4,0,1,1,A,-,08,22107,NA,N,E,I,A,A,H,-,A,D,0,NA,NA,NA,NA,Y,NA,A,07,0,0,1,0,0,0,0,0,0,-,-,NA,NA,ORANGE,SANTA ANA,-117.8960965,33.71852571
7133481,2015,2015-12-14,3007,2015-11-24,0808,1140,56,2,5,5,3007,0,0,0,NA,0,003,WARD,SLATER,0,NA,Y,A,-,N,NA,NA,NA,NA,NA,NA,NA,NA,NA,Y,4,0,2,2,A,-,12,21453,A,N,D,C,A,A,H,-,A,A,0,NA,NA,NA,NA,Y,NA,A,01,0,0,2,0,0,0,0,0,0,-,-,NA,NA,ORANGE,FOUNTAIN VALLEY,-117.94570002,33.70904011
7134826,2015,2015-12-28,3016,2015-12-08,1229,1153,10,2,5,5,3016,0,0,0,NA,0,001,YORBA LINDA BL,PALM DR,0,NA,Y,A,-,N,NA,NA,NA,NA,NA,NA,NA,NA,NA,Y,3,0,2,2,A,-,09,21801,A,N,D,C,A,A,H,-,A,D,0,NA,NA,NA,NA,Y,NA,A,01,0,2,0,0,0,0,0,0,0,-,-,NA,NA,ORANGE,PLACENTIA,-117.86169001,33.88836007
7135235,2015,2016-01-06,3001,2015-12-23,1611,1392,NA,3,5,7,3001,0,0,0,NA,0,NA,SOUTH STATE COLLEGE BL,EAST BALL RD,175,N,N,A,-,N,NA,NA,NA,NA,NA,NA,NA,NA,NA,N,4,0,1,2,A,-,21,22106,NA,N,C,C,A,A,H,-,A,A,0,NA,NA,NA,NA,Y,NA,A,01,0,0,1,0,0,0,0,0,0,-,-,NA,NA,ORANGE,ANAHEIM,-117.88938334,33.81856973
7135269,2015,2016-01-09,3026,2015-11-22,0250,522,NA,7,5,6,3026,0,0,0,NA,0,00C,IRVINE CENTER DR,SAND CYN,0,NA,Y,A,-,N,NA,NA,NA,NA,NA,NA,NA,NA,NA,Y,3,0,1,2,A,-,12,21453,A,N,D,C,A,A,H,-,C,A,0,NA,NA,NA,NA,Y,NA,A,07,0,1,0,0,0,0,0,0,0,-,-,NA,NA,ORANGE,IRVINE,-117.76567008,33.6703101
7136707,2015,2015-12-17,3024,2015-10-29,1456,408,P 22,4,5,5,3024,0,0,0,NA,0,WEST,EDWARDS ST,ROYAL OAK DR,0,NA,Y,A,-,N,NA,NA,NA,NA,NA,NA,NA,NA,NA,Y,4,0,1,2,A,-,08,22100,A,N,B,C,A,A,H,-,A,A,0,NA,NA,Y,NA,Y,NA,A,01,0,0,1,0,0,0,0,0,1,-,-,NA,NA,ORANGE,WESTMINSTER,-118.01574013,33.74979004
7137342,2015,2016-01-04,3019,2015-12-11,1541,2001,SE,5,5,7,3019,0,0,0,NA,0,004,ORANGE AV,PINE ST,0,NA,Y,A,-,N,NA,NA,NA,NA,NA,NA,NA,NA,NA,Y,3,0,2,3,A,-,12,22450,A,N,D,C,A,A,H,-,A,A,0,NA,NA,NA,Y,Y,NA,A,07,0,1,1,0,0,0,0,0,0,-,-,33.74325,-117.86487,ORANGE,SANTA ANA,-117.86509005,33.74340007
7138495,2015,2015-12-23,3010,2015-12-10,1831,1208,431,4,5,6,3010,0,0,0,NA,0,004,YORKTOWN AV,MAIN ST,0,NA,Y,B,C,N,NA,NA,NA,NA,NA,NA,NA,NA,NA,Y,4,0,1,2,A,-,09,21801,A,N,D,C,A,B,H,-,C,A,0,NA,NA,NA,NA,Y,NA,A,07,0,0,1,0,0,0,0,0,0,-,-,NA,NA,ORANGE,HUNTINGTON BEACH,-118.00175008,33.67932006
7138499,2015,2015-12-23,3010,2015-12-11,1023,1225,148,5,5,6,3010,0,0,0,NA,0,009,EDINGER,SPRINGDALE,362,E,N,B,-,N,NA,NA,NA,NA,NA,NA,NA,NA,NA,Y,3,0,1,2,A,-,09,21804,A,N,D,C,A,A,H,-,A,D,0,NA,NA,NA,NA,Y,NA,A,01,0,1,0,0,0,0,0,0,0,-,-,NA,NA,ORANGE,HUNTINGTON BEACH,-118.02294233,33.72998692
7138503,2015,2015-12-23,3010,2015-12-10,0355,1032,281,4,5,6,3010,0,0,0,NA,0,006,TALBERT,TALBERT 7111,0,NA,N,A,-,N,NA,NA,NA,NA,NA,NA,NA,NA,NA,Y,3,0,1,1,A,-,03,22350,NA,N,E,I,A,A,H,-,C,D,0,NA,NA,NA,NA,Y,Y,A,01,0,1,0,0,0,0,0,0,0,-,-,NA,NA,ORANGE,HUNTINGTON BEACH,-118.004532,33.701159
7139377,2015,2016-01-08,3015,2015-11-18,0749,919,22E,3,5,6,3015,0,0,0,NA,0,903,WEST CHAPMAN AV,N CYPRESS ST,0,NA,Y,A,-,N,NA,NA,NA,NA,NA,NA,NA,NA,NA,Y,4,0,1,2,A,-,09,21802,A,N,D,C,A,A,H,-,A,A,0,NA,NA,NA,NA,Y,NA,A,01,0,0,1,0,0,0,0,0,0,-,-,NA,NA,ORANGE,ORANGE,-117.85639001,33.78788009
7140007,2015,2017-02-03,3024,2015-11-06,1013,155,P43,5,5,5,3024,0,0,0,NA,0,EAST,MAGNOLIA ST,HEIL AV,300,S,N,A,-,Y,ORA,12,405,-,-,14.82,R,4,N,Y,4,0,2,2,A,-,07,21658,A,N,B,C,A,A,H,-,A,D,0,NA,NA,NA,NA,Y,NA,A,08,0,0,2,0,0,0,0,0,0,-,-,NA,NA,ORANGE,WESTMINSTER,-117.96694211,33.71602483
7140182,2015,2015-12-18,3019,2015-12-06,0218,3014,SE,7,5,7,3019,0,0,0,NA,0,003,SOUTH MAIN ST,MCFADDEN AV,0,NA,Y,A,-,N,NA,NA,NA,NA,NA,NA,NA,NA,NA,Y,3,0,1,2,A,-,12,21453,A,N,D,C,A,A,H,-,C,A,0,NA,NA,NA,NA,Y,NA,A,01,0,1,0,0,0,0,0,0,0,-,-,NA,NA,ORANGE,SANTA ANA,-117.86768011,33.73343012
7142094,2015,2015-12-28,3001,2015-12-12,0052,1655,D1,6,5,7,3001,0,0,0,NA,0,0D1,WEST ORANGE AV,SOUTH WESTERN AV,0,NA,Y,A,-,N,NA,NA,NA,NA,NA,NA,NA,NA,NA,Y,4,0,2,2,A,-,09,21801,A,N,D,C,A,A,H,-,C,A,0,NA,NA,NA,NA,Y,NA,A,07,0,0,2,0,0,0,0,0,0,-,-,NA,NA,ORANGE,ANAHEIM,-118.0021501,33.8246201
7142254,2015,2016-01-07,3009,2015-12-10,1355,3739,112,4,5,6,3009,0,0,0,NA,0,021,EUCLID ST,PATRICA,317,S,N,A,-,N,NA,NA,NA,NA,NA,NA,NA,NA,NA,N,3,0,1,1,A,-,01,23152,E,N,A,I,A,A,H,-,A,D,0,NA,NA,NA,NA,Y,NA,A,01,0,1,0,0,0,0,0,0,0,-,-,NA,NA,ORANGE,GARDEN GROVE,-117.94130848,33.79141091
7143636,2015,2016-01-05,3008,2015-11-30,1742,976,NA,1,5,6,3008,0,0,0,NA,0,0Z2,HIGHLAND AV,VALENCIA DR,0,NA,Y,A,-,N,NA,NA,NA,NA,NA,NA,NA,NA,NA,N,4,0,1,2,A,-,10,21950,A,N,G,B,B,A,H,-,C,A,0,Y,NA,NA,NA,Y,NA,D,22,0,0,1,0,1,0,0,0,0,-,-,NA,NA,ORANGE,FULLERTON,-117.92868,33.86615007
7144083,2015,2016-01-06,3008,2015-08-27,1551,1334,NA,4,5,6,3008,0,0,0,NA,0,0Z2,CHAPMAN AV,LEMON,750,E,N,A,-,N,NA,NA,NA,NA,NA,NA,NA,NA,NA,Y,3,0,1,2,A,-,09,21804,A,N,B,C,A,A,H,-,A,A,0,NA,NA,Y,NA,Y,NA,-,-,0,1,0,0,0,0,0,0,1,-,-,NA,NA,ORANGE,FULLERTON,-117.91738508,33.87401
7144947,2015,2016-01-05,3000,2015-12-19,1805,4601,971J6,6,5,4,3029,0,0,0,NA,0,638,DANA POINT HARBOR DR,PARK LANTERN,15,E,N,C,-,N,NA,NA,NA,NA,NA,NA,NA,NA,NA,Y,4,0,1,1,A,-,03,22350,NA,N,A,I,A,B,H,-,C,A,0,NA,NA,NA,NA,Y,NA,A,01,0,0,1,0,0,0,0,0,0,-,-,NA,NA,ORANGE,DANA POINT,-117.68886693,33.46391037
7145081,2015,2015-12-28,3019,2015-12-10,0602,2001,SC,4,5,7,3019,0,0,0,NA,0,004,MACARTHUR BL,MACARTHUR PL,42,W,N,B,-,N,NA,NA,NA,NA,NA,NA,NA,NA,NA,Y,4,0,1,2,A,-,12,21453,A,N,D,C,A,A,H,-,B,A,0,NA,NA,NA,NA,Y,NA,A,07,0,0,1,0,0,0,0,0,0,-,-,NA,NA,ORANGE,SANTA ANA,-117.86589775,33.70009
7146036,2015,2015-12-30,3008,2015-12-16,1615,1296,NA,3,5,6,3008,0,0,0,NA,0,0Z3,COMMONWEALTH AV,BALFOUR AV,152,S,N,A,-,N,NA,NA,NA,NA,NA,NA,NA,NA,NA,Y,3,0,1,4,A,-,01,23152,A,N,B,C,A,A,H,-,A,A,0,NA,NA,NA,NA,Y,Y,A,01,0,1,0,0,0,0,0,0,0,-,-,NA,NA,ORANGE,FULLERTON,-117.88422951,33.87290819
7146203,2015,2016-01-07,3016,2015-12-10,1238,1241,26,4,5,5,3016,0,0,0,NA,0,002,ORANGETHORPE AV,LAKE PARK DR,14,W,N,B,-,N,NA,NA,NA,NA,NA,NA,NA,NA,NA,Y,3,0,2,1,A,-,03,22350,NA,N,E,I,A,A,H,-,A,D,0,NA,NA,NA,NA,Y,NA,A,07,0,1,1,0,0,0,0,0,0,-,-,NA,NA,ORANGE,PLACENTIA,-117.86866399,33.86347877
7148019,2015,2016-01-14,3026,2015-12-18,0818,444,CROSS,5,5,6,3026,0,0,0,NA,0,00C,JEFFREY RD,WALNUT,124,S,N,A,-,N,NA,NA,NA,NA,NA,NA,NA,NA,NA,Y,4,0,1,2,A,-,09,21453,B,N,B,C,A,A,H,-,A,A,0,NA,NA,NA,NA,Y,NA,A,01,0,0,1,0,0,0,0,0,0,-,-,NA,NA,ORANGE,IRVINE,-117.77011772,33.68832418
7148236,2015,2016-01-14,3004,2015-12-30,1157,P543,01,3,5,6,3004,0,0,0,NA,0,015,PLACENTIA AV,WEST 17TH ST,291,N,N,A,-,N,NA,NA,NA,NA,NA,NA,NA,NA,NA,Y,3,0,1,1,A,-,08,22107,NA,N,E,I,A,A,H,-,A,A,0,NA,NA,NA,NA,Y,NA,A,01,0,1,0,0,0,0,0,0,0,-,-,33.6396,-117.9317,ORANGE,COSTA MESA,-117.9319113,33.63690759
7150579,2015,2016-01-12,3019,2015-12-17,1945,3409,WE,4,5,7,3019,0,0,0,NA,0,001,HARBOR BL,HAZARD,600,S,N,A,-,N,NA,NA,NA,NA,NA,NA,NA,NA,NA,Y,2,0,1,2,A,-,03,22350,A,N,C,C,A,A,H,-,C,D,0,NA,NA,NA,NA,Y,NA,A,01,1,0,0,0,0,0,0,0,0,-,-,NA,NA,ORANGE,SANTA ANA,-117.9202479,33.75087515
7151446,2015,2016-01-13,3010,2015-12-24,1302,251,262,4,5,6,3010,0,0,0,NA,0,008,HEIL,SILVER,0,NA,Y,A,-,N,NA,NA,NA,NA,NA,NA,NA,NA,NA,Y,4,0,3,2,A,-,09,21802,A,N,D,C,A,A,H,-,A,A,0,NA,NA,NA,NA,Y,NA,A,01,0,0,3,0,0,0,0,0,0,-,-,NA,NA,ORANGE,HUNTINGTON BEACH,-117.99369001,33.72289009
7151454,2015,2016-01-13,3010,2015-12-14,0953,1225,457,1,5,6,3010,0,0,0,NA,0,002,BROOKHURST,ATLANTA,250,N,N,A,-,N,NA,NA,NA,NA,NA,NA,NA,NA,NA,Y,4,0,1,2,A,-,03,22350,A,N,C,C,A,A,H,-,A,D,0,NA,NA,NA,NA,Y,NA,A,07,0,0,1,0,0,0,0,0,0,-,-,NA,NA,ORANGE,HUNTINGTON BEACH,-117.95376729,33.6585154
7151460,2015,2016-01-14,3000,2015-12-15,0651,4573,891G2,2,5,5,3050,0,0,0,NA,0,660,BAKE PKWY,VIA DEL RIO,0,NA,Y,A,-,N,NA,NA,NA,NA,NA,NA,NA,NA,NA,Y,2,0,1,2,A,-,02,22526,A,N,D,C,A,A,H,-,A,A,0,NA,NA,Y,NA,Y,NA,A,07,1,0,0,0,0,0,0,0,1,-,-,NA,NA,ORANGE,LAKE FOREST,-117.70625005,33.6513001
7152107,2015,2016-01-14,3001,2015-12-27,0952,A1824,NA,7,5,7,3001,0,0,0,NA,0,0D2,E LINCOLN AV,NORTH EAST ST,147,E,N,A,-,N,NA,NA,NA,NA,NA,NA,NA,NA,NA,Y,4,0,1,2,A,-,03,22350,NA,N,C,C,A,A,H,-,A,A,0,NA,NA,NA,NA,Y,NA,A,01,0,0,1,0,0,0,0,0,0,-,-,NA,NA,ORANGE,ANAHEIM,-117.90223348,33.83819418
7152184,2015,2017-02-03,3024,2015-12-08,1105,146,P12,2,5,5,3024,0,0,0,NA,0,EAST,BEACH BL,TRASK AV,15,S,N,A,-,Y,ORA,12,39,-,-,8.13,H,-,N,Y,4,0,2,2,A,-,03,22350,NA,N,C,C,A,A,H,-,A,A,0,NA,NA,NA,NA,Y,NA,A,01,0,0,2,0,0,0,0,0,0,-,-,NA,NA,ORANGE,WESTMINSTER,-117.98992632,33.76641532
7154526,2015,2016-01-12,3019,2015-12-27,2231,3030,SC,7,5,7,3019,0,0,0,NA,0,003,WARNER AV,GREENVILLE,150,W,N,A,-,N,NA,NA,NA,NA,NA,NA,NA,NA,NA,Y,3,0,2,2,A,-,01,23152,A,N,F,C,A,A,H,-,C,A,0,NA,NA,NA,NA,Y,Y,A,01,0,2,0,0,0,0,0,0,0,-,-,NA,NA,ORANGE,SANTA ANA,-117.90463192,33.71524929
7155444,2015,2016-01-14,3019,2015-12-18,1242,2630,SE,5,5,7,3019,0,0,0,NA,0,003,1ST ST,SYCAMORE ST,0,NA,Y,A,-,N,NA,NA,NA,NA,NA,NA,NA,NA,NA,Y,4,0,2,2,A,-,09,21801,A,N,D,C,A,A,H,-,A,A,0,NA,NA,NA,NA,Y,NA,A,01,0,0,2,0,0,0,0,0,0,-,-,33.74536,-117.86845,ORANGE,SANTA ANA,-117.86871004,33.74554003
7155461,2016,2016-01-15,3019,2016-01-06,1919,2775,NE,3,5,7,3019,0,0,0,NA,0,002,ELK LN,1ST ST,0,NA,Y,C,-,N,NA,NA,NA,NA,NA,NA,NA,NA,NA,Y,3,0,1,2,A,-,01,23152,A,N,C,C,A,B,H,-,C,A,0,NA,NA,NA,NA,Y,Y,A,01,0,1,0,0,0,0,0,0,0,-,-,NA,NA,ORANGE,SANTA ANA,-117.84379011,33.74546003
7156446,2015,2016-01-15,3000,2015-12-04,0247,5377,951J3,5,5,5,3040,0,0,0,NA,0,743,PASEO DE COLINAS,DEL CERRO,320,S,N,A,-,N,NA,NA,NA,NA,NA,NA,NA,NA,NA,Y,3,0,1,1,A,-,01,23152,A,M,E,I,A,A,H,-,C,D,0,NA,NA,NA,NA,Y,Y,D,22,0,1,0,0,0,0,0,0,0,-,-,NA,NA,ORANGE,LAGUNA NIGUEL,-117.68460594,33.54029469
7157459,2016,2016-01-22,3004,2016-01-11,1743,P543,02,1,5,6,3004,0,0,0,NA,0,003,HARBOR BL,19TH ST,0,NA,Y,A,-,N,NA,NA,NA,NA,NA,NA,NA,NA,NA,Y,4,0,1,2,A,-,09,21804,A,N,D,C,A,A,H,-,C,A,0,NA,NA,NA,NA,Y,NA,D,22,0,0,1,0,0,0,0,0,0,-,-,33.6444,-117.9187,ORANGE,COSTA MESA,-117.9189701,33.64349005
7157881,2015,2017-01-14,9675,2015-09-19,0255,18983,NA,6,3,6,3026,0,1,1,NA,2,045,RT 405,RT 55,1500,S,N,A,-,Y,ORA,12,405,-,-,8.46,H,-,S,Y,3,0,1,1,A,-,08,22107,NA,N,E,I,A,B,H,-,C,D,6,NA,NA,NA,NA,Y,NA,A,01,0,1,0,0,0,0,0,0,0,-,-,33.6805,-117.85228,ORANGE,IRVINE,-117.86757952,33.68680259
7157890,2015,2017-01-28,9675,2015-09-12,1451,20732,NA,6,2,7,3019,0,1,1,NA,2,502,RT 5,GRAND AV,1000,S,N,A,-,Y,ORA,12,5,-,-,31.58,H,-,N,Y,3,0,1,2,A,-,07,21658,A,N,C,C,A,A,H,-,A,D,1,NA,NA,Y,NA,Y,NA,A,07,0,1,0,0,0,0,0,0,1,-,-,33.75487,-117.85941,ORANGE,SANTA ANA,-117.84871132,33.75367263
7158440,2016,2016-01-27,3001,2016-01-16,1812,1397,NA,6,5,7,3001,0,0,0,NA,0,D-1,LINCOLN AV,EUCLID ST,12,W,N,A,-,N,NA,NA,NA,NA,NA,NA,NA,NA,NA,N,4,0,1,2,A,-,09,21453,B,N,G,B,B,A,H,-,C,A,0,Y,NA,NA,NA,Y,NA,N,60,0,0,1,0,1,0,0,0,0,-,-,NA,NA,ORANGE,ANAHEIM,-117.94151941,33.8325892
7158627,2016,2016-02-03,3019,2016-01-17,1307,3081,SE,7,5,7,3019,0,0,0,NA,0,003,ANAHURST PL,MAIN ST,64,E,N,A,-,N,NA,NA,NA,NA,NA,NA,NA,NA,NA,Y,3,0,1,5,A,-,01,23152,A,N,C,E,A,A,H,-,A,D,0,NA,NA,NA,NA,Y,Y,A,07,0,1,0,0,0,0,0,0,0,-,-,NA,NA,ORANGE,SANTA ANA,-117.86789,33.71786
7158764,2015,2016-02-04,3014,2015-12-22,1730,1046,RD38,2,5,5,3014,0,0,0,NA,0,0A4,MACARTHUR BL,BONITA CANYON DR,400,S,N,B,-,N,NA,NA,NA,NA,NA,NA,NA,NA,NA,Y,4,0,1,2,A,-,03,22350,NA,N,C,C,A,B,H,-,C,D,0,NA,NA,NA,NA,Y,NA,A,01,0,0,1,0,0,0,0,0,0,-,-,33.6282,-117.8622,ORANGE,NEWPORT BEACH,-117.86218152,33.62834869
7158771,2015,2016-02-24,3008,2015-12-24,1734,869,NA,4,5,6,3008,0,0,0,NA,0,0Z2,COMMONWEALTH AV,LAWRENCE AV,28,E,N,B,-,N,NA,NA,NA,NA,NA,NA,NA,NA,NA,N,4,0,1,3,A,-,11,21954,A,N,G,B,D,A,H,-,C,D,0,Y,NA,NA,NA,Y,NA,N,60,0,0,1,0,1,0,0,0,0,-,-,NA,NA,ORANGE,FULLERTON,-117.91760798,33.87040043
7159021,2016,2016-02-05,3001,2016-01-15,2306,415,NA,5,5,7,3001,0,0,0,NA,0,0D2,EAST ST,SOUTH ST,272,S,N,A,-,N,NA,NA,NA,NA,NA,NA,NA,NA,NA,Y,4,0,1,2,A,-,08,21460,5,N,-,C,A,A,H,-,C,D,0,NA,NA,NA,NA,Y,NA,A,01,0,0,1,0,0,0,0,0,0,-,-,NA,NA,ORANGE,ANAHEIM,-117.89952928,33.82860189
7159484,2016,2016-02-12,3019,2016-01-12,1744,3150,SE,2,5,7,3019,0,0,0,NA,0,003,LYON ST,NORMANDY PL,15,N,N,A,-,N,NA,NA,NA,NA,NA,NA,NA,NA,NA,Y,4,0,1,2,A,-,03,22350,NA,N,C,C,A,A,H,-,A,D,0,NA,NA,NA,NA,Y,NA,A,08,0,0,1,0,0,0,0,0,0,-,-,33.73535,-117.8446,ORANGE,SANTA ANA,-117.8449498,33.73550112
7159496,2016,2016-02-12,3019,2016-01-24,1229,3383,NE,7,5,7,3019,0,0,0,NA,0,NA,SANTA CLARA AV,MANTLE LN,180,W,N,A,-,N,NA,NA,NA,NA,NA,NA,NA,NA,NA,Y,4,0,1,2,A,-,09,21804,A,N,D,C,A,A,H,-,A,D,0,NA,NA,NA,NA,Y,NA,A,01,0,0,1,0,0,0,0,0,0,-,-,33.76704,-117.84257,ORANGE,SANTA ANA,-117.84329083,33.76714002
7159516,2016,2016-02-12,3019,2016-01-05,1720,3150,SC,2,5,7,3019,0,0,0,NA,0,004,FLOWER ST,RICHLAND ST,50,S,N,A,-,N,NA,NA,NA,NA,NA,NA,NA,NA,NA,N,4,0,1,2,A,-,11,21954,A,N,G,B,D,A,H,-,C,D,0,Y,NA,NA,NA,Y,NA,N,60,0,0,1,0,1,0,0,0,0,-,-,33.73834,-117.87634,ORANGE,SANTA ANA,-117.87644,33.73821293
7160273,2015,2016-01-20,3000,2015-12-02,1800,2742,992E2,3,5,5,3017,0,0,0,NA,0,778,CAMINO DE LOS MARES,CALLE AGUA,486,E,N,A,-,N,NA,NA,NA,NA,NA,NA,NA,NA,NA,N,4,0,1,1,A,-,03,22350,NA,N,F,A,A,A,H,-,C,D,0,NA,Y,NA,NA,Y,NA,L,04,0,0,1,0,0,0,1,0,0,-,-,NA,NA,ORANGE,SAN CLEMENTE,-117.6507846,33.45836478
7161075,2015,2016-01-27,3019,2015-12-22,1633,1925,WE,2,5,7,3019,0,0,0,NA,0,102,FAIRVIEW AV,BOBBY LN,120,S,N,A,-,N,NA,NA,NA,NA,NA,NA,NA,NA,NA,Y,4,0,1,2,A,-,03,22350,NA,N,C,C,A,B,H,-,A,A,0,NA,NA,NA,NA,Y,NA,D,22,0,0,1,0,0,0,0,0,0,-,-,NA,NA,ORANGE,SANTA ANA,-117.902985,33.769682