CASE_ID,ACCIDENT_YEAR,PROC_DATE,JURIS,COLLISION_DATE,COLLISION_TIME,OFFICER_ID,REPORTING_DISTRICT,DAY_OF_WEEK,CHP_SHIFT,POPULATION,CNTY_CITY_LOC,SPECIAL_COND,BEAT_TYPE,CHP_BEAT_TYPE,CITY_DIVISION_LAPD,CHP_BEAT_CLASS,BEAT_NUMBER,PRIMARY_RD,SECONDARY_RD,DISTANCE,DIRECTION,INTERSECTION,WEATHER_1,WEATHER_2,STATE_HWY_IND,CALTRANS_COUNTY,CALTRANS_DISTRICT,STATE_ROUTE,ROUTE_SUFFIX,POSTMILE_PREFIX,POSTMILE,LOCATION_TYPE,RAMP_INTERSECTION,SIDE_OF_HWY,TOW_AWAY,COLLISION_SEVERITY,NUMBER_KILLED,NUMBER_INJURED,PARTY_COUNT,PRIMARY_COLL_FACTOR,PCF_CODE_OF_VIOL,PCF_VIOL_CATEGORY,PCF_VIOLATION,PCF_VIOL_SUBSECTION,HIT_AND_RUN,TYPE_OF_COLLISION,MVIW,PED_ACTION,ROAD_SURFACE,ROAD_COND_1,ROAD_COND_2,LIGHTING,CONTROL_DEVICE,CHP_ROAD_TYPE,PEDESTRIAN_ACCIDENT,BICYCLE_ACCIDENT,MOTORCYCLE_ACCIDENT,TRUCK_ACCIDENT,NOT_PRIVATE_PROPERTY,ALCOHOL_INVOLVED,STWD_VEHTYPE_AT_FAULT,CHP_VEHTYPE_AT_FAULT,COUNT_SEVERE_INJ,COUNT_VISIBLE_INJ,COUNT_COMPLAINT_PAIN,COUNT_PED_KILLED,COUNT_PED_INJURED,COUNT_BICYCLIST_KILLED,COUNT_BICYCLIST_INJURED,COUNT_MC_KILLED,COUNT_MC_INJURED,PRIMARY_RAMP,SECONDARY_RAMP,LATITUDE,LONGITUDE,COUNTY,CITY,POINT_X,POINT_Y
81918810,2022,2022-11-16,3019,2022-11-11,1525,3553,SC,5,5,7,3019,0,0,0,NA,0,004,MACARTHUR BOULEVARD,BRISTOL STREET,137,E,N,A,-,N,NA,NA,NA,NA,NA,NA,NA,NA,NA,N,4,0,1,2,A,-,07,21658,A,N,B,C,A,A,H,-,A,D,0,NA,NA,NA,NA,Y,NA,A,01,0,0,1,0,0,0,0,0,0,-,-,33.699981689453125,-117.88549041748048,ORANGE,SANTA ANA,-117.88516235351563,33.699920654296875
8192133,2016,2016-12-28,3001,2016-12-09,1823,415,NA,5,5,7,3001,0,0,0,NA,0,0D2,EAST VERMONT AV,SOUTH EAST ST,0,NA,Y,A,-,N,NA,NA,NA,NA,NA,NA,NA,NA,NA,Y,4,0,2,2,A,-,09,21801,A,N,A,C,A,A,H,-,C,A,0,NA,NA,NA,NA,Y,NA,A,08,0,0,2,0,0,0,0,0,0,-,-,NA,NA,ORANGE,ANAHEIM,-117.89857006,33.82575002
81922000,2022,2022-11-21,3015,2022-11-15,0247,1534,NA,2,5,6,3015,0,0,0,NA,0,145,GLASSELL ST,CHAPMAN AVE,0,NA,Y,A,-,N,NA,NA,NA,NA,NA,NA,NA,NA,NA,Y,4,0,1,1,A,-,03,22350,NA,N,E,I,A,A,H,-,C,D,0,NA,NA,NA,NA,Y,NA,A,01,0,0,1,0,0,0,0,0,0,-,-,NA,NA,ORANGE,ORANGE,-117.85291290283205,33.78773880004883
81922060,2022,2022-11-21,3019,2022-11-11,1808,3720,SC,5,5,7,3019,0,0,0,NA,0,004,BRISTOL STREET,ALTON AVENUE,500,S,N,A,-,N,NA,NA,NA,NA,NA,NA,NA,NA,NA,N,4,0,5,3,A,-,03,22350,NA,N,C,C,A,A,H,-,C,A,0,NA,NA,NA,NA,Y,NA,A,07,0,0,5,0,0,0,0,0,0,-,-,33.703651428222656,-117.88542938232422,ORANGE,SANTA ANA,-117.8854522705078,33.70231246948242
81925994,2022,2022-11-24,3010,2022-11-14,1636,2012,292,1,5,6,3010,0,0,0,NA,0,005,BEACH BL - SR39,TALBERT AVE,42,S,N,A,-,Y,ORA,NA,39,NA,NA,3.611,H,NA,R,N,4,0,1,2,A,-,03,22350,NA,N,C,C,A,A,H,-,A,A,0,NA,NA,NA,NA,Y,NA,A,01,0,0,1,0,0,0,0,0,0,-,-,33.70122146606445,-117.98912048339844,ORANGE,HUNTINGTON BEACH,-117.98906707763672,33.70122146606445
81927299,2022,2022-11-28,3008,2022-09-27,1049,1573,ZONE,2,5,6,3008,0,0,0,NA,0,NA,PLACENTIA AVE,CEDARBROOK DR,0,NA,Y,A,-,N,NA,NA,NA,NA,NA,NA,NA,NA,NA,Y,4,0,1,2,A,-,09,21804,A,N,D,C,A,A,H,-,A,A,0,NA,NA,NA,Y,Y,NA,F,27,0,0,1,0,0,0,0,0,0,-,-,NA,NA,ORANGE,FULLERTON,-117.87430572509766,33.9066276550293
81928350,2022,2022-11-29,3001,2022-11-18,1712,A2312,D-4,5,5,7,3001,0,0,0,NA,0,D-4,LA PALMA AVENUE,KRAEMER BOULEVARD,350,E,N,A,-,N,NA,NA,NA,NA,NA,NA,NA,NA,NA,N,4,0,1,2,A,-,03,22350,NA,M,C,C,A,A,H,-,B,A,0,NA,NA,NA,NA,Y,NA,A,01,0,0,1,0,0,0,0,0,0,-,-,NA,NA,ORANGE,ANAHEIM,-117.85620880126952,33.85142517089844
81929462,2022,2022-11-29,3014,2022-11-23,2219,1503,RD39,3,5,5,3014,0,0,0,NA,0,A3,SR-1 (E. COAST HWY),AVOCADO AVE,196,E,N,A,-,Y,NA,NA,NA,NA,NA,NA,NA,NA,NA,N,3,0,1,2,A,-,03,22350,NA,M,H,G,A,A,H,-,C,D,0,NA,Y,NA,NA,Y,NA,A,07,0,1,0,0,0,0,1,0,0,-,-,33.605289459228516,-117.87509918212892,ORANGE,NEWPORT BEACH,-117.87551879882813,33.605308532714844
81929719,2022,2022-11-30,3015,2022-11-16,1051,1563,RD 36,3,5,6,3015,0,0,0,NA,0,731M,KATELLA AVE,RT 55 SB ONRAMP,50,W,N,A,-,N,NA,NA,NA,NA,NA,NA,NA,NA,NA,Y,4,0,1,4,A,-,03,22350,NA,N,C,C,A,A,H,-,A,A,0,NA,NA,NA,Y,Y,NA,-,-,0,0,1,0,0,0,0,0,0,-,-,33.80989074707031,-117.83284759521484,ORANGE,ORANGE,-117.83290100097656,33.80995559692383
81929723,2022,2022-11-30,3015,2022-11-19,1111,1240,RD87,6,5,6,3015,0,0,0,NA,0,723M,TAFT AVE,SANTIAGO BLVD,0,NA,Y,A,-,N,NA,NA,NA,NA,NA,NA,NA,NA,NA,Y,4,0,2,2,A,-,12,21453,A,N,D,C,A,A,H,-,A,A,0,NA,NA,NA,NA,Y,NA,A,07,0,0,2,0,0,0,0,0,0,-,-,33.81769943237305,-117.82331848144533,ORANGE,ORANGE,-117.82324981689452,33.81768798828125
81935278,2022,2022-12-06,3026,2022-11-11,1503,4779,NA,5,5,6,3026,0,0,0,NA,0,003,TURTLE ROCK DR,SOUTHERN WOOD,241,S,N,A,-,N,NA,NA,NA,NA,NA,NA,NA,NA,NA,N,3,0,1,2,A,-,09,21801,A,N,D,G,A,A,H,-,A,D,0,NA,Y,NA,NA,Y,NA,A,01,0,1,0,0,0,0,1,0,0,-,-,33.63433837890625,-117.80557250976563,ORANGE,IRVINE,-117.80609893798828,33.63391876220703
81935742,2022,2022-12-07,3015,2022-11-29,1230,1698,RD27,2,5,6,3015,0,0,0,NA,0,720M,BLUERIDGE AVE,NEVILLE ST,418,E,N,A,-,N,NA,NA,NA,NA,NA,NA,NA,NA,NA,N,4,0,1,2,A,-,08,22107,NA,N,D,C,A,A,H,-,A,D,0,NA,NA,NA,NA,Y,NA,A,07,0,0,1,0,0,0,0,0,0,-,-,33.819000244140625,-117.85706329345705,ORANGE,ORANGE,-117.8557357788086,33.81864929199219
81935748,2022,2022-12-07,3001,2022-12-04,1420,A2766,D-2,7,5,7,3001,0,0,0,NA,0,021,EUCLID STREET,CRESCENT AVENUE,0,NA,Y,A,-,N,NA,NA,NA,NA,NA,NA,NA,NA,NA,N,4,0,1,2,A,-,03,22350,NA,N,C,C,A,A,H,-,A,A,0,NA,NA,NA,NA,Y,NA,A,01,0,0,1,0,0,0,0,0,0,-,-,33.83998107910156,-117.94154357910156,ORANGE,ANAHEIM,-117.94159698486328,33.83980178833008
81937983,2022,2022-12-09,3010,2022-12-02,0149,2056,151,5,5,6,3010,0,0,0,NA,0,008,PACIFIC COAST HWY - SR1,ANDERSON ST (W),10,S,N,B,-,Y,ORA,NA,1,NA,NA,31.111,H,NA,R,Y,3,0,2,1,A,-,01,23152,A,N,E,I,A,B,H,-,C,A,0,NA,NA,NA,NA,Y,Y,A,01,0,1,1,0,0,0,0,0,0,-,-,33.72465133666992,-118.07781219482422,ORANGE,HUNTINGTON BEACH,-118.07785034179688,33.72458267211914
8193813,2016,2017-01-13,3001,2016-12-11,2041,415,NA,7,5,7,3001,0,0,0,NA,0,0D2,EAST LA PALMA AV,NORTH EAST ST,0,NA,Y,A,-,N,NA,NA,NA,NA,NA,NA,NA,NA,NA,Y,4,0,4,3,A,-,12,21453,A,N,D,C,A,A,H,-,C,A,0,NA,NA,NA,NA,Y,NA,A,01,0,0,4,0,0,0,0,0,0,-,-,NA,NA,ORANGE,ANAHEIM,-117.90570008,33.84729004
81940428,2022,2022-12-13,3001,2022-12-06,0652,A1218,NA,2,5,7,3001,0,0,0,NA,0,D-2,LA PALMA AVENUE,WEST STREET (W),17,E,N,B,-,N,NA,NA,NA,NA,NA,NA,NA,NA,NA,N,3,0,3,2,A,-,08,22107,NA,N,E,I,A,B,H,-,A,A,0,NA,NA,NA,NA,Y,NA,A,01,0,1,2,0,0,0,0,0,0,-,-,33.8472900390625,-117.93212890625,ORANGE,ANAHEIM,-117.93214416503906,33.84716033935547
81940431,2022,2022-12-13,3001,2022-12-08,2020,A1047,NA,4,5,7,3001,0,0,0,NA,0,D-4,LA PALMA AVENUE,IMPERIAL HIGHWAY (W),15,E,N,A,-,Y,NA,NA,NA,NA,NA,NA,NA,NA,NA,N,2,0,1,2,A,-,10,21950,A,M,G,B,B,A,H,-,A,A,0,Y,NA,NA,NA,Y,NA,A,01,1,0,0,0,1,0,0,0,0,-,-,NA,NA,ORANGE,ANAHEIM,-117.79049682617188,33.85963439941406
81943911,2022,2022-12-16,3015,2022-11-18,2019,1675,NA,5,5,6,3015,0,0,0,NA,0,NA,MAIN ST,KATELLA AVE,211,N,N,A,-,N,NA,NA,NA,NA,NA,NA,NA,NA,NA,N,4,0,1,2,A,-,08,22107,NA,N,B,C,A,A,H,-,C,D,0,NA,NA,NA,NA,Y,NA,A,01,0,0,1,0,0,0,0,0,0,-,-,33.8089714050293,-117.8672103881836,ORANGE,ORANGE,-117.86709594726563,33.809539794921875
81943940,2022,2022-12-16,3001,2022-12-12,1413,A1218,NA,1,5,7,3001,0,0,0,NA,0,D-1,LINCOLN AVENUE,EUCLID STREET,16,W,N,A,-,N,NA,NA,NA,NA,NA,NA,NA,NA,NA,N,4,0,1,2,A,-,05,21650,1,N,D,G,A,A,H,-,A,A,0,NA,Y,NA,NA,Y,NA,L,04,0,0,1,0,0,0,1,0,0,-,-,33.83272171020508,-117.94159698486328,ORANGE,ANAHEIM,-117.94153594970705,33.83243942260742
81943999,2022,2022-12-16,3010,2022-12-13,0553,1208,261,2,5,6,3010,0,0,0,NA,0,007,GOLDENWEST ST,HEIL AVE,137,S,N,A,-,N,NA,NA,NA,NA,NA,NA,NA,NA,NA,Y,4,0,1,2,A,-,09,21801,A,N,D,C,A,A,H,-,B,D,0,NA,NA,NA,NA,Y,NA,D,22,0,0,1,0,0,0,0,0,0,-,-,33.72188949584961,-118.006591796875,ORANGE,HUNTINGTON BEACH,-118.00666809082033,33.722434997558594
81945385,2022,2022-12-19,3002,2022-11-28,1515,1671,NA,1,5,4,3002,0,0,0,NA,0,014,IMPERIAL HY,STATE COLLEGE BL,0,NA,Y,A,-,Y,ORA,NA,90,NA,NA,5.191,H,NA,L,Y,3,0,1,2,A,-,12,21453,A,N,C,C,A,A,H,-,A,A,0,NA,NA,Y,NA,Y,NA,A,07,0,1,0,0,0,0,0,0,1,-,-,33.911869049072266,-117.88790130615234,ORANGE,BREA,-117.88787078857422,33.91192626953125
81947755,2022,2022-12-21,3008,2022-11-02,1549,1484,ZONE,3,5,6,3008,0,0,0,NA,0,NA,STATE COLLEGE BLVD,MELODY LN,0,NA,Y,A,-,N,NA,NA,NA,NA,NA,NA,NA,NA,NA,Y,3,0,1,2,A,-,09,21801,A,N,D,C,A,A,H,-,A,A,0,NA,NA,Y,NA,Y,NA,A,01,0,1,0,0,0,0,0,0,1,-,-,NA,NA,ORANGE,FULLERTON,-117.8897705078125,33.882568359375
8194869,2016,2017-01-23,3001,2016-12-29,0037,415,NA,4,5,7,3001,0,0,0,NA,0,0D1,SOUTH BROOKHURST ST,STONYBROOK DR,7,S,N,A,-,N,NA,NA,NA,NA,NA,NA,NA,NA,NA,Y,4,0,1,2,A,-,08,22100,B,N,B,C,A,A,H,-,C,D,0,NA,NA,NA,NA,Y,NA,A,01,0,0,1,0,0,0,0,0,0,-,-,NA,NA,ORANGE,ANAHEIM,-117.95894,33.82173081
81950802,2022,2022-12-23,3001,2022-12-10,1854,A1047,NA,6,5,7,3001,0,0,0,NA,0,D-4,LAKEVIEW AVENUE,WB 91 OFF RAMP,70,S,N,A,-,Y,NA,NA,NA,NA,NA,NA,NA,NA,NA,Y,3,0,1,2,A,-,07,21658,A,N,B,C,A,A,H,-,C,A,0,NA,NA,Y,NA,Y,NA,C,02,0,1,0,0,0,0,0,0,0,-,-,NA,NA,ORANGE,ANAHEIM,NA,NA
81952604,2022,2022-12-27,3008,2022-11-14,1635,1547,ZONE,1,5,6,3008,0,0,0,NA,0,NA,ACACIA AVE,ORANGETHORPE AVE,0,NA,Y,A,-,N,NA,NA,NA,NA,NA,NA,NA,NA,NA,Y,3,0,1,2,A,-,03,22350,NA,F,C,C,A,A,H,-,A,A,0,NA,NA,NA,NA,Y,NA,A,01,0,1,0,0,0,0,0,0,0,-,-,NA,NA,ORANGE,FULLERTON,-117.8980712890625,33.85963821411133
81955112,2022,2022-12-29,3024,2022-10-21,0743,503,P-05,5,5,5,3024,0,0,0,NA,0,WEST,BESTEL AVENUE,CEDAR STREET,37,W,N,A,-,N,NA,NA,NA,NA,NA,NA,NA,NA,NA,N,4,0,1,2,A,-,11,21954,A,N,G,B,D,A,H,-,A,D,0,Y,NA,NA,NA,Y,NA,N,60,0,0,1,0,1,0,0,0,0,-,-,33.7681884765625,-118.00446319580078,ORANGE,WESTMINSTER,-118.00446319580078,33.76820755004883
81955218,2022,2022-12-29,3026,2022-12-06,1705,628,NA,2,5,6,3026,0,0,0,NA,0,005,E. YALE LOOP,ALDERWOOD,0,NA,Y,A,-,N,NA,NA,NA,NA,NA,NA,NA,NA,NA,N,3,0,1,2,D,-,00,NA,NA,M,G,G,A,A,H,-,B,A,0,NA,Y,NA,NA,Y,NA,-,-,0,1,0,0,0,0,1,0,0,-,-,NA,NA,ORANGE,IRVINE,-117.7852020263672,33.68037414550781
81956076,2022,2022-12-30,3010,2022-12-24,1623,2090,NA,6,5,6,3010,0,0,0,NA,0,NA,BEACH SERVICE ROAD,14TH STREET,176,S,N,A,-,N,NA,NA,NA,NA,NA,NA,NA,NA,NA,N,3,0,2,2,A,-,03,22350,NA,N,D,G,A,A,B,-,A,D,0,NA,Y,NA,NA,Y,NA,M,91,0,2,0,0,0,0,2,0,0,-,-,NA,NA,ORANGE,HUNTINGTON BEACH,-117.98951721191406,33.756038665771484
81957009,2022,2023-01-02,3024,2022-10-31,0743,502,P-28,1,5,5,3024,0,0,0,NA,0,EAST,HAZARD AVENUE,GALWAY STREET,166,E,N,A,-,N,NA,NA,NA,NA,NA,NA,NA,NA,NA,N,4,0,2,3,A,-,03,22350,NA,N,C,C,A,A,H,-,A,D,0,NA,NA,NA,NA,Y,NA,A,01,0,0,2,0,0,0,0,0,0,-,-,33.751121520996094,-117.96543884277344,ORANGE,WESTMINSTER,-117.962158203125,33.752220153808594
81957236,2022,2023-01-02,3019,2022-12-07,1345,3449,SE,3,5,7,3019,0,0,0,NA,0,003,MAIN STREET,MYRTLE STREET,100,S,N,A,-,N,NA,NA,NA,NA,NA,NA,NA,NA,NA,N,4,0,1,2,A,-,08,22107,NA,N,C,E,A,A,H,-,A,D,0,NA,NA,NA,NA,Y,NA,A,07,0,0,1,0,0,0,0,0,0,-,-,33.74076843261719,-117.8678970336914,ORANGE,SANTA ANA,-117.86769104003906,33.74128723144531
81957334,2022,2023-01-02,3019,2022-12-24,1622,3702,SC,6,5,7,3019,0,0,0,NA,0,004,BAKER STREET,BROOK STREET,122,S,N,A,-,N,NA,NA,NA,NA,NA,NA,NA,NA,NA,N,4,0,2,2,A,-,09,21804,A,N,D,C,A,A,H,-,A,D,0,NA,NA,NA,NA,Y,NA,A,01,0,0,2,0,0,0,0,0,0,-,-,33.7357292175293,-117.88326263427734,ORANGE,SANTA ANA,-117.88294982910156,33.73597717285156
81957577,2022,2023-01-02,3024,2022-10-18,0824,510,P-20,2,5,5,3024,0,0,0,NA,0,EAST,WESTMINSTER BOULEVARD,BUSHARD STREET,0,NA,Y,A,-,N,NA,NA,NA,NA,NA,NA,NA,NA,NA,Y,4,0,1,2,A,-,09,21801,A,N,A,C,A,A,H,-,A,A,0,NA,NA,NA,NA,Y,NA,D,22,0,0,1,0,0,0,0,0,0,-,-,33.75933837890625,-117.96336364746094,ORANGE,WESTMINSTER,-117.96363067626952,33.75947570800781
81957703,2022,2023-01-02,3014,2022-11-26,2259,1602,RD31,6,5,5,3014,0,0,0,NA,0,A2,IRVINE AVE,HEATHER LN,0,NA,Y,A,-,N,NA,NA,NA,NA,NA,NA,NA,NA,NA,Y,3,0,1,1,A,-,01,23152,A,N,F,A,A,A,H,-,C,D,0,NA,NA,Y,NA,Y,Y,C,02,0,1,0,0,0,0,0,0,1,-,-,33.64699172973633,-117.89299774169922,ORANGE,NEWPORT BEACH,-117.89305877685548,33.64641189575195
81958857,2022,2023-01-03,3014,2022-12-13,1519,1508,RD39,2,5,5,3014,0,0,0,NA,0,A2,NEWPORT CENTER DRIVE,SANTA BARBARA DRIVE,14.7,S,N,A,-,N,NA,NA,NA,NA,NA,NA,NA,NA,NA,Y,2,0,1,2,A,-,10,21950,NA,N,A,B,B,A,H,-,A,A,0,Y,NA,NA,NA,Y,NA,A,01,1,0,0,0,1,0,0,0,0,-,-,33.61698913574219,-117.87860107421876,ORANGE,NEWPORT BEACH,-117.87865447998048,33.61716079711914
81959114,2022,2023-01-04,3026,2022-12-17,1130,605,NA,6,5,6,3026,0,0,0,NA,0,008,JEFFREY,HIDEAWAY,312.11,N,N,A,-,N,NA,NA,NA,NA,NA,NA,NA,NA,NA,Y,2,0,1,2,A,-,03,22350,NA,N,C,C,A,A,H,-,A,A,0,NA,NA,NA,NA,Y,NA,A,07,1,0,0,0,0,0,0,0,0,-,-,NA,NA,ORANGE,IRVINE,-117.75857543945313,33.69991683959961
81962870,2022,2023-01-09,3026,2022-12-27,1251,625,NA,2,5,6,3026,0,0,0,NA,0,004,SAND CANYON AVE,BURT RD,242,N,N,A,-,N,NA,NA,NA,NA,NA,NA,NA,NA,NA,Y,4,0,1,1,C,-,18,NA,NA,N,E,I,A,A,H,-,A,A,0,NA,NA,NA,NA,Y,NA,-,-,0,0,1,0,0,0,0,0,0,-,-,33.675819396972656,-117.75894927978516,ORANGE,IRVINE,-117.75887298583984,33.67744827270508
81966132,2023,2023-01-11,3026,2023-01-07,1732,665,NA,6,5,6,3026,0,0,0,NA,0,008,YALE AVENUE,ROOSEVELT,0,NA,Y,A,-,N,NA,NA,NA,NA,NA,NA,NA,NA,NA,N,3,0,1,2,A,-,11,21456,B,N,G,B,A,A,H,-,C,A,0,NA,NA,NA,NA,Y,NA,M,93,0,1,0,0,0,0,0,0,0,-,-,NA,NA,ORANGE,IRVINE,-117.77330780029295,33.701759338378906
81966385,2022,2023-01-12,3024,2022-11-08,0609,501,P-13,2,5,5,3024,0,0,0,NA,0,EAST,NEWLAND STREET,TRASK AVENUE,0,NA,Y,C,-,N,NA,NA,NA,NA,NA,NA,NA,NA,NA,N,4,0,1,2,A,-,12,21453,A,N,A,C,A,B,H,-,A,A,0,NA,NA,NA,NA,Y,NA,D,22,0,0,1,0,0,0,0,0,0,-,-,33.76670837402344,-117.98068237304688,ORANGE,WESTMINSTER,-117.98108673095705,33.7666130065918
81966668,2022,2023-01-12,3007,2022-12-13,0625,304,23,2,5,5,3007,0,0,0,NA,0,001,HEIL,ALMOND,78,E,N,A,-,N,NA,NA,NA,NA,NA,NA,NA,NA,NA,N,2,0,1,2,A,-,17,21208,B,N,C,G,A,A,H,-,B,D,0,NA,Y,NA,NA,Y,NA,L,04,1,0,0,0,0,0,1,0,0,-,-,NA,NA,ORANGE,FOUNTAIN VALLEY,-117.9692611694336,33.72316360473633
81968609,2022,2023-01-16,3016,2022-12-23,1643,1285,21,5,5,5,3016,0,0,0,NA,0,002,ORANGETHORPE AVENUE,IOWA PLACE,0,NA,Y,A,-,N,NA,NA,NA,NA,NA,NA,NA,NA,NA,N,4,0,1,2,A,-,03,22350,NA,N,C,C,A,A,H,-,B,A,0,NA,NA,NA,NA,Y,NA,A,01,0,0,1,0,0,0,0,0,0,-,-,33.86104965209961,-117.87859344482422,ORANGE,PLACENTIA,-117.87834930419922,33.8609504699707
81969296,2022,2023-01-17,3008,2022-12-01,0431,1658,ZONE,4,5,6,3008,0,0,0,NA,0,NA,MAGNOLIA AVE,ORANGETHORPE AVE,0,NA,Y,A,-,N,NA,NA,NA,NA,NA,NA,NA,NA,NA,Y,4,0,1,2,D,-,00,NA,NA,N,D,D,A,A,H,-,C,A,0,NA,NA,NA,NA,Y,NA,-,-,0,0,1,0,0,0,0,0,0,-,-,NA,NA,ORANGE,FULLERTON,-117.97628021240234,33.859107971191406
8197011,2016,2017-01-04,3022,2016-12-14,1723,1193,SOUTH,3,5,5,3022,0,0,0,NA,0,NA,TUSTIN RANCH RD,EDINGER AV,783,N,N,A,-,N,NA,NA,NA,NA,NA,NA,NA,NA,NA,Y,4,0,1,3,A,-,03,22350,NA,N,C,C,A,A,H,-,C,D,0,NA,NA,NA,NA,Y,NA,D,22,0,0,1,0,0,0,0,0,0,-,-,33.71347,-117.814,ORANGE,TUSTIN,-117.81404,33.71334
81970316,2023,2023-01-18,3001,2023-01-15,1846,A2417,D-2,7,5,7,3001,0,0,0,NA,0,D-2,LA PALMA AVENUE,STATE COLLEGE BOULEVARD,15,W,N,C,-,N,NA,NA,NA,NA,NA,NA,NA,NA,NA,N,3,0,1,2,A,-,10,21950,A,F,G,B,B,B,H,-,C,A,0,Y,NA,NA,NA,Y,NA,A,01,0,1,0,0,1,0,0,0,0,-,-,33.847259521484375,-117.88919830322266,ORANGE,ANAHEIM,-117.88935089111328,33.847259521484375
81973621,2022,2023-01-23,3024,2022-11-12,1817,530,P-17,6,5,5,3024,0,0,0,NA,0,WEST,GOLDENWEST STREET,MAIN STREET,0,NA,Y,A,-,N,NA,NA,NA,NA,NA,NA,NA,NA,NA,N,3,0,1,2,A,-,11,21954,A,N,G,B,B,A,H,-,C,A,0,Y,NA,NA,NA,Y,NA,A,08,0,1,0,0,1,0,0,0,0,-,-,33.7554817199707,-118.0072021484375,ORANGE,WESTMINSTER,-118.00711822509766,33.755470275878906
81974054,2022,2023-01-23,3024,2022-12-15,1430,502,P-19,4,5,5,3024,0,0,0,NA,0,EAST,NEWLAND STREET,HAZARD AVENUE,3,N,N,A,-,N,NA,NA,NA,NA,NA,NA,NA,NA,NA,N,4,0,1,2,A,-,10,21950,A,F,G,B,B,A,H,-,A,A,0,Y,NA,NA,NA,Y,NA,A,01,0,0,1,0,1,0,0,0,0,-,-,33.75123977661133,-117.98372650146484,ORANGE,WESTMINSTER,-117.98094940185548,33.752098083496094
81977426,2022,2023-01-26,3026,2022-12-27,1047,701,NA,2,5,6,3026,0,0,0,NA,0,002,JAMBOREE RD,405 NORTHBOUND EXIT,0,NA,Y,B,-,N,NA,NA,NA,NA,NA,NA,NA,NA,NA,Y,3,0,2,2,A,-,12,21453,A,N,D,C,A,A,H,-,A,A,0,NA,NA,NA,NA,Y,NA,A,01,0,2,0,0,0,0,0,0,0,-,-,NA,NA,ORANGE,IRVINE,NA,NA
81977656,2022,2023-01-26,3019,2022-12-29,0857,3439,NE,4,5,7,3019,0,0,0,NA,0,002,GRAND AVENUE,21ST STREET,0,NA,Y,A,-,N,NA,NA,NA,NA,NA,NA,NA,NA,NA,N,2,0,1,3,A,-,12,21453,A,N,D,G,A,A,H,-,A,A,0,NA,Y,NA,NA,Y,NA,L,04,1,0,0,0,0,0,1,0,0,-,-,33.76251983642578,-117.85150909423828,ORANGE,SANTA ANA,-117.85173034667967,33.76350784301758
81977694,2023,2023-01-26,3019,2023-01-04,857,3637,WE,3,5,7,3019,0,0,0,NA,0,001,17TH STREET,COLLEGE AVENUE,12,E,N,B,-,N,NA,NA,NA,NA,NA,NA,NA,NA,NA,Y,3,0,2,3,A,-,03,22350,NA,N,C,C,A,B,H,-,A,A,0,NA,NA,NA,NA,Y,NA,A,01,0,1,1,0,0,0,0,0,0,-,-,33.76007080078125,-117.8917236328125,ORANGE,SANTA ANA,-117.89160919189452,33.7599983215332
8197892,2016,2017-01-05,3026,2016-12-02,2218,560,CROSS,5,5,6,3026,0,0,0,NA,0,00C,WEST YALE LOOP,MAIN,0,S,N,G,-,N,NA,NA,NA,NA,NA,NA,NA,NA,NA,Y,3,0,1,2,A,-,12,21453,A,N,C,C,A,A,H,-,C,A,0,NA,NA,Y,NA,Y,NA,C,02,0,1,0,0,0,0,0,0,1,-,-,NA,NA,ORANGE,IRVINE,-117.81409005,33.67439006
81979965,2023,2023-01-27,3001,2023-01-23,1717,A2382,NA,1,5,7,3001,0,0,0,NA,0,D-4,LA PALMA AVENUE,SHEPARD STREET,308,E,N,A,-,N,NA,NA,NA,NA,NA,NA,NA,NA,NA,N,4,0,1,2,A,-,09,21804,A,N,B,C,A,A,H,-,C,D,0,NA,NA,NA,Y,Y,NA,A,01,0,0,1,0,0,0,0,0,0,-,-,NA,NA,ORANGE,ANAHEIM,-117.85205841064452,33.85244369506836
81982504,2022,2023-01-31,3015,2022-12-03,1450,1694,NA,6,5,6,3015,0,0,0,NA,0,NA,WALNUT AVE,CYPRESS ST,0,NA,Y,A,-,N,NA,NA,NA,NA,NA,NA,NA,NA,NA,Y,4,0,2,2,A,-,09,21802,A,N,D,C,A,A,H,-,A,A,0,NA,NA,NA,NA,Y,NA,A,01,0,0,2,0,0,0,0,0,0,-,-,33.795040130615234,-117.85636138916016,ORANGE,ORANGE,-117.85636901855467,33.79509735107422
81982642,2022,2023-01-31,3008,2022-11-14,0847,1582,ZONE,1,5,6,3008,0,0,0,NA,0,NA,RAYMOND AVE,WILSHIRE AVE,0,NA,Y,A,-,N,NA,NA,NA,NA,NA,NA,NA,NA,NA,Y,4,0,1,2,A,-,12,21453,A,F,D,C,A,A,H,-,A,A,0,NA,NA,NA,NA,Y,Y,A,07,0,0,1,0,0,0,0,0,0,-,-,NA,NA,ORANGE,FULLERTON,-117.9070053100586,33.87248229980469
81982645,2022,2023-01-31,3008,2022-12-14,1417,1159,ZONE,3,5,6,3008,0,0,0,NA,0,NA,COMMONWEALTH AVE,GILBERT ST,738,E,N,A,-,N,NA,NA,NA,NA,NA,NA,NA,NA,NA,Y,4,0,1,2,A,-,03,22350,NA,N,C,C,A,A,H,-,A,D,0,NA,NA,NA,NA,Y,NA,A,01,0,0,1,0,0,0,0,0,0,-,-,NA,NA,ORANGE,FULLERTON,-117.9657974243164,33.87007141113281