CASE_ID,ACCIDENT_YEAR,PROC_DATE,JURIS,COLLISION_DATE,COLLISION_TIME,OFFICER_ID,REPORTING_DISTRICT,DAY_OF_WEEK,CHP_SHIFT,POPULATION,CNTY_CITY_LOC,SPECIAL_COND,BEAT_TYPE,CHP_BEAT_TYPE,CITY_DIVISION_LAPD,CHP_BEAT_CLASS,BEAT_NUMBER,PRIMARY_RD,SECONDARY_RD,DISTANCE,DIRECTION,INTERSECTION,WEATHER_1,WEATHER_2,STATE_HWY_IND,CALTRANS_COUNTY,CALTRANS_DISTRICT,STATE_ROUTE,ROUTE_SUFFIX,POSTMILE_PREFIX,POSTMILE,LOCATION_TYPE,RAMP_INTERSECTION,SIDE_OF_HWY,TOW_AWAY,COLLISION_SEVERITY,NUMBER_KILLED,NUMBER_INJURED,PARTY_COUNT,PRIMARY_COLL_FACTOR,PCF_CODE_OF_VIOL,PCF_VIOL_CATEGORY,PCF_VIOLATION,PCF_VIOL_SUBSECTION,HIT_AND_RUN,TYPE_OF_COLLISION,MVIW,PED_ACTION,ROAD_SURFACE,ROAD_COND_1,ROAD_COND_2,LIGHTING,CONTROL_DEVICE,CHP_ROAD_TYPE,PEDESTRIAN_ACCIDENT,BICYCLE_ACCIDENT,MOTORCYCLE_ACCIDENT,TRUCK_ACCIDENT,NOT_PRIVATE_PROPERTY,ALCOHOL_INVOLVED,STWD_VEHTYPE_AT_FAULT,CHP_VEHTYPE_AT_FAULT,COUNT_SEVERE_INJ,COUNT_VISIBLE_INJ,COUNT_COMPLAINT_PAIN,COUNT_PED_KILLED,COUNT_PED_INJURED,COUNT_BICYCLIST_KILLED,COUNT_BICYCLIST_INJURED,COUNT_MC_KILLED,COUNT_MC_INJURED,PRIMARY_RAMP,SECONDARY_RAMP,LATITUDE,LONGITUDE,COUNTY,CITY,POINT_X,POINT_Y
82197785,2023,2023-10-12,3014,2023-09-30,1205,1555,OUT,6,5,5,3014,0,0,0,NA,0,NA,DIRT LOT WEST OF 2128 MESA DR,MESA DR,272,S,N,A,-,N,NA,NA,NA,NA,NA,NA,NA,NA,NA,N,2,0,1,1,D,-,00,NA,NA,N,H,A,A,A,B,-,A,D,0,NA,NA,NA,NA,Y,NA,-,-,1,0,0,0,0,0,0,0,0,-,-,33.65480041503906,-117.88008880615234,ORANGE,NEWPORT BEACH,NA,NA
82197923,2023,2023-10-13,3001,2023-10-06,1645,A2881,D-1,5,5,7,3001,0,0,0,NA,0,D-1,LINCOLN AVENUE,TERI CIRCLE,130,W,N,A,-,N,NA,NA,NA,NA,NA,NA,NA,NA,NA,Y,4,0,1,8,A,-,08,22107,NA,N,B,C,A,A,H,-,A,D,0,NA,NA,NA,Y,Y,NA,A,01,0,0,1,0,0,0,0,0,0,-,-,33.83190155029297,-117.9872817993164,ORANGE,ANAHEIM,NA,NA
82198024,2023,2023-10-13,3019,2023-10-03,1752,2595,SE,2,5,7,3019,0,0,0,NA,0,002,CHESTNUT AVENUE,ELK LANE,0,NA,Y,-,-,N,NA,NA,NA,NA,NA,NA,NA,NA,NA,N,4,0,1,2,A,-,09,21804,A,M,B,C,A,A,H,-,A,A,0,NA,NA,NA,NA,Y,NA,A,01,0,0,1,0,0,0,0,0,0,-,-,33.74087142944336,-117.8439712524414,ORANGE,SANTA ANA,-117.84376525878906,33.74196243286133
82198042,2023,2023-10-13,3019,2023-10-09,1104,3382,SE,1,5,7,3019,0,0,0,NA,0,003,BROADWAY,WALNUT STREET,0,NA,Y,A,-,N,NA,NA,NA,NA,NA,NA,NA,NA,NA,Y,4,0,1,2,C,-,18,NA,NA,N,D,C,A,A,H,-,A,B,0,NA,NA,NA,NA,Y,NA,-,-,0,0,1,0,0,0,0,0,0,-,-,33.74430847167969,-117.86952209472656,ORANGE,SANTA ANA,-117.86974334716795,33.744384765625
82198166,2023,2023-10-13,3002,2023-09-11,1308,1698,NA,1,5,4,3002,0,0,0,NA,0,012,LAMBERT RD,WILDCAT WY,0,NA,Y,A,-,N,NA,NA,NA,NA,NA,NA,NA,NA,NA,Y,3,0,1,2,A,-,12,21453,A,N,D,C,A,A,H,-,A,A,0,NA,NA,NA,NA,Y,NA,A,01,0,1,0,0,0,0,0,0,0,-,-,33.92531967163086,-117.87528228759766,ORANGE,BREA,-117.87525939941406,33.92549133300781
82201736,2023,2023-10-18,3001,2023-10-15,2244,A1047,NA,7,5,7,3001,0,0,0,NA,0,D-2,LINCOLN AVENUE,STATE COLLEGE BOULEVARD,160,E,N,A,-,N,NA,NA,NA,NA,NA,NA,NA,NA,NA,Y,4,0,2,3,A,-,03,22350,NA,N,C,C,A,A,H,-,C,A,0,NA,NA,NA,NA,Y,NA,A,01,0,0,2,0,0,0,0,0,0,-,-,NA,NA,ORANGE,ANAHEIM,-117.88881683349608,33.83992385864258
82203004,2023,2023-10-19,3001,2023-10-17,1715,A2461,D-4,2,5,7,3001,0,0,0,NA,0,D-4,IMPERIAL HIGHWAY,LA PALMA AVENUE (E),482,S,N,A,-,N,NA,NA,NA,NA,NA,NA,NA,NA,NA,N,4,0,1,5,A,-,03,22350,NA,N,C,C,A,A,H,-,A,A,0,NA,NA,NA,NA,Y,NA,D,22,0,0,1,0,0,0,0,0,0,-,-,NA,NA,ORANGE,ANAHEIM,-117.79052734375,33.858299255371094
82222408,2023,2023-10-30,3010,2023-10-26,812,3194,431,4,5,6,3010,0,0,0,NA,0,004,MAIN ST,CLAY AVE,324,S,N,A,-,N,NA,NA,NA,NA,NA,NA,NA,NA,NA,N,3,0,1,1,A,-,08,22107,NA,N,H,I,A,A,H,-,A,D,0,NA,Y,NA,NA,Y,NA,L,04,0,1,0,0,0,0,1,0,0,-,-,33.68309020996094,-118.0007095336914,ORANGE,HUNTINGTON BEACH,-118.00106048583984,33.682186126708984
82222587,2023,2023-10-30,3022,2023-09-22,2232,1260,NORTH,5,5,5,3022,0,0,0,NA,0,NA,NEWPORT AV,1ST ST,54,N,N,A,-,N,NA,NA,NA,NA,NA,NA,NA,NA,NA,N,4,0,1,2,A,-,03,22350,NA,N,C,C,A,A,H,-,C,A,0,NA,NA,NA,NA,Y,NA,A,07,0,0,1,0,0,0,0,0,0,-,-,33.74515914916992,-117.81449127197266,ORANGE,TUSTIN,-117.81466674804688,33.745574951171875
82223689,2023,2023-10-31,3001,2023-10-27,2004,A1047,NA,5,5,7,3001,0,0,0,NA,0,D-3,BALL ROAD,SUNKIST STREET,0,S,Y,A,-,N,NA,NA,NA,NA,NA,NA,NA,NA,NA,Y,3,0,3,2,A,-,12,21453,A,N,A,C,A,A,H,-,C,D,0,NA,NA,NA,NA,Y,NA,D,22,0,3,0,0,0,0,0,0,0,-,-,NA,NA,ORANGE,ANAHEIM,-117.88056182861328,33.8181037902832
82226011,2023,2023-11-06,3015,2023-10-22,2040,1710,RD41,7,5,6,3015,0,0,0,NA,0,111,STATE COLLEGE BLVD,ANAHEIM WAY,0,NA,Y,A,-,N,NA,NA,NA,NA,NA,NA,NA,NA,NA,Y,2,0,1,2,A,-,12,21453,A,N,H,C,A,A,H,-,C,A,0,NA,NA,NA,NA,Y,NA,D,22,1,0,0,0,0,0,0,0,0,-,-,33.79267883300781,-117.88983917236328,ORANGE,ORANGE,-117.8899383544922,33.792667388916016
82226219,2023,2023-11-03,3024,2023-09-29,639,329,P-10,5,5,5,3024,0,0,0,NA,0,WEST,BEACH BOULEVARD (SR 39),15TH STREET,10,N,N,B,-,Y,NA,NA,NA,NA,NA,NA,NA,NA,NA,Y,4,0,2,3,A,-,03,22350,NA,N,C,C,A,A,C,-,A,D,0,NA,NA,NA,NA,Y,NA,D,22,0,0,2,0,0,0,0,0,0,-,-,NA,NA,ORANGE,WESTMINSTER,-117.98953247070313,33.757469177246094
82227037,2023,2023-11-03,3019,2023-10-08,2311,3538,SC,7,5,7,3019,0,0,0,NA,0,004,BRISTOL STREET,SEGERSTROM AVENUE,65,S,N,A,-,N,NA,NA,NA,NA,NA,NA,NA,NA,NA,Y,3,0,1,1,A,-,08,22107,NA,N,E,I,A,A,H,-,A,A,0,NA,NA,NA,NA,Y,NA,A,01,0,1,0,0,0,0,0,0,0,-,-,33.70745086669922,-117.8852996826172,ORANGE,SANTA ANA,-117.8854751586914,33.707252502441406
82227041,2023,2023-11-03,3019,2023-10-23,1211,3295,SE,1,5,7,3019,0,0,0,NA,0,003,FLOWER STREET,BORCHARD AVENUE,0,NA,Y,A,-,N,NA,NA,NA,NA,NA,NA,NA,NA,NA,N,4,0,1,2,A,-,09,21802,A,N,D,C,A,A,H,-,A,A,0,NA,NA,NA,NA,Y,NA,A,08,0,0,1,0,0,0,0,0,0,-,-,33.72896957397461,-117.87660980224608,ORANGE,SANTA ANA,-117.87652587890624,33.72893142700195
82227936,2023,2023-11-06,3014,2023-10-20,1837,1418,RD12,5,5,5,3014,0,0,0,NA,0,A1,E BALBOA BLVD,CYPRESS ST,50,W,N,A,-,N,NA,NA,NA,NA,NA,NA,NA,NA,NA,N,2,0,1,2,A,-,01,23153,NA,N,G,B,C,A,H,-,C,D,0,Y,NA,NA,NA,Y,Y,A,07,1,0,0,0,1,0,0,0,0,-,-,33.60308837890625,-117.90268707275392,ORANGE,NEWPORT BEACH,-117.90275573730467,33.60309600830078
82229633,2023,2023-11-07,3008,2023-09-12,817,1659,ZONE,2,5,6,3008,0,0,0,NA,0,NA,EUCLID ST,VALENCIA MESA DR,0,NA,Y,A,-,N,NA,NA,NA,NA,NA,NA,NA,NA,NA,Y,4,0,1,3,A,-,09,21801,A,N,D,C,A,A,H,-,A,A,0,NA,NA,NA,NA,Y,NA,A,07,0,0,1,0,0,0,0,0,0,-,-,NA,NA,ORANGE,FULLERTON,-117.94130706787108,33.886322021484375
82230667,2023,2023-11-08,3019,2023-11-06,814,3449,WE,1,5,7,3019,0,0,0,NA,0,001,1ST STREET,RAITT STREET,100,E,N,A,-,N,NA,NA,NA,NA,NA,NA,NA,NA,NA,N,4,0,3,3,A,-,03,22350,NA,N,C,C,A,A,H,-,A,A,0,NA,NA,NA,NA,Y,NA,A,07,0,0,3,0,0,0,0,0,0,-,-,33.74530029296875,-117.89309692382813,ORANGE,SANTA ANA,-117.892822265625,33.74540328979492
82233329,2023,2023-11-13,3015,2023-11-08,1858,1708,RD12,3,5,6,3015,0,0,0,NA,0,345,GLASSELL ST,FAIRWAY DR,0,NA,Y,A,G,N,NA,NA,NA,NA,NA,NA,NA,NA,NA,Y,3,0,3,2,A,-,09,21801,A,N,H,C,A,A,H,-,C,D,0,NA,NA,NA,NA,Y,NA,A,08,0,3,0,0,0,0,0,0,0,-,-,33.84442138671875,-117.85330200195313,ORANGE,ORANGE,NA,NA
82236209,2023,2023-11-15,3001,2023-11-09,1300,A2092,D-4,4,5,7,3001,0,0,0,NA,0,NA,NOHL RANCH ROAD,VILLA REAL DRIVE,24,W,N,A,-,N,NA,NA,NA,NA,NA,NA,NA,NA,NA,Y,4,0,2,2,A,-,08,22107,NA,N,D,C,A,A,H,-,A,A,0,NA,NA,NA,NA,Y,NA,A,01,0,0,2,0,0,0,0,0,0,-,-,33.837890625,-117.82231903076172,ORANGE,ANAHEIM,-117.8219757080078,33.83787536621094
82236214,2023,2023-11-15,3001,2023-11-12,1829,A2618,D-1,7,5,7,3001,0,0,0,NA,0,D-1,MAGNOLIA AVENUE,ORANGE AVENUE,0,NA,Y,A,-,N,NA,NA,NA,NA,NA,NA,NA,NA,NA,Y,4,0,1,2,A,-,01,23152,A,N,D,C,A,A,H,-,C,A,0,NA,NA,NA,NA,Y,Y,A,01,0,0,1,0,0,0,0,0,0,-,-,33.82455062866211,-117.97592163085938,ORANGE,ANAHEIM,-117.97592926025392,33.82489013671875
82237365,2023,2023-11-16,3015,2023-10-31,1943,1653,RD13,2,5,6,3015,0,0,0,NA,0,NA,PARKER ST,PALMYRA AVE,310,S,N,A,-,N,NA,NA,NA,NA,NA,NA,NA,NA,NA,N,4,0,1,3,A,-,01,23152,A,M,G,B,E,A,H,-,C,D,0,Y,NA,NA,NA,Y,Y,A,01,0,0,1,0,1,0,0,0,0,-,-,33.7841682434082,-117.85968017578124,ORANGE,ORANGE,-117.85965728759766,33.783390045166016
82237372,2023,2023-11-16,3001,2023-11-07,2027,A1962,D-4,2,5,7,3001,0,0,0,NA,0,D-4,ANDOVER DRIVE,CAVENDISH LANE,32,N,N,A,-,N,NA,NA,NA,NA,NA,NA,NA,NA,NA,Y,3,0,3,1,A,-,08,22107,NA,N,E,I,A,A,H,-,C,A,0,NA,NA,NA,NA,Y,NA,A,01,0,1,2,0,0,0,0,0,0,-,-,33.8426399230957,-117.80341339111328,ORANGE,ANAHEIM,-117.80322265625,33.842838287353516
82237404,2023,2023-11-16,3010,2023-11-09,1926,3154,283,4,5,6,3010,0,0,0,NA,0,006,VAN BUREN ST,NEWMAN AVE,356,N,N,A,-,N,NA,NA,NA,NA,NA,NA,NA,NA,NA,N,3,0,1,2,A,-,05,21650,1,N,H,G,A,A,H,-,C,D,0,NA,Y,NA,NA,Y,NA,L,04,0,1,0,0,0,0,1,0,0,-,-,33.7036018371582,-117.98609924316406,ORANGE,HUNTINGTON BEACH,-117.98583984375,33.70579528808594
82238484,2023,2023-11-17,3001,2023-11-09,1513,A2883,D-3,4,5,7,3001,0,0,0,NA,0,D-3,BROADWAY,CITRON STREET,20,W,N,A,-,N,NA,NA,NA,NA,NA,NA,NA,NA,NA,N,4,0,1,3,A,-,08,22107,NA,M,B,C,A,A,H,-,A,A,0,NA,NA,Y,NA,Y,NA,A,01,0,0,1,0,0,0,0,0,1,-,-,33.831058502197266,-117.92268371582033,ORANGE,ANAHEIM,-117.9226531982422,33.831146240234375
82238490,2023,2023-11-20,3001,2023-11-13,1213,A2367,D-1,1,5,7,3001,0,0,0,NA,0,D-1,ORANGE AVENUE,HALLIDAY STREET,142,W,N,A,-,N,NA,NA,NA,NA,NA,NA,NA,NA,NA,N,4,0,1,2,A,-,17,21235,G,N,D,C,A,A,H,-,A,D,0,NA,NA,NA,NA,Y,NA,M,94,0,0,1,0,0,0,0,0,0,-,-,33.82463073730469,-117.99669647216795,ORANGE,ANAHEIM,-117.99720764160156,33.824710845947266
82238545,2023,2023-11-17,3016,2023-10-26,944,2182,39,4,5,5,3016,0,0,0,NA,0,002,CHERRY STREET,VAN BUREN STREET,0,NA,Y,A,-,N,NA,NA,NA,NA,NA,NA,NA,NA,NA,N,4,0,3,2,A,-,09,21802,A,N,D,C,A,A,H,-,A,A,0,NA,NA,NA,NA,Y,NA,A,01,0,0,3,0,0,0,0,0,0,-,-,33.86927032470703,-117.83132934570313,ORANGE,PLACENTIA,-117.83133697509766,33.869266510009766
82241309,2023,2023-11-21,3008,2023-10-02,2216,1657,ZONE,1,5,6,3008,0,0,0,NA,0,NA,EUCLID ST,COMMONWEALTH AVE,5,S,N,A,-,N,NA,NA,NA,NA,NA,NA,NA,NA,NA,Y,4,0,1,1,A,-,01,23152,A,N,E,I,A,A,H,-,D,D,0,NA,NA,NA,NA,Y,NA,A,01,0,0,1,0,0,0,0,0,0,-,-,NA,NA,ORANGE,FULLERTON,-117.94196319580078,33.87020492553711
82242322,2023,2023-11-23,3001,2023-11-16,1443,A2367,D-4,4,5,7,3001,0,0,0,NA,0,D-4,GLASSELL STREET,FRONTERA STREET,0,NA,Y,A,-,N,NA,NA,NA,NA,NA,NA,NA,NA,NA,Y,4,0,1,2,A,-,09,21801,A,N,D,C,A,A,H,-,A,A,0,NA,NA,Y,NA,Y,NA,D,22,0,0,1,0,0,0,0,0,1,-,-,NA,NA,ORANGE,ANAHEIM,-117.85449981689452,33.84629821777344
82244109,2023,2023-11-27,3019,2023-11-24,1110,3615,SC,5,5,7,3019,0,0,0,NA,0,004,FAIRVIEW STREET,EDINGER AVENUE,0,NA,Y,B,-,N,NA,NA,NA,NA,NA,NA,NA,NA,NA,Y,3,0,1,2,A,-,12,21453,A,N,D,C,A,A,H,-,A,A,0,NA,NA,NA,NA,Y,NA,A,01,0,1,0,0,0,0,0,0,0,-,-,33.72703170776367,-117.90664672851563,ORANGE,SANTA ANA,-117.90616607666016,33.72731018066406
82247100,2023,2024-02-22,3026,2023-11-12,743,11923,NA,7,5,6,3026,0,0,0,NA,0,004,SAND CANYON AVE,SAND CANYON TO 5 SB RAMP SB,0,NA,Y,A,-,Y,NA,NA,NA,NA,NA,NA,NA,NA,NA,Y,4,0,1,3,A,-,12,21453,A,N,D,D,A,A,H,-,A,A,0,NA,NA,NA,NA,Y,NA,A,01,0,0,1,0,0,0,0,0,0,-,-,33.67761993408203,-117.76792144775392,ORANGE,IRVINE,-117.75698089599608,33.67906188964844
82247246,2023,2023-11-29,3001,2023-11-12,1047,A2657,D-2,7,5,7,3001,0,0,0,NA,0,021,GRAND AVENUE,TYLER AVENUE,108,S,N,A,-,N,NA,NA,NA,NA,NA,NA,NA,NA,NA,N,4,0,1,2,A,-,21,22106,NA,N,D,C,A,A,H,-,A,D,0,NA,NA,NA,NA,Y,NA,A,01,0,0,1,0,0,0,0,0,0,-,-,33.83369827270508,-117.99771118164063,ORANGE,ANAHEIM,-117.99791717529295,33.83351516723633
82248551,2023,2023-11-30,3019,2023-11-18,1754,3776,NE,6,5,7,3019,0,0,0,NA,0,002,17TH STREET,BROADWAY,189,W,N,A,-,N,NA,NA,NA,NA,NA,NA,NA,NA,NA,N,3,0,3,2,A,-,03,22350,NA,N,C,C,A,A,H,-,C,D,0,NA,NA,NA,NA,Y,NA,A,01,0,1,2,0,0,0,0,0,0,-,-,33.75925064086914,-117.8695068359375,ORANGE,SANTA ANA,-117.87024688720705,33.760108947753906
82248568,2023,2023-11-30,3019,2023-11-20,1854,3767,WE,1,5,7,3019,0,0,0,NA,0,001,BRISTOL STREET,PARK LANE,530,S,N,A,-,N,NA,NA,NA,NA,NA,NA,NA,NA,NA,N,4,0,1,2,A,-,03,22350,NA,N,C,C,A,A,H,-,C,A,0,NA,NA,NA,NA,Y,NA,A,01,0,0,1,0,0,0,0,0,0,-,-,33.771949768066406,-117.88465118408205,ORANGE,SANTA ANA,-117.8848876953125,33.7705078125
82248866,2023,2023-11-30,3026,2023-10-30,827,418,NA,1,5,6,3026,0,0,0,NA,0,003,TURTLE ROCK DR,SUNNYHILL,0,NA,Y,A,-,N,NA,NA,NA,NA,NA,NA,NA,NA,NA,N,4,0,1,2,A,-,09,21802,A,N,D,G,A,A,H,-,A,A,0,NA,Y,NA,NA,Y,NA,A,01,0,0,1,0,0,0,1,0,0,-,-,33.634620666503906,-117.80425262451172,ORANGE,IRVINE,-117.80387878417967,33.63509750366211
82250325,2023,2023-12-04,3015,2023-11-30,838,1598,17W,4,5,6,3015,0,0,0,NA,0,710M,ORANGE-OLIVE RD,BRIARDALE AVE,0,NA,Y,A,-,N,NA,NA,NA,NA,NA,NA,NA,NA,NA,Y,4,0,1,2,A,-,09,21802,A,N,D,C,A,A,H,-,A,A,0,NA,NA,NA,NA,Y,NA,A,07,0,0,1,0,0,0,0,0,0,-,-,33.81747055053711,-117.83583831787108,ORANGE,ORANGE,-117.85253143310548,33.81760025024414
82250337,2023,2023-12-04,3001,2023-11-25,643,A2684,NA,6,5,7,3001,0,0,0,NA,0,NA,BROADWAY,DALE AVENUE,0,NA,Y,A,-,N,NA,NA,NA,NA,NA,NA,NA,NA,NA,Y,3,0,1,2,A,-,01,23152,A,N,D,C,A,A,H,-,A,A,0,NA,NA,NA,NA,Y,Y,A,01,0,1,0,0,0,0,0,0,0,-,-,33.828250885009766,-117.98462677001952,ORANGE,ANAHEIM,-117.98468017578124,33.828514099121094
82251220,2023,2023-12-04,3024,2023-10-13,1709,504,P-05,5,5,5,3024,0,0,0,NA,0,WEST,TRASK AVENUE,CHESTNUT STREET,0,NA,Y,A,-,N,NA,NA,NA,NA,NA,NA,NA,NA,NA,Y,3,0,2,2,A,-,12,22450,A,N,D,C,A,A,H,-,A,D,0,NA,NA,NA,NA,Y,NA,A,01,0,1,1,0,0,0,0,0,0,-,-,33.766361236572266,-118.00237274169922,ORANGE,WESTMINSTER,-118.00249481201172,33.766414642333984
82253095,2023,2023-12-05,3014,2023-11-29,1621,1520,RD34,3,5,5,3014,0,0,0,NA,0,A3,CAMPUS DR,TELLER AVE,0,NA,Y,A,-,N,NA,NA,NA,NA,NA,NA,NA,NA,NA,Y,4,0,1,2,A,-,12,21453,A,N,D,C,A,A,H,-,A,A,0,NA,NA,NA,NA,Y,NA,A,01,0,0,1,0,0,0,0,0,0,-,-,33.66728973388672,-117.85608673095705,ORANGE,NEWPORT BEACH,-117.85601043701172,33.667327880859375
82255843,2023,2023-12-11,3024,2023-10-05,1746,537,P-08,4,5,5,3024,0,0,0,NA,0,WEST,SPRINGDALE STREET,WESTMINSTER BOULEVARD,0,NA,Y,A,-,N,NA,NA,NA,NA,NA,NA,NA,NA,NA,Y,3,0,2,2,A,-,09,21453,C,N,D,C,A,A,H,-,A,A,0,NA,NA,NA,NA,Y,NA,A,01,0,1,1,0,0,0,0,0,0,-,-,NA,NA,ORANGE,WESTMINSTER,-118.02462005615234,33.75908279418945
82255845,2023,2023-12-07,3024,2023-10-10,1949,568,P-06,2,5,5,3024,0,0,0,NA,0,WEST,TRASK AVENUE,ARIZONA STREET,175,E,N,A,-,N,NA,NA,NA,NA,NA,NA,NA,NA,NA,Y,4,0,3,2,A,-,09,21804,NA,N,D,C,A,A,H,-,C,D,0,NA,NA,NA,NA,Y,NA,A,07,0,0,3,0,0,0,0,0,0,-,-,33.765869140625,-117.99813079833984,ORANGE,WESTMINSTER,-117.99514770507813,33.7664909362793
82257600,2023,2023-12-11,3014,2023-11-26,1702,1516,RD13,7,5,5,3014,0,0,0,NA,0,A1,914 OCEANFRONT W,9TH STREET,145,W,N,A,-,N,NA,NA,NA,NA,NA,NA,NA,NA,NA,N,3,0,2,2,A,-,03,22350,NA,N,H,B,E,A,H,-,C,D,0,Y,NA,NA,NA,Y,Y,M,91,0,2,0,0,1,0,0,0,0,-,-,33.60438919067383,-117.91269683837892,ORANGE,NEWPORT BEACH,-117.91268920898438,33.604393005371094
82257704,2023,2023-12-11,3019,2023-12-02,702,3327,SE,6,5,7,3019,0,0,0,NA,0,NA,WARNER AVENUE,MAIN STREET,12,E,N,A,-,N,NA,NA,NA,NA,NA,NA,NA,NA,NA,N,3,0,1,2,A,-,11,21453,D,N,G,B,B,A,H,-,A,A,0,Y,NA,NA,NA,Y,NA,N,60,0,1,0,0,1,0,0,0,0,-,-,33.71622085571289,-117.86795806884766,ORANGE,SANTA ANA,-117.86792755126952,33.71603012084961
82257710,2023,2023-12-11,3019,2023-12-03,820,3327,SE,7,5,7,3019,0,0,0,NA,0,003,EDINGER AVENUE,ORANGE AVENUE,0,NA,Y,A,-,N,NA,NA,NA,NA,NA,NA,NA,NA,NA,N,4,0,1,2,A,-,03,22350,NA,N,C,C,A,A,H,-,A,D,0,NA,NA,NA,NA,Y,NA,D,22,0,0,1,0,0,0,0,0,0,-,-,33.72703170776367,-117.86531829833984,ORANGE,SANTA ANA,-117.8652572631836,33.72713088989258
82257726,2023,2023-12-11,3019,2023-12-05,1114,3698,NE,2,5,7,3019,0,0,0,NA,0,002,17TH STREET,BROADWAY,133,E,N,A,-,N,NA,NA,NA,NA,NA,NA,NA,NA,NA,N,4,0,2,2,A,-,08,22107,NA,M,B,C,A,A,H,-,A,D,0,NA,NA,NA,NA,Y,NA,A,01,0,0,2,0,0,0,0,0,0,-,-,33.76028060913086,-117.86963653564452,ORANGE,SANTA ANA,-117.86919403076172,33.760108947753906
82259275,2023,2024-01-08,3026,2023-12-09,1245,732,NA,6,5,6,3026,0,0,0,NA,0,008,BRYAN AVENUE,CULVER DRIVE,0,NA,Y,A,-,N,NA,NA,NA,NA,NA,NA,NA,NA,NA,Y,4,0,2,3,A,-,12,21453,A,N,D,C,A,A,H,-,A,A,0,NA,NA,NA,NA,Y,NA,A,01,0,0,2,0,0,0,0,0,0,-,-,33.71604919433594,-117.7764892578125,ORANGE,IRVINE,-117.77662658691406,33.715972900390625
82260436,2023,2023-12-14,3015,2023-11-11,715,1696,RD13,6,5,6,3015,0,0,0,NA,0,221,GLASSELL ST,22 FREEWAY,0,NA,Y,A,-,Y,NA,NA,NA,NA,NA,NA,NA,NA,NA,N,3,0,1,2,A,-,05,21650,1,N,D,G,A,A,H,-,A,A,0,NA,Y,NA,Y,Y,NA,L,04,0,1,0,0,0,0,1,0,0,-,-,NA,NA,ORANGE,ORANGE,NA,NA
82261593,2023,2023-12-14,3015,2023-12-12,727,1495,RD67N,2,5,6,3015,0,0,0,NA,0,712M,HEIM AVE,DUNBAR ST,172,E,N,A,-,N,NA,NA,NA,NA,NA,NA,NA,NA,NA,Y,3,0,1,2,A,-,05,21650,NA,N,B,C,A,A,H,-,A,D,0,NA,NA,NA,NA,Y,NA,A,01,0,1,0,0,0,0,0,0,0,-,-,33.829559326171875,-117.8450164794922,ORANGE,ORANGE,-117.84526824951172,33.830230712890625
82262918,2023,2023-12-15,3024,2023-10-13,1821,535,P-21,5,5,5,3024,0,0,0,NA,0,EAST,BUSHARD STREET,OASIS AVENUE,0,NA,Y,A,-,N,NA,NA,NA,NA,NA,NA,NA,NA,NA,Y,4,0,1,3,A,-,09,21802,A,N,D,E,A,A,H,-,A,A,0,NA,NA,NA,NA,Y,NA,A,07,0,0,1,0,0,0,0,0,0,-,-,33.756160736083984,-117.9634017944336,ORANGE,WESTMINSTER,-117.963623046875,33.756290435791016
82265912,2023,2023-12-19,3026,2023-12-16,926,665,NA,6,5,6,3026,0,0,0,NA,0,008,IRVINE BOULEVARD,SOUTH 133 TOLL ROAD ON RAMP,0,NA,Y,A,-,N,NA,NA,NA,NA,NA,NA,NA,NA,NA,Y,4,0,1,2,A,-,12,21453,A,N,D,C,A,A,H,-,A,A,0,NA,NA,NA,NA,Y,NA,A,01,0,0,1,0,0,0,0,0,0,-,-,NA,NA,ORANGE,IRVINE,NA,NA
82269657,2023,2023-12-22,3014,2023-12-17,1452,1508,RD42,7,5,5,3014,0,0,0,NA,0,A4,SR-1 (E. COAST HWY),DAHLIA AVE,0,NA,Y,A,-,Y,NA,NA,NA,NA,NA,NA,NA,NA,NA,N,4,0,1,2,A,-,03,22350,NA,N,D,C,A,A,H,-,A,B,0,NA,NA,Y,NA,Y,NA,C,02,0,0,1,0,0,0,0,0,1,-,-,33.602691650390625,-117.8730926513672,ORANGE,NEWPORT BEACH,-117.87329864501952,33.60273361206055
82273660,2023,2023-12-28,3026,2023-12-17,230,699,NA,7,5,6,3026,0,0,0,NA,0,003,UNIVERSITY DR,HARVARD AVE,0,NA,Y,A,-,N,NA,NA,NA,NA,NA,NA,NA,NA,NA,Y,4,0,2,2,A,-,12,21453,A,N,D,C,A,A,H,-,C,A,0,NA,NA,NA,NA,Y,Y,A,01,0,0,2,0,0,0,0,0,0,-,-,33.65753173828125,-117.83873748779295,ORANGE,IRVINE,-117.83876800537108,33.65754318237305