CASE_ID,ACCIDENT_YEAR,PROC_DATE,JURIS,COLLISION_DATE,COLLISION_TIME,OFFICER_ID,REPORTING_DISTRICT,DAY_OF_WEEK,CHP_SHIFT,POPULATION,CNTY_CITY_LOC,SPECIAL_COND,BEAT_TYPE,CHP_BEAT_TYPE,CITY_DIVISION_LAPD,CHP_BEAT_CLASS,BEAT_NUMBER,PRIMARY_RD,SECONDARY_RD,DISTANCE,DIRECTION,INTERSECTION,WEATHER_1,WEATHER_2,STATE_HWY_IND,CALTRANS_COUNTY,CALTRANS_DISTRICT,STATE_ROUTE,ROUTE_SUFFIX,POSTMILE_PREFIX,POSTMILE,LOCATION_TYPE,RAMP_INTERSECTION,SIDE_OF_HWY,TOW_AWAY,COLLISION_SEVERITY,NUMBER_KILLED,NUMBER_INJURED,PARTY_COUNT,PRIMARY_COLL_FACTOR,PCF_CODE_OF_VIOL,PCF_VIOL_CATEGORY,PCF_VIOLATION,PCF_VIOL_SUBSECTION,HIT_AND_RUN,TYPE_OF_COLLISION,MVIW,PED_ACTION,ROAD_SURFACE,ROAD_COND_1,ROAD_COND_2,LIGHTING,CONTROL_DEVICE,CHP_ROAD_TYPE,PEDESTRIAN_ACCIDENT,BICYCLE_ACCIDENT,MOTORCYCLE_ACCIDENT,TRUCK_ACCIDENT,NOT_PRIVATE_PROPERTY,ALCOHOL_INVOLVED,STWD_VEHTYPE_AT_FAULT,CHP_VEHTYPE_AT_FAULT,COUNT_SEVERE_INJ,COUNT_VISIBLE_INJ,COUNT_COMPLAINT_PAIN,COUNT_PED_KILLED,COUNT_PED_INJURED,COUNT_BICYCLIST_KILLED,COUNT_BICYCLIST_INJURED,COUNT_MC_KILLED,COUNT_MC_INJURED,PRIMARY_RAMP,SECONDARY_RAMP,LATITUDE,LONGITUDE,COUNTY,CITY,POINT_X,POINT_Y
8329916,2017,2017-04-06,3012,2017-03-14,1600,571,NA,2,5,5,3012,0,0,0,NA,0,NA,IDAHO ST,LAMBERT RD,275,N,N,A,-,N,NA,NA,NA,NA,NA,NA,NA,NA,NA,Y,4,0,3,6,A,-,03,22350,NA,N,C,C,A,A,H,-,A,A,0,NA,NA,NA,NA,Y,NA,A,01,0,0,3,0,0,0,0,0,0,-,-,NA,NA,ORANGE,LA HABRA,-117.95918016,33.92541395
8329926,2016,2017-04-03,3008,2016-11-29,0750,1407,NA,2,5,6,3008,0,0,0,NA,0,0Z2,VALENCIA DR,HARBOR BL,0,NA,Y,A,-,N,NA,NA,NA,NA,NA,NA,NA,NA,NA,N,4,0,1,2,A,-,08,22101,D,N,B,C,A,A,H,-,A,A,0,NA,NA,NA,NA,Y,NA,A,01,0,0,1,0,0,0,0,0,0,-,-,NA,NA,ORANGE,FULLERTON,-117.9242701,33.86620011
8329943,2016,2017-04-03,3008,2016-12-02,0804,1297,NA,5,5,6,3008,0,0,0,NA,0,ZONE 3,COMMONWEALTH AV,CHAPMAN AV,0,NA,Y,A,-,N,NA,NA,NA,NA,NA,NA,NA,NA,NA,Y,4,0,1,2,A,-,09,21801,A,N,A,C,A,A,H,-,A,A,0,NA,NA,NA,NA,Y,NA,A,01,0,0,1,0,0,0,0,0,0,-,-,NA,NA,ORANGE,FULLERTON,-117.88424006,33.87430004
8330274,2017,2017-04-03,3026,2017-03-15,1234,8929,UNIVE,3,5,6,3026,0,0,0,NA,0,003,CAMPUS DR,CALIFORNIA AV,117,E,N,A,-,N,NA,NA,NA,NA,NA,NA,NA,NA,NA,Y,4,0,1,1,A,-,03,22350,NA,N,E,I,A,A,H,-,A,D,0,NA,NA,NA,NA,Y,NA,A,01,0,0,1,0,0,0,0,0,0,-,-,33.64869,-117.83022,ORANGE,IRVINE,-117.82975831,33.64901899
8330294,2017,2017-04-03,3015,2017-03-01,1426,1098,32E,3,5,6,3015,0,0,0,NA,0,731,W PALM AV,CLARK ST,10,N,N,A,-,N,NA,NA,NA,NA,NA,NA,NA,NA,NA,N,4,0,1,2,A,-,09,21804,A,N,D,C,A,A,H,-,B,D,0,NA,NA,NA,NA,Y,NA,A,07,0,0,1,0,0,0,0,0,0,-,-,NA,NA,ORANGE,ORANGE,-117.86074,33.79152
8330318,2017,2017-04-03,3026,2017-03-07,1904,7094,NA,2,5,6,3026,0,0,0,NA,0,00C,JEFFREY RD,ALTON PKWY,515,S,N,A,-,N,NA,NA,NA,NA,NA,NA,NA,NA,NA,Y,4,0,1,2,A,-,03,22350,NA,N,C,C,A,A,H,-,C,A,0,NA,NA,NA,NA,Y,NA,A,01,0,0,1,0,0,0,0,0,0,-,-,NA,NA,ORANGE,IRVINE,-117.78976606,33.66864069
8330462,2017,2017-06-27,3015,2017-03-04,1909,1534,775,6,5,6,3015,0,0,0,NA,0,324,NORTH TUSTIN ST,E VILLAGE TOWN CTR,0,NA,Y,A,-,N,NA,NA,NA,NA,NA,NA,NA,NA,NA,Y,3,0,3,2,A,-,03,22350,NA,N,D,C,A,A,H,-,C,A,0,NA,NA,NA,NA,Y,NA,A,07,0,2,1,0,0,0,0,0,0,-,-,NA,NA,ORANGE,ORANGE,-117.83612,33.82613
8330474,2017,2017-04-04,3012,2017-03-23,0722,568,41,4,5,5,3012,0,0,0,NA,0,004,LAMBERT RD,DURHAM ST,45,E,N,A,-,N,NA,NA,NA,NA,NA,NA,NA,NA,NA,N,4,0,2,2,A,-,03,22350,NA,N,C,C,A,A,H,-,A,D,0,NA,NA,NA,NA,Y,NA,A,01,0,0,2,0,0,0,0,0,0,-,-,NA,NA,ORANGE,LA HABRA,-117.94879208,33.92466389
8331135,2017,2017-04-06,3001,2017-03-15,1203,41158,NA,3,5,7,3001,0,0,0,NA,0,0D4,NORTH TUSTIN AV,EAST MIRA LOMA AV,222,N,N,A,-,N,NA,NA,NA,NA,NA,NA,NA,NA,NA,Y,4,0,2,2,A,-,09,21804,A,N,D,C,A,A,H,-,A,D,0,NA,NA,NA,NA,Y,NA,A,01,0,0,2,0,0,0,0,0,0,-,-,NA,NA,ORANGE,ANAHEIM,-117.84217,33.86314837
8332218,2017,2017-03-28,3007,2017-03-14,1722,273,28,2,5,5,3007,0,0,0,NA,0,002,HARBOR,HEIL,212,N,N,A,-,N,NA,NA,NA,NA,NA,NA,NA,NA,NA,N,4,0,1,2,A,-,07,21658,A,F,B,C,A,A,H,-,A,-,0,NA,NA,Y,NA,Y,NA,A,07,0,0,1,0,0,0,0,0,1,-,-,NA,NA,ORANGE,FOUNTAIN VALLEY,-117.91982953,33.72435116
8332793,2017,2017-04-05,3022,2017-03-03,0846,1260,SOUTH,5,5,5,3022,0,0,0,NA,0,002,NEWPORT AV,MC FADDEN AV,189,S,N,A,-,N,NA,NA,NA,NA,NA,NA,NA,NA,NA,Y,4,0,1,2,A,-,09,21801,A,N,A,C,A,A,H,-,A,D,0,NA,NA,NA,NA,Y,NA,A,01,0,0,1,0,0,0,0,0,0,-,-,33.73397,-117.82625,ORANGE,TUSTIN,-117.8268676,33.7333924
8333314,2016,2017-05-13,3019,2016-06-17,2157,051,SC,5,5,7,3019,0,0,0,NA,0,149,WARNER AV,SHELTON,44,E,N,A,-,N,NA,NA,NA,NA,NA,NA,NA,NA,NA,Y,4,0,2,2,A,-,09,21802,A,N,D,C,A,A,H,-,C,A,0,NA,NA,NA,NA,Y,NA,A,01,0,0,2,0,0,0,0,0,0,-,-,NA,NA,ORANGE,SANTA ANA,-117.88161566,33.71618
8333381,2017,2017-06-30,3010,2017-03-09,1822,1176,348,4,5,6,3010,0,0,0,NA,0,004,RT 1,SEAPOINT,2112,S,N,A,-,Y,ORA,12,1,-,-,26.65,H,-,N,Y,3,0,2,2,A,-,03,22350,NA,N,C,C,A,A,H,-,C,D,0,NA,NA,NA,NA,Y,NA,A,01,0,1,1,0,0,0,0,0,0,-,-,NA,NA,ORANGE,HUNTINGTON BEACH,-118.02718428,33.6758779
8333385,2017,2017-06-30,3010,2017-02-25,1315,1208,461,6,5,6,3010,0,0,0,NA,0,004,RT 1,MAIN ST,208,W,N,A,-,Y,ORA,12,1,-,-,24.76,H,-,N,N,3,0,1,1,A,-,03,22350,NA,N,F,I,A,A,H,-,A,D,0,NA,NA,Y,NA,Y,NA,C,02,0,1,0,0,0,0,0,0,1,-,-,NA,NA,ORANGE,HUNTINGTON BEACH,-118.00242498,33.65750728
8334661,2017,2017-03-30,3002,2017-03-10,0240,1457,430X,5,5,4,3002,0,0,0,NA,0,012,LAMBERT RD,SUNRISE RD,29,E,N,A,-,N,NA,NA,NA,NA,NA,NA,NA,NA,NA,N,3,0,1,1,A,-,01,23153,A,N,E,I,A,A,H,-,C,D,0,NA,NA,NA,NA,Y,Y,A,07,0,1,0,0,0,0,0,0,0,-,-,NA,NA,ORANGE,BREA,-117.86626954,33.92364482
8337220,2017,2017-04-06,3004,2017-03-23,2010,P543,01,4,5,6,3004,0,0,0,NA,0,007,WEST 19TH ST,MONROVIA,245,E,N,A,-,N,NA,NA,NA,NA,NA,NA,NA,NA,NA,Y,3,0,1,4,A,-,01,23152,A,N,C,E,A,A,H,-,C,A,0,NA,NA,NA,NA,Y,Y,A,01,0,1,0,0,0,0,0,0,0,-,-,33.3835,-117.4607,ORANGE,COSTA MESA,-117.93555695,33.64331724
8337630,2017,2017-04-07,3000,2017-03-01,0935,1916,891F7,3,5,4,3045,0,0,0,NA,0,746,AVENIDA DE LA CARLOTA,EL TORO RD,45,S,N,A,-,N,NA,NA,NA,NA,NA,NA,NA,NA,NA,N,4,0,1,2,A,-,03,22350,NA,F,C,C,A,A,H,-,A,A,0,NA,NA,NA,NA,Y,NA,A,01,0,0,1,0,0,0,0,0,0,-,-,NA,NA,ORANGE,LAGUNA HILLS,-117.70861555,33.61390296
8338434,2017,2017-04-07,3019,2017-03-25,1410,3454,NE,6,5,7,3019,0,0,0,NA,0,002,1ST ST,CABRILLO PARK DR,0,NA,Y,A,-,N,NA,NA,NA,NA,NA,NA,NA,NA,NA,N,3,0,4,2,D,-,00,NA,NA,N,D,C,A,A,H,-,A,A,0,NA,NA,NA,NA,Y,NA,-,-,0,3,1,0,0,0,0,0,0,-,-,33.74548,-117.84089,ORANGE,SANTA ANA,-117.84072013,33.74570001
8339342,2017,2017-06-27,3010,2017-03-18,1809,1176,422,6,5,6,3010,0,0,0,NA,0,003,RT 39,CLAY,174,N,N,B,-,Y,ORA,12,39,-,-,2.42,H,-,S,Y,4,0,7,5,A,-,03,22350,NA,N,C,C,A,A,H,-,A,D,0,NA,NA,NA,NA,Y,NA,A,01,0,0,7,0,0,0,0,0,0,-,-,NA,NA,ORANGE,HUNTINGTON BEACH,-117.98884507,33.68351119
8339402,2017,2017-04-03,3019,2017-03-02,0703,3475,NE,4,5,7,3019,0,0,0,NA,0,002,CATALINA AV,TUSTIN AV,0,NA,Y,A,-,N,NA,NA,NA,NA,NA,NA,NA,NA,NA,N,4,0,1,2,A,-,09,21802,A,N,D,C,A,A,H,-,A,D,0,NA,NA,NA,NA,Y,NA,A,01,0,0,1,0,0,0,0,0,0,-,-,33.76442,-117.83568,ORANGE,SANTA ANA,-117.83577008,33.76467012
8339637,2017,2017-04-05,3004,2017-03-07,1156,P649,22,2,5,6,3004,0,0,0,NA,0,010,ENTERPRISE ST,BAKER,517,N,N,A,-,N,NA,NA,NA,NA,NA,NA,NA,NA,NA,Y,4,0,1,2,A,-,09,21804,A,N,D,C,A,A,H,-,A,D,0,NA,NA,NA,NA,Y,NA,A,01,0,0,1,0,0,0,0,0,0,-,-,33.6816,-117.8824,ORANGE,COSTA MESA,-117.88242093,33.68152726
8340221,2017,2017-04-07,3014,2017-03-29,1228,1179,RD15,3,5,5,3014,0,0,0,NA,0,0A1,NEWPORT BL,28TH ST,0,NA,Y,A,-,N,NA,NA,NA,NA,NA,NA,NA,NA,NA,N,3,0,2,2,A,-,09,21802,A,N,D,G,A,A,H,-,A,A,0,NA,Y,Y,NA,Y,NA,L,04,0,2,0,0,0,0,1,0,1,-,-,33.61285,-117.92979,ORANGE,NEWPORT BEACH,-117.92974,33.61282009
8340442,2017,2017-04-26,3019,2017-02-27,1355,2668,NE,1,5,7,3019,0,0,0,NA,0,002,17TH ST,NORTH ROSS,0,NA,Y,C,-,N,NA,NA,NA,NA,NA,NA,NA,NA,NA,N,3,0,1,2,A,-,-,NA,B,N,D,G,A,B,H,-,A,A,0,NA,Y,NA,NA,Y,NA,-,-,0,1,0,0,0,0,1,0,0,-,-,NA,NA,ORANGE,SANTA ANA,-117.87249007,33.76012004
8340449,2017,2017-04-11,3004,2017-01-10,1821,P631,06,2,5,6,3004,0,0,0,NA,0,015,TUSTIN AV,19TH ST,11,S,N,B,-,N,NA,NA,NA,NA,NA,NA,NA,NA,NA,N,3,0,1,2,A,-,10,21950,A,N,G,B,B,A,H,-,C,A,0,Y,NA,NA,NA,Y,NA,A,07,0,1,0,0,1,0,0,0,0,-,-,33.6363,-117.9065,ORANGE,COSTA MESA,-117.90648388,33.63630741
8342713,2016,2017-04-12,3008,2016-12-17,2250,1511,NA,6,5,6,3008,0,0,0,NA,0,002,CHAPMAN AV,POMONA AV,0,NA,Y,A,-,N,NA,NA,NA,NA,NA,NA,NA,NA,NA,Y,4,0,1,2,A,-,08,22100,A,M,D,C,A,A,H,-,C,A,0,NA,NA,NA,NA,Y,NA,A,NA,0,0,1,0,0,0,0,0,0,-,-,NA,NA,ORANGE,FULLERTON,-117.92212005,33.87396007
8344335,2017,2017-04-19,3014,2017-04-03,1030,1346,RD33,1,5,5,3014,0,0,0,NA,0,0A3,JAMBOREE RD,BRISTOL ST S,0,NA,Y,A,-,N,NA,NA,NA,NA,NA,NA,NA,NA,NA,Y,2,0,2,2,A,-,12,21453,A,N,D,C,A,A,H,-,A,A,0,NA,NA,NA,NA,Y,NA,A,01,1,0,1,0,0,0,0,0,0,-,-,33.65501,-117.86546,ORANGE,NEWPORT BEACH,-117.86541006,33.65495008
8345840,2017,2017-04-20,3010,2017-04-09,1234,1226,442,7,5,6,3010,0,0,0,NA,0,003,ADAMS,DELAWARE,0,NA,Y,B,-,N,NA,NA,NA,NA,NA,NA,NA,NA,NA,Y,4,0,2,2,A,-,12,21453,A,N,D,C,A,A,H,-,A,A,0,NA,NA,NA,NA,Y,NA,D,22,0,0,2,0,0,0,0,0,0,-,-,NA,NA,ORANGE,HUNTINGTON BEACH,-117.99295009,33.67214001
8346759,2017,2017-04-14,3015,2017-03-08,2145,1336,32W,3,5,6,3015,0,0,0,NA,0,0K1,N MAIN ST,W WALNUT AV,0,NA,Y,A,-,N,NA,NA,NA,NA,NA,NA,NA,NA,NA,Y,4,0,1,2,A,-,03,22350,NA,N,C,C,A,A,H,-,C,A,0,NA,NA,NA,NA,Y,NA,A,01,0,0,1,0,0,0,0,0,0,-,-,NA,NA,ORANGE,ORANGE,-117.86656004,33.79517004
8346820,2017,2017-04-14,3012,2017-03-22,1744,604,33,3,5,5,3012,0,0,0,NA,0,003,LAMBERT RD,IDAHO ST,619,E,N,A,-,N,NA,NA,NA,NA,NA,NA,NA,NA,NA,N,4,0,1,2,A,-,03,22350,NA,N,C,C,A,A,H,-,A,A,0,NA,NA,NA,NA,Y,NA,A,01,0,0,1,0,0,0,0,0,0,-,-,NA,NA,ORANGE,LA HABRA,-117.95714428,33.92465
8348774,2017,2018-04-18,3014,2017-04-08,2010,1452,RD17,6,5,5,3014,0,0,0,NA,0,0A2,RT 1,PROSPECT ST,0,NA,Y,A,-,Y,ORA,12,1,-,-,21.061,I,5,S,N,2,0,1,2,A,-,17,21451,A,N,D,C,A,A,H,-,C,A,0,NA,NA,Y,NA,Y,NA,C,02,1,0,0,0,0,0,0,0,1,-,-,33.62651,-117.94956,ORANGE,NEWPORT BEACH,-117.94961594,33.62652117
83490981,2024,2024-08-05,3019,2024-06-07,1619,3735,NA,5,5,7,3019,0,0,0,NA,0,003,WARNER AVENUE,GRAND AVENUE,95,W,N,A,-,N,NA,NA,NA,NA,NA,NA,NA,NA,NA,N,4,0,1,2,A,-,03,22350,NA,N,C,C,A,A,H,-,A,D,0,NA,NA,NA,NA,Y,NA,A,07,0,0,1,0,0,0,0,0,0,-,-,33.71588134765625,-117.85060119628906,ORANGE,SANTA ANA,-117.85089111328124,33.71590042114258
8349637,2017,2017-04-28,3010,2017-04-13,1302,1118,264,4,5,6,3010,0,0,0,NA,0,006,WARNER,MAGNOLIA,12,W,N,A,-,N,NA,NA,NA,NA,NA,NA,NA,NA,NA,N,3,0,1,2,A,-,10,21950,A,N,G,B,B,A,H,-,A,D,0,Y,NA,NA,NA,Y,NA,A,07,0,1,0,0,1,0,0,0,0,-,-,NA,NA,ORANGE,HUNTINGTON BEACH,-117.97195937,33.71589
8349653,2017,2017-05-01,3019,2017-04-04,1647,3317,WE,2,5,7,3019,0,0,0,NA,0,001,17TH ST,BRISTOL ST,185,E,N,A,-,N,NA,NA,NA,NA,NA,NA,NA,NA,NA,N,4,0,1,2,A,-,03,22350,NA,N,H,G,A,A,H,-,A,D,0,NA,Y,NA,NA,Y,NA,L,04,0,0,1,0,0,0,1,0,0,-,-,33.76003,-117.88512,ORANGE,SANTA ANA,-117.88447278,33.76013
8351093,2017,2017-05-09,3010,2017-04-15,2115,1226,435,6,5,6,3010,0,0,0,NA,0,003,MAGNOLIA,MADELINE DR,117,S,N,A,-,N,NA,NA,NA,NA,NA,NA,NA,NA,NA,N,4,0,1,2,C,-,18,NA,NA,N,E,A,A,A,H,-,C,D,0,NA,Y,NA,NA,Y,Y,-,-,0,0,1,0,0,0,1,0,0,-,-,NA,NA,ORANGE,HUNTINGTON BEACH,-117.97128972,33.67641922
8351410,2017,2017-06-10,3009,2017-04-04,1137,4149,117,2,5,6,3009,0,0,0,NA,0,023,EUCLID ST,PROGRESSO ST,0,NA,Y,A,-,N,NA,NA,NA,NA,NA,NA,NA,NA,NA,N,4,0,1,3,A,-,03,22350,NA,N,C,C,A,A,H,-,A,D,0,NA,NA,NA,NA,Y,NA,I,11,0,0,1,0,0,0,0,0,0,-,-,NA,NA,ORANGE,GARDEN GROVE,-117.93761007,33.75720004
8351706,2017,2017-05-31,3004,2017-03-25,2319,P626,27,6,5,6,3004,0,0,0,NA,0,004,HARBOR BL,SOUTH COAST DR,373,S,N,A,-,N,NA,NA,NA,NA,NA,NA,NA,NA,NA,N,4,0,5,2,A,-,03,22350,NA,N,C,C,A,A,H,-,C,A,0,NA,NA,NA,NA,Y,Y,A,01,0,0,5,0,0,0,0,0,0,-,-,33.69051,-117.91952,ORANGE,COSTA MESA,-117.91952293,33.69059749
8353233,2017,2017-04-26,3026,2017-04-13,1834,8929,NA,4,5,6,3026,0,0,0,NA,0,NA,RIDGELINE DR,LA QUINTA,113,N,N,A,-,N,NA,NA,NA,NA,NA,NA,NA,NA,NA,N,3,0,1,1,A,-,03,22350,NA,N,F,A,A,A,H,-,A,D,0,NA,Y,NA,NA,Y,NA,L,04,0,1,0,0,0,0,1,0,0,-,-,33.64472,-117.80108,ORANGE,IRVINE,-117.80094808,33.64500392
8353271,2017,2017-04-26,3007,2017-04-14,1319,1140,57,5,5,5,3007,0,0,0,NA,0,002,TALBERT,NEWHOPE,500,NA,N,A,-,N,NA,NA,NA,NA,NA,NA,NA,NA,NA,N,4,0,1,2,A,-,05,21650,1,N,D,G,A,A,H,-,A,D,0,NA,Y,NA,NA,Y,NA,L,04,0,0,1,0,0,0,1,0,0,-,-,NA,NA,ORANGE,FOUNTAIN VALLEY,-117.93462003,33.70187007
8353331,2017,2017-05-01,3015,2017-03-29,0515,1563,26M,3,5,6,3015,0,0,0,NA,0,NA,NORTH TUSTIN ST,EAST ROSE AV,0,NA,Y,A,-,N,NA,NA,NA,NA,NA,NA,NA,NA,NA,Y,4,0,1,2,A,-,09,21804,A,N,D,C,A,A,H,-,C,D,0,NA,NA,NA,NA,Y,NA,A,01,0,0,1,0,0,0,0,0,0,-,-,NA,NA,ORANGE,ORANGE,-117.83567005,33.79727001
8353353,2017,2017-04-28,3026,2017-03-30,1515,8929,PORTO,4,5,6,3026,0,0,0,NA,0,008,KEYSTONE,TRABUCO RD,73,N,N,A,-,N,NA,NA,NA,NA,NA,NA,NA,NA,NA,N,4,0,1,2,A,-,05,21650,1,M,H,G,A,A,H,-,A,D,0,NA,Y,NA,NA,Y,NA,L,04,0,0,1,0,0,0,1,0,0,-,-,33.69064,-117.76305,ORANGE,IRVINE,-117.75374648,33.69085353
8353464,2017,2017-05-01,3014,2017-04-13,1404,1046,RD39,4,5,5,3014,0,0,0,NA,0,0A3,NEWPORT CENTER DR,ANACAPA DR,0,NA,Y,A,-,N,NA,NA,NA,NA,NA,NA,NA,NA,NA,Y,4,0,1,2,A,-,09,21801,A,N,D,C,A,A,H,-,A,A,0,NA,NA,NA,NA,Y,NA,A,07,0,0,1,0,0,0,0,0,0,-,-,33.6126,-117.8749,ORANGE,NEWPORT BEACH,-117.87512004,33.61254012
8353804,2017,2017-05-04,3026,2017-04-05,2015,541,CROSS,3,5,6,3026,0,0,0,NA,0,00C,CULVER,DEERFIELD,0,NA,Y,A,-,N,NA,NA,NA,NA,NA,NA,NA,NA,NA,Y,4,0,1,2,D,-,00,NA,NA,N,-,C,A,A,H,-,C,A,0,NA,NA,NA,NA,Y,NA,-,-,0,0,1,0,0,0,0,0,0,-,-,NA,NA,ORANGE,IRVINE,-117.79633011,33.69620002
8354706,2017,2017-05-05,3000,2017-04-11,1545,9684,891G7,2,5,4,3045,0,0,0,NA,0,745,AVE DE LA CARLOTA,PRIVATE DR,24,N,N,A,-,N,NA,NA,NA,NA,NA,NA,NA,NA,NA,N,4,0,2,2,A,-,08,22107,NA,N,C,C,A,A,H,-,A,D,0,NA,NA,NA,NA,Y,NA,A,01,0,0,2,0,0,0,0,0,0,-,-,NA,NA,ORANGE,LAGUNA HILLS,NA,NA
8354711,2017,2017-05-08,3008,2017-01-27,1838,1479,Z3,5,5,6,3008,0,0,0,NA,0,NA,STATE COLLEGE BL,DOROTHY LN,0,NA,Y,A,-,N,NA,NA,NA,NA,NA,NA,NA,NA,NA,Y,3,0,3,2,D,-,00,NA,NA,N,D,C,A,A,H,-,C,A,0,NA,NA,NA,NA,Y,NA,-,-,0,1,2,0,0,0,0,0,0,-,-,NA,NA,ORANGE,FULLERTON,-117.8897501,33.88146008
8355738,2017,2017-05-05,3008,2017-01-25,1832,1297,NA,3,5,6,3008,0,0,0,NA,0,0Z2,HARBOR BL,BASTANCHURY RD,0,NA,Y,A,-,N,NA,NA,NA,NA,NA,NA,NA,NA,NA,Y,4,0,1,2,A,-,12,21453,A,N,A,C,A,A,H,-,C,A,0,NA,NA,Y,NA,Y,NA,D,22,0,0,1,0,0,0,0,0,1,-,-,NA,NA,ORANGE,FULLERTON,-117.92890002,33.89562011
8356581,2017,2017-05-22,3022,2017-05-03,1410,1109,NORTH,3,5,5,3022,0,0,0,NA,0,001,PROSPECT AV,ORANGEWOOD LN,84,S,N,A,-,N,NA,NA,NA,NA,NA,NA,NA,NA,NA,N,2,0,1,2,A,-,08,22107,NA,N,D,G,A,A,H,-,A,D,0,NA,Y,NA,NA,Y,NA,L,04,1,0,0,0,0,0,1,0,0,-,-,33.74745,-117.8223,ORANGE,TUSTIN,-117.82239,33.74722973
8357217,2017,2017-05-03,3001,2017-03-25,1052,2115,NA,6,5,7,3001,0,0,0,NA,0,0D1,9TH ST,STELLA AV,405,S,N,A,-,N,NA,NA,NA,NA,NA,NA,NA,NA,NA,N,3,0,1,2,A,-,17,22517,NA,N,-,G,A,A,H,-,A,D,0,NA,Y,NA,NA,Y,NA,A,07,0,1,0,0,0,0,1,0,0,-,-,NA,NA,ORANGE,ANAHEIM,-117.93265699,33.80109971
8357562,2017,2017-05-05,3000,2017-03-19,1802,8999,893C2,7,5,4,3048,0,0,0,NA,0,269,SANTA MARGARITA PKWY,AVENIDA DE LOS FUNDADORES,0,NA,Y,A,-,N,NA,NA,NA,NA,NA,NA,NA,NA,NA,Y,4,0,1,2,A,-,12,21453,A,N,D,C,A,A,H,-,A,A,0,NA,NA,NA,NA,Y,NA,D,23,0,0,1,0,0,0,0,0,0,-,-,NA,NA,ORANGE,RANCHO SANTA MARGARITA,-117.58604002,33.64860009
8358761,2017,2018-04-20,3002,2017-04-11,1342,1657,337X,2,5,4,3002,0,0,0,NA,0,012,CARBON CANYON RD,MILES MAR 5.7,174,E,N,A,-,Y,ORA,12,142,-,-,6.73,H,-,W,Y,4,0,1,1,A,-,08,22107,NA,N,E,I,A,A,H,-,A,D,0,NA,NA,NA,NA,Y,NA,A,01,0,0,1,0,0,0,0,0,0,-,-,NA,NA,ORANGE,BREA,NA,NA
8358874,2017,2017-05-05,3008,2017-01-17,1020,1317,NA,2,5,6,3008,0,0,0,NA,0,003,COMMONWEALTH AV,MONTAGUE AV,20,W,N,A,-,N,NA,NA,NA,NA,NA,NA,NA,NA,NA,Y,3,0,2,2,A,-,03,22350,NA,N,C,C,A,A,H,-,A,A,0,NA,NA,NA,NA,Y,NA,A,01,0,1,1,0,0,0,0,0,0,-,-,NA,NA,ORANGE,FULLERTON,-117.90443573,33.87050966
8358952,2017,2017-05-08,3000,2017-03-31,1605,1056,892B4,5,5,5,3028,0,0,0,NA,0,051,TRABUCO RD,LOS ALISOS BL,176,E,N,A,-,N,NA,NA,NA,NA,NA,NA,NA,NA,NA,Y,3,0,4,2,A,-,09,21804,A,N,D,C,A,A,H,-,A,D,0,NA,NA,NA,NA,Y,NA,A,01,0,3,1,0,0,0,0,0,0,-,-,33.62944,-117.66492,ORANGE,MISSION VIEJO,-117.66496314,33.62863571
8360049,2017,2018-03-24,3003,2017-04-27,0854,1056,NA,4,5,5,3003,0,0,0,NA,0,NA,VALLEY VIEW ST,RT 91,0,NA,Y,A,-,Y,ORA,12,91,-,R,1.015,R,4,W,N,4,0,1,2,A,-,03,22350,NA,F,C,C,A,A,H,-,A,A,0,NA,NA,NA,NA,Y,Y,A,01,0,0,1,0,0,0,0,0,0,-,WF,33.8578,-118.0279,ORANGE,BUENA PARK,-118.02580242,33.85620327
8360492,2017,2017-05-12,3003,2017-05-01,1408,665,23,1,5,5,3003,0,0,0,NA,0,008,VALLEY VIEW AV,LA PALMA,476,N,N,A,-,N,NA,NA,NA,NA,NA,NA,NA,NA,NA,Y,4,0,1,2,A,-,08,22107,NA,N,D,C,A,A,H,-,A,D,0,NA,NA,NA,NA,Y,NA,A,01,0,0,1,0,0,0,0,0,0,-,-,33.8477,-118.0284,ORANGE,BUENA PARK,-118.02847,33.84778507
8360554,2017,2017-05-12,3000,2017-04-27,1755,6717,891F6,4,5,5,3050,0,0,0,NA,0,18760,ROCKFIELD BL,DURYEA DR,0,NA,Y,A,-,N,NA,NA,NA,NA,NA,NA,NA,NA,NA,Y,4,0,1,2,A,-,09,21802,A,N,D,C,A,A,H,-,A,A,0,NA,NA,NA,NA,Y,NA,A,07,0,0,1,0,0,0,0,0,0,-,-,33.37161,-117.42343,ORANGE,LAKE FOREST,-117.70951005,33.62105012
8360971,2017,2017-05-12,3019,2017-04-12,1624,3490,WE,3,5,7,3019,0,0,0,NA,0,001,MCFADDEN AV,PACIFIC AV,50,W,N,A,-,N,NA,NA,NA,NA,NA,NA,NA,NA,NA,Y,4,0,1,2,A,-,07,21658,A,N,B,C,A,A,H,-,A,D,0,NA,NA,NA,NA,Y,NA,A,01,0,0,1,0,0,0,0,0,0,-,-,33.73463,-117.88919,ORANGE,SANTA ANA,-117.88943406,33.73448
8361167,2017,2017-05-22,3001,2017-03-30,0826,2115,2,4,5,7,3001,0,0,0,NA,0,NA,STATE COLLEGE,UNDERHILL AV,0,NA,Y,A,-,N,NA,NA,NA,NA,NA,NA,NA,NA,NA,Y,4,0,1,2,A,-,12,21453,A,N,D,C,A,A,H,-,A,A,0,NA,NA,NA,NA,Y,NA,-,NA,0,0,1,0,0,0,0,0,0,-,-,NA,NA,ORANGE,ANAHEIM,-117.88930006,33.84217004
8361273,2017,2017-05-16,3001,2017-03-26,1933,2202,NA,7,5,7,3001,0,0,0,NA,0,0D1,W LINCOLN AV,WESTCHESTER DR,0,NA,Y,A,-,N,NA,NA,NA,NA,NA,NA,NA,NA,NA,Y,4,0,3,2,A,-,12,21453,A,N,A,C,A,A,H,-,C,A,0,NA,NA,NA,NA,Y,NA,A,01,0,0,3,0,0,0,0,0,0,-,-,NA,NA,ORANGE,ANAHEIM,-118.00542009,33.83202009
8361310,2017,2017-05-18,3000,2017-04-19,1824,1920,922C2,3,5,5,3028,0,0,0,NA,0,755,MARGUERITE PKWY,LA PAZ RD,0,NA,Y,A,-,N,NA,NA,NA,NA,NA,NA,NA,NA,NA,Y,3,0,2,2,A,-,12,21453,A,N,A,C,A,A,H,-,A,A,0,NA,NA,NA,NA,Y,NA,A,07,0,1,1,0,0,0,0,0,0,-,-,NA,NA,ORANGE,MISSION VIEJO,-117.65834007,33.59689007
8361491,2017,2017-05-18,3001,2017-04-05,1345,0945,NA,3,5,7,3001,0,0,0,NA,0,0D2,E LINCOLN AV,OLIVE ST,5,W,N,A,-,N,NA,NA,NA,NA,NA,NA,NA,NA,NA,N,4,0,1,2,A,-,12,21453,A,N,D,G,A,A,H,-,A,A,0,NA,Y,NA,NA,Y,NA,L,04,0,0,1,0,0,0,1,0,0,-,-,NA,NA,ORANGE,ANAHEIM,-117.91052638,33.83748894