CASE_ID,ACCIDENT_YEAR,PROC_DATE,JURIS,COLLISION_DATE,COLLISION_TIME,OFFICER_ID,REPORTING_DISTRICT,DAY_OF_WEEK,CHP_SHIFT,POPULATION,CNTY_CITY_LOC,SPECIAL_COND,BEAT_TYPE,CHP_BEAT_TYPE,CITY_DIVISION_LAPD,CHP_BEAT_CLASS,BEAT_NUMBER,PRIMARY_RD,SECONDARY_RD,DISTANCE,DIRECTION,INTERSECTION,WEATHER_1,WEATHER_2,STATE_HWY_IND,CALTRANS_COUNTY,CALTRANS_DISTRICT,STATE_ROUTE,ROUTE_SUFFIX,POSTMILE_PREFIX,POSTMILE,LOCATION_TYPE,RAMP_INTERSECTION,SIDE_OF_HWY,TOW_AWAY,COLLISION_SEVERITY,NUMBER_KILLED,NUMBER_INJURED,PARTY_COUNT,PRIMARY_COLL_FACTOR,PCF_CODE_OF_VIOL,PCF_VIOL_CATEGORY,PCF_VIOLATION,PCF_VIOL_SUBSECTION,HIT_AND_RUN,TYPE_OF_COLLISION,MVIW,PED_ACTION,ROAD_SURFACE,ROAD_COND_1,ROAD_COND_2,LIGHTING,CONTROL_DEVICE,CHP_ROAD_TYPE,PEDESTRIAN_ACCIDENT,BICYCLE_ACCIDENT,MOTORCYCLE_ACCIDENT,TRUCK_ACCIDENT,NOT_PRIVATE_PROPERTY,ALCOHOL_INVOLVED,STWD_VEHTYPE_AT_FAULT,CHP_VEHTYPE_AT_FAULT,COUNT_SEVERE_INJ,COUNT_VISIBLE_INJ,COUNT_COMPLAINT_PAIN,COUNT_PED_KILLED,COUNT_PED_INJURED,COUNT_BICYCLIST_KILLED,COUNT_BICYCLIST_INJURED,COUNT_MC_KILLED,COUNT_MC_INJURED,PRIMARY_RAMP,SECONDARY_RAMP,LATITUDE,LONGITUDE,COUNTY,CITY,POINT_X,POINT_Y
8417366,2017,2017-08-02,3009,2017-06-16,2322,3397,NA,5,5,6,3009,0,0,0,NA,0,NA,GARDEN GROVE BL,FERN ST,465,E,N,A,-,N,NA,NA,NA,NA,NA,NA,NA,NA,NA,N,3,0,1,2,A,-,05,21650,1,N,A,C,A,A,H,-,C,D,0,NA,Y,NA,Y,Y,NA,L,04,0,1,0,0,0,0,1,0,0,-,-,NA,NA,ORANGE,GARDEN GROVE,-117.98680354,33.77389578
8417567,2017,2017-08-02,3022,2017-06-21,1540,1308,NORTH,3,5,5,3022,0,0,0,NA,0,NA,NEWPORT AV,BRYAN AV,0,NA,Y,A,-,N,NA,NA,NA,NA,NA,NA,NA,NA,NA,N,3,0,1,2,A,-,11,21456,B,N,G,B,B,A,H,-,A,A,0,Y,NA,NA,NA,Y,NA,N,60,0,1,0,0,1,0,0,0,0,-,-,33.7436,-117.81642,ORANGE,TUSTIN,-117.81652005,33.74374002
8417650,2017,2017-07-31,3000,2017-04-15,0151,7821,788B2,6,5,4,3021,0,0,0,NA,0,022,KATELLA AV,MACMURRAY ST,188,E,N,A,-,N,NA,NA,NA,NA,NA,NA,NA,NA,NA,N,4,0,1,2,A,-,11,21954,A,N,G,B,-,A,H,-,D,D,0,Y,NA,NA,NA,Y,Y,N,60,0,0,1,0,1,0,0,0,0,-,-,NA,NA,ORANGE,STANTON,-117.97760274,33.80306
8418374,2017,2017-07-27,3015,2017-06-12,1710,1372,65E,1,5,6,3015,0,0,0,NA,0,732,EAST KATELLA AV,N CALIFORNIA ST,644,E,N,A,-,N,NA,NA,NA,NA,NA,NA,NA,NA,NA,Y,3,0,1,1,A,-,03,22350,NA,N,H,A,A,A,H,-,A,D,0,NA,NA,Y,NA,Y,NA,C,02,0,1,0,0,0,0,0,0,1,-,-,NA,NA,ORANGE,ORANGE,-117.83836538,33.80918315
8418600,2017,2017-07-27,3002,2017-07-07,1809,1646,333Y,5,5,4,3002,0,0,0,NA,0,012,VALENCIA AV,SANTA FE RD,0,NA,Y,A,-,N,NA,NA,NA,NA,NA,NA,NA,NA,NA,Y,4,0,2,2,A,-,09,21801,A,N,D,C,A,A,H,-,A,A,0,NA,NA,NA,NA,Y,NA,A,01,0,0,2,0,0,0,0,0,0,-,-,NA,NA,ORANGE,BREA,-117.84797,33.92797004
8419258,2017,2017-08-08,3007,2017-07-11,0529,262,63,2,5,5,3007,0,0,0,NA,0,003,BUSHARD,ELLIS,0,NA,Y,A,-,N,NA,NA,NA,NA,NA,NA,NA,NA,NA,N,3,0,2,2,A,-,12,21453,A,N,-,C,A,A,H,-,A,A,0,NA,NA,NA,NA,Y,NA,D,22,0,1,1,0,0,0,0,0,0,-,-,NA,NA,ORANGE,FOUNTAIN VALLEY,-117.96286,33.69408007
8420415,2017,2017-08-09,3019,2017-07-05,1230,3295,NE,3,5,7,3019,0,0,0,NA,0,001,17TH ST,SANTIAGO ST,100,W,N,A,-,N,NA,NA,NA,NA,NA,NA,NA,NA,NA,N,4,0,1,2,A,-,03,22350,NA,N,C,C,A,A,H,-,A,D,0,NA,NA,Y,NA,Y,NA,A,07,0,0,1,0,0,0,0,0,1,-,-,33.76009,-117.86019,ORANGE,SANTA ANA,-117.86047822,33.76005
8420454,2017,2017-08-11,3026,2017-07-18,1510,7094,PORTO,2,5,6,3026,0,0,0,NA,0,007,IRVINE BL,CENTRAL PARK AV,496,E,N,A,-,N,NA,NA,NA,NA,NA,NA,NA,NA,NA,N,3,0,2,2,A,-,09,21801,A,N,D,C,A,A,H,-,A,D,0,NA,NA,NA,NA,Y,NA,A,07,0,1,1,0,0,0,0,0,0,-,-,33.72344,-117.77387,ORANGE,IRVINE,-117.77267413,33.72247583
8420471,2017,2017-08-09,3019,2017-07-03,2310,3477,WE,1,5,7,3019,0,0,0,NA,0,001,1ST ST,EUCLID ST,0,NA,Y,A,-,N,NA,NA,NA,NA,NA,NA,NA,NA,NA,Y,4,0,2,2,A,-,12,21453,A,N,A,C,A,A,H,-,C,A,0,NA,NA,NA,NA,Y,NA,A,01,0,0,2,0,0,0,0,0,0,-,-,33.74516,-117.93761,ORANGE,SANTA ANA,-117.93748011,33.74505006
8420670,2017,2018-06-06,3002,2017-07-20,1652,1545,527W,4,5,4,3002,0,0,0,NA,0,014,IMPERIAL HWY,LAUREL AV,180,W,N,A,-,Y,ORA,12,90,-,-,4.76,H,-,E,Y,4,0,1,3,A,-,03,22350,NA,N,-,C,A,A,H,-,A,A,0,NA,NA,NA,NA,Y,NA,A,07,0,0,1,0,0,0,0,0,0,-,-,NA,NA,ORANGE,BREA,-117.89464904,33.91430817
8422771,2017,2017-08-09,3026,2017-06-30,1256,4991,NA,5,5,6,3026,0,0,0,NA,0,NA,SAND CANYON AV,ALTON PKWY,0,NA,Y,A,-,N,NA,NA,NA,NA,NA,NA,NA,NA,NA,N,3,0,1,2,A,-,09,21453,C,N,D,C,A,A,H,-,A,A,0,NA,NA,NA,NA,Y,NA,A,07,0,1,0,0,0,0,0,0,0,-,-,33.66042,-117.77526,ORANGE,IRVINE,-117.7753601,33.66021006
8423736,2017,2017-08-11,3001,2017-07-28,1342,1830,NA,5,5,7,3001,0,0,0,NA,0,0D2,E EUCLID ST,WEST BALL RD,450,N,N,A,-,N,NA,NA,NA,NA,NA,NA,NA,NA,NA,N,3,0,1,2,A,-,08,22107,NA,N,D,C,A,A,H,-,A,D,0,NA,NA,Y,NA,Y,NA,A,01,0,1,0,0,0,0,0,0,1,-,-,NA,NA,ORANGE,ANAHEIM,-117.94150352,33.8192427
8424720,2017,2017-08-17,3014,2017-07-29,1548,1462,RD24,6,5,5,3014,0,0,0,NA,0,0A2,15TH ST,PLACENTIA AV,317,W,N,A,-,N,NA,NA,NA,NA,NA,NA,NA,NA,NA,Y,4,0,1,2,A,-,09,21801,A,N,B,C,A,A,H,-,A,D,0,NA,NA,NA,NA,Y,NA,A,01,0,0,1,0,0,0,0,0,0,-,-,33.628,-117.932,ORANGE,NEWPORT BEACH,-117.9328487,33.62885156
8424777,2017,2017-11-15,3009,2017-07-26,1945,3397,132,3,5,6,3009,0,0,0,NA,0,021,CHAPMAN AV,WEST ST,52,W,N,A,-,N,NA,NA,NA,NA,NA,NA,NA,NA,NA,N,4,0,1,2,A,-,03,22350,NA,M,C,C,A,A,H,-,A,D,0,NA,NA,NA,NA,Y,NA,D,22,0,0,1,0,0,0,0,0,0,-,-,NA,NA,ORANGE,GARDEN GROVE,-117.92391067,33.78879594
8427930,2017,2017-08-17,3009,2017-07-21,1853,3965,961,5,5,6,3009,0,0,0,NA,0,013,WESTMINSTER AV,KERRY ST,0,NA,Y,A,-,N,NA,NA,NA,NA,NA,NA,NA,NA,NA,Y,4,0,2,2,A,-,12,21453,A,N,D,C,A,A,H,-,A,A,0,NA,NA,NA,NA,Y,NA,A,01,0,0,2,0,0,0,0,0,0,-,-,NA,NA,ORANGE,GARDEN GROVE,-117.95877005,33.75952012
8427967,2017,2017-08-16,3015,2017-07-28,1619,1098,46,5,5,6,3015,0,0,0,NA,0,731,N PROSPECT ST,E PAGEANT DR,46,N,N,A,-,N,NA,NA,NA,NA,NA,NA,NA,NA,NA,Y,4,0,1,2,A,-,01,23152,A,N,C,C,A,A,H,-,A,A,0,NA,NA,NA,NA,Y,Y,A,07,0,0,1,0,0,0,0,0,0,-,-,NA,NA,ORANGE,ORANGE,-117.81494065,33.79894202
8428525,2017,2017-08-23,3019,2017-07-12,0753,3151,NE,3,5,7,3019,0,0,0,NA,0,002,16TH ST,DURANT ST,0,NA,Y,A,-,N,NA,NA,NA,NA,NA,NA,NA,NA,NA,N,4,0,1,2,A,-,09,21800,B,N,D,C,A,A,H,-,A,D,0,NA,NA,NA,NA,Y,NA,A,01,0,0,1,0,0,0,0,0,0,-,-,33.75873,-117.87115,ORANGE,SANTA ANA,-117.87106001,33.75891006
8431191,2017,2017-09-29,3026,2017-08-06,1645,565,3,7,5,6,3026,0,0,0,NA,0,00U,MICHELSON DR,ELM TREE LN,0,NA,Y,A,-,N,NA,NA,NA,NA,NA,NA,NA,NA,NA,Y,4,0,1,2,A,-,03,22350,NA,N,C,C,A,A,H,-,A,A,0,NA,NA,NA,NA,Y,NA,A,01,0,0,1,0,0,0,0,0,0,-,-,NA,NA,ORANGE,IRVINE,-117.81687006,33.66381004
8431946,2017,2017-08-24,3008,2017-04-24,1527,1117,NA,1,5,6,3008,0,0,0,NA,0,Z-3,ST COLLEGE BL,YORBA LINDA BL,0,NA,Y,A,-,N,NA,NA,NA,NA,NA,NA,NA,NA,NA,N,4,0,1,2,D,-,00,NA,NA,M,G,B,A,A,H,-,A,A,0,NA,NA,NA,NA,Y,NA,-,-,0,0,1,0,0,0,0,0,0,-,-,NA,NA,ORANGE,FULLERTON,-117.890105,33.88792
8432036,2017,2017-08-22,3010,2017-08-05,0034,3004,168,6,5,6,3010,0,0,0,NA,0,007,HEIL,SPRINGDALE,0,NA,Y,A,-,N,NA,NA,NA,NA,NA,NA,NA,NA,NA,Y,4,0,2,2,A,-,09,21801,A,N,A,C,A,A,H,-,C,A,0,NA,NA,NA,NA,Y,NA,A,01,0,0,2,0,0,0,0,0,0,-,-,NA,NA,ORANGE,HUNTINGTON BEACH,-118.02409003,33.72269008
8432710,2017,2017-08-23,3001,2017-08-08,1754,1851,NA,2,5,7,3001,0,0,0,NA,0,0D1,SOUTH EUCLID ST,W ALOMAR AV,0,S,N,A,-,N,NA,NA,NA,NA,NA,NA,NA,NA,NA,Y,3,0,1,2,A,-,03,22350,NA,N,C,C,A,A,H,-,A,D,0,NA,NA,NA,NA,Y,NA,A,01,0,1,0,0,0,0,0,0,0,-,-,NA,NA,ORANGE,ANAHEIM,-117.94146002,33.82383008
8434157,2017,2018-05-18,3000,2017-07-05,0040,6532,971H6,3,5,4,3029,0,0,0,NA,0,737,PACIFIC COAST HWY,VIOLET LANTERN,227,S,N,A,-,N,NA,NA,NA,NA,NA,NA,NA,NA,NA,Y,3,0,1,2,A,-,01,23152,A,N,F,C,A,A,H,-,C,A,0,NA,NA,NA,NA,Y,Y,A,01,0,1,0,0,0,0,0,0,0,-,-,NA,NA,ORANGE,DANA POINT,-117.70100448,33.46667416
8434269,2017,2019-01-10,3010,2017-08-03,2039,1109,293,4,5,6,3010,0,0,0,NA,0,005,RT 39,TAYLOR,50,N,N,A,-,Y,ORA,12,39,-,-,3.4,H,-,N,Y,4,0,1,2,A,-,03,22350,NA,N,C,C,A,A,H,-,C,D,0,NA,NA,NA,NA,Y,NA,A,01,0,0,1,0,0,0,0,0,0,-,-,NA,NA,ORANGE,HUNTINGTON BEACH,-117.98897556,33.69782818
8434557,2017,2017-08-22,3008,2017-04-10,0427,1500,NA,1,5,6,3008,0,0,0,NA,0,Z   1,COMMONWEALTH AV,BROOKHURST RD,215,E,N,A,-,N,NA,NA,NA,NA,NA,NA,NA,NA,NA,Y,3,0,1,1,A,-,01,23152,A,N,A,I,A,A,H,-,C,D,0,NA,NA,NA,NA,Y,Y,A,01,0,1,0,0,0,0,0,0,0,-,-,NA,NA,ORANGE,FULLERTON,-117.95870436,33.87010402
8435014,2017,2017-08-29,3026,2017-08-11,0641,337,PORTO,5,5,6,3026,0,0,0,NA,0,009,BAKE PKWY,ROCKFIELD BL,365,N,N,B,-,N,NA,NA,NA,NA,NA,NA,NA,NA,NA,Y,3,0,1,2,A,-,03,22350,NA,N,C,C,A,A,H,-,A,A,0,NA,NA,NA,NA,Y,NA,D,22,0,1,0,0,0,0,0,0,0,-,-,33.63844,-117.72137,ORANGE,IRVINE,-117.72118,33.63853
84353272,2024,2024-08-14,3010,2024-08-04,1453,2090,NA,7,5,6,3010,0,0,0,NA,0,008,PEARCE DR,BLANTON LN,0,NA,Y,A,-,N,NA,NA,NA,NA,NA,NA,NA,NA,NA,Y,4,0,2,3,A,-,09,21804,A,N,D,C,A,A,H,-,A,A,0,NA,NA,NA,NA,Y,NA,A,01,0,0,2,0,0,0,0,0,0,-,-,NA,NA,ORANGE,HUNTINGTON BEACH,-118.0468978881836,33.71892166137695
84354782,2024,2024-08-15,3010,2024-07-21,1935,1107,NA,7,5,6,3010,0,0,0,NA,0,002,PACIFIC COAST HWY - SR1,TWIN DOLPHIN DR,632,S,N,A,-,Y,NA,NA,NA,NA,NA,NA,NA,NA,NA,Y,4,0,2,3,A,-,08,22107,NA,F,D,C,A,A,H,-,A,D,0,NA,NA,Y,NA,Y,NA,A,01,0,0,2,0,0,0,0,0,0,-,-,33.65055847167969,-117.9945068359375,ORANGE,HUNTINGTON BEACH,-117.99156951904295,33.65066146850586
84354817,2024,2024-08-15,3008,2024-07-03,1901,1484,NA,3,5,6,3008,0,0,0,NA,0,NA,ORANGETHORPE AVE,HIGHLAND AVE,247,W,N,A,-,N,NA,NA,NA,NA,NA,NA,NA,NA,NA,N,3,0,1,2,A,-,11,21954,A,F,G,B,D,A,H,-,A,D,0,Y,NA,NA,NA,Y,NA,N,60,0,1,0,0,1,0,0,0,0,-,-,33.85879135131836,-117.92868041992188,ORANGE,FULLERTON,-117.92948150634766,33.859439849853516
84356458,2024,2024-08-16,3001,2024-07-27,1716,A1962,NA,6,5,7,3001,0,0,0,NA,0,D-2,LA PALMA AVENUE,SUNKIST STREET,0,NA,Y,A,-,N,NA,NA,NA,NA,NA,NA,NA,NA,NA,Y,4,0,1,2,A,-,03,22350,NA,M,D,C,A,A,H,-,A,A,0,NA,NA,NA,NA,Y,NA,A,07,0,0,1,0,0,0,0,0,0,-,-,33.84716033935547,-117.88050079345705,ORANGE,ANAHEIM,-117.88045501708984,33.84727096557617
8435782,2017,2017-09-09,3010,2017-08-08,1016,0147,262,2,5,6,3010,0,0,0,NA,0,006,GOTHARD ST,WARNER,187,N,N,A,-,N,NA,NA,NA,NA,NA,NA,NA,NA,NA,N,3,0,2,3,A,-,09,21804,A,N,A,B,-,A,H,-,A,D,0,Y,NA,NA,NA,Y,NA,A,07,0,1,1,0,1,0,0,0,0,-,-,NA,NA,ORANGE,HUNTINGTON BEACH,-118.00008404,33.71615271
84358856,2024,2024-08-19,3019,2024-06-06,1055,3779,NA,4,5,7,3019,0,0,0,NA,0,001,FLOWER STREET,EDINGER AVENUE,0,NA,Y,A,-,N,NA,NA,NA,NA,NA,NA,NA,NA,NA,N,4,0,1,2,D,-,00,NA,NA,N,B,C,A,A,H,-,A,A,0,NA,NA,NA,NA,Y,NA,-,-,0,0,1,0,0,0,0,0,0,-,-,33.72657012939453,-117.87705993652344,ORANGE,SANTA ANA,-117.87657165527344,33.727210998535156
84361068,2024,2024-08-20,3019,2024-07-20,2230,3702,NA,6,5,7,3019,0,0,0,NA,0,003,SAINT ANDREW PLACE,HICKORY STREET,10,E,N,A,-,N,NA,NA,NA,NA,NA,NA,NA,NA,NA,N,4,0,1,2,A,-,08,22107,NA,M,B,C,A,A,H,-,C,D,0,NA,NA,NA,NA,Y,NA,A,01,0,0,1,0,0,0,0,0,0,-,-,33.722469329833984,-117.86055755615234,ORANGE,SANTA ANA,-117.86066436767578,33.72237777709961
84364735,2024,2024-08-22,3001,2024-08-03,1339,A2576,NA,6,5,7,3001,0,0,0,NA,0,D-1,CRESCENT AVENUE,MORAGA STREET,209,W,N,A,-,N,NA,NA,NA,NA,NA,NA,NA,NA,NA,N,4,0,1,2,A,-,03,22350,NA,N,C,C,A,A,H,-,A,D,0,NA,NA,NA,NA,Y,NA,A,01,0,0,1,0,0,0,0,0,0,-,-,33.83924102783203,-117.96468353271484,ORANGE,ANAHEIM,-117.96564483642578,33.839759826660156
8436537,2017,2017-09-22,3015,2017-08-14,1203,1364,36N,1,5,6,3015,0,0,0,NA,0,NA,TUSTIN,KATELLA,185,E,N,A,-,N,NA,NA,NA,NA,NA,NA,NA,NA,NA,Y,3,0,1,2,A,-,09,21804,A,N,D,C,A,A,H,-,A,D,0,NA,NA,NA,NA,Y,NA,A,01,0,1,0,0,0,0,0,0,0,-,-,NA,NA,ORANGE,ORANGE,-117.83574,33.8092
84366676,2024,2024-08-23,3001,2024-08-07,1643,A1906,NA,3,5,7,3001,0,0,0,NA,0,D-3,ORANGEWOOD AVENUE,SPRAGUE LANE,0,NA,Y,A,-,N,NA,NA,NA,NA,NA,NA,NA,NA,NA,Y,4,0,3,2,A,-,09,21801,A,N,D,C,A,A,H,-,A,D,0,NA,NA,NA,NA,Y,NA,A,08,0,0,3,0,0,0,0,0,0,-,-,NA,NA,ORANGE,ANAHEIM,-117.90531158447266,33.796142578125
8436673,2017,2017-09-19,3013,2017-08-30,1453,176,NA,3,5,3,3013,0,0,0,NA,0,NA,BLOOMFIELD ST,FLORISTA ST,85,S,N,A,-,N,NA,NA,NA,NA,NA,NA,NA,NA,NA,Y,3,0,1,2,A,-,03,22350,NA,N,C,C,A,A,H,-,A,A,0,NA,NA,NA,NA,Y,NA,A,07,0,1,0,0,0,0,0,0,0,-,-,NA,NA,ORANGE,LOS ALAMITOS,-118.06318,33.80418693
84368585,2024,2024-08-26,3008,2024-06-27,1717,1658,NA,4,5,6,3008,0,0,0,NA,0,NA,VALENCIA DR,BASQUE AVE (W),548,E,N,A,-,N,NA,NA,NA,NA,NA,NA,NA,NA,NA,Y,4,0,2,2,A,-,08,22107,NA,N,D,C,A,A,H,-,A,D,0,NA,NA,NA,NA,Y,NA,A,01,0,0,2,0,0,0,0,0,0,-,-,33.86664962768555,-117.95049285888672,ORANGE,FULLERTON,-117.94886779785156,33.86653137207031
8436910,2017,2017-09-21,3009,2017-08-27,0953,2621,092,7,5,6,3009,0,0,0,NA,0,012,CHAPMAN AV,GILBERT ST,0,E,N,A,-,N,NA,NA,NA,NA,NA,NA,NA,NA,NA,N,4,0,2,3,A,-,03,22350,NA,N,C,C,A,A,H,-,A,A,0,NA,NA,NA,NA,Y,NA,A,08,0,0,2,0,0,0,0,0,0,-,-,NA,NA,ORANGE,GARDEN GROVE,-117.96740011,33.78854008
84370400,2024,2024-08-27,3001,2024-08-12,1809,A1264,NA,1,5,7,3001,0,0,0,NA,0,D-4,NOHL RANCH ROAD,CANYON RIM ROAD,0,NA,Y,A,-,N,NA,NA,NA,NA,NA,NA,NA,NA,NA,Y,4,0,1,2,A,-,09,21801,A,N,D,C,A,A,H,-,A,A,0,NA,NA,NA,NA,Y,NA,A,01,0,0,1,0,0,0,0,0,0,-,-,33.84347915649414,-117.77639770507813,ORANGE,ANAHEIM,-117.77597045898438,33.843292236328125
84370404,2024,2024-08-27,3001,2024-08-14,1925,A1397,NA,3,5,7,3001,0,0,0,NA,0,D-1,BEACH BOULEVARD,LINCOLN AVENUE,0,NA,Y,A,-,Y,NA,NA,NA,NA,NA,NA,NA,NA,NA,Y,4,0,1,2,D,-,00,NA,NA,N,D,C,A,A,H,-,B,A,0,NA,NA,NA,NA,Y,NA,-,-,0,0,1,0,0,0,0,0,0,-,-,NA,NA,ORANGE,ANAHEIM,-117.99337768554688,33.83198165893555
8437046,2017,2017-09-22,3009,2017-09-07,1449,3927,106,4,5,6,3009,0,0,0,NA,0,1   3,BOWEN ST,WESTMINSTER AV,5,S,N,A,-,N,NA,NA,NA,NA,NA,NA,NA,NA,NA,Y,3,0,1,2,A,-,12,21453,A,N,D,C,A,A,H,-,A,A,0,NA,NA,NA,NA,Y,NA,D,22,0,1,0,0,0,0,0,0,0,-,-,NA,NA,ORANGE,GARDEN GROVE,-117.94758,33.75963629
84372421,2024,2024-08-28,3014,2024-08-17,1002,1555,NA,6,5,5,3014,0,0,0,NA,0,A3,SR-1 (COAST HWY E),BAYSIDE DR,127,E,N,B,-,Y,ORA,NA,1,NA,R,18.037,H,NA,L,N,2,0,1,1,A,-,03,22350,NA,N,H,A,A,A,H,-,A,D,0,NA,Y,NA,NA,Y,NA,L,04,1,0,0,0,0,0,1,0,0,-,-,33.615989685058594,-117.90029907226563,ORANGE,NEWPORT BEACH,-117.90026092529295,33.61610412597656
84372544,2024,2024-08-28,3001,2024-08-16,1207,A2339,NA,5,5,7,3001,0,0,0,NA,0,NA,KNOTT AVENUE,SAVANNA STREET,283,S,N,A,-,N,NA,NA,NA,NA,NA,NA,NA,NA,NA,N,3,0,1,2,A,-,08,22100,B,N,D,C,A,A,H,-,A,D,0,NA,NA,NA,NA,Y,NA,A,07,0,1,0,0,0,0,0,0,0,-,-,NA,NA,ORANGE,ANAHEIM,-118.01081848144533,33.8191032409668
84372598,2024,2024-08-28,3010,2024-08-22,2108,6043,NA,4,5,6,3010,0,0,0,NA,0,008,WARNER AVE,BRIGHTWATER DR,107,W,N,A,-,N,NA,NA,NA,NA,NA,NA,NA,NA,NA,Y,4,0,1,1,A,-,03,22350,NA,M,E,I,A,A,H,-,C,D,0,NA,NA,NA,NA,Y,NA,A,07,0,0,1,0,0,0,0,0,0,-,-,33.7116813659668,-118.05158233642578,ORANGE,HUNTINGTON BEACH,-118.0517807006836,33.711769104003906
8437511,2017,2017-09-22,3024,2017-09-07,1828,426,P06,4,5,5,3024,0,0,0,NA,0,WEST,TRASK AV,DESCANSO DR,10,E,N,A,-,N,NA,NA,NA,NA,NA,NA,NA,NA,NA,N,2,0,1,2,A,-,08,22107,NA,N,G,B,B,A,H,-,A,A,0,Y,NA,NA,NA,Y,NA,A,08,1,0,0,0,1,0,0,0,0,-,-,NA,NA,ORANGE,WESTMINSTER,-117.99252717,33.76653029
8437736,2017,2017-08-28,3015,2017-07-22,1629,1540,11,6,5,6,3015,0,0,0,NA,0,311,CHAPMAN AV,MANCHESTER AV,0,NA,Y,A,-,N,NA,NA,NA,NA,NA,NA,NA,NA,NA,Y,3,0,3,3,A,-,08,22107,NA,N,A,C,A,A,H,-,A,A,0,NA,NA,NA,NA,Y,NA,A,01,0,2,1,0,0,0,0,0,0,-,-,NA,NA,ORANGE,ORANGE,-117.89322006,33.78890001
84377725,2024,2024-08-30,3014,2024-08-27,1034,1483,NA,2,5,5,3014,0,0,0,NA,0,A2,IRIVNE AVE,HIGHLAND DR,0,NA,Y,A,-,N,NA,NA,NA,NA,NA,NA,NA,NA,NA,Y,3,0,1,2,A,-,12,21453,A,N,D,C,A,A,H,-,A,A,0,NA,NA,NA,NA,Y,NA,A,01,0,1,0,0,0,0,0,0,0,-,-,33.636688232421875,-117.9001922607422,ORANGE,NEWPORT BEACH,-117.90027618408205,33.636688232421875
84377828,2024,2024-09-02,3001,2024-08-30,1445,A2461,NA,5,5,7,3001,0,0,0,NA,0,D-1,BALL ROAD,DALE AVENUE,135,E,N,A,-,Y,NA,NA,NA,NA,NA,NA,NA,NA,NA,N,4,0,1,2,A,-,05,21650,1,N,D,G,A,A,H,-,A,D,0,NA,Y,NA,NA,Y,NA,L,04,0,0,1,0,0,0,1,0,0,-,-,NA,NA,ORANGE,ANAHEIM,-117.9841079711914,33.81752014160156
84378628,2024,2024-09-03,3010,2024-07-21,2144,2206,NA,7,5,6,3010,0,0,0,NA,0,002,BEACH SERVICE ROAD (TOWER 11),BEACH SERVICE ROAD,0,NA,Y,A,-,N,NA,NA,NA,NA,NA,NA,NA,NA,NA,N,3,0,1,2,A,-,03,22350,NA,N,D,B,D,A,H,-,C,D,0,Y,Y,NA,NA,Y,NA,L,04,0,1,0,0,1,0,0,0,0,-,-,NA,NA,ORANGE,HUNTINGTON BEACH,NA,NA
84380037,2024,2024-09-03,3026,2024-09-01,1605,11846,NA,7,5,6,3026,0,0,0,NA,0,007,YALE AVE,NORTHWOOD,0,NA,Y,A,-,N,NA,NA,NA,NA,NA,NA,NA,NA,NA,Y,4,0,1,2,A,-,12,21453,A,N,D,C,A,A,H,-,A,A,0,NA,NA,NA,NA,Y,NA,A,07,0,0,1,0,0,0,0,0,0,-,-,33.71253967285156,-117.7629165649414,ORANGE,IRVINE,-117.76287841796876,33.71257019042969
84380426,2024,2024-09-04,3010,2024-08-26,2315,6067,NA,1,5,6,3010,0,0,0,NA,0,008,GRAHAM ST,HEIL AVE,932,S,N,A,-,N,NA,NA,NA,NA,NA,NA,NA,NA,NA,Y,3,0,1,1,A,-,08,22107,NA,N,E,I,A,A,H,-,C,D,0,NA,NA,NA,NA,Y,Y,A,01,0,1,0,0,0,0,0,0,0,-,-,NA,NA,ORANGE,HUNTINGTON BEACH,-118.03277587890624,33.72008514404297
84380797,2024,2024-09-04,3026,2024-08-22,2117,714,NA,4,5,6,3026,0,0,0,NA,0,002,HAVARD AVE,MICHELSON DRIVE,0,NA,Y,A,-,N,NA,NA,NA,NA,NA,NA,NA,NA,NA,Y,4,0,1,3,A,-,12,21453,A,N,D,C,A,A,H,-,C,A,0,NA,NA,NA,NA,Y,NA,A,01,0,0,1,0,0,0,0,0,0,-,-,NA,NA,ORANGE,IRVINE,-117.83334350585938,33.67058563232422
8438186,2017,2017-08-30,3008,2017-04-15,0853,1364,NA,6,5,6,3008,0,0,0,NA,0,0Z3,PEARL DR,CAMEO LN,248,E,N,A,-,N,NA,NA,NA,NA,NA,NA,NA,NA,NA,N,3,0,1,2,A,-,11,21954,A,N,G,B,E,A,H,-,A,D,0,Y,NA,NA,NA,Y,NA,N,60,0,1,0,0,1,0,0,0,0,-,-,NA,NA,ORANGE,FULLERTON,-117.87309891,33.88533593
8438233,2017,2017-08-29,3008,2017-03-03,1249,1502,NA,5,5,6,3008,0,0,0,NA,0,0Z1,MAGNOLIA AV,ORANGETHORPE AV,10,S,N,A,-,N,NA,NA,NA,NA,NA,NA,NA,NA,NA,N,4,0,1,2,A,-,03,22350,NA,N,C,C,A,A,H,-,A,A,0,NA,NA,NA,NA,Y,NA,A,01,0,0,1,0,0,0,0,0,0,-,-,NA,NA,ORANGE,FULLERTON,-117.97627945,33.85908259
8438336,2017,2017-08-28,3000,2017-07-11,1640,5163,921F7,2,5,5,3040,0,0,0,NA,0,903,ALICIA PKWY,AVILA RD,0,NA,Y,A,-,N,NA,NA,NA,NA,NA,NA,NA,NA,NA,N,4,0,1,2,A,-,08,22107,NA,N,B,C,A,A,H,-,A,A,0,NA,NA,NA,NA,Y,NA,A,07,0,0,1,0,0,0,0,0,0,-,-,NA,NA,ORANGE,LAGUNA NIGUEL,-117.71575005,33.56275008
84384800,2024,2024-09-06,3026,2024-09-04,827,4779,NA,3,5,6,3026,0,0,0,NA,0,009,CADENCE,BOSQUE,528,E,N,A,-,N,NA,NA,NA,NA,NA,NA,NA,NA,NA,N,2,0,2,2,A,-,03,22350,NA,N,H,G,A,A,H,-,A,D,0,NA,Y,NA,NA,Y,NA,M,91,1,1,0,0,0,0,2,0,0,-,-,33.681270599365234,-117.7317123413086,ORANGE,IRVINE,-117.73207092285156,33.68252182006836
84384825,2024,2024-09-06,3026,2024-08-30,1842,12434,NA,5,5,6,3026,0,0,0,NA,0,004,WALNUT AVE,ESCOLAR,910,E,N,A,-,N,NA,NA,NA,NA,NA,NA,NA,NA,NA,N,3,0,1,2,A,-,00,4,NA,N,D,G,A,A,H,-,A,D,0,NA,Y,NA,NA,Y,NA,M,91,0,1,0,0,0,0,1,0,0,-,-,33.7021598815918,-117.7843017578125,ORANGE,IRVINE,-117.78184509277344,33.70066833496094