CASE_ID,ACCIDENT_YEAR,PROC_DATE,JURIS,COLLISION_DATE,COLLISION_TIME,OFFICER_ID,REPORTING_DISTRICT,DAY_OF_WEEK,CHP_SHIFT,POPULATION,CNTY_CITY_LOC,SPECIAL_COND,BEAT_TYPE,CHP_BEAT_TYPE,CITY_DIVISION_LAPD,CHP_BEAT_CLASS,BEAT_NUMBER,PRIMARY_RD,SECONDARY_RD,DISTANCE,DIRECTION,INTERSECTION,WEATHER_1,WEATHER_2,STATE_HWY_IND,CALTRANS_COUNTY,CALTRANS_DISTRICT,STATE_ROUTE,ROUTE_SUFFIX,POSTMILE_PREFIX,POSTMILE,LOCATION_TYPE,RAMP_INTERSECTION,SIDE_OF_HWY,TOW_AWAY,COLLISION_SEVERITY,NUMBER_KILLED,NUMBER_INJURED,PARTY_COUNT,PRIMARY_COLL_FACTOR,PCF_CODE_OF_VIOL,PCF_VIOL_CATEGORY,PCF_VIOLATION,PCF_VIOL_SUBSECTION,HIT_AND_RUN,TYPE_OF_COLLISION,MVIW,PED_ACTION,ROAD_SURFACE,ROAD_COND_1,ROAD_COND_2,LIGHTING,CONTROL_DEVICE,CHP_ROAD_TYPE,PEDESTRIAN_ACCIDENT,BICYCLE_ACCIDENT,MOTORCYCLE_ACCIDENT,TRUCK_ACCIDENT,NOT_PRIVATE_PROPERTY,ALCOHOL_INVOLVED,STWD_VEHTYPE_AT_FAULT,CHP_VEHTYPE_AT_FAULT,COUNT_SEVERE_INJ,COUNT_VISIBLE_INJ,COUNT_COMPLAINT_PAIN,COUNT_PED_KILLED,COUNT_PED_INJURED,COUNT_BICYCLIST_KILLED,COUNT_BICYCLIST_INJURED,COUNT_MC_KILLED,COUNT_MC_INJURED,PRIMARY_RAMP,SECONDARY_RAMP,LATITUDE,LONGITUDE,COUNTY,CITY,POINT_X,POINT_Y
8696837,2018,2018-10-08,3015,2018-08-25,0737,1563,21W,6,5,6,3015,0,0,0,NA,0,231,S THE CITY DR,MEDICAL CIRCLE DR,0,NA,Y,A,-,N,NA,NA,NA,NA,NA,NA,NA,NA,NA,Y,4,0,2,2,A,-,12,21453,A,N,A,C,A,A,H,-,A,A,0,NA,NA,NA,NA,Y,NA,-,-,0,0,2,0,0,0,0,0,0,-,-,NA,NA,ORANGE,ORANGE,-117.890749,33.787386
8696841,2018,2018-11-09,3015,2018-08-31,2005,1550,41W,5,5,6,3015,0,0,0,NA,0,001,THE CITY DR,RT 5,0,NA,Y,A,-,Y,ORA,12,5,-,-,35.684,R,4,S,Y,3,0,2,2,A,-,12,21453,A,N,D,C,A,A,H,-,C,A,0,NA,NA,NA,NA,Y,NA,-,-,0,1,1,0,0,0,0,0,0,-,SO,NA,NA,ORANGE,ORANGE,-117.89591217041016,33.79682159423828
8697752,2018,2018-10-10,3004,2018-09-04,1117,P668,18,2,5,6,3004,0,0,0,NA,0,004,HARBOR BL,VILLAGE WY,0,NA,Y,A,-,N,NA,NA,NA,NA,NA,NA,NA,NA,NA,N,3,0,1,3,A,-,09,21802,A,N,D,C,A,A,H,-,A,A,0,NA,NA,NA,NA,Y,NA,D,22,0,1,0,0,0,0,0,0,0,-,-,33.6775016784668,-117.91909790039063,ORANGE,COSTA MESA,-117.91938018798828,33.6774787902832
8698550,2018,2018-10-01,3001,2018-07-25,1508,2115,NA,3,5,7,3001,0,0,0,NA,0,0D1,SOUTH KNOTT AV,WEST BALL RD,4,N,N,A,-,N,NA,NA,NA,NA,NA,NA,NA,NA,NA,N,4,0,1,2,B,-,22,NA,NA,N,D,G,A,A,H,-,A,D,0,NA,Y,NA,NA,Y,NA,L,04,0,0,1,0,0,0,1,0,0,-,-,NA,NA,ORANGE,ANAHEIM,-118.01080322265624,33.8172607421875
8698724,2018,2018-09-21,3009,2018-08-27,2019,3965,076,1,5,6,3009,0,0,0,NA,0,1 3,MAGNOLIA ST,MAYS AV,75,S,N,A,-,N,NA,NA,22,NA,NA,NA,NA,NA,NA,N,4,0,1,5,A,-,08,22107,NA,M,B,C,A,A,H,-,C,A,0,NA,NA,NA,NA,Y,NA,A,01,0,0,1,0,0,0,0,0,0,-,-,33.76585006713867,-117.97244262695313,ORANGE,GARDEN GROVE,-117.97244262695313,33.76591873168945
8699027,2018,2018-09-25,3004,2018-08-08,2129,P621,07,3,5,6,3004,0,0,0,NA,0,002,NEWPORT BL,20TH ST,0,NA,Y,A,-,N,NA,NA,55,NA,NA,NA,NA,NA,NA,N,4,0,1,2,A,-,09,21802,A,N,H,G,A,A,H,-,C,D,0,NA,Y,NA,NA,Y,NA,A,01,0,0,1,0,0,0,1,0,0,-,-,33.64611053466797,-117.91365051269533,ORANGE,COSTA MESA,-117.91397094726563,33.64643096923828
8699035,2018,2018-09-25,3004,2018-08-29,1315,P543,22,3,5,6,3004,0,0,0,NA,0,005,BRISTOL ST,RANDOLPH AV,0,NA,Y,A,-,N,NA,NA,NA,NA,NA,NA,NA,NA,NA,Y,3,0,2,2,A,-,12,21453,A,N,D,C,A,A,H,-,A,A,0,NA,NA,NA,NA,Y,NA,A,07,0,1,1,0,0,0,0,0,0,-,-,33.67689895629883,-117.88719940185548,ORANGE,COSTA MESA,-117.88735198974608,33.676979064941406
8699118,2018,2018-09-27,3024,2018-09-05,1707,426,P34,3,5,5,3024,0,0,0,NA,0,EAST,BOLSA AV,BUSHARD ST,25,W,N,A,-,N,NA,NA,NA,NA,NA,NA,NA,NA,NA,Y,3,0,2,3,A,-,03,22350,NA,N,C,C,A,A,H,-,A,D,0,NA,NA,NA,NA,Y,NA,A,07,0,1,1,0,0,0,0,0,0,-,-,33.7447509765625,-117.96351623535156,ORANGE,WESTMINSTER,-117.96363067626952,33.74496078491211
8699371,2018,2018-10-01,3010,2018-09-11,2009,1019,433,2,5,6,3010,0,0,0,NA,0,003,ADAMS,LAKE,30,W,N,A,-,N,NA,NA,NA,NA,NA,NA,NA,NA,NA,N,4,0,1,2,A,-,08,22107,NA,N,D,G,A,A,H,-,B,A,0,NA,Y,NA,NA,Y,NA,L,04,0,0,1,0,0,0,1,0,0,-,-,NA,NA,ORANGE,HUNTINGTON BEACH,-117.99803924560548,33.672088623046875
8700013,2018,2018-09-26,3002,2018-09-01,1726,1628,NA,6,5,4,3002,0,0,0,NA,0,013,BREA BL,ASH ST,0,NA,Y,A,-,N,NA,NA,NA,NA,NA,NA,NA,NA,NA,N,4,0,1,2,A,-,11,21456,C,F,-,B,B,A,H,-,A,A,0,Y,NA,NA,NA,Y,Y,N,60,0,0,1,0,1,0,0,0,0,-,-,NA,NA,ORANGE,BREA,-117.89862823486328,33.91987991333008
8700668,2018,2018-12-31,3010,2018-09-16,1958,1261,451,7,5,6,3010,0,0,0,NA,0,004,RT 1,1ST ST,30,E,N,A,-,Y,ORA,12,1,-,-,24.54,H,-,N,Y,4,0,1,2,A,-,01,23153,A,N,C,C,A,A,H,-,C,A,0,NA,NA,NA,NA,Y,Y,A,01,0,0,1,0,0,0,0,0,0,-,-,NA,NA,ORANGE,HUNTINGTON BEACH,-117.99948120117188,33.65541458129883
8701054,2018,2018-12-06,3010,2018-09-03,1133,147,359,1,5,6,3010,0,0,0,NA,0,004,BEACH SERVICE RD,9TH ST,143,W,N,A,-,Y,ORA,12,1,-,-,25.021,I,6,S,N,3,0,1,1,A,-,03,22350,NA,N,H,I,A,A,H,-,A,D,0,NA,Y,NA,NA,Y,NA,L,04,0,1,0,0,0,0,1,0,0,-,-,NA,NA,ORANGE,HUNTINGTON BEACH,-118.0059814453125,33.65993118286133
8701081,2018,2018-11-15,3003,2018-09-09,0924,1080,NA,7,5,5,3003,0,0,0,NA,0,NA,BEACH BL,LA PALMA AV,590,N,N,A,-,N,NA,NA,NA,NA,NA,NA,NA,NA,NA,N,4,0,3,2,A,-,03,22350,NA,N,C,C,A,A,H,-,A,B,0,NA,NA,NA,NA,Y,NA,A,01,0,0,3,0,0,0,0,0,0,-,-,33.848388671875,-117.99810028076172,ORANGE,BUENA PARK,-117.9980239868164,33.8482666015625
8701784,2018,2018-09-24,3010,2018-09-10,1519,1092,273,1,5,6,3010,0,0,0,NA,0,006,NEWLAND ST,SLATER AV,0,NA,Y,A,-,N,NA,NA,NA,NA,NA,NA,NA,NA,NA,Y,3,0,3,2,A,-,09,21801,A,N,A,C,A,A,H,-,A,A,0,NA,NA,NA,NA,Y,NA,A,07,0,1,2,0,0,0,0,0,0,-,-,NA,NA,ORANGE,HUNTINGTON BEACH,-117.98046112060548,33.70846176147461
8702219,2018,2018-10-03,3022,2018-09-14,1345,1324,NA,5,5,5,3022,0,0,0,NA,0,NA,JAMBOREE RD,WARNER AV,1912,N,N,A,-,N,NA,NA,NA,NA,NA,NA,NA,NA,NA,Y,3,0,2,2,A,-,03,22350,NA,N,C,C,A,A,H,-,A,D,0,NA,NA,NA,NA,Y,NA,A,01,0,1,1,0,0,0,0,0,0,-,-,33.69868850708008,-117.81939697265624,ORANGE,TUSTIN,-117.81920623779295,33.69852066040039
8702584,2018,2018-10-11,3010,2018-09-16,1106,1261,147,7,5,6,3010,0,0,0,NA,0,009,SPRINGDALE,EDINGER,0,NA,Y,A,-,N,NA,NA,NA,NA,NA,NA,NA,NA,NA,Y,4,0,1,1,A,-,01,23152,A,N,E,I,A,A,H,-,A,A,0,NA,NA,NA,NA,Y,Y,A,07,0,0,1,0,0,0,0,0,0,-,-,NA,NA,ORANGE,HUNTINGTON BEACH,-118.02413177490234,33.7299690246582
8704065,2018,2018-10-01,3000,2018-07-18,1307,2731,797J5,3,5,4,3021,0,0,0,NA,0,023,BEACH BL,CATHERINE AV,136,S,N,A,-,N,NA,NA,NA,NA,NA,NA,NA,NA,NA,N,3,0,1,2,A,-,08,22107,NA,N,G,G,A,A,H,-,A,D,0,NA,Y,NA,NA,Y,NA,A,01,0,1,0,0,0,0,1,0,0,-,-,NA,NA,ORANGE,STANTON,-117.99299621582033,33.783447265625
8704105,2018,2018-10-10,3000,2018-09-06,1505,3358,972H1,4,5,4,3018,0,0,0,NA,0,731,STALLION RIDGE,VIA GRANADA,27,E,N,A,-,N,NA,NA,NA,NA,NA,NA,NA,NA,NA,N,4,0,1,3,A,-,09,21801,A,N,D,C,A,A,H,-,A,D,0,NA,NA,NA,NA,Y,NA,A,01,0,0,1,0,0,0,0,0,0,-,-,NA,NA,ORANGE,SAN JUAN CAPISTRANO,-117.619425,33.499699
8704883,2018,2018-10-09,3006,2018-08-30,1731,333,14,4,5,3,3006,0,0,0,NA,0,002,LA PALMA AV,WESTRA LN,0,NA,Y,A,-,N,NA,NA,NA,NA,NA,NA,NA,NA,NA,N,4,0,1,2,A,-,09,21802,A,N,D,C,A,A,H,-,A,D,0,NA,NA,NA,NA,Y,NA,A,01,0,0,1,0,0,0,0,0,0,-,-,NA,NA,ORANGE,LA PALMA,-118.03209686279295,33.84645080566406
8704885,2018,2018-10-08,3013,2018-07-30,1753,203,C34,1,5,3,3013,0,0,0,NA,0,003,KATELLA AV,WALKER ST,312,W,N,A,-,N,NA,NA,NA,NA,NA,NA,NA,NA,NA,Y,4,0,1,2,A,-,03,22350,NA,N,C,C,A,A,H,-,A,D,0,NA,NA,NA,NA,Y,NA,A,07,0,0,1,0,0,0,0,0,0,-,-,NA,NA,ORANGE,LOS ALAMITOS,-118.03809356689452,33.80305862426758
8705523,2018,2018-10-23,3024,2018-09-26,0934,176,P43,3,5,5,3024,0,0,0,NA,0,EAST,MAGNOLIA ST,HEIL AV,100,S,N,A,-,N,NA,NA,NA,NA,NA,NA,NA,NA,NA,N,4,0,1,2,A,-,03,22350,NA,N,C,C,A,A,H,-,A,A,0,NA,NA,NA,NA,Y,NA,A,01,0,0,1,0,0,0,0,0,0,-,-,33.723060607910156,-117.91795349121094,ORANGE,WESTMINSTER,-117.9719696044922,33.7227668762207
8705594,2018,2018-10-30,3024,2018-09-24,0759,153,P05,1,5,5,3024,0,0,0,NA,0,WEST,EDWARDS ST,TRASK AV,90,S,N,A,-,N,NA,NA,NA,NA,NA,NA,NA,NA,NA,N,4,0,1,2,A,-,03,22350,NA,N,C,C,A,A,H,-,A,A,0,NA,NA,NA,NA,Y,NA,A,01,0,0,1,0,0,0,0,0,0,-,-,33.76625061035156,-118.01590728759766,ORANGE,WESTMINSTER,-118.01596832275392,33.76609420776367
8706415,2018,2018-10-23,3008,2018-06-02,1754,1544,NA,6,5,6,3008,0,0,0,NA,0,0Z3,CHAPMAN AV,RT 57,0,NA,Y,A,-,Y,ORA,12,57,-,-,11.402,R,4,S,Y,4,0,1,3,A,-,08,22101,D,N,B,C,A,A,H,-,A,A,0,NA,NA,Y,NA,Y,NA,-,99,0,0,1,0,0,0,0,0,1,-,SF,NA,NA,ORANGE,FULLERTON,-117.88011932373048,33.79010009765625
8707776,2018,2018-10-22,3001,2018-09-24,0548,A1555,NA,1,5,7,3001,0,0,0,NA,0,D 2,NORTH STATE COLLEGE BL,E VIA BURTON ST,38,S,N,B,-,N,NA,NA,NA,NA,NA,NA,NA,NA,NA,N,3,0,1,2,A,-,03,22350,NA,N,C,C,A,A,H,-,C,A,0,NA,NA,NA,Y,Y,NA,G,25,0,1,0,0,0,0,0,0,0,-,-,NA,NA,ORANGE,ANAHEIM,-117.8893814086914,33.856239318847656
8708001,2018,2019-01-07,3000,2018-09-14,1950,9186,797J5,5,5,4,3021,0,0,0,NA,0,023,BEACH BL,1ST ST,187,N,N,A,-,Y,ORA,12,39,-,-,11.032,H,-,N,N,2,0,1,2,A,-,11,21954,A,N,-,B,D,A,H,-,C,D,0,Y,NA,NA,NA,Y,NA,N,60,1,0,0,0,1,0,0,0,0,-,-,NA,NA,ORANGE,STANTON,-117.99309539794922,33.80807113647461
8708935,2018,2018-10-29,3008,2018-04-27,1602,1511,NA,5,5,6,3008,0,0,0,NA,0,003,S RAYMOND AV,E WALNUT AV,0,NA,Y,A,-,N,NA,NA,NA,NA,NA,NA,NA,NA,NA,Y,4,0,5,2,A,-,09,21802,A,N,D,C,A,A,H,-,A,A,0,NA,NA,NA,NA,Y,NA,A,01,0,0,5,0,0,0,0,0,0,-,-,NA,NA,ORANGE,FULLERTON,-117.9069366455078,33.868309020996094
8710234,2018,2018-10-16,3001,2018-07-29,0220,2243,ANAHE,7,5,7,3001,0,0,0,NA,0,031,BEACON AV,ASPEN ST,115,W,N,A,-,N,NA,NA,NA,NA,NA,NA,NA,NA,NA,N,3,0,1,1,A,-,01,23152,F,M,E,I,A,A,H,-,C,D,0,NA,NA,NA,NA,Y,NA,A,01,0,1,0,0,0,0,0,0,0,-,-,NA,NA,ORANGE,ANAHEIM,-117.92447662353516,33.821205139160156
8710456,2018,2018-10-16,3008,2018-03-22,0741,1407,NA,4,5,6,3008,0,0,0,NA,0,0Z2,HIGHLAND AV,BAKER AV,155,S,N,C,-,N,NA,NA,NA,NA,NA,NA,NA,NA,NA,N,4,0,1,4,A,-,09,21804,NA,N,B,C,A,B,H,-,A,D,0,NA,NA,NA,NA,Y,NA,A,01,0,0,1,0,0,0,0,0,0,-,-,NA,NA,ORANGE,FULLERTON,-117.92864227294922,33.85658645629883
8711018,2018,2018-10-19,3007,2018-09-25,1116,284,57,2,5,5,3007,0,0,0,NA,0,NA,SLATER,MT HERRMANN,0,NA,Y,B,-,N,NA,NA,NA,NA,NA,NA,NA,NA,NA,N,4,0,1,2,A,-,12,21453,A,N,D,C,A,A,H,-,A,A,0,NA,NA,NA,NA,Y,NA,A,01,0,0,1,0,0,0,0,0,0,-,-,NA,NA,ORANGE,FOUNTAIN VALLEY,-117.93250274658205,33.70915985107422
8712966,2018,2018-11-29,3000,2018-10-01,0740,9192,921E5,1,5,4,3049,0,0,0,NA,0,6M81,ENTERPRISE,ALISO CREEK RD,0,NA,Y,A,-,N,NA,NA,NA,NA,NA,NA,NA,NA,NA,N,3,0,1,2,A,-,10,21950,A,N,G,B,B,A,H,-,A,A,0,Y,NA,NA,NA,Y,NA,A,01,0,1,0,0,1,0,0,0,0,-,-,NA,NA,ORANGE,ALISO VIEJO,-117.72332000732422,33.5765495300293
8713059,2018,2018-10-26,3000,2018-09-28,1745,2742,072-D,5,5,5,3017,0,0,0,NA,0,778,VIA MANZANA,CALLE REAL,0,NA,Y,A,-,N,NA,NA,NA,NA,NA,NA,NA,NA,NA,N,4,0,1,2,A,-,09,21802,B,N,D,G,A,A,H,-,A,D,0,NA,Y,NA,NA,Y,NA,L,04,0,0,1,0,0,0,1,0,0,-,-,NA,NA,ORANGE,SAN CLEMENTE,-117.65535736083984,33.46495819091797
8716181,2018,2018-10-16,3000,2018-05-24,1802,8834,971H5,4,5,4,3029,0,0,0,NA,0,434,STONEHILL DR,STREET OF THE GOLDEN LANTERN,13,N,N,A,-,N,NA,NA,NA,NA,NA,NA,NA,NA,NA,Y,4,0,1,3,A,-,08,22107,NA,N,B,C,A,A,H,-,A,A,0,NA,NA,NA,NA,Y,NA,A,01,0,0,1,0,0,0,0,0,0,-,-,NA,NA,ORANGE,DANA POINT,-117.697824,33.47636
8717759,2018,2018-10-17,3014,2018-09-21,0750,1435,RD28,5,5,5,3014,0,0,0,NA,0,0A2,IRVINE AV,SHERINGTON PL,0,NA,Y,A,-,N,NA,NA,NA,NA,NA,NA,NA,NA,NA,N,4,0,1,2,A,-,05,21650,1,N,H,G,A,A,H,-,A,D,0,NA,Y,NA,NA,Y,NA,L,04,0,0,1,0,0,0,1,0,0,-,-,33.627498626708984,-117.9093017578125,ORANGE,NEWPORT BEACH,-117.90939331054688,33.62763977050781
8718343,2018,2018-12-06,3014,2018-09-10,1712,1253,RD25,1,5,5,3014,0,0,0,NA,0,0A2,OLD NEWPORT BL,RT 55,0,NA,Y,A,-,Y,ORA,12,55,-,-,0.48,I,6,N,Y,4,0,1,2,A,-,09,21801,A,N,D,C,A,A,H,-,A,A,0,NA,NA,NA,NA,Y,NA,A,01,0,0,1,0,0,0,0,0,0,-,-,33.62379837036133,-117.92790222167967,ORANGE,NEWPORT BEACH,-117.9283447265625,33.624027252197266
8718446,2018,2018-11-06,3000,2018-08-06,1346,7734,922B4,1,5,5,3028,0,0,0,NA,0,752,OSO PKWY,RT 5,197,E,N,A,-,Y,ORA,12,5,-,-,15.028,R,4,S,Y,4,0,1,4,A,-,03,22350,NA,N,C,C,A,A,H,-,A,D,0,NA,NA,NA,NA,Y,NA,A,01,0,0,1,0,0,0,0,0,0,-,SO,NA,NA,ORANGE,MISSION VIEJO,-117.67194366455078,33.577369689941406
8718768,2018,2019-01-03,3012,2018-09-12,0700,662,27,3,5,5,3012,0,0,0,NA,0,002,WHITTIER BL,CYPRESS ST,15,W,N,A,-,Y,ORA,12,39,-,-,22.21,H,-,N,N,4,0,1,3,A,-,03,22350,NA,N,C,C,A,A,H,-,A,A,0,NA,NA,NA,NA,Y,NA,-,-,0,0,1,0,0,0,0,0,0,-,-,NA,NA,ORANGE,LA HABRA,-117.94207763671876,33.93904113769531
8718868,2018,2019-01-22,3011,2018-10-08,0717,31407,71,1,5,4,3011,0,0,0,NA,0,001,RT 133,EL TORO RD,500,S,N,B,-,Y,ORA,12,133,-,-,3.39,H,-,S,Y,4,0,1,2,A,-,03,22350,NA,N,C,C,A,A,H,-,A,D,0,NA,NA,Y,NA,Y,NA,C,02,0,0,1,0,0,0,0,0,1,-,-,NA,NA,ORANGE,LAGUNA BEACH,-117.76136016845705,33.58243179321289
8719129,2018,2018-11-16,3004,2018-10-06,0815,P664,03,6,5,6,3004,0,0,0,NA,0,001,NEWPORT BL,18TH ST,86,S,N,B,-,N,NA,NA,55,NA,NA,NA,NA,NA,NA,Y,4,0,1,2,A,-,01,23152,E,N,B,C,A,A,H,-,A,A,0,NA,NA,NA,NA,Y,NA,D,22,0,0,1,0,0,0,0,0,0,-,-,33.638999938964844,-117.9208984375,ORANGE,COSTA MESA,-117.92086791992188,33.638973236083984
8719275,2018,2019-01-10,3008,2018-07-20,1819,1531,2,5,5,6,3008,0,0,0,NA,0,NA,LEMON AV,VALENCIA DR,0,NA,Y,A,-,N,NA,NA,NA,NA,NA,NA,NA,NA,NA,Y,4,0,3,2,A,-,12,21453,A,N,D,C,A,A,H,-,A,A,0,NA,NA,NA,NA,Y,NA,A,01,0,0,3,0,0,0,0,0,0,-,-,NA,NA,ORANGE,FULLERTON,-117.91989135742188,33.8662109375
8720409,2018,2018-10-26,3026,2018-10-03,0820,468,CROSS,3,5,6,3026,0,0,0,NA,0,NA,IRVINE CENTER DR,JEFFREY RD,100,W,N,B,-,N,NA,NA,NA,NA,NA,NA,NA,NA,NA,Y,4,0,2,2,D,-,00,NA,NA,N,B,C,A,B,H,-,A,A,0,NA,NA,NA,NA,Y,NA,-,-,0,0,2,0,0,0,0,0,0,-,-,33.67940139770508,-117.77857208251952,ORANGE,IRVINE,-117.77915954589844,33.679710388183594
8722229,2018,2018-11-01,3010,2018-10-12,1842,2880,283,5,5,6,3010,0,0,0,NA,0,006,SLATER AV,NEWLAND ST,0,NA,Y,C,-,N,NA,NA,NA,NA,NA,NA,NA,NA,NA,Y,4,0,1,2,A,-,09,21801,A,N,D,C,A,B,H,-,C,A,0,NA,NA,NA,NA,Y,NA,A,01,0,0,1,0,0,0,0,0,0,-,-,NA,NA,ORANGE,HUNTINGTON BEACH,-117.98046112060548,33.70846176147461
8722899,2018,2018-11-01,3004,2018-10-09,2103,P394,23,2,5,6,3004,0,0,0,NA,0,015,ANTON BL,AVENUE OF THE ARTS,246,W,N,A,-,N,NA,NA,NA,NA,NA,NA,NA,NA,NA,N,4,0,2,2,A,-,09,21801,A,N,D,C,A,A,H,-,C,D,0,NA,NA,NA,NA,Y,Y,A,01,0,0,2,0,0,0,0,0,0,-,-,33.69023895263672,-117.88195037841795,ORANGE,COSTA MESA,-117.88186645507813,33.690208435058594
8722959,2018,2018-11-01,3024,2018-10-09,0157,412,P-03,2,5,5,3024,0,0,0,NA,0,WEST,GARDEN GROVE BL,MELANIE LN,268,E,N,A,-,N,NA,NA,NA,NA,NA,NA,NA,NA,NA,Y,4,0,1,4,A,-,01,23152,A,N,B,E,A,A,H,-,C,A,0,NA,NA,NA,NA,Y,Y,A,01,0,0,1,0,0,0,0,0,0,-,-,33.77373123168945,-118.02675628662108,ORANGE,WESTMINSTER,-118.02603149414063,33.77391052246094
8723731,2018,2018-11-13,3009,2018-10-22,1813,4149,145,1,5,6,3009,0,0,0,NA,0,2 2,HARBOR BL,GARDEN GROVE BL,473,S,N,A,-,N,NA,NA,NA,NA,NA,NA,NA,NA,NA,N,4,0,1,2,A,-,09,21801,A,N,D,C,A,A,H,-,B,D,0,NA,NA,NA,NA,Y,NA,A,01,0,0,1,0,0,0,0,0,0,-,-,33.774471282958984,-117.92019653320313,ORANGE,GARDEN GROVE,-117.92050933837892,33.773040771484375
8723952,2018,2018-11-15,3008,2018-07-01,1820,1559,Z1,7,5,6,3008,0,0,0,NA,0,001,PECKHAM ST,ORANGETHORPE AV,430,NA,N,A,-,N,NA,NA,NA,NA,NA,NA,NA,NA,NA,Y,4,0,1,2,A,-,09,21804,NA,N,D,C,A,A,H,-,C,A,0,NA,NA,NA,NA,Y,NA,A,01,0,0,1,0,0,0,0,0,0,-,-,NA,NA,ORANGE,FULLERTON,-117.97073364257813,33.85913848876953
8724006,2018,2018-11-19,3007,2018-10-16,0842,1139,44,2,5,5,3007,0,0,0,NA,0,001,BROOKHURST,LA ALAMEDA,0,NA,Y,A,-,N,NA,NA,NA,NA,NA,NA,NA,NA,NA,Y,4,0,1,2,A,-,09,21801,A,N,D,C,A,A,H,-,A,A,0,NA,NA,NA,NA,Y,NA,A,01,0,0,1,0,0,0,0,0,0,-,-,NA,NA,ORANGE,FOUNTAIN VALLEY,-117.95453643798828,33.71261978149414
8724219,2018,2019-01-11,3024,2018-11-10,2128,433,P 25,6,5,5,3024,0,0,0,NA,0,EAST,BOLSA AV,NEWLAND ST,0,NA,Y,A,-,N,NA,NA,NA,NA,NA,NA,NA,NA,NA,Y,3,0,3,2,A,-,12,21453,A,N,D,C,A,A,H,-,C,A,0,NA,NA,NA,NA,Y,NA,A,01,0,1,2,0,0,0,0,0,0,-,-,33.744590759277344,-117.98091888427734,ORANGE,WESTMINSTER,-117.98090362548828,33.744720458984375
8724381,2018,2019-01-11,3014,2018-11-04,1214,1395,RD44,7,5,5,3014,0,0,0,NA,0,0A4,RT 1,FERNLEAF AV,45,W,N,A,-,N,NA,NA,NA,NA,NA,NA,NA,NA,NA,N,4,0,1,2,D,-,00,NA,NA,N,B,C,A,A,H,-,A,D,0,NA,NA,NA,NA,Y,NA,-,-,0,0,1,0,0,0,0,0,0,-,-,33.602298736572266,-117.87310028076172,ORANGE,NEWPORT BEACH,-117.87537384033205,33.599769592285156
8724513,2018,2018-11-08,3026,2018-08-09,2045,600,PORTO,4,5,6,3026,0,0,0,NA,0,00P,SAND CANYON,TRABUCO,31,N,N,B,-,N,NA,NA,NA,NA,NA,NA,NA,NA,NA,Y,3,0,1,2,A,-,03,22350,NA,N,C,C,A,A,H,-,C,A,0,NA,NA,NA,NA,Y,NA,A,01,0,1,0,0,0,0,0,0,0,-,-,NA,NA,ORANGE,IRVINE,-117.74893951416016,33.6871223449707
8727059,2018,2019-01-22,3010,2018-10-15,1544,1059,422,1,5,6,3010,0,0,0,NA,0,005,RT 39,GARFIELD AV,120,S,N,A,-,Y,ORA,12,39,-,-,2.63,H,-,N,N,4,0,1,2,A,-,03,22350,NA,F,C,C,A,A,H,-,A,D,0,NA,NA,NA,NA,Y,NA,D,22,0,0,1,0,0,0,0,0,0,-,-,NA,NA,ORANGE,HUNTINGTON BEACH,-117.98867034912108,33.68657684326172
8728413,2018,2018-11-06,3004,2018-09-19,1526,P429,17,3,5,6,3004,0,0,0,NA,0,010,W BAKER ST,GRACE LN,0,NA,Y,A,-,N,NA,NA,NA,NA,NA,NA,NA,NA,NA,Y,4,0,1,2,A,-,09,21802,A,N,D,C,A,A,H,-,A,A,0,NA,NA,NA,NA,Y,NA,A,01,0,0,1,0,0,0,0,0,0,-,-,33.68000030517578,-117.90249633789063,ORANGE,COSTA MESA,-117.90260314941406,33.68013000488281
8730558,2018,2018-11-05,3008,2018-01-29,1048,159,NJC,1,5,6,3008,0,0,0,NA,0,0Z1,GILBERT ST,RAYMER AV,35,N,N,A,-,N,NA,NA,NA,NA,NA,NA,NA,NA,NA,Y,4,0,1,2,A,-,03,22350,NA,N,C,C,A,A,H,-,A,A,0,NA,NA,NA,NA,Y,NA,A,01,0,0,1,0,0,0,0,0,0,-,-,NA,NA,ORANGE,FULLERTON,-117.9683837890625,33.87379455566406
8731831,2018,2018-11-14,3014,2018-10-07,1740,1253,RD33,7,5,5,3014,0,0,0,NA,0,0A3,JAMBOREE RD,BRISTOL ST S,0,NA,Y,A,-,N,NA,NA,NA,NA,NA,NA,NA,NA,NA,Y,2,0,2,2,A,-,12,21453,A,N,D,C,A,A,H,-,A,A,0,NA,NA,NA,NA,Y,NA,A,01,1,1,0,0,0,0,0,0,0,-,-,33.654998779296875,-117.86540222167967,ORANGE,NEWPORT BEACH,-117.86540985107422,33.65494918823242
8733667,2018,2018-12-20,3010,2018-10-24,0518,1254,178,3,5,6,3010,0,0,0,NA,0,007,WARNER,SPRINGDALE,0,NA,Y,A,-,N,NA,NA,NA,NA,NA,NA,NA,NA,NA,N,3,0,1,2,A,-,12,21453,A,M,D,G,A,A,H,-,C,A,0,NA,Y,NA,NA,Y,NA,A,01,0,1,0,0,0,0,1,0,0,-,-,NA,NA,ORANGE,HUNTINGTON BEACH,-118.0239715576172,33.715518951416016