CASE_ID,ACCIDENT_YEAR,PROC_DATE,JURIS,COLLISION_DATE,COLLISION_TIME,OFFICER_ID,REPORTING_DISTRICT,DAY_OF_WEEK,CHP_SHIFT,POPULATION,CNTY_CITY_LOC,SPECIAL_COND,BEAT_TYPE,CHP_BEAT_TYPE,CITY_DIVISION_LAPD,CHP_BEAT_CLASS,BEAT_NUMBER,PRIMARY_RD,SECONDARY_RD,DISTANCE,DIRECTION,INTERSECTION,WEATHER_1,WEATHER_2,STATE_HWY_IND,CALTRANS_COUNTY,CALTRANS_DISTRICT,STATE_ROUTE,ROUTE_SUFFIX,POSTMILE_PREFIX,POSTMILE,LOCATION_TYPE,RAMP_INTERSECTION,SIDE_OF_HWY,TOW_AWAY,COLLISION_SEVERITY,NUMBER_KILLED,NUMBER_INJURED,PARTY_COUNT,PRIMARY_COLL_FACTOR,PCF_CODE_OF_VIOL,PCF_VIOL_CATEGORY,PCF_VIOLATION,PCF_VIOL_SUBSECTION,HIT_AND_RUN,TYPE_OF_COLLISION,MVIW,PED_ACTION,ROAD_SURFACE,ROAD_COND_1,ROAD_COND_2,LIGHTING,CONTROL_DEVICE,CHP_ROAD_TYPE,PEDESTRIAN_ACCIDENT,BICYCLE_ACCIDENT,MOTORCYCLE_ACCIDENT,TRUCK_ACCIDENT,NOT_PRIVATE_PROPERTY,ALCOHOL_INVOLVED,STWD_VEHTYPE_AT_FAULT,CHP_VEHTYPE_AT_FAULT,COUNT_SEVERE_INJ,COUNT_VISIBLE_INJ,COUNT_COMPLAINT_PAIN,COUNT_PED_KILLED,COUNT_PED_INJURED,COUNT_BICYCLIST_KILLED,COUNT_BICYCLIST_INJURED,COUNT_MC_KILLED,COUNT_MC_INJURED,PRIMARY_RAMP,SECONDARY_RAMP,LATITUDE,LONGITUDE,COUNTY,CITY,POINT_X,POINT_Y
8768106,2018,2019-02-04,3011,2018-12-02,0033,31462,37,7,5,4,3011,0,0,0,NA,0,001,LAGUNA CANYON RD,CANYON ACRES DR,210,W,N,A,-,Y,ORA,12,133,-,-,0.92,H,-,S,Y,4,0,1,2,A,-,01,23152,A,N,B,E,A,A,H,-,D,D,0,NA,NA,NA,NA,Y,Y,A,01,0,0,1,0,0,0,0,0,0,-,-,NA,NA,ORANGE,LAGUNA BEACH,-117.77629089355467,33.55326843261719
8768153,2018,2019-02-04,3000,2018-12-05,0225,9143,797J6,3,5,4,3021,0,0,0,NA,0,023,BEACH BL,GARDEN GROVE BL,53,S,N,C,-,Y,ORA,12,39,-,-,8.65,H,-,N,Y,2,0,1,3,A,-,09,21453,C,N,D,C,A,B,H,-,C,A,0,NA,NA,NA,NA,Y,Y,A,01,1,0,0,0,0,0,0,0,0,-,-,NA,NA,ORANGE,STANTON,-117.9926986694336,33.77339553833008
8768374,2018,2019-01-08,3009,2018-11-27,1408,3739,071,2,5,6,3009,0,0,0,NA,0,012,JOYZELLE DR,MAGNOLIA ST,324,W,N,A,-,N,NA,NA,NA,NA,NA,NA,NA,NA,NA,N,3,0,1,2,A,-,08,22107,NA,N,B,E,A,A,H,-,A,D,0,NA,NA,NA,NA,Y,NA,A,07,0,1,0,0,0,0,0,0,0,-,-,NA,NA,ORANGE,GARDEN GROVE,-117.97665405273438,33.79793930053711
8769574,2018,2019-01-08,3001,2018-10-04,1825,772,NA,4,5,7,3001,0,0,0,NA,0,0D1,N GILBERT ST,W GREENACRE AV,116,S,N,A,-,N,NA,NA,NA,NA,NA,NA,NA,NA,NA,N,3,0,1,2,A,-,09,21804,A,N,D,C,A,A,H,-,A,D,0,NA,NA,NA,NA,Y,NA,A,07,0,1,0,0,0,0,0,0,0,-,-,NA,NA,ORANGE,ANAHEIM,-117.96778106689452,33.84156036376953
8769676,2018,2019-01-11,3001,2018-12-19,0652,871,D1,3,5,7,3001,0,0,0,NA,0,011,LINCOLN AV,WESTCHESTER DR,357,E,N,A,-,N,NA,NA,NA,NA,NA,NA,NA,NA,NA,Y,4,0,1,3,A,-,08,22107,A,N,B,C,A,A,H,-,A,D,0,NA,NA,NA,NA,Y,NA,A,01,0,0,1,0,0,0,0,0,0,-,-,NA,NA,ORANGE,ANAHEIM,-118.0054168701172,33.8320198059082
8769779,2018,2019-01-29,3001,2018-12-21,2042,415,NA,5,5,7,3001,0,0,0,NA,0,0D2,OLIVE ST,SANTA ANA ST,0,NA,Y,A,-,N,NA,NA,NA,NA,NA,NA,NA,NA,NA,Y,4,0,1,2,A,-,09,21800,A,M,D,-,A,A,H,-,C,A,0,NA,NA,NA,NA,Y,NA,A,01,0,0,1,0,0,0,0,0,0,-,-,NA,NA,ORANGE,ANAHEIM,-117.90872192382813,33.83195877075195
8770238,2018,2019-01-15,3014,2018-12-20,1033,1520,RD38,4,5,5,3014,0,0,0,NA,0,0A3,JAMBOREE RD,EASTBLUFF DR,770,N,N,A,-,N,NA,NA,NA,NA,NA,NA,NA,NA,NA,Y,4,0,1,3,A,-,03,22350,A,N,C,C,A,A,H,-,A,A,0,NA,NA,NA,NA,Y,NA,A,01,0,0,1,0,0,0,0,0,0,-,-,33.632999420166016,-117.87310028076172,ORANGE,NEWPORT BEACH,-117.87325286865234,33.63303756713867
8770377,2018,2019-01-12,3020,2018-10-31,0756,152,S03,3,5,4,3020,0,0,0,NA,0,NA,MARINA DR,5TH ST,0,NA,Y,A,-,N,NA,NA,NA,NA,NA,NA,NA,NA,NA,N,3,0,1,2,A,-,10,21950,A,N,G,B,B,A,H,-,A,A,0,Y,NA,NA,NA,Y,NA,A,01,0,1,0,0,1,0,0,0,0,-,-,NA,NA,ORANGE,SEAL BEACH,-118.1069107055664,33.74510192871094
8771730,2018,2019-01-08,3001,2018-09-26,0942,A0387,NA,3,5,7,3001,0,0,0,NA,0,0D3,SOUTH EUCLID ST,SALLIE LN,49,N,N,A,-,N,NA,NA,NA,NA,NA,NA,NA,NA,NA,Y,3,0,1,2,A,-,07,21658,A,N,B,C,A,A,H,-,A,D,0,NA,NA,Y,NA,Y,NA,C,02,0,1,0,0,0,0,0,0,1,-,-,NA,NA,ORANGE,ANAHEIM,-117.94140625,33.80549240112305
8772265,2018,2019-01-10,3026,2018-10-26,0117,546,PORTO,5,5,6,3026,0,0,0,NA,0,00P,IRVINE BL,RIDGE VALLEY,0,NA,Y,A,-,N,NA,NA,NA,NA,NA,NA,NA,NA,NA,N,3,0,1,1,A,-,01,23152,A,N,E,I,A,A,H,-,C,A,0,NA,NA,NA,NA,Y,Y,A,01,0,1,0,0,0,0,0,0,0,-,-,NA,NA,ORANGE,IRVINE,-117.7313995361328,33.69369125366211
8772825,2018,2019-02-04,3012,2018-12-05,1828,623,32,3,5,5,3012,0,0,0,NA,0,003,LAMBERT RD,BEACH BL,237,E,N,A,-,Y,ORA,12,39,-,-,19.671,I,6,N,Y,4,0,1,2,A,-,08,22107,NA,N,D,C,A,A,H,-,C,A,0,NA,NA,NA,NA,Y,NA,A,01,0,0,1,0,0,0,0,0,0,-,-,NA,NA,ORANGE,LA HABRA,-117.96768951416016,33.92447280883789
8773751,2018,2019-02-04,3012,2018-11-12,2203,625,NA,1,5,5,3012,0,0,0,NA,0,003,IMPERIAL HWY,BEACH BL,16,E,N,A,-,Y,ORA,12,90,-,-,0.52,H,-,W,N,4,0,1,2,A,-,03,22350,NA,M,C,C,A,A,H,-,C,A,0,NA,NA,NA,NA,Y,NA,A,01,0,0,1,0,0,0,0,0,0,-,-,NA,NA,ORANGE,LA HABRA,-117.96759033203124,33.917423248291016
8774602,2019,2019-01-15,3010,2019-01-03,1219,1225,432,4,5,6,3010,0,0,0,NA,0,005,MAIN,YORKTOWN,0,NA,Y,A,-,N,NA,NA,NA,NA,NA,NA,NA,NA,NA,Y,3,0,2,2,A,-,12,21453,A,N,D,C,A,A,H,-,A,A,0,NA,NA,NA,NA,Y,NA,A,01,0,1,1,0,0,0,0,0,0,-,-,NA,NA,ORANGE,HUNTINGTON BEACH,-118.00174713134766,33.6793212890625
8774732,2018,2019-01-15,3004,2018-11-29,1736,P459,19,4,5,6,3004,0,0,0,NA,0,004,HARBOR BL,GISLER AV,0,NA,Y,B,C,N,NA,NA,NA,NA,NA,NA,NA,NA,NA,Y,4,0,1,3,A,-,03,22350,NA,N,C,C,A,B,H,-,C,D,0,NA,NA,NA,NA,Y,NA,A,01,0,0,1,0,0,0,0,0,0,-,-,33.68695068359375,-117.9194793701172,ORANGE,COSTA MESA,-117.9194564819336,33.686981201171875
8775831,2018,2019-01-12,3022,2018-11-10,1047,1297,NA,6,5,5,3022,0,0,0,NA,0,NA,JAMBOREE RD,WEST DR,0,NA,Y,A,-,N,NA,NA,NA,NA,NA,NA,NA,NA,NA,Y,4,0,2,2,A,-,09,21453,C,N,D,C,A,A,H,-,A,A,0,NA,NA,NA,NA,Y,NA,A,07,0,0,2,0,0,0,0,0,0,-,-,33.722999572753906,-117.79100036621094,ORANGE,TUSTIN,-117.79106903076172,33.72377014160156
8775842,2018,2019-01-28,3013,2018-12-10,1054,203,L08,1,5,3,3013,0,0,0,NA,0,005,FARQUHAR AV,LOS ALAMITOS BL,153,E,N,A,-,N,NA,NA,NA,NA,NA,NA,NA,NA,NA,Y,4,0,1,2,A,-,03,22350,NA,N,A,B,F,A,H,-,A,D,0,Y,NA,NA,NA,Y,NA,A,08,0,0,1,0,1,0,0,0,0,-,-,NA,NA,ORANGE,LOS ALAMITOS,-118.07147979736328,33.79948425292969
8776051,2019,2019-02-04,3001,2019-01-02,1146,1825,NA,3,5,7,3001,0,0,0,NA,0,0D2,UNDERHILL AV,STATE COLLEGE BL,13,E,N,A,-,N,NA,NA,NA,NA,NA,NA,NA,NA,NA,N,4,0,1,2,A,-,09,21804,A,N,D,G,A,A,H,-,A,A,0,NA,Y,NA,NA,Y,NA,L,04,0,0,1,0,0,0,1,0,0,-,-,NA,NA,ORANGE,ANAHEIM,-117.88925933837892,33.84217071533203
8776188,2018,2019-01-30,3001,2018-12-26,1650,1410,NA,3,5,7,3001,0,0,0,NA,0,0D3,SOUTH STATE COLLEGE BL,EAST ORANGEWOOD AV,0,NA,Y,A,-,N,NA,NA,NA,NA,NA,NA,NA,NA,NA,Y,3,0,2,2,A,-,12,21453,A,N,D,C,A,A,D,-,B,A,0,NA,NA,NA,NA,Y,NA,A,08,0,1,1,0,0,0,0,0,0,-,-,NA,NA,ORANGE,ANAHEIM,-117.88932037353516,33.796241760253906
8777182,2018,2019-02-08,3009,2018-12-18,0538,4330,042,2,5,6,3009,0,0,0,NA,0,011,CHAPMAN AV,WESTERN AV,0,NA,Y,A,-,N,NA,NA,NA,NA,NA,NA,NA,NA,NA,N,4,0,1,2,A,-,09,21801,A,N,D,C,A,A,H,-,B,A,0,NA,NA,NA,NA,Y,Y,D,22,0,0,1,0,0,0,0,0,0,-,-,NA,NA,ORANGE,GARDEN GROVE,-118.00153350830078,33.788330078125
8777546,2018,2019-01-24,3009,2018-12-26,1513,3972,143,3,5,6,3009,0,0,0,NA,0,022,HARBOR BL,LAMPSON AV,0,NA,Y,A,-,N,NA,NA,NA,NA,NA,NA,NA,NA,NA,N,4,0,1,2,A,-,09,21801,A,N,D,G,A,A,H,-,A,A,0,NA,Y,NA,NA,Y,NA,A,01,0,0,1,0,0,0,1,0,0,-,-,33.78099822998047,-117.91400146484376,ORANGE,GARDEN GROVE,-117.91494750976563,33.78165054321289
8777905,2019,2019-02-07,3010,2019-01-05,1504,3042,446,6,5,6,3010,0,0,0,NA,0,003,BROOKHURST,CRAILET,0,NA,Y,B,-,N,NA,NA,NA,NA,NA,NA,NA,NA,NA,Y,4,0,1,3,A,-,04,21703,NA,N,C,C,A,A,H,-,A,D,0,NA,NA,NA,NA,Y,NA,A,08,0,0,1,0,0,0,0,0,0,-,-,NA,NA,ORANGE,HUNTINGTON BEACH,-117.95384979248048,33.66621017456055
8777998,2018,2019-01-23,3000,2018-12-28,2357,4601,971F4,5,5,4,3029,0,0,0,NA,0,638,RITZ CARLTON,PCH,98,W,N,A,-,N,NA,NA,NA,NA,NA,NA,NA,NA,NA,Y,3,0,1,1,A,-,08,22107,NA,N,E,I,A,A,H,-,D,D,0,NA,NA,NA,NA,Y,NA,A,01,0,1,0,0,0,0,0,0,0,-,-,NA,NA,ORANGE,DANA POINT,-117.7189483642578,33.47873306274414
8778020,2018,2019-01-22,3000,2018-10-03,0710,5489,921E5,3,5,4,3049,0,0,0,NA,0,782,ALISO CREEK RD,SUMMERFIELD,0,NA,Y,B,-,N,NA,NA,NA,NA,NA,NA,NA,NA,NA,Y,3,0,3,2,A,-,12,21453,A,N,D,C,A,A,G,-,A,A,0,NA,NA,NA,NA,Y,NA,A,01,0,3,0,0,0,0,0,0,0,-,-,NA,NA,ORANGE,ALISO VIEJO,-117.72332000732422,33.5765495300293
8779390,2019,2019-02-11,3015,2019-01-20,1010,1372,35E,7,5,6,3015,0,0,0,NA,0,732,W COLLINS AV,N PARKER ST,224,W,N,A,-,N,NA,NA,NA,NA,NA,NA,NA,NA,NA,Y,3,0,5,3,A,-,05,21650,NA,N,A,C,A,A,H,-,A,D,0,NA,NA,NA,NA,Y,NA,A,08,0,3,2,0,0,0,0,0,0,-,-,NA,NA,ORANGE,ORANGE,-117.86056518554688,33.80241012573242
8779402,2019,2019-02-11,3015,2019-01-18,2026,1603,99,5,5,6,3015,0,0,0,NA,0,321,EAST KATELLA AV,N WANDA RD,0,NA,Y,A,-,N,NA,NA,NA,NA,NA,NA,NA,NA,NA,Y,4,0,1,2,A,-,12,21453,A,N,A,C,A,A,H,-,C,A,0,NA,NA,NA,NA,Y,NA,A,01,0,0,1,0,0,0,0,0,0,-,-,NA,NA,ORANGE,ORANGE,-117.82196807861328,33.81045913696289
8779479,2018,2019-02-12,3008,2018-10-09,1125,1505,NA,2,5,6,3008,0,0,0,NA,0,002,CHAPMAN AV,LEMON ST,21,N,N,A,-,N,NA,NA,NA,NA,NA,NA,NA,NA,NA,N,4,0,2,3,A,-,03,22350,NA,N,C,C,A,A,G,-,A,A,0,NA,NA,NA,NA,Y,NA,A,01,0,0,2,0,0,0,0,0,0,-,-,NA,NA,ORANGE,FULLERTON,-117.91985321044922,33.874019622802734
8779646,2018,2019-01-29,3010,2018-12-20,1922,3042,263,4,5,6,3010,0,0,0,NA,0,006,RT 39,WARNER,861,N,N,A,-,Y,ORA,12,39,-,-,4.64,H,-,N,Y,4,0,1,2,A,-,04,21703,NA,N,C,C,A,A,H,-,C,D,0,NA,NA,NA,NA,Y,NA,A,01,0,0,1,0,0,0,0,0,0,-,-,NA,NA,ORANGE,HUNTINGTON BEACH,-117.98899841308594,33.7158203125
8779680,2018,2019-01-29,3000,2018-12-13,1350,3905,971J6,4,5,4,3029,0,0,0,NA,0,134,PACIFIC COAST HWY,DANA POINT HARBOR DR,21,S,N,A,-,N,NA,NA,NA,NA,NA,NA,NA,NA,NA,Y,4,0,2,2,A,-,08,22107,NA,N,B,C,A,A,H,-,A,A,0,NA,NA,NA,NA,Y,NA,D,22,0,0,2,0,0,0,0,0,0,-,-,NA,NA,ORANGE,DANA POINT,-117.68746185302734,33.46506118774414
8780143,2018,2019-02-13,3012,2018-12-18,0959,624,31,2,5,5,3012,0,0,0,NA,0,003,BEACH BL,LAMBERT RD,0,NA,Y,A,-,Y,ORA,12,39,-,-,19.671,I,5,N,Y,3,0,3,4,A,-,12,21453,A,N,D,C,A,A,H,-,A,A,0,NA,NA,NA,NA,Y,NA,D,22,0,1,2,0,0,0,0,0,0,-,-,NA,NA,ORANGE,LA HABRA,-117.96768951416016,33.92447280883789
8781134,2018,2019-01-30,3001,2018-12-26,1509,1410,NA,3,5,7,3001,0,0,0,NA,0,0D2,LINCOLN AV,HARBOR BL,280,W,N,A,-,N,NA,NA,NA,NA,NA,NA,NA,NA,NA,Y,4,0,1,2,A,-,03,22350,NA,N,C,C,A,A,H,-,A,A,0,NA,NA,NA,NA,Y,NA,A,01,0,0,1,0,0,0,0,0,0,-,-,NA,NA,ORANGE,ANAHEIM,-117.92050933837892,33.833988189697266
8781982,2019,2019-02-13,3015,2019-01-04,1010,1081,77S,5,5,6,3015,0,0,0,NA,0,NA,NORTH TUSTIN ST,HEIM AV,540,S,N,A,-,N,NA,NA,NA,NA,NA,NA,NA,NA,NA,N,4,0,1,2,A,-,09,21804,A,M,B,C,A,A,H,-,A,D,0,NA,NA,NA,NA,Y,NA,D,22,0,0,1,0,0,0,0,0,0,-,-,NA,NA,ORANGE,ORANGE,-117.83616638183594,33.82872009277344
8783398,2018,2019-01-26,3008,2018-10-22,0637,1523,NA,1,5,6,3008,0,0,0,NA,0,003,STATE COLLEGE BL,COMMONWEALTH AV,0,NA,Y,B,-,N,NA,NA,NA,NA,NA,NA,NA,NA,NA,Y,3,0,3,2,A,-,12,21453,A,N,C,D,A,A,H,-,B,A,0,NA,NA,NA,NA,Y,NA,A,01,0,1,2,0,0,0,0,0,0,-,-,NA,NA,ORANGE,FULLERTON,-117.88957214355467,33.87057113647461
8784522,2019,2019-03-08,3024,2019-01-16,1735,206,P31,3,5,5,3024,0,0,0,NA,0,WEST,RT 39,BOLSA AVE,18,S,N,B,C,Y,ORA,12,39,-,-,6.641,I,5,S,N,4,0,1,2,A,-,10,21950,A,N,G,B,B,B,H,-,C,A,0,Y,NA,NA,NA,Y,NA,A,01,0,0,1,0,1,0,0,0,0,-,-,NA,NA,ORANGE,WESTMINSTER,-117.9896240234375,33.7447509765625
8784623,2019,2019-03-08,3009,2019-01-20,1129,4149,126,7,5,6,3009,0,0,0,NA,0,023,WOODBURY RD,ANABEL AV,100,E,N,A,-,N,NA,NA,NA,NA,NA,NA,NA,NA,NA,N,3,0,1,2,A,-,17,22517,NA,N,E,G,A,A,H,-,A,D,0,NA,Y,NA,NA,Y,NA,A,01,0,1,0,0,0,0,1,0,0,-,-,33.76300048828125,-117.93060302734376,ORANGE,GARDEN GROVE,-117.930677,33.76375
8786314,2018,2019-02-15,3015,2018-11-30,0830,1613,66,5,5,6,3015,0,0,0,NA,0,002,CHAPMAN AV,RT 55,235,W,N,A,-,N,NA,NA,NA,NA,NA,NA,NA,NA,NA,Y,4,0,2,3,A,-,03,22350,A,N,C,C,A,A,H,-,A,A,0,NA,NA,NA,NA,Y,NA,A,08,0,0,2,0,0,0,0,0,0,-,-,NA,NA,ORANGE,ORANGE,-117.83190155029295,33.7878303527832
8786583,2018,2019-02-07,3008,2018-11-17,1526,1544,NA,6,5,6,3008,0,0,0,NA,0,0Z2,BREA BL,LONGVIEW DR,295,N,N,A,-,N,NA,NA,NA,NA,NA,NA,NA,NA,NA,N,4,0,1,2,A,-,09,21804,A,N,D,C,A,A,H,-,A,A,0,NA,NA,NA,NA,Y,NA,A,01,0,0,1,0,0,0,0,0,0,-,-,NA,NA,ORANGE,FULLERTON,-117.91852569580078,33.88936996459961
8786640,2018,2019-02-06,3008,2018-11-14,1309,1158,NA,3,5,6,3008,0,0,0,NA,0,0II,PLACENTIA AV,NUTWOOD AV,345,S,N,A,-,N,NA,NA,NA,NA,NA,NA,NA,NA,NA,Y,2,0,2,2,A,-,09,21804,A,N,D,C,A,A,H,-,A,A,0,NA,NA,NA,NA,Y,NA,A,01,1,1,0,0,0,0,0,0,0,-,-,NA,NA,ORANGE,FULLERTON,-117.87816619873048,33.876888275146484
8786863,2018,2019-02-12,3000,2018-10-29,0900,9061,797G2,1,5,4,3021,0,0,0,NA,0,021,KATELLA AV,KNOTT AV,357,E,N,A,-,N,NA,NA,NA,NA,NA,NA,NA,NA,NA,N,4,0,1,3,A,-,03,22350,NA,N,C,C,A,A,H,-,A,D,0,NA,NA,NA,NA,Y,NA,D,22,0,0,1,0,0,0,0,0,0,-,-,NA,NA,ORANGE,STANTON,-118.00985717773438,33.802947998046875
8786935,2019,2019-02-11,3001,2019-01-21,1930,1821,1,1,5,7,3001,0,0,0,NA,0,011,LINCOLN AV,BEACH BL,0,NA,Y,A,-,N,NA,NA,NA,NA,NA,NA,NA,NA,NA,N,3,0,1,2,A,-,10,21950,A,F,G,B,B,A,H,-,C,A,0,Y,NA,NA,NA,Y,NA,A,01,0,1,0,0,1,0,0,0,0,-,-,NA,NA,ORANGE,ANAHEIM,-117.9936065673828,33.8321418762207
8787317,2019,2019-03-13,3010,2019-01-04,1613,2880,473,5,5,6,3010,0,0,0,NA,0,002,RT 1,NEWLAND ST,473,S,N,A,-,Y,ORA,12,1,-,-,23.18,H,-,N,N,3,0,1,2,A,-,04,21703,NA,F,C,C,A,A,H,-,A,D,0,NA,NA,NA,NA,Y,NA,D,22,0,1,0,0,0,0,0,0,0,-,-,NA,NA,ORANGE,HUNTINGTON BEACH,-117.97988891601563,33.64359664916992
8787534,2019,2019-02-05,3009,2019-01-09,1355,3927,014,3,5,6,3009,0,0,0,NA,0,011,VALLEY VIEW ST,GARDEN GROVE BL,355,N,N,A,-,N,NA,NA,NA,NA,NA,NA,NA,NA,NA,Y,3,0,1,2,A,-,03,22350,NA,N,C,C,A,A,H,-,A,D,0,NA,NA,Y,NA,Y,NA,C,02,0,1,0,0,0,0,0,0,1,-,-,33.7760009765625,-118.03500366210938,ORANGE,GARDEN GROVE,-118.03791809082033,33.77442932128906
8787663,2019,2019-02-02,3003,2019-01-03,1335,1200,NA,4,5,5,3003,0,0,0,NA,0,004,LA PALMA AV,WESTERN AV,485,E,N,A,-,N,NA,NA,NA,NA,NA,NA,NA,NA,NA,N,3,0,1,1,A,-,08,22107,NA,N,E,I,A,A,H,-,A,D,0,NA,NA,NA,NA,Y,Y,A,01,0,1,0,0,0,0,0,0,0,-,-,33.84669876098633,-118.00050354003906,ORANGE,BUENA PARK,-118.00078582763672,33.84663009643555
8788415,2019,2019-02-11,3004,2019-01-08,1700,P646,18,2,5,6,3004,0,0,0,NA,0,004,HARBOR BL,BAKER ST,31,S,N,A,-,N,NA,NA,NA,NA,NA,NA,NA,NA,NA,Y,4,0,1,2,A,-,03,22350,NA,F,C,C,A,A,H,-,B,A,0,NA,NA,NA,NA,Y,NA,A,01,0,0,1,0,0,0,0,0,0,-,-,33.67985916137695,-117.91941833496094,ORANGE,COSTA MESA,-117.91943359375,33.67992401123047
8788695,2018,2019-01-28,3026,2018-11-30,1510,531,UNIVE,5,5,6,3026,0,0,0,NA,0,002,MACARTHUR BL,AIRPORT WY,0,NA,Y,B,-,N,NA,NA,NA,NA,NA,NA,NA,NA,NA,Y,4,0,1,2,A,-,00,22326,A,N,D,C,A,A,H,-,A,A,0,NA,NA,NA,NA,Y,NA,A,01,0,0,1,0,0,0,0,0,0,-,-,33.67789840698242,-117.86073303222656,ORANGE,IRVINE,-117.86060333251952,33.677711486816406
8789843,2019,2019-02-12,3001,2019-01-14,1427,2461,NA,1,5,7,3001,0,0,0,NA,0,0D2,WEST CRESCENT AV,N EUCLID ST,300,E,N,B,C,N,NA,NA,NA,NA,NA,NA,NA,NA,NA,Y,3,0,1,2,A,-,09,21804,A,N,D,C,A,B,H,-,A,D,0,NA,NA,NA,NA,Y,NA,A,01,0,1,0,0,0,0,0,0,0,-,-,NA,NA,ORANGE,ANAHEIM,-117.94061279296876,33.83980178833008
8789887,2019,2019-03-15,3001,2019-01-23,1459,1410,NA,3,5,7,3001,0,0,0,NA,0,0D2,NORTH EAST ST,E WILHELMINA ST,79,N,N,A,-,N,NA,NA,NA,NA,NA,NA,NA,NA,NA,N,3,0,1,2,A,-,06,21760,C,N,B,G,A,A,H,-,A,D,0,NA,Y,NA,NA,Y,NA,D,22,0,1,0,0,0,0,1,0,0,-,-,NA,NA,ORANGE,ANAHEIM,-117.90503692626952,33.8453483581543
8792356,2018,2019-02-25,3001,2018-12-24,1713,1410,D1,1,5,7,3001,0,0,0,NA,0,011,KNOTT AV,W DEL MONTE DR,0,NA,Y,A,-,N,NA,NA,NA,NA,NA,NA,NA,NA,NA,N,4,0,1,2,A,-,03,22350,NA,N,C,C,A,A,H,-,C,D,0,NA,NA,NA,NA,Y,NA,A,01,0,0,1,0,0,0,0,0,0,-,-,NA,NA,ORANGE,ANAHEIM,-118.0109405517578,33.829620361328125
8792396,2018,2019-02-25,3001,2018-12-02,1702,A2530,NA,7,5,7,3001,0,0,0,NA,0,0D1,SOUTH BROOKHURST ST,WEST ORANGE AV,0,NA,Y,A,-,N,NA,NA,NA,NA,NA,NA,NA,NA,NA,Y,3,0,6,3,A,-,12,21453,A,N,D,C,A,A,H,-,C,A,0,NA,NA,NA,NA,Y,NA,A,01,0,2,4,0,0,0,0,0,0,-,-,NA,NA,ORANGE,ANAHEIM,-117.9589385986328,33.82503128051758
8792822,2018,2019-03-01,3001,2018-12-20,0733,871,D1,4,5,7,3001,0,0,0,NA,0,014,N DALE AV,W LINCOLN AV,15,S,N,A,-,N,NA,NA,NA,NA,NA,NA,NA,NA,NA,N,3,0,1,2,A,-,10,21950,A,N,G,B,B,A,H,-,A,A,0,Y,NA,NA,NA,Y,NA,A,01,0,1,0,0,1,0,0,0,0,-,-,NA,NA,ORANGE,ANAHEIM,-117.98474884033205,33.83216857910156
8793565,2019,2019-02-26,3024,2019-02-11,1548,418,P27,1,5,5,3024,0,0,0,NA,0,EAST,BOLSA AV,SAIGON ST,0,NA,Y,A,-,N,NA,NA,NA,NA,NA,NA,NA,NA,NA,N,4,0,1,2,D,-,00,NA,NA,N,E,-,A,A,H,-,A,A,0,NA,Y,NA,NA,Y,NA,-,-,0,0,1,0,0,0,1,0,0,-,-,NA,NA,ORANGE,WESTMINSTER,-117.96829986572266,33.74477005004883
8793723,2019,2019-02-25,3014,2019-01-11,0948,1146,RD37,5,5,5,3014,0,0,0,NA,0,0A3,JAMBOREE RD,EASTBLUFF DR S,1605,N,N,A,-,N,NA,NA,NA,NA,NA,NA,NA,NA,NA,Y,4,0,1,2,A,-,03,22350,NA,N,C,C,A,A,H,-,A,D,0,NA,NA,NA,NA,Y,NA,A,01,0,0,1,0,0,0,0,0,0,-,-,33.6349983215332,-117.87213134765624,ORANGE,NEWPORT BEACH,-117.87216186523438,33.635135650634766
8793941,2018,2019-02-27,3024,2018-12-17,2100,435,P21,1,5,5,3024,0,0,0,NA,0,EAST,BUSHARD ST,WESTMINSTER BL,0,NA,Y,B,-,N,NA,NA,NA,NA,NA,NA,NA,NA,NA,N,4,0,1,2,A,-,10,21950,A,N,G,B,B,A,H,-,C,A,0,Y,NA,NA,NA,Y,NA,A,01,0,0,1,0,1,0,0,0,0,-,-,33.75933837890625,-117.96336364746094,ORANGE,WESTMINSTER,-117.96363067626952,33.75947952270508
8793963,2019,2019-03-01,3001,2019-02-11,1011,A1740,NA,1,5,7,3001,0,0,0,NA,0,0D2,SOUTH HARBOR BL,WEST BROADWAY,232,S,N,A,-,N,NA,NA,NA,NA,NA,NA,NA,NA,NA,Y,4,0,1,1,A,-,08,22107,NA,N,E,I,A,A,H,-,A,D,0,NA,NA,NA,NA,Y,NA,A,01,0,0,1,0,0,0,0,0,0,-,-,NA,NA,ORANGE,ANAHEIM,-117.918701171875,33.83139419555664
8794593,2019,2019-05-08,3003,2019-02-08,2019,1134,4,5,5,5,3003,0,0,0,NA,0,001,BEACH BL,ARGYLE DR,18,N,N,A,-,Y,ORA,12,39,-,-,16.891,I,5,N,Y,4,0,1,2,A,-,09,21801,A,N,D,C,A,A,H,-,C,A,0,NA,NA,NA,NA,Y,NA,A,01,0,0,1,0,0,0,0,0,0,-,-,33.89070129394531,-117.99099731445313,ORANGE,BUENA PARK,-117.99097442626952,33.89085388183594
8794832,2019,2019-02-07,3001,2019-01-17,1555,1851,D2,4,5,7,3001,0,0,0,NA,0,NA,E LINCOLN AV,N OLIVE ST,581,W,N,B,C,N,NA,NA,NA,NA,NA,NA,NA,NA,NA,Y,3,0,4,2,A,-,03,22350,NA,N,C,C,A,B,H,-,A,A,0,NA,NA,NA,NA,Y,NA,A,01,0,4,0,0,0,0,0,0,0,-,-,NA,NA,ORANGE,ANAHEIM,-117.91238403320313,33.83720016479492
8795467,2018,2019-02-11,3000,2018-12-19,2240,2742,992-J,3,5,5,3017,0,0,0,NA,0,778,S AVENIDA DE LA ESTRELLA,AVENIDA PRESIDIO,138,N,N,A,-,N,NA,NA,NA,NA,NA,NA,NA,NA,NA,Y,2,0,1,2,A,-,05,21650,NA,N,G,B,D,A,H,-,C,D,0,Y,NA,NA,NA,Y,NA,A,01,1,0,0,0,1,0,0,0,0,-,-,NA,NA,ORANGE,SAN CLEMENTE,-117.61121368408205,33.42683029174805