CASE_ID,ACCIDENT_YEAR,PROC_DATE,JURIS,COLLISION_DATE,COLLISION_TIME,OFFICER_ID,REPORTING_DISTRICT,DAY_OF_WEEK,CHP_SHIFT,POPULATION,CNTY_CITY_LOC,SPECIAL_COND,BEAT_TYPE,CHP_BEAT_TYPE,CITY_DIVISION_LAPD,CHP_BEAT_CLASS,BEAT_NUMBER,PRIMARY_RD,SECONDARY_RD,DISTANCE,DIRECTION,INTERSECTION,WEATHER_1,WEATHER_2,STATE_HWY_IND,CALTRANS_COUNTY,CALTRANS_DISTRICT,STATE_ROUTE,ROUTE_SUFFIX,POSTMILE_PREFIX,POSTMILE,LOCATION_TYPE,RAMP_INTERSECTION,SIDE_OF_HWY,TOW_AWAY,COLLISION_SEVERITY,NUMBER_KILLED,NUMBER_INJURED,PARTY_COUNT,PRIMARY_COLL_FACTOR,PCF_CODE_OF_VIOL,PCF_VIOL_CATEGORY,PCF_VIOLATION,PCF_VIOL_SUBSECTION,HIT_AND_RUN,TYPE_OF_COLLISION,MVIW,PED_ACTION,ROAD_SURFACE,ROAD_COND_1,ROAD_COND_2,LIGHTING,CONTROL_DEVICE,CHP_ROAD_TYPE,PEDESTRIAN_ACCIDENT,BICYCLE_ACCIDENT,MOTORCYCLE_ACCIDENT,TRUCK_ACCIDENT,NOT_PRIVATE_PROPERTY,ALCOHOL_INVOLVED,STWD_VEHTYPE_AT_FAULT,CHP_VEHTYPE_AT_FAULT,COUNT_SEVERE_INJ,COUNT_VISIBLE_INJ,COUNT_COMPLAINT_PAIN,COUNT_PED_KILLED,COUNT_PED_INJURED,COUNT_BICYCLIST_KILLED,COUNT_BICYCLIST_INJURED,COUNT_MC_KILLED,COUNT_MC_INJURED,PRIMARY_RAMP,SECONDARY_RAMP,LATITUDE,LONGITUDE,COUNTY,CITY,POINT_X,POINT_Y
8869264,2019,2019-06-04,3014,2019-05-28,1635,1146,RD25,2,5,5,3014,0,0,0,NA,0,0A2,OLD NEWPORT BL,CATALINA DR,138,N,N,A,-,N,NA,NA,NA,NA,NA,NA,NA,NA,NA,N,4,0,1,2,A,-,03,22350,NA,N,C,C,A,A,H,-,A,D,0,NA,NA,NA,NA,Y,NA,A,01,0,0,1,0,0,0,0,0,0,-,-,33.6238899230957,-117.92799377441406,ORANGE,NEWPORT BEACH,-117.92803192138672,33.623565673828125
8869280,2019,2019-06-04,3014,2019-05-21,0847,1253,RD47,2,5,5,3014,0,0,0,NA,0,0A4,MACARTHUR BL,HARBOR VIEW DR,0,NA,Y,B,-,N,NA,NA,NA,NA,NA,NA,NA,NA,NA,Y,3,0,2,2,A,-,09,21802,A,N,D,C,A,A,H,-,A,A,0,NA,NA,NA,NA,Y,NA,A,01,0,1,1,0,0,0,0,0,0,-,-,33.606300354003906,-117.87259674072266,ORANGE,NEWPORT BEACH,-117.8727798461914,33.60639190673828
8870130,2019,2019-08-27,3011,2019-05-10,1735,31241,37,5,5,4,3011,0,0,0,NA,0,001,RT 133,CANYON ACRES,2640,N,N,B,-,Y,ORA,12,133,-,-,1.462,I,5,S,Y,3,0,2,2,A,-,09,21804,A,N,A,C,A,A,H,-,A,D,0,NA,NA,Y,NA,Y,NA,A,01,0,1,1,0,0,0,0,0,2,-,-,NA,NA,ORANGE,LAGUNA BEACH,-117.77256774902344,33.56064987182617
8871094,2019,2019-06-11,3022,2019-05-29,1823,1109,SOUTH,3,5,5,3022,0,0,0,NA,0,003,TUSTIN RANCH RD,VALENCIA AV,165,S,N,A,-,N,NA,NA,NA,NA,NA,NA,NA,NA,NA,Y,4,0,2,3,A,-,03,22350,NA,N,C,C,A,A,H,-,A,A,0,NA,NA,NA,NA,Y,NA,A,07,0,0,2,0,0,0,0,0,0,-,-,33.709999084472656,-117.81600189208984,ORANGE,TUSTIN,-117.81723785400392,33.70941162109375
8871883,2019,2019-06-25,3000,2019-05-14,1436,7734,892E7,2,5,5,3028,0,0,0,NA,0,752,CASCABEL,SILLEROS,373,E,N,A,-,N,NA,NA,NA,NA,NA,NA,NA,NA,NA,N,3,0,1,1,A,-,21,22106,NA,N,H,I,A,A,H,-,A,D,0,NA,NA,NA,NA,Y,NA,A,08,0,1,0,0,0,0,0,0,0,-,-,NA,NA,ORANGE,MISSION VIEJO,-117.64238739013672,33.60930633544922
8872295,2019,2019-08-27,3012,2019-04-26,1243,288,45,5,5,5,3012,0,0,0,NA,0,004,IMPERIAL HWY,EUCLID ST,355,E,N,A,-,Y,ORA,12,90,-,-,1.83,H,-,W,N,3,0,1,2,A,-,05,21650,1,N,H,G,A,A,H,-,A,D,0,NA,Y,NA,NA,Y,NA,L,04,0,1,0,0,0,0,1,0,0,-,-,NA,NA,ORANGE,LA HABRA,-117.9449462890625,33.91740036010742
8872725,2019,2019-06-11,3000,2019-05-07,0810,3950,922D1,2,5,5,3028,0,0,0,NA,0,050,MARGUERITE PKWY,ALDEANO DR,0,NA,Y,A,-,N,NA,NA,NA,NA,NA,NA,NA,NA,NA,Y,4,0,3,2,A,-,09,21802,A,N,D,C,A,A,H,-,A,A,0,NA,NA,NA,NA,Y,NA,A,01,0,0,3,0,0,0,0,0,0,-,-,NA,NA,ORANGE,MISSION VIEJO,-117.65621948242188,33.602298736572266
8872790,2019,2019-06-10,3000,2019-05-01,0903,1916,891E5,3,5,4,3045,0,0,0,NA,0,745,LAKE FOREST DR,RESEARCH DR,372,E,N,A,-,N,NA,NA,NA,NA,NA,NA,NA,NA,NA,N,3,0,1,2,D,-,00,NA,NA,F,H,G,A,A,H,-,A,D,0,NA,Y,NA,NA,Y,NA,-,-,0,1,0,0,0,0,1,0,0,-,-,NA,NA,ORANGE,LAGUNA HILLS,-117.72566223144533,33.62903594970703
8872921,2019,2019-06-19,3000,2019-04-25,0910,7734,891-D,4,5,4,3045,0,0,0,NA,0,746,MOULTON PKWY,RIDGE ROUTE DR,20,S,N,A,-,N,NA,NA,NA,NA,NA,NA,NA,NA,NA,N,2,0,1,1,D,-,00,NA,NA,N,F,A,A,A,H,-,A,A,0,NA,NA,Y,NA,Y,NA,-,-,1,0,0,0,0,0,0,0,1,-,-,NA,NA,ORANGE,LAGUNA HILLS,-117.73145294189452,33.62099075317383
8874566,2019,2019-07-23,3002,2019-06-07,1853,1632,NA,5,5,4,3002,0,0,0,NA,0,011,LAMBERT RD,BERRY ST,0,NA,Y,A,-,N,NA,NA,NA,NA,NA,NA,NA,NA,NA,Y,4,0,1,2,A,-,12,21453,A,N,D,C,A,A,H,-,A,A,0,NA,NA,NA,NA,Y,NA,A,01,0,0,1,0,0,0,0,0,0,-,-,33.924530029296875,-117.9066162109375,ORANGE,BREA,-117.9067611694336,33.92464065551758
8875509,2019,2019-07-19,3000,2019-05-17,1325,7734,971F5,5,5,4,3029,0,0,0,NA,0,738,PACIFIC COAST HWY,RITZ CARLTON DR,0,NA,Y,A,-,N,NA,NA,NA,NA,NA,NA,NA,NA,NA,Y,3,0,4,2,A,-,09,21801,A,N,D,C,A,A,H,-,A,D,0,NA,NA,NA,NA,Y,NA,A,01,0,4,0,0,0,0,0,0,0,-,-,NA,NA,ORANGE,DANA POINT,-117.71867370605467,33.478858947753906
8875803,2019,2019-11-27,3000,2019-05-19,1350,8553,797J4,7,5,4,3021,0,0,0,NA,0,024,BEACH BL,BEVER PL,359,N,N,A,-,Y,ORA,12,39,-,-,9.92,H,-,N,N,2,0,1,2,A,I,-,NA,NA,N,G,B,D,A,H,-,A,D,0,Y,NA,NA,NA,Y,Y,N,60,1,0,0,0,1,0,0,0,0,-,-,NA,NA,ORANGE,STANTON,-117.9928970336914,33.79191970825195
8875868,2019,2019-12-11,3002,2019-06-13,1255,1628,NA,4,5,4,3002,0,0,0,NA,0,013,IMPERIAL HWY,RANDOLPH AV,0,NA,Y,A,-,Y,ORA,12,90,-,-,5.071,I,5,W,Y,4,0,1,2,A,-,12,21453,A,N,D,C,A,A,H,-,A,A,0,NA,NA,NA,NA,Y,NA,A,01,0,0,1,0,0,0,0,0,0,-,-,33.91263961791992,-117.8898696899414,ORANGE,BREA,-117.88985443115234,33.91267776489258
8876033,2019,2019-06-11,3024,2019-05-21,0600,383,P11,2,5,5,3024,0,0,0,NA,0,WEST,21ST ST,LOCUST ST,199,E,N,A,-,N,NA,NA,NA,NA,NA,NA,NA,NA,NA,Y,3,0,1,1,A,-,03,22350,NA,N,E,I,A,A,H,-,B,A,0,NA,NA,NA,NA,Y,NA,A,01,0,1,0,0,0,0,0,0,0,-,-,NA,NA,ORANGE,WESTMINSTER,-118.004638671875,33.76276397705078
8876804,2019,2019-06-17,3004,2019-05-14,1708,P677,02,2,5,6,3004,0,0,0,NA,0,007,WEST 19TH ST,MEYER PL,350,W,N,A,-,N,NA,NA,NA,NA,NA,NA,NA,NA,NA,N,3,0,1,2,A,-,09,21801,A,N,D,G,A,A,H,-,A,D,0,NA,Y,NA,NA,Y,NA,A,01,0,1,0,0,0,0,1,0,0,-,-,33.64337158203125,-117.9259796142578,ORANGE,COSTA MESA,-117.92591857910156,33.64341735839844
8877051,2019,2019-06-19,3009,2019-05-09,1725,4721,112,4,5,6,3009,0,0,0,NA,0,021,EUCLID ST,ORANGEWOOD AV,300,S,N,A,-,N,NA,NA,NA,NA,NA,NA,NA,NA,NA,N,3,0,1,2,A,-,11,21954,A,N,G,B,E,A,H,-,A,D,0,Y,NA,NA,NA,Y,NA,N,60,0,1,0,0,1,0,0,0,0,-,-,NA,NA,ORANGE,GARDEN GROVE,-117.9413604736328,33.79505920410156
8877179,2019,2019-07-02,3015,2019-06-07,1830,1565,33,5,5,6,3015,0,0,0,NA,0,312,PALMYRA AV,CAMBRIDGE ST,0,NA,Y,A,-,N,NA,NA,NA,NA,NA,NA,NA,NA,NA,N,4,0,1,2,A,-,12,22450,A,N,D,C,A,A,H,-,A,A,0,NA,NA,NA,NA,Y,NA,D,22,0,0,1,0,0,0,0,0,0,-,-,NA,NA,ORANGE,ORANGE,-117.84442138671876,33.7841911315918
8879590,2019,2019-07-10,3001,2019-05-31,2056,415,NA,5,5,7,3001,0,0,0,NA,0,0D3,EAST BALL RD,SOUTH EAST ST,528,E,N,A,-,N,NA,NA,NA,NA,NA,NA,NA,NA,NA,N,4,0,1,2,A,-,09,21804,A,N,D,C,A,A,D,-,C,D,0,NA,NA,NA,NA,Y,NA,A,01,0,0,1,0,0,0,0,0,0,-,-,NA,NA,ORANGE,ANAHEIM,-117.89438629150392,33.81809997558594
8879670,2019,2019-06-26,3000,2019-03-26,1430,2672,891H3,2,5,5,3050,0,0,0,NA,0,6M62,RIDGE ROUTE,TOLEDO,275,N,N,A,-,N,NA,NA,NA,NA,NA,NA,NA,NA,NA,N,3,0,1,2,A,-,09,21804,A,N,H,G,A,A,H,-,A,D,0,NA,Y,NA,NA,Y,NA,A,07,0,1,0,0,0,0,1,0,0,-,-,NA,NA,ORANGE,LAKE FOREST,-117.69039916992188,33.6378173828125
8879800,2019,2019-06-25,3009,2019-05-29,1358,4149,115,3,5,6,3009,0,0,0,NA,0,021,CENTURY BL,TAFT ST,25,E,N,A,-,N,NA,NA,NA,NA,NA,NA,NA,NA,NA,N,4,0,2,2,A,-,09,21804,A,N,B,D,A,A,H,-,A,A,0,NA,NA,NA,NA,Y,NA,A,01,0,0,2,0,0,0,0,0,0,-,-,NA,NA,ORANGE,GARDEN GROVE,-117.94206237792967,33.77204895019531
8879818,2019,2019-06-18,3024,2019-05-26,1254,433,P-21,7,5,5,3024,0,0,0,NA,0,EAST,MAGNOLIA ST,WESTMINSTER BL,587,S,N,C,-,N,NA,NA,NA,NA,NA,NA,NA,NA,NA,Y,4,0,2,2,A,-,09,21804,A,N,D,C,A,B,H,-,A,D,0,NA,NA,NA,NA,Y,NA,A,01,0,0,2,0,0,0,0,0,0,-,-,33.75939178466797,-117.97209167480467,ORANGE,WESTMINSTER,-117.9723892211914,33.7578010559082
8880533,2019,2019-06-26,3001,2019-05-28,1616,1410,NA,2,5,7,3001,0,0,0,NA,0,0D1,EUCLID ST,KATELLA AV,307,S,N,A,-,N,NA,NA,NA,NA,NA,NA,NA,NA,NA,Y,4,0,1,3,A,-,09,21801,A,N,D,C,A,A,H,-,A,D,0,NA,NA,NA,NA,Y,NA,A,01,0,0,1,0,0,0,0,0,0,-,-,NA,NA,ORANGE,ANAHEIM,-117.94150543212892,33.802425384521484
8880549,2019,2019-06-26,3001,2019-05-23,1725,415,NA,4,5,7,3001,0,0,0,NA,0,0DZ,LA PALMA AV,SABINA ST,0,NA,Y,B,-,N,NA,NA,NA,NA,NA,NA,NA,NA,NA,Y,3,0,3,2,A,-,09,21801,A,N,D,C,A,A,H,-,A,D,0,NA,NA,NA,NA,Y,NA,A,01,0,3,0,0,0,0,0,0,0,-,-,NA,NA,ORANGE,ANAHEIM,-117.91271209716795,33.8472785949707
8880570,2019,2019-06-21,3024,2019-06-03,0205,177,P34,1,5,5,3024,0,0,0,NA,0,EAST,WESTSTATE ST,BOLSA AV,37,S,N,A,-,N,NA,NA,NA,NA,NA,NA,NA,NA,NA,Y,3,0,1,1,A,-,01,23152,A,M,E,I,A,A,H,-,C,D,0,NA,NA,NA,NA,Y,Y,A,01,0,1,0,0,0,0,0,0,0,-,-,33.744789123535156,-117.96974182128906,ORANGE,WESTMINSTER,-117.96956634521484,33.744659423828125
8882689,2019,2019-07-22,3024,2019-06-19,1902,420,P40,3,5,5,3024,0,0,0,NA,0,EAST,MCFADDEN AV,BROOKHURST ST,34,E,N,A,-,N,NA,NA,NA,NA,NA,NA,NA,NA,NA,Y,4,0,1,3,A,-,03,22350,NA,N,C,C,A,A,H,-,A,A,0,NA,NA,NA,NA,Y,NA,A,01,0,0,1,0,0,0,0,0,0,-,-,33.73768997192383,-117.95475006103516,ORANGE,WESTMINSTER,-117.95473480224608,33.73767852783203
8882975,2019,2019-07-08,3001,2019-05-27,1717,1410,NA,1,5,7,3001,0,0,0,NA,0,0D3,SOUTH HARBOR BL,WEST KATELLA AV,550,N,N,A,-,N,NA,NA,NA,NA,NA,NA,NA,NA,NA,N,3,0,1,1,A,-,03,22350,NA,N,E,I,A,A,H,-,A,D,0,NA,NA,Y,NA,Y,NA,C,02,0,1,0,0,0,0,0,0,1,-,-,NA,NA,ORANGE,ANAHEIM,-117.91542816162108,33.804927825927734
8883011,2019,2019-07-24,3007,2019-06-09,1934,312,55,7,5,5,3007,0,0,0,NA,0,003,BROOKHURST,STONE FIELD,250,N,N,A,-,N,NA,NA,NA,NA,NA,NA,NA,NA,NA,N,4,0,2,2,A,-,09,21804,A,N,D,C,A,A,H,-,A,D,0,NA,NA,NA,NA,Y,NA,A,01,0,0,2,0,0,0,0,0,0,-,-,NA,NA,ORANGE,FOUNTAIN VALLEY,-117.95437622070313,33.70038604736328
8884889,2019,2019-07-02,3010,2019-06-12,0032,1160,187,3,5,6,3010,0,0,0,NA,0,008,SPRINGDALE ST,LITTLEFIELD,354,N,N,A,-,N,NA,NA,NA,NA,NA,NA,NA,NA,NA,Y,3,0,1,1,A,-,01,23152,A,N,A,I,A,A,H,-,C,D,0,NA,NA,NA,NA,Y,Y,A,07,0,1,0,0,0,0,0,0,0,-,-,NA,NA,ORANGE,HUNTINGTON BEACH,-118.02402496337892,33.69875717163086
8884905,2019,2019-07-02,3010,2019-06-13,1335,2078,437,4,5,6,3010,0,0,0,NA,0,003,BROOKHURST ST,YORKTOWN,343,N,N,B,-,N,NA,NA,NA,NA,NA,NA,NA,NA,NA,Y,4,0,2,3,A,-,03,22350,NA,N,C,C,A,A,H,-,A,A,0,NA,NA,NA,NA,Y,NA,A,07,0,0,2,0,0,0,0,0,0,-,-,NA,NA,ORANGE,HUNTINGTON BEACH,-117.95406341552734,33.68056106567383
8885777,2019,2019-07-11,3026,2019-06-09,1639,580,NA,7,5,6,3026,0,0,0,NA,0,00C,CULVER,SCOTTSDALE,404,S,N,A,-,N,NA,NA,NA,NA,NA,NA,NA,NA,NA,Y,4,0,3,2,A,-,09,21804,A,N,D,C,A,A,H,-,A,A,0,NA,NA,NA,NA,Y,NA,A,01,0,0,3,0,0,0,0,0,0,-,-,NA,NA,ORANGE,IRVINE,-117.78524780273438,33.707271575927734
8886095,2019,2019-07-23,3001,2019-06-01,1231,A1740,NA,6,5,7,3001,0,0,0,NA,0,0D3,BALL RD,STATE COLLEGE BL,360,E,N,B,-,N,NA,NA,NA,NA,NA,NA,NA,NA,NA,Y,3,0,2,2,A,-,09,21804,A,N,D,C,A,A,H,-,A,D,0,NA,NA,NA,NA,Y,NA,D,22,0,2,0,0,0,0,0,0,0,-,-,NA,NA,ORANGE,ANAHEIM,-117.8882064819336,33.81809997558594
8886446,2019,2019-07-08,3000,2019-06-09,1025,5377,922A7,7,5,5,3040,0,0,0,NA,0,741,CROWN VALLEY PKWY,FORBES,13,W,N,A,-,N,NA,NA,NA,NA,NA,NA,NA,NA,NA,N,2,0,1,2,A,-,10,21950,A,N,G,B,B,A,H,-,A,A,0,Y,NA,NA,NA,Y,NA,D,22,1,0,0,0,1,0,0,0,0,-,-,NA,NA,ORANGE,LAGUNA NIGUEL,-117.6764678955078,33.55802917480469
8886597,2019,2019-07-26,3004,2019-06-25,1502,P429,02,2,5,6,3004,0,0,0,NA,0,015,18TH ST,PARK AV,176,W,N,B,-,N,NA,NA,NA,NA,NA,NA,NA,NA,NA,Y,4,0,1,2,A,-,09,21804,A,N,D,C,A,A,H,-,A,D,0,NA,NA,NA,NA,Y,NA,A,01,0,0,1,0,0,0,0,0,0,-,-,33.63962173461914,-117.92183685302734,ORANGE,COSTA MESA,-117.92170715332033,33.639835357666016
8889004,2019,2019-07-09,3009,2019-06-15,0235,4576,093,6,5,6,3009,0,0,0,NA,0,1-2,BROOKHURST ST,LAMPSON AV,500,N,N,A,-,N,NA,NA,NA,NA,NA,NA,NA,NA,NA,Y,3,0,1,1,A,-,08,22107,NA,N,A,I,A,A,H,-,C,D,0,NA,NA,NA,NA,Y,NA,A,01,0,1,0,0,0,0,0,0,0,-,-,33.78129959106445,-117.95864868164063,ORANGE,GARDEN GROVE,-117.95867919921876,33.78266906738281
8889035,2019,2019-07-09,3009,2019-06-15,1439,4444,102,6,5,6,3009,0,0,0,NA,0,1-2,BROOKHURST ST,CHAPMAN AV,395,N,N,A,-,N,NA,NA,NA,NA,NA,NA,NA,NA,NA,N,4,0,1,2,A,-,05,21650,1,N,B,G,A,A,H,-,A,D,0,NA,Y,NA,NA,Y,NA,L,04,0,0,1,0,0,0,1,0,0,-,-,33.78852844238281,-117.95883178710938,ORANGE,GARDEN GROVE,-117.95883178710938,33.78974151611328
8889083,2019,2019-07-11,3000,2019-06-11,1712,7734,892D1,2,5,5,3028,0,0,0,NA,0,752,SANTA MARGARITA PKWY,TRABUCO HILLS CENTER,155,W,N,A,-,N,NA,NA,NA,NA,NA,NA,NA,NA,NA,Y,3,0,2,2,A,-,07,21658,A,N,C,C,A,A,H,-,A,D,0,NA,NA,NA,NA,Y,NA,A,01,0,1,1,0,0,0,0,0,0,-,-,NA,NA,ORANGE,MISSION VIEJO,-117.646705,33.653187
8890206,2018,2019-08-06,3008,2018-12-16,1209,1511,ZONE2,7,5,6,3008,0,0,0,NA,0,NA,HARBOR BL,SOUTHGATE AV,45,N,N,A,-,N,NA,NA,NA,NA,NA,NA,NA,NA,NA,N,4,0,1,2,A,-,03,22350,NA,N,C,C,A,A,H,-,A,A,0,NA,NA,NA,NA,Y,NA,A,01,0,0,1,0,0,0,0,0,0,-,-,NA,NA,ORANGE,FULLERTON,-117.9242935180664,33.86191177368164
8890214,2018,2019-09-24,3008,2018-12-20,1342,1544,NA,4,5,6,3008,0,0,0,NA,0,NA,COMMONWEALTH AV,BROOKHURST RD,302,W,N,A,-,N,NA,NA,NA,NA,NA,NA,NA,NA,NA,Y,3,0,2,2,A,-,09,21801,A,N,D,C,A,A,H,-,A,A,0,NA,NA,NA,NA,Y,NA,A,01,0,2,0,0,0,0,0,0,0,-,-,NA,NA,ORANGE,FULLERTON,-117.9604034423828,33.8701171875
8890961,2019,2019-07-12,3014,2019-06-19,1128,1374,RD39,3,5,5,3014,0,0,0,NA,0,0A3,MACARTHUR BL,SAN MIGUEL DR,0,NA,Y,A,-,N,NA,NA,NA,NA,NA,NA,NA,NA,NA,Y,4,0,2,2,A,-,12,21453,A,N,D,C,A,A,H,-,A,A,0,NA,NA,NA,NA,Y,NA,A,01,0,0,2,0,0,0,0,0,0,-,-,33.61140060424805,-117.86979675292967,ORANGE,NEWPORT BEACH,-117.86994171142578,33.6114387512207
8895461,2019,2019-08-14,3010,2019-07-04,1928,1066,264,4,5,6,3010,0,0,0,NA,0,006,MAGNOLIA,RECREATION CIR,0,NA,Y,A,-,N,NA,NA,NA,NA,NA,NA,NA,NA,NA,Y,4,0,2,2,A,-,09,21802,A,N,D,C,A,A,C,-,B,D,0,NA,NA,NA,NA,Y,NA,A,01,0,0,2,0,0,0,0,0,0,-,-,NA,NA,ORANGE,HUNTINGTON BEACH,-117.971923828125,33.71662902832031
8895613,2019,2019-08-05,3001,2019-06-15,1102,A1410,NA,6,5,7,3001,0,0,0,NA,0,0D4,CROWTHER AV,KRAEMER BL,43,W,N,A,-,N,NA,NA,NA,NA,NA,NA,NA,NA,NA,Y,3,0,1,2,A,-,08,22107,NA,N,D,C,A,A,H,-,A,A,0,NA,NA,NA,NA,Y,NA,D,22,0,1,0,0,0,0,0,0,0,-,-,33.86600112915039,-117.86219787597656,ORANGE,ANAHEIM,-117.86325073242188,33.868404388427734
8896047,2019,2019-08-07,3008,2019-05-19,1455,1511,ZONE3,7,5,6,3008,0,0,0,NA,0,NA,NUTWOOD AV,COMMONWEALTH AV,89,W,N,A,-,N,NA,NA,NA,NA,NA,NA,NA,NA,NA,Y,4,0,1,3,C,-,18,NA,NA,N,E,I,A,A,H,-,A,A,0,NA,NA,NA,NA,Y,NA,-,-,0,0,1,0,0,0,0,0,0,-,-,NA,NA,ORANGE,FULLERTON,-117.88463592529295,33.87820053100586
8896076,2019,2019-08-07,3008,2019-02-26,1023,1320,NA,2,5,6,3008,0,0,0,NA,0,NA,HARBOR BL,HERMOSA DR,47,N,N,B,-,N,NA,NA,NA,NA,NA,NA,NA,NA,NA,Y,4,0,3,4,A,-,03,22350,NA,N,C,C,A,A,H,-,A,A,0,NA,NA,NA,NA,Y,NA,A,01,0,0,3,0,0,0,0,0,0,-,-,NA,NA,ORANGE,FULLERTON,-117.93084716796876,33.90960693359375
8896185,2019,2019-12-17,3014,2019-06-25,2049,1382,RD26,2,5,5,3014,0,0,0,NA,0,0A2,RT 1,DOVER DR,44,E,N,A,-,Y,ORA,12,1,-,R,18.44,H,-,N,Y,4,0,1,2,A,-,03,22350,NA,M,C,C,A,A,H,-,C,A,0,NA,NA,NA,NA,Y,NA,A,01,0,0,1,0,0,0,0,0,0,-,-,33.61640167236328,-117.90689849853516,ORANGE,NEWPORT BEACH,-117.90713500976563,33.61626434326172
8897211,2019,2019-07-17,3009,2019-06-27,0804,4748,083,4,5,6,3009,0,0,0,NA,0,1-2,GILBERT ST,BIXBY AV,78,N,N,A,-,N,NA,NA,NA,NA,NA,NA,NA,NA,NA,Y,4,0,1,3,A,-,03,22350,NA,N,C,C,A,A,H,-,A,D,0,NA,NA,NA,NA,Y,NA,A,01,0,0,1,0,0,0,0,0,0,-,-,NA,NA,ORANGE,GARDEN GROVE,-117.96737670898438,33.785545349121094
8899247,2019,2019-12-11,3002,2019-07-15,1157,1447,NA,1,5,4,3002,0,0,0,NA,0,013,IMPERIAL HWY,PLACENTIA AV,262,W,N,A,-,Y,ORA,12,90,-,-,5.88,H,-,E,Y,4,0,1,2,A,-,03,22350,NA,N,C,C,A,A,H,-,A,A,0,NA,NA,NA,NA,Y,NA,D,22,0,0,1,0,0,0,0,0,0,-,-,33.91038131713867,-117.87548065185548,ORANGE,BREA,-117.8761978149414,33.910804748535156
8899378,2019,2019-08-01,3008,2019-05-24,1904,1535,NA,5,5,6,3008,0,0,0,NA,0,003,ORANGETHORPE AV,STATE COLLEGE BL,35,W,N,A,-,N,NA,NA,NA,NA,NA,NA,NA,NA,NA,Y,3,0,1,3,A,-,01,23152,A,N,C,C,A,A,H,-,A,A,0,NA,NA,NA,Y,Y,Y,A,01,0,1,0,0,0,0,0,0,0,-,-,NA,NA,ORANGE,FULLERTON,-117.8895263671875,33.85963821411133
8899585,2019,2019-07-26,3008,2019-05-14,1650,1547,NA,2,5,6,3008,0,0,0,NA,0,003,CHAPMAN AV,COMMONWEALTH AV,0,NA,Y,A,-,N,NA,NA,NA,NA,NA,NA,NA,NA,NA,Y,2,0,2,2,A,-,09,21801,A,N,D,C,A,A,H,-,A,A,0,NA,NA,NA,NA,Y,NA,A,01,1,0,1,0,0,0,0,0,0,-,-,NA,NA,ORANGE,FULLERTON,-117.88423919677734,33.87430191040039
8899771,2019,2019-08-21,3001,2019-07-05,2110,A1466,D2,5,5,7,3001,0,0,0,NA,0,1825,SOUTH ANAHEIM BL,EAST SOUTH ST,0,NA,Y,A,-,N,NA,NA,NA,NA,NA,NA,NA,NA,NA,N,2,0,1,2,A,-,-,NA,NA,F,G,G,A,A,H,-,C,A,0,NA,Y,NA,NA,Y,NA,-,-,1,0,0,0,0,0,1,0,0,-,-,NA,NA,ORANGE,ANAHEIM,-117.91098785400392,33.82672882080078
8901046,2019,2019-07-30,3007,2019-06-01,2048,309,65,6,5,5,3007,0,0,0,NA,0,003,ELLIS,WARD,0,NA,Y,A,-,N,NA,NA,NA,NA,NA,NA,NA,NA,NA,N,4,0,1,2,A,-,12,21453,A,N,D,C,A,A,H,-,C,A,0,NA,NA,NA,NA,Y,NA,A,01,0,0,1,0,0,0,0,0,0,-,-,NA,NA,ORANGE,FOUNTAIN VALLEY,-117.94547271728516,33.69419860839844
8901719,2019,2019-08-01,3005,2019-07-20,1747,8095,C36,6,5,4,3005,0,0,0,NA,0,003,CERRITOS AV,HOLDER ST,0,NA,Y,A,-,N,NA,NA,NA,NA,NA,NA,NA,NA,NA,Y,3,0,2,2,A,-,03,22350,NA,N,C,C,A,A,H,-,A,A,0,NA,NA,NA,NA,Y,NA,A,01,0,1,1,0,0,0,0,0,0,-,-,NA,NA,ORANGE,CYPRESS,-118.01943969726563,33.80990982055664
8901726,2019,2019-08-01,3026,2019-07-09,2243,594,NA,2,5,6,3026,0,0,0,NA,0,00C,SPRINGBROOK,CHENILE,0,NA,Y,A,-,N,NA,NA,NA,NA,NA,NA,NA,NA,NA,N,3,0,1,1,A,-,03,22350,NA,N,H,J,A,A,H,-,C,D,0,NA,NA,Y,NA,Y,NA,C,02,0,1,0,0,0,0,0,0,1,-,-,NA,NA,ORANGE,IRVINE,-117.79702758789063,33.66984939575195
8902045,2019,2019-08-02,3001,2019-06-24,1802,1278,NA,1,5,7,3001,0,0,0,NA,0,0D2,BROADWAY,WAYSIDE PL,143,W,N,A,-,N,NA,NA,NA,NA,NA,NA,NA,NA,NA,Y,3,0,2,2,A,-,09,21804,A,N,D,C,A,A,H,-,A,A,0,NA,NA,NA,NA,Y,NA,A,01,0,1,1,0,0,0,0,0,0,-,-,NA,NA,ORANGE,ANAHEIM,-117.89599609375,33.837257385253906
8902866,2019,2019-07-29,3012,2019-06-29,1525,542,NA,6,5,5,3012,0,0,0,NA,0,002,NORTH HARBOR BL,KERNER WY,0,NA,N,B,-,N,NA,NA,NA,NA,NA,NA,NA,NA,NA,N,3,0,2,1,A,-,01,23153,B,N,E,I,A,A,H,-,A,D,0,NA,NA,Y,NA,Y,Y,C,02,0,1,1,0,0,0,0,0,2,-,-,NA,NA,ORANGE,LA HABRA,-117.9330596923828,33.93505859375
8903034,2019,2019-08-09,3014,2019-07-05,1945,1536,RD33,5,5,5,3014,0,0,0,NA,0,0A3,BRISTOL ST S,IRVINE AV,0,NA,Y,A,-,N,NA,NA,NA,NA,NA,NA,NA,NA,NA,Y,3,0,3,2,A,-,12,21453,A,N,D,C,A,A,H,-,B,A,0,NA,NA,NA,NA,Y,NA,-,-,0,1,2,0,0,0,0,0,0,-,-,33.6619987487793,-117.87550354003906,ORANGE,NEWPORT BEACH,-117.87545013427734,33.661930084228516