CASE_ID,ACCIDENT_YEAR,PROC_DATE,JURIS,COLLISION_DATE,COLLISION_TIME,OFFICER_ID,REPORTING_DISTRICT,DAY_OF_WEEK,CHP_SHIFT,POPULATION,CNTY_CITY_LOC,SPECIAL_COND,BEAT_TYPE,CHP_BEAT_TYPE,CITY_DIVISION_LAPD,CHP_BEAT_CLASS,BEAT_NUMBER,PRIMARY_RD,SECONDARY_RD,DISTANCE,DIRECTION,INTERSECTION,WEATHER_1,WEATHER_2,STATE_HWY_IND,CALTRANS_COUNTY,CALTRANS_DISTRICT,STATE_ROUTE,ROUTE_SUFFIX,POSTMILE_PREFIX,POSTMILE,LOCATION_TYPE,RAMP_INTERSECTION,SIDE_OF_HWY,TOW_AWAY,COLLISION_SEVERITY,NUMBER_KILLED,NUMBER_INJURED,PARTY_COUNT,PRIMARY_COLL_FACTOR,PCF_CODE_OF_VIOL,PCF_VIOL_CATEGORY,PCF_VIOLATION,PCF_VIOL_SUBSECTION,HIT_AND_RUN,TYPE_OF_COLLISION,MVIW,PED_ACTION,ROAD_SURFACE,ROAD_COND_1,ROAD_COND_2,LIGHTING,CONTROL_DEVICE,CHP_ROAD_TYPE,PEDESTRIAN_ACCIDENT,BICYCLE_ACCIDENT,MOTORCYCLE_ACCIDENT,TRUCK_ACCIDENT,NOT_PRIVATE_PROPERTY,ALCOHOL_INVOLVED,STWD_VEHTYPE_AT_FAULT,CHP_VEHTYPE_AT_FAULT,COUNT_SEVERE_INJ,COUNT_VISIBLE_INJ,COUNT_COMPLAINT_PAIN,COUNT_PED_KILLED,COUNT_PED_INJURED,COUNT_BICYCLIST_KILLED,COUNT_BICYCLIST_INJURED,COUNT_MC_KILLED,COUNT_MC_INJURED,PRIMARY_RAMP,SECONDARY_RAMP,LATITUDE,LONGITUDE,COUNTY,CITY,POINT_X,POINT_Y
8903262,2019,2019-08-08,3007,2019-07-01,1533,244,16,1,5,5,3007,0,0,0,NA,0,002,EDINGER,WARD,400,W,N,A,-,N,NA,NA,NA,NA,NA,NA,NA,NA,NA,Y,3,0,1,2,A,-,07,21658,A,N,B,C,A,A,H,-,A,D,0,NA,NA,NA,NA,Y,NA,A,01,0,1,0,0,0,0,0,0,0,-,-,NA,NA,ORANGE,FOUNTAIN VALLEY,-117.9473114013672,33.730682373046875
8903808,2019,2019-08-06,3015,2019-07-13,0914,1419,21W,6,5,6,3015,0,0,0,NA,0,722M,LEWIS ST,CITY PARKWAY WEST,0,NA,Y,A,-,N,NA,NA,NA,NA,NA,NA,NA,NA,NA,Y,3,0,1,2,A,-,09,21802,A,N,D,C,A,A,H,-,A,A,0,NA,NA,Y,NA,Y,NA,A,01,0,1,0,0,0,0,0,0,1,-,-,33.782981872558594,-117.89756774902344,ORANGE,ORANGE,-117.8974609375,33.7829704284668
8905398,2019,2019-11-26,3002,2019-10-03,1711,1395,NA,4,5,4,3002,0,0,0,NA,0,012,KRAEMER BL,BIRCH HILLS MALL,0,NA,Y,A,-,N,NA,NA,NA,NA,NA,NA,NA,NA,NA,N,4,0,1,2,A,-,12,21453,A,M,D,C,A,A,H,-,A,A,0,NA,NA,Y,NA,Y,NA,C,02,0,0,1,0,0,0,0,0,1,-,-,33.91278839111328,-117.66374969482422,ORANGE,BREA,NA,NA
8907867,2019,2019-08-19,3000,2019-07-10,1148,5036,892A6,3,5,5,3028,0,0,0,NA,0,750,ACERO,JERONIMO RD,10,E,N,A,-,N,NA,NA,NA,NA,NA,NA,NA,NA,NA,N,3,0,1,2,A,-,05,21650,1,N,D,G,A,A,H,-,A,A,0,NA,Y,NA,NA,Y,NA,L,04,0,1,0,0,0,0,1,0,0,-,-,NA,NA,ORANGE,MISSION VIEJO,-117.67925262451172,33.61676788330078
8908219,2019,2020-02-24,3010,2019-07-12,2103,1015,292,5,5,6,3010,0,0,0,NA,0,005,RT 39,TALBERT ST,87,N,N,A,-,Y,ORA,12,39,-,-,3.63,H,-,S,N,3,0,1,2,A,-,04,21703,NA,N,C,C,A,A,H,-,C,D,0,NA,NA,NA,NA,Y,NA,A,01,0,1,0,0,0,0,0,0,0,-,-,NA,NA,ORANGE,HUNTINGTON BEACH,-117.98924255371094,33.701202392578125
8908291,2019,2020-01-28,3014,2019-07-13,2251,1501,RD26,6,5,5,3014,0,0,0,NA,0,0A2,RT 1,BAYSHORE DR,408,W,N,A,-,Y,ORA,12,1,-,-,18.53,H,-,S,N,2,0,1,2,D,-,00,NA,NA,N,H,G,A,A,H,-,C,D,0,NA,Y,NA,NA,Y,NA,-,-,1,0,0,0,0,0,1,0,0,-,-,33.61589813232422,-117.90869903564452,ORANGE,NEWPORT BEACH,-117.90882110595705,33.616065979003906
8909841,2019,2019-08-08,3009,2019-07-14,1715,4778,033,7,5,6,3009,0,0,0,NA,0,1 1,KNOTT,LAMPSON,63,S,N,A,-,N,NA,NA,NA,NA,NA,NA,NA,NA,NA,N,4,0,1,2,A,-,03,22350,NA,M,C,C,A,A,H,-,A,A,0,NA,NA,NA,NA,Y,Y,A,01,0,0,1,0,0,0,0,0,0,-,-,NA,NA,ORANGE,GARDEN GROVE,-118.01116943359376,33.78083801269531
8911014,2019,2021-05-24,3015,2019-09-22,0237,1017,55E,7,5,6,3015,0,0,0,NA,0,751,TUSTIN AV,TOYOTA WY,36,N,N,A,-,N,NA,NA,NA,NA,NA,NA,NA,NA,NA,Y,1,1,0,1,A,-,03,22350,NA,F,E,I,A,A,H,-,C,A,0,NA,NA,NA,NA,Y,NA,D,22,0,0,0,0,0,0,0,0,0,-,-,NA,NA,ORANGE,ORANGE,-117.83578491210938,33.81113815307617
8911298,2020,2022-06-11,3001,2020-05-27,2149,A1047,NA,3,5,7,3001,0,0,0,NA,0,D-1,BEACH BL,ROME AV,90,N,N,B,-,Y,ORA,12,39,-,-,11.88,H,-,S,Y,1,1,0,2,A,-,11,21954,A,N,G,B,D,A,H,-,C,D,0,Y,NA,NA,NA,Y,NA,N,60,0,0,0,1,0,0,0,0,0,-,-,NA,NA,ORANGE,ANAHEIM,-117.99342346191406,33.82039260864258
8911431,2019,2021-05-24,3000,2019-10-05,2209,1916,891D7,6,5,3,3051,0,0,0,NA,0,746,MOULTON PKWY,GATE 16,274,N,N,A,B,N,NA,NA,NA,NA,NA,NA,NA,NA,NA,Y,1,1,0,1,A,-,01,23152,A,N,F,A,A,A,H,-,C,A,0,NA,NA,Y,NA,Y,Y,C,02,0,0,0,0,0,0,0,1,0,-,-,33.612918853759766,-117.73014831542967,ORANGE,LAGUNA WOODS,NA,NA
8911663,2020,2022-06-11,3001,2020-04-23,2014,A1047,NA,4,5,7,3001,0,0,0,NA,0,0D1,BEACH BL,BALL RD,158,N,N,A,-,Y,ORA,12,39,-,-,11.71,H,-,N,N,1,1,0,2,A,-,11,21954,A,F,G,B,E,A,H,-,C,A,0,Y,NA,NA,NA,Y,NA,N,60,0,0,0,1,0,0,0,0,0,-,-,33.817291259765625,-117.99349975585938,ORANGE,ANAHEIM,-117.99319458007813,33.81791305541992
8913385,2019,2020-02-06,3011,2019-07-28,1333,31482,84,7,5,4,3011,0,0,0,NA,0,003,RT 1,WEST ST,504,N,N,A,-,Y,ORA,12,1,-,-,6.09,H,-,N,Y,3,0,1,3,A,-,03,22350,NA,N,C,C,A,A,H,-,A,D,0,NA,NA,NA,NA,Y,NA,A,08,0,1,0,0,0,0,0,0,0,-,-,NA,NA,ORANGE,LAGUNA BEACH,-117.74763488769533,33.50618362426758
8914403,2019,2019-08-09,3014,2019-07-26,1448,1374,RD39,5,5,5,3014,0,0,0,NA,0,0A3,MACARTHUR BL,SAN MIGUEL DR,200,NA,N,A,-,N,NA,NA,NA,NA,NA,NA,NA,NA,NA,N,4,0,1,2,A,-,03,22350,NA,N,C,C,A,A,H,-,A,A,0,NA,NA,NA,NA,Y,NA,A,07,0,0,1,0,0,0,0,0,0,-,-,33.61149978637695,-117.86979675292967,ORANGE,NEWPORT BEACH,-117.86994171142578,33.6114387512207
8915371,2019,2019-08-13,3001,2019-07-24,0153,1231,NA,3,5,7,3001,0,0,0,NA,0,0D1,WEST BALL RD,SOUTH BROOKHURST ST,0,NA,Y,A,-,N,NA,NA,NA,NA,NA,NA,NA,NA,NA,Y,4,0,1,2,A,-,12,21453,A,M,D,C,A,A,H,-,C,A,0,NA,NA,NA,NA,Y,NA,A,01,0,0,1,0,0,0,0,0,0,-,-,NA,NA,ORANGE,ANAHEIM,-117.9589385986328,33.817771911621094
8915391,2019,2019-08-13,3001,2019-07-26,1111,A1252,NA,5,5,7,3001,0,0,0,NA,0,NA,W LINCOLN AV,HARBOR BL,40,E,N,A,-,N,NA,NA,NA,NA,NA,NA,NA,NA,NA,N,3,0,2,2,A,-,03,22350,NA,N,C,C,A,A,H,-,A,A,0,NA,NA,NA,NA,Y,NA,A,01,0,2,0,0,0,0,0,0,0,-,-,NA,NA,ORANGE,ANAHEIM,-117.91949462890624,33.83415985107422
8915426,2019,2019-08-13,3001,2019-07-24,0500,A1555,NA,3,5,7,3001,0,0,0,NA,0,D 4,LA PALMA AV,MANASSERO ST,0,NA,Y,A,-,N,NA,NA,NA,NA,NA,NA,NA,NA,NA,N,3,0,1,2,A,-,09,21801,A,N,D,C,A,A,H,-,B,A,0,NA,NA,NA,NA,Y,NA,A,07,0,1,0,0,0,0,0,0,0,-,-,NA,NA,ORANGE,ANAHEIM,-117.81166076660156,33.859458923339844
8917121,2019,2019-08-23,3004,2019-08-01,1640,P648,16,4,5,6,3004,0,0,0,NA,0,008,FAIRVIEW RD,MERRIMAC WY,497,S,N,A,-,N,NA,NA,NA,NA,NA,NA,NA,NA,NA,Y,4,0,1,2,A,-,03,22350,NA,N,C,C,A,A,H,-,A,D,0,NA,NA,NA,NA,Y,NA,A,01,0,0,1,0,0,0,0,0,0,-,-,33.66600036621094,-117.90750122070313,ORANGE,COSTA MESA,-117.90778350830078,33.66609573364258
8917926,2019,2019-09-10,3022,2019-07-31,2318,1284,NORTH,3,5,5,3022,0,0,0,NA,0,NA,TUSTIN RANCH RD,EL CAMINO REAL,0,NA,Y,A,-,N,NA,NA,NA,NA,NA,NA,NA,NA,NA,N,4,0,1,2,A,-,12,21453,A,N,D,D,A,A,H,-,C,A,0,NA,NA,NA,Y,Y,Y,F,86,0,0,1,0,0,0,0,0,0,-,-,33.72945022583008,-117.80232238769533,ORANGE,TUSTIN,-117.80017852783205,33.72951889038086
8918392,2019,2019-09-17,3010,2019-08-04,1333,3013,349,7,5,6,3010,0,0,0,NA,0,004,OLIVE AV,19TH ST,0,NA,Y,A,-,N,NA,NA,NA,NA,NA,NA,NA,NA,NA,Y,3,0,2,2,A,-,09,21801,A,N,A,C,A,A,H,-,A,D,0,NA,NA,NA,NA,Y,NA,A,01,0,1,1,0,0,0,0,0,0,-,-,NA,NA,ORANGE,HUNTINGTON BEACH,-118.01238250732422,33.66762924194336
8919892,2019,2019-09-25,3010,2019-08-28,1930,1261,176,3,5,6,3010,0,0,0,NA,0,008,GRAHAM,GERSHWIN,150,S,N,A,-,N,NA,NA,NA,NA,NA,NA,NA,NA,NA,N,4,0,1,1,A,-,08,22107,NA,N,F,I,A,A,H,-,C,D,0,NA,Y,NA,NA,Y,NA,L,04,0,0,1,0,0,0,1,0,0,-,-,NA,NA,ORANGE,HUNTINGTON BEACH,-118.03263854980467,33.712730407714844
8922624,2019,2019-09-10,3001,2019-08-16,1301,A10R,NA,5,5,7,3001,0,0,0,NA,0,0D3,BALL RD,SOUTH HARBOR BL,528,E,N,A,-,N,NA,NA,NA,NA,NA,NA,NA,NA,NA,Y,3,0,2,3,A,-,03,22350,NA,N,C,C,A,A,H,-,A,D,0,NA,NA,NA,NA,Y,NA,A,08,0,1,1,0,0,0,0,0,0,-,-,NA,NA,ORANGE,ANAHEIM,-117.91376495361328,33.81801986694336
8922640,2019,2019-09-10,3001,2019-08-17,1949,A1996,D1,6,5,7,3001,0,0,0,NA,0,0D1,GILBERT ST,VALDINA AV,0,NA,Y,A,-,N,NA,NA,NA,NA,NA,NA,NA,NA,NA,Y,4,0,2,2,A,-,12,22450,A,N,D,C,A,A,H,-,B,D,0,NA,NA,NA,NA,Y,NA,A,01,0,0,2,0,0,0,0,0,0,-,-,NA,NA,ORANGE,ANAHEIM,-117.96781158447266,33.84373092651367
8923905,2019,2020-09-18,3000,2019-07-12,1645,3358,972D1,5,5,4,3018,0,0,0,NA,0,731,RT 74,RT 5,0,NA,Y,A,-,Y,ORA,12,74,-,-,0.029,I,5,W,Y,3,0,2,2,A,-,09,21453,B,N,D,C,A,A,H,-,A,A,0,NA,NA,NA,NA,Y,NA,A,07,0,1,1,0,0,0,0,0,0,-,SF,NA,NA,ORANGE,SAN JUAN CAPISTRANO,-117.65805816650392,33.50258255004883
8926658,2019,2019-08-27,3001,2019-07-30,1926,1851,D4,2,5,7,3001,0,0,0,NA,0,NA,NORTH KELLOGG DR,HOLBROOK ST,244,S,N,A,-,N,NA,NA,NA,NA,NA,NA,NA,NA,NA,Y,4,0,1,2,A,-,08,22100,A,N,D,C,A,A,H,-,A,D,0,NA,NA,NA,NA,Y,NA,A,07,0,0,1,0,0,0,0,0,0,-,-,NA,NA,ORANGE,ANAHEIM,-117.8042449951172,33.86844253540039
8926678,2019,2019-08-26,3001,2019-07-27,2049,415,D3,6,5,7,3001,0,0,0,NA,0,NA,SOUTH EAST ST,EAST VERMONT AV,0,NA,Y,A,-,N,NA,NA,NA,NA,NA,NA,NA,NA,NA,Y,3,0,2,2,A,-,09,21801,A,N,D,C,A,A,H,-,C,A,0,NA,NA,NA,NA,Y,NA,A,07,0,2,0,0,0,0,0,0,0,-,-,NA,NA,ORANGE,ANAHEIM,-117.89856719970705,33.825748443603516
8926695,2019,2019-09-24,3001,2019-07-27,2347,A2435,D3,6,5,7,3001,0,0,0,NA,0,032,SOUTH HASTER ST,EAST KATELLA AV,150,S,N,A,-,N,NA,NA,NA,NA,NA,NA,NA,NA,NA,Y,4,0,1,2,A,-,08,22100,B,N,B,C,A,A,H,-,C,A,0,NA,NA,NA,NA,Y,NA,A,01,0,0,1,0,0,0,0,0,0,-,-,NA,NA,ORANGE,ANAHEIM,-117.90657806396484,33.80284881591797
8928515,2019,2019-09-10,3002,2019-07-10,1000,8963,3000,3,5,5,3025,0,0,0,NA,0,003,HIDDEN HILLS RD,STONEWOOD DR,0,NA,Y,A,-,N,NA,NA,NA,NA,NA,NA,NA,NA,NA,N,2,0,1,2,A,-,09,21801,A,N,D,G,A,A,H,-,A,D,0,NA,Y,NA,NA,Y,NA,A,01,1,0,0,0,0,0,1,0,0,-,-,NA,NA,ORANGE,YORBA LINDA,-117.7431182861328,33.88959884643555
8928666,2019,2019-09-09,3015,2019-07-31,1433,1615,77S,3,5,6,3015,0,0,0,NA,0,721,NORTH TUSTIN ST,ETAFT AV  N,87,S,N,A,-,N,NA,NA,NA,NA,NA,NA,NA,NA,NA,N,4,0,1,2,A,-,03,22350,NA,N,C,C,A,A,H,-,A,A,0,NA,NA,NA,NA,Y,NA,D,22,0,0,1,0,0,0,0,0,0,-,-,NA,NA,ORANGE,ORANGE,-117.835917,33.817208
8928709,2019,2019-09-12,3026,2019-08-05,1328,7094,NA,1,5,6,3026,0,0,0,NA,0,00P,EL CAMINO REAL,JAMBOREE RD,43,E,N,A,-,N,NA,NA,NA,NA,NA,NA,NA,NA,NA,Y,4,0,1,2,A,-,03,22350,NA,N,C,C,A,A,H,-,A,A,0,NA,NA,NA,NA,Y,NA,D,22,0,0,1,0,0,0,0,0,0,-,-,NA,NA,ORANGE,IRVINE,-117.79238128662108,33.722328186035156
8928837,2019,2019-09-12,3001,2019-08-13,1909,1851,D4,2,5,7,3001,0,0,0,NA,0,NA,EAST ORANGETHORPE AV,KELLOGG DR,0,NA,Y,A,-,N,NA,NA,NA,NA,NA,NA,NA,NA,NA,Y,3,0,1,2,A,-,12,21453,A,N,D,C,A,A,H,-,B,A,0,NA,NA,NA,NA,Y,NA,A,01,0,1,0,0,0,0,0,0,0,-,-,NA,NA,ORANGE,ANAHEIM,-117.80605316162108,33.86500930786133
8928970,2019,2019-09-11,3015,2019-08-11,1315,1607,21E,7,5,6,3015,0,0,0,NA,0,211,WEST CHAPMAN AV,THE CITY DR,147,E,N,A,-,N,NA,NA,NA,NA,NA,NA,NA,NA,NA,N,4,0,1,2,A,-,03,22350,NA,N,C,C,A,A,H,-,A,A,0,NA,NA,NA,NA,Y,NA,A,01,0,0,1,0,0,0,0,0,0,-,-,NA,NA,ORANGE,ORANGE,-117.89047241210938,33.78908920288086
8929063,2019,2019-09-09,3000,2019-07-09,1618,7734,892A7,2,5,5,3028,0,0,0,NA,0,752,ALICIA PKWY,VIA FABRICANTE,0,NA,Y,A,-,N,NA,NA,NA,NA,NA,NA,NA,NA,NA,Y,4,0,2,2,A,-,12,21453,A,N,D,C,A,A,H,-,A,A,0,NA,NA,NA,NA,Y,NA,A,07,0,0,2,0,0,0,0,0,0,-,-,NA,NA,ORANGE,MISSION VIEJO,-117.67977905273438,33.6142692565918
8929481,2019,2019-09-11,3001,2019-08-21,1453,1830,D3,3,5,7,3001,0,0,0,NA,0,NA,E WAGNER AV,S PEREGRINE PL,0,NA,Y,A,-,N,NA,NA,NA,NA,NA,NA,NA,NA,NA,Y,4,0,3,2,A,-,03,22350,NA,N,C,C,A,A,H,-,A,D,0,NA,NA,NA,NA,Y,NA,A,01,0,0,3,0,0,0,0,0,0,-,-,NA,NA,ORANGE,ANAHEIM,-117.8831787109375,33.82538986206055
8929532,2019,2019-09-11,3001,2019-08-22,1522,1830,NA,4,5,7,3001,0,0,0,NA,0,0D3,EAST CERRITOS AV,S DALLAS DR,8,E,N,A,-,N,NA,NA,NA,NA,NA,NA,NA,NA,NA,N,3,0,2,2,A,-,09,21802,A,N,D,C,A,A,H,-,A,A,0,NA,NA,NA,NA,Y,NA,A,01,0,1,1,0,0,0,0,0,0,-,-,NA,NA,ORANGE,ANAHEIM,-117.95407104492188,33.81053161621094
8931059,2019,2019-09-17,3005,2019-08-24,1942,8233,C34,6,5,4,3005,0,0,0,NA,0,003,WALKER ST,CERRITOS,38,S,N,A,-,N,NA,NA,NA,NA,NA,NA,NA,NA,NA,N,3,0,1,2,A,-,03,22350,NA,N,C,C,A,A,H,-,B,A,0,NA,NA,NA,NA,Y,NA,A,07,0,1,0,0,0,0,0,0,0,-,-,NA,NA,ORANGE,CYPRESS,-118.03694915771484,33.81013488769531
8931169,2019,2019-09-11,3009,2019-07-29,0952,4778,065,1,5,6,3009,0,0,0,NA,0,011,NEWLAND ST,TRASK AV,0,NA,Y,A,-,N,NA,NA,NA,NA,NA,NA,NA,NA,NA,N,3,0,1,2,A,-,09,21453,B,N,A,J,A,A,H,-,A,A,0,NA,NA,NA,NA,Y,NA,A,01,0,1,0,0,0,0,0,0,0,-,-,NA,NA,ORANGE,GARDEN GROVE,-117.98108673095705,33.76660919189453
8932134,2019,2019-10-04,3004,2019-09-02,0644,P640,09,1,5,6,3004,0,0,0,NA,0,007,WEST 19TH ST,POMONA AV,0,NA,Y,A,-,N,NA,NA,NA,NA,NA,NA,NA,NA,NA,Y,4,0,1,2,A,-,12,21453,A,N,G,B,B,A,H,-,A,A,0,Y,NA,NA,NA,Y,NA,D,22,0,0,1,0,1,0,0,0,0,-,-,33.64339828491211,-117.92769622802734,ORANGE,COSTA MESA,-117.92767333984376,33.64339065551758
8932897,2019,2019-09-23,3002,2019-08-05,1929,1065,740D6,1,5,5,3025,0,0,0,NA,0,701,KELLOGG DR,IMPERIAL HWY,84,E,N,A,-,N,NA,NA,NA,NA,NA,NA,NA,NA,NA,Y,4,0,1,2,A,-,12,21453,A,N,D,C,A,A,H,-,A,A,0,NA,NA,NA,NA,Y,NA,D,22,0,0,1,0,0,0,0,0,0,-,-,NA,NA,ORANGE,YORBA LINDA,-117.80297088623048,33.87385559082031
8933090,2019,2019-09-19,3004,2019-08-23,1317,P648,04,5,5,6,3004,0,0,0,NA,0,006,IRVINE AV,17TH ST,25,S,N,A,-,N,NA,NA,NA,NA,NA,NA,NA,NA,NA,Y,3,0,1,2,C,-,18,NA,NA,N,E,I,A,A,H,-,A,D,0,NA,NA,NA,NA,Y,NA,-,-,0,1,0,0,0,0,0,0,0,-,-,33.628299713134766,-117.90899658203124,ORANGE,COSTA MESA,-117.90869903564452,33.62836456298828
8933106,2019,2019-09-18,3000,2019-08-23,1853,10576,892F1,5,5,5,3028,0,0,0,NA,0,755,SANTA MARGARITA PKWY,MONTEREY ST,0,NA,Y,A,-,N,NA,NA,NA,NA,NA,NA,NA,NA,NA,Y,3,0,3,2,D,-,00,NA,NA,N,D,C,A,A,H,-,A,A,0,NA,NA,NA,NA,Y,NA,-,-,0,3,0,0,0,0,0,0,0,-,-,NA,NA,ORANGE,MISSION VIEJO,-117.63429260253906,33.65021896362305
8933792,2019,2019-09-25,3010,2019-08-22,0956,1208,442,4,5,6,3010,0,0,0,NA,0,003,MAIN ST,DELAWARE,0,NA,Y,A,-,N,NA,NA,NA,NA,NA,NA,NA,NA,NA,Y,3,0,2,2,A,-,09,21801,A,N,A,C,A,A,H,-,A,A,0,NA,NA,NA,NA,Y,NA,A,01,0,1,1,0,0,0,0,0,0,-,-,NA,NA,ORANGE,HUNTINGTON BEACH,-117.9931869506836,33.690670013427734
8934168,2019,2019-09-20,3010,2019-08-28,2031,1261,456,3,5,6,3010,0,0,0,NA,0,002,BUSHARD,INDIAPOLIS,0,NA,Y,A,-,N,NA,NA,NA,NA,NA,NA,NA,NA,NA,Y,4,0,1,2,A,-,09,21801,A,N,D,C,A,A,H,-,C,A,0,NA,NA,NA,NA,Y,NA,A,01,0,0,1,0,0,0,0,0,0,-,-,NA,NA,ORANGE,HUNTINGTON BEACH,-117.96241,33.66504
8934220,2019,2019-09-20,3010,2019-08-29,1831,4094,262,4,5,6,3010,0,0,0,NA,0,007,HEIL AV,SILVER,0,NA,Y,A,-,N,NA,NA,NA,NA,NA,NA,NA,NA,NA,N,3,0,1,2,A,-,05,21650,NA,N,A,G,A,A,H,-,A,A,0,NA,Y,NA,NA,Y,NA,L,04,0,1,0,0,0,0,1,0,0,-,-,NA,NA,ORANGE,HUNTINGTON BEACH,-117.99369049072266,33.7228889465332
8934676,2019,2019-10-28,3024,2019-08-12,1511,422,P-27,1,5,5,3024,0,0,0,NA,0,EAST,MAGNOLIA ST,HAZARD AV,508,N,N,A,-,N,NA,NA,NA,NA,NA,NA,NA,NA,NA,N,2,0,2,3,A,-,03,22350,NA,N,C,C,A,A,H,-,A,A,0,NA,NA,NA,NA,Y,NA,A,01,1,1,0,0,0,0,0,0,0,-,-,33.751190185546875,-117.97506713867188,ORANGE,WESTMINSTER,-117.97235107421876,33.753543853759766
8934678,2019,2019-12-14,3022,2019-07-10,1201,1193,NA,3,5,5,3022,0,0,0,NA,0,NA,17TH ST,PROSPECT AV,31,W,N,A,-,N,NA,NA,NA,NA,NA,NA,NA,NA,NA,N,4,0,1,2,A,-,03,22350,NA,N,C,C,A,A,H,-,A,A,0,NA,NA,NA,NA,Y,NA,-,NA,0,0,1,0,0,0,0,0,0,-,-,33.75994110107422,-117.82061004638672,ORANGE,TUSTIN,-117.82256317138672,33.75981903076172
8934776,2019,2019-12-27,3001,2019-08-14,1852,415,NA,3,5,7,3001,0,0,0,NA,0,0D1,RT 39,LINCOLN AV,146,S,N,A,-,Y,ORA,12,39,-,-,12.64,H,-,S,N,4,0,2,2,A,-,08,22100,A,N,B,C,A,A,H,-,A,D,0,NA,NA,NA,NA,Y,NA,A,01,0,0,2,0,0,0,0,0,0,-,-,NA,NA,ORANGE,ANAHEIM,-117.99359893798828,33.83143997192383
8934800,2019,2020-01-27,3024,2019-08-27,0749,159,P12,2,5,5,3024,0,0,0,NA,0,WEST,RT 39,21ST ST,0,NA,Y,A,-,Y,ORA,12,39,-,-,7.881,I,5,S,Y,4,0,3,3,A,-,09,21801,A,N,D,C,A,A,H,-,A,D,0,NA,NA,NA,NA,Y,NA,A,07,0,0,3,0,0,0,0,0,0,-,-,33.76266860961914,-117.98961639404295,ORANGE,WESTMINSTER,-117.98982238769533,33.76285171508789
8934901,2019,2019-12-14,3008,2019-06-25,1528,1407,NA,2,5,6,3008,0,0,0,NA,0,0Z1,WOODCREST AV,PACIFIC DR,690,E,N,A,-,N,NA,NA,NA,NA,NA,NA,NA,NA,NA,N,4,0,1,2,A,-,08,22107,NA,N,-,I,A,A,H,-,A,D,0,NA,NA,NA,NA,Y,NA,A,07,0,0,1,0,0,0,0,0,0,-,-,NA,NA,ORANGE,FULLERTON,-117.95449066162108,33.858314514160156
8935292,2019,2019-09-17,3015,2019-08-23,1645,1250,94,5,5,6,3015,0,0,0,NA,0,331,E SANTIAGO CANYON RD,N WINDES DR,279,W,N,A,-,N,NA,NA,NA,NA,NA,NA,NA,NA,NA,Y,4,0,1,3,A,-,03,22350,NA,N,C,C,A,A,H,-,A,D,0,NA,NA,NA,NA,Y,NA,A,01,0,0,1,0,0,0,0,0,0,-,-,NA,NA,ORANGE,ORANGE,-117.77967834472656,33.814117431640625
8935444,2019,2019-09-24,3008,2019-07-24,0941,1147,ZONE3,3,5,6,3008,0,0,0,NA,0,NA,STATE COLLEGE BL,KIMBERLY AV,0,NA,Y,A,-,N,NA,NA,NA,NA,NA,NA,NA,NA,NA,Y,4,0,1,2,A,-,09,21802,A,N,D,C,A,A,H,-,A,A,0,NA,NA,NA,NA,Y,NA,A,08,0,0,1,0,0,0,0,0,0,-,-,NA,NA,ORANGE,FULLERTON,-117.8894500732422,33.86323165893555
8937146,2019,2019-09-25,3003,2019-08-18,0007,1211,NA,7,5,5,3003,0,0,0,NA,0,004,ORANGETHORPE AV,KNOTT AV,9,W,N,A,-,N,NA,NA,NA,NA,NA,NA,NA,NA,NA,Y,4,0,2,2,A,-,03,22350,NA,N,C,C,A,A,H,-,C,A,0,NA,NA,NA,NA,Y,NA,A,01,0,0,2,0,0,0,0,0,0,-,-,33.85879898071289,-118.0114974975586,ORANGE,BUENA PARK,-118.01132202148438,33.858909606933594
8937232,2019,2019-09-24,3003,2019-09-04,1941,665,23,3,5,5,3003,0,0,0,NA,0,008,LOS COYOTES DR,WAVERLY DR,92,S,N,A,-,N,NA,NA,NA,NA,NA,NA,NA,NA,NA,N,4,0,1,2,A,-,03,22350,NA,N,G,B,E,A,H,-,C,D,0,Y,NA,NA,NA,Y,NA,A,07,0,0,1,0,1,0,0,0,0,-,-,33.89120101928711,-117.98410034179688,ORANGE,BUENA PARK,-117.98410034179688,33.891361236572266
8938128,2019,2019-09-27,3000,2019-08-30,1740,1916,892E1,5,5,5,3028,0,0,0,NA,0,753,SANTA MARGARITA PKWY,TRABUCO HILLS CNTR,108,S,N,A,-,N,NA,NA,NA,NA,NA,NA,NA,NA,NA,Y,4,0,2,3,A,-,03,22350,NA,N,C,C,A,A,H,-,A,A,0,NA,NA,NA,NA,Y,Y,D,22,0,0,2,0,0,0,0,0,0,-,-,NA,NA,ORANGE,MISSION VIEJO,-117.644126,33.652729
8938986,2019,2020-02-06,3011,2019-08-25,1924,28008,83,7,5,4,3011,0,0,0,NA,0,003,S COAST HWY,WEST ST,528,N,N,A,-,Y,ORA,12,1,-,-,0.61,H,-,N,N,3,0,1,2,A,-,03,22350,NA,N,C,C,A,A,H,-,B,D,0,NA,NA,Y,NA,Y,NA,C,02,0,1,0,0,0,0,0,0,1,-,-,NA,NA,ORANGE,LAGUNA BEACH,-117.67757415771484,33.46376037597656
8938997,2019,2019-12-27,3003,2019-08-15,0122,1247,14,4,5,5,3003,0,0,0,NA,0,001,BEACH BL,CASCADE WY,186,N,N,A,-,Y,ORA,12,39,-,-,16.18,H,-,N,Y,3,0,1,1,A,-,01,23152,A,N,E,I,A,A,D,-,C,A,0,NA,NA,NA,NA,Y,Y,A,01,0,1,0,0,0,0,0,0,0,-,-,33.5255012512207,-117.59500122070313,ORANGE,BUENA PARK,-117.99742889404295,33.88214874267578