CASE_ID,ACCIDENT_YEAR,PROC_DATE,JURIS,COLLISION_DATE,COLLISION_TIME,OFFICER_ID,REPORTING_DISTRICT,DAY_OF_WEEK,CHP_SHIFT,POPULATION,CNTY_CITY_LOC,SPECIAL_COND,BEAT_TYPE,CHP_BEAT_TYPE,CITY_DIVISION_LAPD,CHP_BEAT_CLASS,BEAT_NUMBER,PRIMARY_RD,SECONDARY_RD,DISTANCE,DIRECTION,INTERSECTION,WEATHER_1,WEATHER_2,STATE_HWY_IND,CALTRANS_COUNTY,CALTRANS_DISTRICT,STATE_ROUTE,ROUTE_SUFFIX,POSTMILE_PREFIX,POSTMILE,LOCATION_TYPE,RAMP_INTERSECTION,SIDE_OF_HWY,TOW_AWAY,COLLISION_SEVERITY,NUMBER_KILLED,NUMBER_INJURED,PARTY_COUNT,PRIMARY_COLL_FACTOR,PCF_CODE_OF_VIOL,PCF_VIOL_CATEGORY,PCF_VIOLATION,PCF_VIOL_SUBSECTION,HIT_AND_RUN,TYPE_OF_COLLISION,MVIW,PED_ACTION,ROAD_SURFACE,ROAD_COND_1,ROAD_COND_2,LIGHTING,CONTROL_DEVICE,CHP_ROAD_TYPE,PEDESTRIAN_ACCIDENT,BICYCLE_ACCIDENT,MOTORCYCLE_ACCIDENT,TRUCK_ACCIDENT,NOT_PRIVATE_PROPERTY,ALCOHOL_INVOLVED,STWD_VEHTYPE_AT_FAULT,CHP_VEHTYPE_AT_FAULT,COUNT_SEVERE_INJ,COUNT_VISIBLE_INJ,COUNT_COMPLAINT_PAIN,COUNT_PED_KILLED,COUNT_PED_INJURED,COUNT_BICYCLIST_KILLED,COUNT_BICYCLIST_INJURED,COUNT_MC_KILLED,COUNT_MC_INJURED,PRIMARY_RAMP,SECONDARY_RAMP,LATITUDE,LONGITUDE,COUNTY,CITY,POINT_X,POINT_Y
90658031,2018,2018-02-09,9675,2018-02-01,1703,019241,NA,4,2,9,3000,0,2,4,NA,2,037,MODJESKA GRADE RD (28400 BLOCK),SANTIAGO TRUCK TRAIL ROAD,253,S,N,A,-,N,NA,NA,NA,NA,NA,NA,NA,NA,NA,Y,3,0,2,1,A,-,03,22350,NA,N,E,J,A,A,H,-,A,D,0,NA,NA,Y,NA,Y,NA,C,02,0,1,1,0,0,0,0,0,2,-,-,33.702449798583984,-117.63633728027344,ORANGE,UNINCORPORATED,-117.63616943359376,33.70216369628906
90660363,2018,2018-02-13,9690,2018-02-07,1619,016128,NA,3,2,9,3000,0,2,4,NA,2,034,ANTONIO PKWY,CROWN VALLEY PKWY,0,NA,Y,A,-,N,NA,NA,NA,NA,NA,NA,NA,NA,NA,Y,4,0,2,2,A,-,09,21453,C,N,D,C,A,A,H,-,A,A,0,NA,NA,NA,NA,Y,NA,A,01,0,0,2,0,0,0,0,0,0,-,-,33.5655403137207,-117.62901306152344,ORANGE,UNINCORPORATED,-117.62899017333984,33.56549835205078
90662873,2018,2018-02-16,9675,2018-02-07,1840,021960,NA,3,2,7,3001,0,1,3,NA,2,572,SR-57 NORTHBOUND,LINCOLN AVE,100,S,N,A,-,Y,NA,NA,57,NA,NA,NA,NA,NA,N,Y,4,0,1,2,A,-,03,22350,NA,N,C,C,A,A,H,-,C,D,0,NA,NA,NA,NA,Y,NA,D,22,0,0,1,0,0,0,0,0,0,-,-,33.835609436035156,-117.87596893310548,ORANGE,ANAHEIM,-117.87590789794922,33.835609436035156
90664849,2018,2018-02-20,9670,2018-02-11,1540,021861,NA,7,2,5,3003,0,1,3,NA,2,092,SR-91 E/B,KNOTT AVE,150,E,N,A,-,Y,NA,NA,91,NA,NA,NA,NA,NA,E,Y,4,0,1,2,A,-,07,21658,A,N,B,C,A,A,H,-,A,D,0,NA,NA,NA,NA,Y,NA,A,08,0,0,1,0,0,0,0,0,0,-,-,33.85588073730469,-118.01042175292967,ORANGE,BUENA PARK,-118.01042175292967,33.855899810791016
90665839,2018,2018-02-21,9670,2018-02-19,1352,019290,NA,1,1,6,3010,0,1,1,NA,2,420,I-405 N/B (SAN DIEGO FWY),BEACH BLVD,200,N,N,A,-,Y,NA,NA,405,NA,NA,NA,NA,NA,N,N,4,0,1,3,A,-,03,22350,NA,N,C,C,A,A,H,-,A,D,0,NA,NA,NA,NA,Y,NA,A,01,0,0,1,0,0,0,0,0,0,-,-,33.73347091674805,-117.99002838134766,ORANGE,HUNTINGTON BEACH,-117.99008941650392,33.73338317871094
90669048,2018,2018-02-26,9675,2018-02-20,1915,021349,NA,2,2,6,3015,0,1,3,NA,2,222,SR-22 E/B,LEWIS ST,500,E,N,A,-,Y,NA,NA,22,NA,NA,NA,NA,NA,E,Y,4,0,1,2,A,-,03,22350,NA,N,C,C,A,A,H,-,C,D,0,NA,NA,NA,NA,Y,NA,A,01,0,0,1,0,0,0,0,0,0,-,-,33.778621673583984,-117.8951416015625,ORANGE,ORANGE,-117.89516448974608,33.77873229980469
9067026,2020,2020-05-20,3009,2020-02-08,1854,4282,126,6,5,6,3009,0,0,0,NA,0,023,EUCLID ST,WOODBURY RD,0,NA,Y,A,-,N,NA,NA,NA,NA,NA,NA,NA,NA,NA,Y,3,0,1,2,A,-,01,23152,A,N,C,C,A,A,H,-,C,D,0,NA,NA,NA,NA,Y,Y,A,07,0,1,0,0,0,0,0,0,0,-,-,NA,NA,ORANGE,GARDEN GROVE,-117.9377899169922,33.7636604309082
90670320,2018,2018-02-27,9675,2018-02-16,1925,021749,NA,5,2,7,3001,0,1,3,NA,2,095,SR-91 EASTBOUND,COAL CYN RD,1200,E,N,A,-,Y,NA,NA,91,NA,NA,NA,NA,NA,E,Y,4,0,1,2,A,-,03,22350,NA,F,C,C,A,A,H,-,C,D,0,NA,NA,NA,NA,Y,NA,-,99,0,0,1,0,0,0,0,0,0,-,-,33.86899948120117,-117.67981719970705,ORANGE,ANAHEIM,-117.67980194091795,33.86908721923828
9067046,2020,2020-09-29,3026,2020-02-01,1326,417/638,2,6,5,6,3026,0,0,0,NA,0,00U,JAMBOREE RD,RT 405,25,S,N,A,-,Y,ORA,12,405,-,-,6.717,R,4,N,Y,4,0,1,2,A,-,03,22350,A,N,C,C,A,A,H,-,A,A,0,NA,NA,NA,NA,Y,NA,D,22,0,0,1,0,0,0,0,0,0,-,-,NA,NA,ORANGE,IRVINE,-117.84034729003906,33.67561721801758
90671563,2018,2018-02-28,9670,2018-02-26,0840,013414,NA,1,1,5,3003,0,1,1,NA,2,500,I-5 N/B TO ARTESIA BOULEVARD,ARTESIA BOULEVARD,100,N,N,A,-,Y,NA,NA,5,NA,NA,NA,R,NA,N,N,4,0,1,2,A,-,21,22106,NA,N,C,C,A,A,H,-,A,A,0,NA,NA,NA,Y,Y,NA,G,25,0,0,1,0,0,0,0,0,0,-,-,33.87269973754883,-118.0077896118164,ORANGE,BUENA PARK,-118.0077896118164,33.87269973754883
9067213,2020,2020-05-19,3026,2020-02-29,2230,614,NA,6,5,6,3026,0,0,0,NA,0,00P,SAND CANYON AV,MARINE WY,317,S,N,A,-,N,NA,NA,NA,NA,NA,NA,NA,NA,NA,N,4,0,2,2,A,-,12,21453,A,N,D,C,A,A,H,-,C,A,0,NA,NA,NA,NA,Y,NA,A,01,0,0,2,0,0,0,0,0,0,-,-,NA,NA,ORANGE,IRVINE,-117.75802612304688,33.67778778076172
90672408,2018,2018-03-01,9675,2018-02-20,1445,021941,NA,2,2,7,3019,0,1,3,NA,2,552,SR-55 N/B,DYER RD,400,N,N,A,-,Y,NA,NA,55,NA,NA,NA,NA,NA,N,Y,3,0,1,2,A,-,07,21658,A,N,B,C,A,A,H,-,A,D,0,NA,NA,Y,NA,Y,NA,A,01,0,1,0,0,0,0,0,0,1,-,-,33.71194839477539,-117.84805297851563,ORANGE,SANTA ANA,-117.84825897216795,33.712162017822266
90672579,2018,2018-03-01,9675,2018-02-20,1005,020027,NA,2,1,6,3015,0,1,1,NA,2,502,I-5 SOUTHBOUND,SR-22 EASTBOUND,250,S,N,A,-,Y,NA,NA,5,NA,NA,NA,NA,NA,S,Y,4,0,2,2,A,-,03,22350,NA,N,C,C,A,A,H,-,A,D,0,NA,NA,NA,NA,Y,NA,A,07,0,0,2,0,0,0,0,0,0,-,-,33.777198791503906,-117.87590789794922,ORANGE,ORANGE,-117.87542724609376,33.77762985229492
90676542,2018,2018-03-07,9675,2018-02-24,1745,021322,NA,6,2,6,3004,0,1,1,NA,2,405,I-405 NORTHBOUND,HARBOR BLVD,4100,N,N,A,-,Y,NA,NA,405,NA,NA,NA,NA,NA,N,Y,4,0,1,2,A,-,03,22350,NA,N,C,C,A,A,H,-,C,D,0,NA,NA,NA,NA,Y,NA,A,01,0,0,1,0,0,0,0,0,0,-,-,33.69472885131836,-117.9326629638672,ORANGE,COSTA MESA,-117.93263244628906,33.69480514526367
90677157,2018,2018-03-07,9670,2018-01-29,2245,021543,NA,1,3,5,3003,0,1,3,NA,2,092,SR-91 E/B,KNOTT AVE,1056,W,N,A,-,Y,NA,NA,91,NA,NA,NA,NA,NA,E,Y,3,0,1,2,A,-,03,22350,NA,N,C,C,A,A,H,-,C,D,0,NA,NA,NA,NA,Y,NA,A,01,0,1,0,0,0,0,0,0,0,-,-,33.85580062866211,-118.01589965820313,ORANGE,BUENA PARK,-118.01589965820313,33.855865478515625
90678031,2018,2018-03-08,9675,2018-02-26,1702,021633,NA,1,2,7,3019,0,1,1,NA,2,502,I-5 S/B,LINCOLN AVE,150,N,N,A,-,Y,NA,NA,5,NA,NA,NA,NA,NA,S,N,4,0,1,2,A,-,03,22350,NA,N,C,C,A,A,H,-,A,D,0,NA,NA,NA,NA,Y,NA,A,01,0,0,1,0,0,0,0,0,0,-,-,33.75680160522461,-117.85665130615234,ORANGE,SANTA ANA,-117.85667419433594,33.756752014160156
90678188,2018,2018-03-08,9675,2018-02-28,0855,021982,NA,3,1,6,3004,0,1,3,NA,2,553,SR-55 SOUTHBOUND,PAULARINO AVE,1000,N,N,A,-,Y,NA,NA,55,NA,NA,NA,NA,NA,S,Y,4,0,2,3,A,-,03,22350,NA,N,C,C,A,A,H,-,A,D,0,NA,NA,NA,NA,Y,Y,A,01,0,0,2,0,0,0,0,0,0,-,-,33.68260955810547,-117.8767318725586,ORANGE,COSTA MESA,-117.87677001953124,33.682647705078125
90678795,2018,2018-03-09,9675,2018-03-02,1705,021874,NA,5,2,5,3022,0,1,1,NA,2,503,I-5 NORTBOUND TO SR-55 SOUTHBOUND,WEST MAIN STREET,150,S,N,A,-,Y,NA,NA,5,NA,NA,NA,R,NA,NA,N,4,0,1,1,A,-,08,22107,NA,N,E,I,A,B,H,-,A,D,0,NA,NA,NA,NA,Y,NA,A,01,0,0,1,0,0,0,0,0,0,-,-,33.741249084472656,-117.83403778076172,ORANGE,TUSTIN,-117.83403778076172,33.741249084472656
90679312,2018,2018-03-12,9675,2018-03-07,1840,021322,NA,3,2,7,3019,0,1,1,NA,2,502,I-5 NORTHBOUND,SR-55 NORTHBOUND,1000,N,N,A,-,Y,NA,NA,5,NA,NA,NA,NA,NA,N,Y,4,0,1,3,A,-,03,22350,NA,N,C,C,A,A,H,-,C,D,0,NA,NA,NA,NA,Y,NA,A,01,0,0,1,0,0,0,0,0,0,-,-,33.74114990234375,-117.83621215820313,ORANGE,SANTA ANA,-117.83605194091795,33.7415885925293
90681256,2018,2018-04-02,9690,2018-03-03,1205,019199,NA,6,1,5,3017,0,1,1,NA,2,059,I-5 N/B (SAN DIEGO FRWY),CRISTIANITOS RD,1056,N,N,A,-,Y,NA,NA,5,NA,NA,NA,NA,NA,N,Y,3,0,2,2,D,-,00,NA,NA,N,C,C,A,A,H,-,A,D,0,NA,NA,NA,NA,Y,NA,-,-,0,2,0,0,0,0,0,0,0,-,-,33.39789962768555,-117.59429931640624,ORANGE,SAN CLEMENTE,-117.59435272216795,33.39787292480469
90681260,2018,2018-03-13,9675,2018-03-08,1745,021914,NA,4,2,7,3019,0,1,3,NA,2,551,SR-55 SOUTHBOUND,MACARTHUR BLVD,1200,N,N,A,-,Y,NA,NA,55,NA,NA,NA,NA,NA,S,Y,3,0,4,2,A,-,03,22350,NA,N,C,C,A,A,H,-,B,D,0,NA,NA,NA,NA,Y,NA,A,01,0,2,2,0,0,0,0,0,0,-,-,33.70262908935547,-117.85796356201172,ORANGE,SANTA ANA,-117.85781097412108,33.70248794555664
9068281,2020,2020-08-18,3008,2020-04-09,1326,1519,ZONE1,4,5,6,3008,0,0,0,NA,0,NA,COMMONWEALTH AV,EDWARD AV,260,W,N,C,-,N,NA,NA,NA,NA,NA,NA,NA,NA,NA,Y,3,0,1,3,A,-,21,22106,NA,N,D,C,A,B,H,-,A,D,0,NA,NA,NA,Y,Y,NA,A,07,0,1,0,0,0,0,0,0,0,-,-,NA,NA,ORANGE,FULLERTON,-117.98114776611328,33.869991302490234
90683395,2018,2018-03-16,9675,2018-03-10,1150,020091,NA,6,1,7,3019,0,1,1,NA,2,502,I-5 SOUTHBOUND,4TH ST,150,S,N,C,-,Y,NA,NA,5,NA,NA,NA,NA,NA,S,Y,4,0,1,2,A,-,03,22350,NA,N,C,C,A,B,H,-,A,D,0,NA,NA,NA,NA,Y,NA,A,01,0,0,1,0,0,0,0,0,0,-,-,33.74803161621094,-117.84326934814452,ORANGE,SANTA ANA,-117.84340667724608,33.74796676635742
90683434,2018,2018-03-16,9675,2018-03-11,0705,020091,NA,7,1,5,3022,0,1,1,NA,2,503,I-5 SOUTHBOUND,SR-55 NORTHBOUND,500,S,N,B,-,Y,NA,NA,5,NA,NA,NA,NA,NA,S,Y,4,0,1,3,A,-,03,22350,NA,N,B,C,A,B,H,-,B,D,0,NA,NA,NA,NA,Y,NA,A,07,0,0,1,0,0,0,0,0,0,-,-,33.73976135253906,-117.83217620849608,ORANGE,TUSTIN,-117.83212280273438,33.73991394042969
90684418,2018,2018-03-19,9675,2018-03-13,1733,020240,NA,2,2,6,3008,0,1,3,NA,2,570,SR-57 SOUTHBOUND,YORBA LINDA BLVD,1320,N,N,B,C,Y,NA,NA,57,NA,NA,NA,NA,NA,S,N,4,0,2,3,A,-,03,22350,NA,N,C,C,A,B,H,-,A,D,0,NA,NA,NA,NA,Y,NA,A,01,0,0,2,0,0,0,0,0,0,-,-,33.899959564208984,-117.88133239746094,ORANGE,FULLERTON,-117.8813705444336,33.899959564208984
9068865,2020,2020-07-22,3000,2020-04-30,1545,9573,891G2,4,5,5,3050,0,0,0,NA,0,760,SERRANO RD,QUIET OAK DR,589,W,N,A,-,N,NA,NA,NA,NA,NA,NA,NA,NA,NA,Y,3,0,1,2,A,-,08,22107,NA,N,D,C,A,-,-,-,-,D,0,NA,NA,NA,NA,Y,NA,-,-,0,1,0,0,0,0,0,0,0,-,-,NA,NA,ORANGE,LAKE FOREST,-117.69984436035156,33.6476936340332
90689008,2018,2018-03-26,9675,2018-03-19,1425,021691,NA,1,2,7,3019,0,1,3,NA,2,552,SR-55 NORTHBOUND,DYER RD,1700,N,N,A,-,Y,NA,NA,55,NA,NA,NA,NA,NA,N,Y,4,0,2,3,A,-,03,22350,NA,N,C,C,A,A,H,-,A,D,0,NA,NA,NA,NA,Y,NA,A,01,0,0,2,0,0,0,0,0,0,-,-,33.71234130859375,-117.8478775024414,ORANGE,SANTA ANA,-117.84797668457033,33.712440490722656
90695650,2018,2018-03-30,9675,2018-03-23,1619,019942,NA,5,2,6,3026,0,1,1,NA,2,407,I-405 NORTHBOUND,SR-133 NORTHBOUND,350,S,N,A,-,Y,NA,NA,405,NA,NA,NA,NA,NA,N,Y,4,0,1,2,A,-,03,22350,NA,N,C,C,A,A,H,-,A,D,0,NA,NA,NA,NA,Y,NA,A,01,0,0,1,0,0,0,0,0,0,-,-,33.65113830566406,-117.75729370117188,ORANGE,IRVINE,-117.75727081298828,33.65119934082031
90696783,2018,2018-04-02,9670,2018-03-28,1409,021242,NA,3,2,5,3003,0,1,1,NA,2,500,I-5 N/B,BEACH BLVD,100,N,N,A,-,Y,NA,NA,5,NA,NA,NA,NA,NA,N,Y,4,0,1,4,A,-,03,22350,NA,N,C,C,A,A,H,-,A,D,0,NA,NA,NA,NA,Y,NA,A,01,0,0,1,0,0,0,0,0,0,-,-,33.86671829223633,-117.99871826171876,ORANGE,BUENA PARK,-117.99866485595705,33.8668212890625
90697173,2018,2018-04-03,9675,2018-03-27,0906,018834,NA,2,1,9,3000,0,1,3,NA,2,242,SR-241 NORTHBOUND,BEE CYN RD,1500,S,N,A,-,Y,NA,NA,241,NA,NA,NA,NA,NA,N,Y,3,0,1,1,A,-,08,22107,NA,N,F,A,A,A,H,-,A,D,0,NA,NA,NA,NA,Y,NA,A,01,0,1,0,0,0,0,0,0,0,-,-,33.71392822265625,-117.72030639648438,ORANGE,UNINCORPORATED,-117.72038269042967,33.713924407958984
90697594,2018,2018-04-03,9670,2018-03-22,2352,019925,NA,4,3,5,3024,0,1,3,NA,2,021,SR-22 W/B,BEACH BLVD.,76,W,N,B,C,Y,NA,NA,22,NA,NA,NA,NA,NA,W,Y,3,0,1,2,A,-,01,23152,A,N,C,C,A,B,H,-,C,D,0,NA,NA,NA,NA,Y,Y,A,01,0,1,0,0,0,0,0,0,0,-,-,33.77141189575195,-117.99423217773438,ORANGE,WESTMINSTER,-117.99423217773438,33.77132797241211
9070051,2020,2020-08-27,3001,2020-04-04,2324,A1047,D2,6,5,7,3001,0,0,0,NA,0,0D2,OLIVE ST,ADELE ST,122,N,N,B,-,N,NA,NA,NA,NA,NA,NA,NA,NA,NA,Y,4,0,1,4,A,-,01,23152,A,M,B,E,A,A,H,-,C,D,0,NA,NA,NA,NA,Y,Y,A,01,0,0,1,0,0,0,0,0,0,-,-,33.838401794433594,-117.91094970703124,ORANGE,ANAHEIM,-117.91131591796876,33.839962005615234
90704170,2018,2018-04-12,9675,2018-04-09,1558,017993,NA,1,2,6,3008,0,1,3,NA,2,570,STATE ROUTE 57 SOUTHBOUND,ASSOCIATED ROAD,500,S,N,A,-,Y,NA,NA,57,NA,NA,NA,NA,NA,S,N,4,0,1,2,A,-,03,22350,NA,N,C,C,A,A,H,-,A,D,0,NA,NA,NA,NA,Y,NA,J,48,0,0,1,0,0,0,0,0,0,-,-,33.90565872192383,-117.88137817382813,ORANGE,FULLERTON,-117.88142395019533,33.905643463134766
90706640,2018,2018-04-16,9675,2018-04-11,1158,016923,NA,3,1,7,3001,0,1,3,NA,2,094,SR-91 W/B (RIVERSIDE FWY),IMPERIAL HIGHWAY,1500,W,N,A,-,Y,NA,NA,NA,NA,NA,NA,NA,NA,NA,N,4,0,1,2,A,-,03,22350,NA,N,C,C,A,A,H,-,A,D,0,NA,NA,NA,NA,Y,NA,A,01,0,0,1,0,0,0,0,0,0,-,-,33.75138854980469,-117.83206176757813,ORANGE,ANAHEIM,NA,NA
90707338,2018,2018-04-17,9670,2018-03-24,0632,021910,NA,6,1,4,3020,0,1,1,NA,2,044,I-405 N/B,SEAL BEACH BLVD,1056,N,N,A,-,Y,NA,NA,405,NA,NA,NA,NA,NA,N,Y,3,0,1,4,A,-,03,22350,NA,N,C,C,A,A,H,-,A,D,0,NA,NA,NA,NA,Y,NA,A,01,0,1,0,0,0,0,0,0,0,-,-,33.77471923828125,-118.07887268066406,ORANGE,SEAL BEACH,-118.07887268066406,33.7745361328125
90710186,2018,2018-04-23,9675,2018-04-12,1350,021435,NA,4,1,7,3001,0,1,3,NA,2,093,SR-91 EASTBOUND,RIVERDALE,300,W,N,A,-,Y,NA,NA,91,NA,NA,NA,NA,NA,E,Y,4,0,2,2,A,-,03,22350,NA,N,C,C,A,A,H,-,A,D,0,NA,NA,NA,NA,Y,NA,A,01,0,0,2,0,0,0,0,0,0,-,-,33.84775161743164,-117.83310699462892,ORANGE,ANAHEIM,-117.83308410644533,33.847782135009766
9071033,2020,2020-05-15,3001,2020-02-26,0315,A2596,D4,3,5,7,3001,0,0,0,NA,0,0D4,SANTA ANA CANYON RD,IMPERIAL HWY,0,NA,Y,A,-,N,NA,NA,NA,NA,NA,NA,NA,NA,NA,NA,2,0,1,2,A,-,12,21453,A,N,D,C,A,A,H,-,C,A,0,NA,NA,NA,NA,Y,NA,A,01,1,0,0,0,0,0,0,0,0,-,-,33.8509407043457,-117.79064178466795,ORANGE,ANAHEIM,-117.79071807861328,33.851219177246094
90710818,2018,2018-04-23,9675,2018-04-15,0105,021388,NA,7,3,7,3001,0,1,3,NA,2,094,SR-91 EASTBOUND,WEIR CYN RD,3685,W,N,A,-,Y,NA,NA,91,NA,NA,NA,NA,NA,E,Y,3,0,1,1,A,-,01,23152,A,N,E,I,A,A,H,-,D,D,0,NA,NA,NA,NA,Y,Y,A,01,0,1,0,0,0,0,0,0,0,-,-,33.868900299072266,-117.75686645507813,ORANGE,ANAHEIM,-117.7568588256836,33.868778228759766
90711341,2018,2018-04-23,9690,2018-04-15,1848,020472,NA,7,2,9,3000,0,2,4,NA,2,037,TRABUCO CANYON ROAD,TRABUCO CREEK ROAD,150,S,N,A,-,N,NA,NA,NA,NA,NA,NA,NA,NA,NA,Y,2,0,1,2,A,-,05,21460,A,N,B,C,A,A,H,-,A,D,0,NA,NA,Y,NA,Y,NA,C,02,1,0,0,0,0,0,0,0,1,-,-,33.653018951416016,-117.59973907470705,ORANGE,UNINCORPORATED,-117.58538818359376,33.65884780883789
90711488,2018,2018-04-24,9670,2018-04-12,1644,017951,NA,4,2,6,3009,0,1,3,NA,2,024,SR-22 EASTBOUND (GARDEN GROVE FREEWAY),EUCLID STREET,863,E,N,A,-,Y,NA,NA,22,NA,NA,NA,NA,NA,E,Y,4,0,2,4,A,-,07,21658,A,N,B,C,A,A,H,-,A,D,0,NA,NA,NA,NA,Y,NA,A,07,0,0,2,0,0,0,0,0,0,-,-,33.76591873168945,-117.9347915649414,ORANGE,GARDEN GROVE,-117.9347915649414,33.766048431396484
90715326,2018,2018-04-27,9670,2018-04-26,1625,021755,NA,4,2,6,3008,0,1,3,NA,2,093,SR-91 W/B,BROOKHURST ST,1584,E,N,A,-,Y,NA,NA,91,NA,NA,NA,NA,NA,W,Y,4,0,1,3,A,-,03,22350,NA,N,C,C,A,A,H,-,A,D,0,NA,NA,NA,NA,Y,NA,A,01,0,0,1,0,0,0,0,0,0,-,-,33.85411834716797,-117.95423126220705,ORANGE,FULLERTON,-117.95423126220705,33.85408401489258
90716780,2018,2018-04-30,9670,2018-04-20,1739,021910,NA,5,2,6,3010,0,1,1,NA,2,040,I-405 N/B,BEACH BLVD (SR-39),2640,S,N,A,-,Y,NA,NA,405,NA,NA,NA,NA,NA,N,N,4,0,1,2,A,-,03,22350,NA,N,C,C,A,A,H,-,A,D,0,NA,NA,NA,NA,Y,NA,D,22,0,0,1,0,0,0,0,0,0,-,-,33.72809982299805,-117.98243713378906,ORANGE,HUNTINGTON BEACH,-117.98246002197266,33.72807693481445
90720210,2018,2018-05-04,9670,2018-04-13,1320,019290,NA,5,1,6,3009,0,1,3,NA,2,022,SR-22 E/B FROM MAGNOLIA STREET,MAGNOLIA STREET,23,E,N,A,-,Y,NA,NA,22,NA,NA,NA,R,NA,E,N,3,0,1,2,A,-,10,21950,A,N,G,B,C,A,H,-,A,A,0,Y,NA,NA,NA,Y,NA,A,07,0,1,0,0,1,0,0,0,0,-,-,33.76493835449219,-117.97222137451172,ORANGE,GARDEN GROVE,-117.97222137451172,33.76493835449219
9072263,2020,2020-06-25,3001,2020-03-02,2011,A2187,NA,1,5,7,3001,0,0,0,NA,0,D-1,GREENBRIER AV,ALONA PL,27,E,N,A,-,N,NA,NA,NA,NA,NA,NA,NA,NA,NA,Y,3,0,3,1,A,-,03,22350,NA,N,E,I,A,A,H,-,C,D,0,NA,NA,NA,NA,Y,NA,A,01,0,2,1,0,0,0,0,0,0,-,-,33.84461975097656,-117.97129058837892,ORANGE,ANAHEIM,-117.97115325927734,33.84468078613281
9072268,2020,2020-07-03,3010,2020-03-08,1551,1095,173,7,5,6,3010,0,0,0,NA,0,008,RT 1,CORAL CAY LN,0,NA,Y,A,-,Y,NA,NA,NA,NA,NA,NA,NA,NA,NA,Y,3,0,2,2,A,-,12,21453,A,N,A,C,A,A,H,-,A,A,0,NA,NA,Y,NA,Y,NA,C,02,0,1,1,0,0,0,0,0,2,-,-,NA,NA,ORANGE,HUNTINGTON BEACH,NA,NA
90723955,2018,2018-05-10,9675,2018-05-09,0646,019804,NA,3,1,7,3001,0,1,3,NA,2,571,SR-57 SOUTHBOUND,LA JOLLA STREET,350,S,N,B,-,Y,NA,NA,57,NA,NA,NA,NA,NA,S,Y,4,0,2,2,A,-,08,22107,NA,N,A,C,A,A,H,-,A,D,0,NA,NA,NA,NA,Y,NA,D,22,0,0,2,0,0,0,0,0,0,-,-,33.85734939575195,-117.87618255615234,ORANGE,ANAHEIM,-117.8761749267578,33.85735321044922
90724726,2018,2018-05-11,9675,2018-05-03,0615,020027,NA,4,1,5,3022,0,1,1,NA,2,503,I-5 NORTHBOUND,RED HILL AVE,500,N,N,A,-,Y,NA,NA,5,NA,NA,NA,NA,NA,N,Y,4,0,1,2,A,-,07,21658,A,N,C,C,A,A,H,-,A,D,0,NA,NA,NA,NA,Y,NA,A,01,0,0,1,0,0,0,0,0,0,-,-,33.73517990112305,-117.8177490234375,ORANGE,TUSTIN,-117.81770324707033,33.73527145385742
90725247,2018,2018-05-14,9675,2018-05-08,1737,021941,NA,2,2,6,3015,0,1,1,NA,2,502,I-5 N/B,CHAPMAN AVE,500,S,N,A,-,Y,NA,NA,5,NA,NA,NA,NA,NA,N,Y,3,0,2,3,A,-,07,21658,A,N,B,C,A,A,H,-,A,D,0,NA,NA,NA,NA,Y,NA,A,01,0,2,0,0,0,0,0,0,0,-,-,33.78662872314453,-117.88487243652344,ORANGE,ORANGE,-117.88477325439452,33.78670883178711
90725752,2018,2018-05-14,9675,2018-05-05,1930,021749,NA,6,2,6,3026,0,1,1,NA,2,504,I-5 SOUTHBOUND,BAKE PKWY,500,S,N,A,-,Y,NA,NA,5,NA,NA,NA,NA,NA,S,Y,3,0,1,1,A,-,08,22107,NA,N,E,I,A,A,H,-,B,D,0,NA,NA,NA,NA,Y,NA,A,01,0,1,0,0,0,0,0,0,0,-,-,33.63822937011719,-117.73004150390624,ORANGE,IRVINE,-117.7302017211914,33.638099670410156
90728760,2018,2018-06-13,9675,2018-05-12,2120,020699,NA,6,2,6,3015,0,1,3,NA,2,222,SR-22 EASTBOUND,BRISTOL ST,300,W,N,A,-,Y,NA,NA,22,NA,NA,NA,NA,NA,E,Y,4,0,1,2,A,-,03,22350,NA,N,C,C,A,A,H,-,C,D,0,NA,NA,NA,NA,Y,NA,A,01,0,0,1,0,0,0,0,0,0,-,-,33.77878189086914,-117.88697814941406,ORANGE,ORANGE,-117.88697814941406,33.77895736694336
90729987,2018,2018-05-21,9675,2018-05-11,0020,021982,NA,5,3,7,3001,0,1,3,NA,2,093,SR-91 E/B FROM KRAEMER BLVD. S/B,KRAEMER BLVD,50,E,N,A,-,Y,NA,NA,91,NA,NA,NA,R,NA,E,Y,3,0,1,1,A,-,01,23152,A,N,F,A,A,A,H,-,D,D,0,NA,NA,NA,NA,Y,Y,D,22,0,1,0,0,0,0,0,0,0,-,-,33.84767150878906,-117.85547637939452,ORANGE,ANAHEIM,-117.85547637939452,33.84767150878906