CASE_ID,ACCIDENT_YEAR,PROC_DATE,JURIS,COLLISION_DATE,COLLISION_TIME,OFFICER_ID,REPORTING_DISTRICT,DAY_OF_WEEK,CHP_SHIFT,POPULATION,CNTY_CITY_LOC,SPECIAL_COND,BEAT_TYPE,CHP_BEAT_TYPE,CITY_DIVISION_LAPD,CHP_BEAT_CLASS,BEAT_NUMBER,PRIMARY_RD,SECONDARY_RD,DISTANCE,DIRECTION,INTERSECTION,WEATHER_1,WEATHER_2,STATE_HWY_IND,CALTRANS_COUNTY,CALTRANS_DISTRICT,STATE_ROUTE,ROUTE_SUFFIX,POSTMILE_PREFIX,POSTMILE,LOCATION_TYPE,RAMP_INTERSECTION,SIDE_OF_HWY,TOW_AWAY,COLLISION_SEVERITY,NUMBER_KILLED,NUMBER_INJURED,PARTY_COUNT,PRIMARY_COLL_FACTOR,PCF_CODE_OF_VIOL,PCF_VIOL_CATEGORY,PCF_VIOLATION,PCF_VIOL_SUBSECTION,HIT_AND_RUN,TYPE_OF_COLLISION,MVIW,PED_ACTION,ROAD_SURFACE,ROAD_COND_1,ROAD_COND_2,LIGHTING,CONTROL_DEVICE,CHP_ROAD_TYPE,PEDESTRIAN_ACCIDENT,BICYCLE_ACCIDENT,MOTORCYCLE_ACCIDENT,TRUCK_ACCIDENT,NOT_PRIVATE_PROPERTY,ALCOHOL_INVOLVED,STWD_VEHTYPE_AT_FAULT,CHP_VEHTYPE_AT_FAULT,COUNT_SEVERE_INJ,COUNT_VISIBLE_INJ,COUNT_COMPLAINT_PAIN,COUNT_PED_KILLED,COUNT_PED_INJURED,COUNT_BICYCLIST_KILLED,COUNT_BICYCLIST_INJURED,COUNT_MC_KILLED,COUNT_MC_INJURED,PRIMARY_RAMP,SECONDARY_RAMP,LATITUDE,LONGITUDE,COUNTY,CITY,POINT_X,POINT_Y
91058198,2019,2019-08-23,9670,2019-08-22,0435,019748,NA,4,3,6,3009,0,1,3,NA,2,024,SR-22 E/B (GARDEN GROVE FWY),NEWHOPE ST,528,E,N,A,-,Y,NA,NA,22,NA,NA,NA,NA,NA,E,Y,3,0,1,3,A,-,03,22350,NA,N,C,C,A,A,H,-,C,D,0,NA,NA,NA,NA,Y,NA,D,22,0,1,0,0,0,0,0,0,0,-,-,33.76599884033203,-117.92726135253906,ORANGE,GARDEN GROVE,-117.92726135253906,33.76610565185547
91058206,2019,2019-08-23,9670,2019-08-15,1830,019138,NA,4,2,6,3009,0,1,3,NA,2,021,SR-22 WB (GARDEN GROVE FREEWAY),SPRINGDALE ST,2000,W,N,A,-,Y,NA,NA,22,NA,NA,NA,NA,NA,W,Y,3,0,1,2,A,-,07,21658,A,N,C,C,A,A,H,-,A,D,0,NA,NA,Y,NA,Y,NA,A,01,0,1,0,0,0,0,0,0,1,-,-,33.77473068237305,-118.02696228027344,ORANGE,GARDEN GROVE,-118.02696228027344,33.774383544921875
91060174,2019,2019-08-27,9675,2019-08-16,2045,021960,NA,5,2,5,3022,0,1,1,NA,2,503,I-5 N/B,RED HILL AVE,1584,N,N,A,-,Y,NA,NA,5,NA,NA,NA,NA,NA,N,Y,4,0,1,2,A,-,03,22350,NA,N,C,C,A,A,H,-,C,D,0,NA,NA,NA,NA,Y,NA,A,01,0,0,1,0,0,0,0,0,0,-,-,33.73625946044922,-117.81981658935548,ORANGE,TUSTIN,-117.81983947753906,33.73619079589844
91060531,2019,2019-08-27,9675,2019-08-18,0110,020550,NA,7,3,6,3026,0,1,1,NA,2,406,I-405 SOUTHBOUND,CULVER DR.,2640,S,N,A,-,Y,NA,NA,405,NA,NA,NA,NA,NA,S,N,4,0,2,2,A,-,03,22350,NA,N,C,C,A,A,H,-,D,D,0,NA,NA,NA,NA,Y,NA,A,01,0,0,2,0,0,0,0,0,0,-,-,33.666629791259766,-117.8147201538086,ORANGE,IRVINE,-117.81471252441406,33.666656494140625
91063916,2019,2019-08-30,9675,2019-08-21,2253,020018,NA,3,3,7,3001,0,1,3,NA,2,550,SR-55 N/B TO SR-91 E/B,LINCOLN AVENUE,4224,N,N,A,-,Y,NA,NA,55,NA,NA,NA,R,NA,N,Y,2,0,2,5,A,-,03,22350,NA,N,C,C,E,A,H,-,C,D,0,Y,NA,NA,NA,Y,NA,A,01,1,1,0,0,2,0,0,0,0,-,-,33.84387969970703,-117.82626342773438,ORANGE,ANAHEIM,-117.82626342773438,33.84387969970703
91067538,2019,2019-09-04,9675,2019-08-25,2255,021749,NA,7,3,7,3001,0,1,3,NA,2,094,SR-91 EASTBOUND,IMPERIAL HIGHWAY,200,W,N,A,-,Y,NA,NA,91,NA,NA,NA,NA,NA,E,Y,3,0,1,2,A,-,03,22350,NA,N,C,C,A,A,H,-,D,D,0,NA,NA,NA,NA,Y,NA,A,01,0,1,0,0,0,0,0,0,0,-,-,33.85459899902344,-117.7885971069336,ORANGE,ANAHEIM,-117.78864288330078,33.854705810546875
91068859,2019,2019-09-06,9675,2019-08-30,1200,018539,NA,5,1,6,3008,0,1,3,NA,2,571,SR-57 S/B,CHAPMAN AVE,1050,S,N,A,-,Y,NA,NA,57,NA,NA,NA,NA,NA,S,N,4,0,2,2,A,-,03,22350,NA,N,C,C,A,A,H,-,A,D,0,NA,NA,NA,NA,Y,NA,A,01,0,0,2,0,0,0,0,0,0,-,-,33.87133026123047,-117.88036346435548,ORANGE,FULLERTON,-117.88038635253906,33.87132263183594
91070847,2019,2019-11-25,9675,2019-09-02,2140,021483,NA,1,2,7,3001,0,1,3,NA,2,093,SR-91 EASTBOUND TO KRAEMER BLVD.,KRAEMER BLVD,320,E,N,A,-,Y,NA,NA,NA,NA,NA,NA,NA,NA,NA,Y,4,0,1,1,A,-,03,22350,NA,N,E,I,A,A,H,-,C,D,0,NA,NA,NA,NA,Y,NA,A,07,0,0,1,0,0,0,0,0,0,-,-,33.85783004760742,-117.8540267944336,ORANGE,ANAHEIM,NA,NA
9107585,2020,2020-10-30,3009,2020-05-01,1140,4748,093,5,5,6,3009,0,0,0,NA,0,012,CHAPMAN AV,COVEY WY,19,E,N,A,-,N,NA,NA,NA,NA,NA,NA,NA,NA,NA,N,3,0,1,2,A,-,03,22350,NA,N,A,G,A,A,H,-,A,A,0,NA,Y,NA,NA,Y,NA,A,01,0,1,0,0,0,0,1,0,0,-,-,NA,NA,ORANGE,GARDEN GROVE,-117.96087646484376,33.78865051269531
91078293,2019,2019-09-19,9675,2019-09-13,1448,018832,NA,5,2,6,3026,0,1,1,NA,2,503,I-5 S/B,CULVER DR,800,N,N,A,-,Y,NA,NA,5,NA,NA,NA,NA,NA,S,Y,4,0,2,2,A,-,03,22350,NA,N,C,C,A,A,H,-,A,D,0,NA,NA,NA,NA,Y,NA,A,01,0,0,2,0,0,0,0,0,0,-,-,33.712730407714844,-117.7856216430664,ORANGE,IRVINE,-117.7856216430664,33.712730407714844
91081829,2019,2019-09-24,9675,2019-09-16,1724,020699,NA,1,2,6,3026,0,1,1,NA,2,504,I-5 SOUTHBOUND,SAND CANYON AVE,1000,N,N,A,-,Y,NA,NA,NA,NA,NA,NA,NA,NA,NA,Y,4,0,1,3,A,-,03,22350,NA,F,C,C,A,A,H,-,A,D,0,NA,NA,NA,NA,Y,NA,-,99,0,0,1,0,0,0,0,0,0,-,-,33.68330001831055,-117.6422882080078,ORANGE,IRVINE,-117.76067352294922,33.679771423339844
9108362,2020,2020-11-17,3015,2020-05-18,0809,1364,74S,1,5,6,3015,0,0,0,NA,0,713M,CHAPMAN AV,CRAWFORD CANYON RD,0,NA,Y,B,-,N,NA,NA,NA,NA,NA,NA,NA,NA,NA,Y,3,0,2,2,A,-,12,21453,A,N,A,D,A,A,A,-,A,A,0,NA,NA,NA,NA,Y,NA,A,08,0,1,1,0,0,0,0,0,0,-,-,33.786380767822266,-117.79583740234376,ORANGE,ORANGE,-117.79582214355467,33.7877082824707
91086021,2019,2019-09-30,9675,2019-09-20,0815,019420,NA,5,1,6,3004,0,1,3,NA,2,553,SR-55 S/B TO SR-73 S/B,SR-73 SOUTHBOUND,1000,N,N,A,-,Y,NA,NA,55,NA,NA,NA,R,NA,S,Y,3,0,1,2,A,-,03,22350,NA,N,F,A,A,A,H,-,A,D,0,NA,NA,Y,NA,Y,NA,C,02,0,1,0,0,0,0,0,0,1,-,-,33.677268981933594,-117.88214874267578,ORANGE,COSTA MESA,-117.88214874267578,33.677268981933594
9108655,2020,2020-11-09,3008,2020-05-03,2245,1525,ZONE1,7,5,6,3008,0,0,0,NA,0,NA,VALENCIA DR,GILBERT ST,280,W,N,A,-,N,NA,NA,NA,NA,NA,NA,NA,NA,NA,Y,4,0,1,3,A,-,01,23152,A,N,C,E,A,A,H,-,C,D,0,NA,NA,NA,NA,Y,Y,A,01,0,0,1,0,0,0,0,0,0,-,-,NA,NA,ORANGE,FULLERTON,-117.9690170288086,33.866451263427734
91087949,2019,2019-10-01,9675,2019-09-22,1248,019942,NA,7,1,7,3001,0,1,3,NA,2,094,SR-91 EASTBOUND,LAKEVIEW AVE,1000,E,N,A,-,Y,NA,NA,NA,NA,NA,NA,NA,NA,NA,Y,4,0,1,3,A,-,03,22350,NA,N,B,C,A,A,C,-,A,D,0,NA,NA,NA,NA,Y,NA,A,01,0,0,1,0,0,0,0,0,0,-,-,33.176761627197266,-117.87687683105467,ORANGE,ANAHEIM,-117.81201171875,33.85272216796875
91089529,2019,2019-10-03,9675,2019-09-24,2005,019407,NA,2,2,7,3001,0,1,3,NA,2,093,SR-91 EASTBOUND,TUSTIN AVE,500,W,N,A,-,Y,NA,NA,NA,NA,NA,NA,NA,NA,NA,Y,3,0,1,1,C,-,18,NA,NA,N,F,A,A,A,H,-,C,D,0,NA,NA,Y,NA,Y,NA,-,-,0,1,0,0,0,0,0,0,1,-,-,33.50638961791992,-117.4977798461914,ORANGE,ANAHEIM,-117.8395767211914,33.85135269165039
91089753,2019,2019-10-03,9675,2019-09-25,1518,018832,NA,3,2,6,3015,0,1,3,NA,2,222,SR-22 W/B,CITY DR,150,W,N,A,-,Y,NA,NA,22,NA,NA,NA,NA,NA,W,Y,4,0,1,2,A,-,07,21658,A,N,C,C,A,A,H,-,A,D,0,NA,NA,NA,NA,Y,NA,A,07,0,0,1,0,0,0,0,0,0,-,-,33.778709411621094,-117.88922882080078,ORANGE,ORANGE,-117.88922882080078,33.779090881347656
9108984,2020,2020-10-27,3004,2020-05-25,1741,P648,14,1,5,6,3004,0,0,0,NA,0,015,PHALAROPE CT,SWAN DR,160,N,N,A,-,N,NA,NA,NA,NA,NA,NA,NA,NA,NA,Y,3,0,1,2,A,-,01,23152,A,M,D,E,A,A,H,-,A,D,0,NA,NA,NA,NA,Y,Y,A,07,0,1,0,0,0,0,0,0,0,-,-,33.6692008972168,-117.94029998779295,ORANGE,COSTA MESA,-117.94364166259766,33.66938781738281
91090994,2019,2019-10-04,9675,2019-09-27,1410,018102,NA,5,2,7,3001,0,1,3,NA,2,095,SR-91 WESTBOUND,WEIR CANYON ROAD,100,W,N,B,-,Y,NA,NA,91,NA,NA,NA,NA,NA,W,Y,4,0,1,4,A,-,03,22350,NA,F,C,C,A,A,H,-,A,D,0,NA,NA,NA,NA,Y,NA,A,01,0,0,1,0,0,0,0,0,0,-,-,33.87023162841797,-117.7468719482422,ORANGE,ANAHEIM,-117.74689483642578,33.87035369873047
91092239,2019,2019-10-07,9675,2019-09-28,1240,019979,NA,6,1,7,3019,0,1,1,NA,2,502,I-5 NORTHBOUND,MAIN ST,700,S,N,A,-,Y,NA,NA,5,NA,NA,NA,NA,NA,N,N,4,0,1,2,A,-,03,22350,NA,N,C,C,A,A,H,-,A,D,0,NA,NA,NA,NA,Y,NA,A,01,0,0,1,0,0,0,0,0,0,-,-,33.765541076660156,-117.86598205566406,ORANGE,SANTA ANA,-117.8659439086914,33.765560150146484
91092240,2019,2019-10-07,9675,2019-09-28,1040,019979,NA,6,1,7,3019,0,1,1,NA,2,520,I-5 NORTHBOUND,GRAND AVE,400,S,N,A,-,Y,NA,NA,5,NA,NA,NA,NA,NA,N,N,2,0,1,2,A,-,03,22350,NA,N,C,C,A,A,H,-,A,D,0,NA,NA,Y,NA,Y,NA,C,02,1,0,0,0,0,0,0,0,1,-,-,33.754638671875,-117.85096740722656,ORANGE,SANTA ANA,-117.85093688964844,33.75471878051758
91092632,2019,2019-10-08,9670,2019-10-04,1545,021679,NA,5,2,6,3009,0,1,3,NA,2,024,SR-22 E/B (GARDEN GROVE FREEWAY),GARDEN GROVE BLVD UC,1056,W,N,A,-,Y,NA,NA,22,NA,NA,NA,NA,NA,E,Y,4,0,1,2,A,-,01,23152,A,N,C,C,A,A,H,-,A,D,0,NA,NA,NA,NA,Y,Y,A,01,0,0,1,0,0,0,0,0,0,-,-,33.77280044555664,-117.90782928466795,ORANGE,GARDEN GROVE,-117.90785980224608,33.772850036621094
91093049,2019,2019-10-08,9675,2019-09-30,0758,017043,NA,1,1,6,3004,0,1,3,NA,2,553,SR-55 S/B,I-405 NORTHBOUND,450,S,N,A,-,Y,NA,NA,55,NA,NA,NA,NA,NA,S,Y,3,0,2,2,A,-,03,22350,NA,N,C,C,A,A,H,-,A,D,0,NA,NA,NA,NA,Y,NA,A,01,0,1,1,0,0,0,0,0,0,-,-,33.6851692199707,-117.87452697753906,ORANGE,COSTA MESA,-117.87442779541016,33.68507766723633
91096118,2019,2019-10-14,9675,2019-10-02,0910,018539,NA,3,1,6,3015,1,4,S,NA,2,901,MAIN STREET S/B,SHELLEY CT,258,S,N,A,-,Y,NA,NA,NA,NA,NA,NA,NA,NA,NA,Y,4,0,1,2,A,-,03,22350,NA,N,C,C,A,A,H,-,A,D,0,NA,NA,NA,NA,Y,NA,D,22,0,0,1,0,0,0,0,0,0,-,-,33.799468994140625,-117.86660003662108,ORANGE,ORANGE,-117.86656951904295,33.799461364746094
91099355,2019,2019-10-17,9690,2019-10-15,1620,014765,NA,2,2,5,3028,0,1,1,NA,2,056,I-5 N/B (SAN DIEGO FRWY),OSO PKWY,50,N,N,A,-,Y,NA,NA,5,NA,NA,NA,NA,NA,N,Y,3,0,4,2,A,-,03,22350,NA,N,C,C,A,A,D,-,A,D,0,NA,NA,NA,NA,Y,NA,A,01,0,1,3,0,0,0,0,0,0,-,-,33.57999038696289,-117.6715087890625,ORANGE,MISSION VIEJO,-117.67162322998048,33.57999038696289
91101477,2019,2019-10-21,9670,2019-10-18,0745,013953,NA,5,1,6,3009,0,1,3,NA,2,024,SR-22 E/B (GARDEN GROVE FWY),LEWIS STREET,550,W,N,B,-,Y,NA,NA,22,NA,NA,NA,NA,NA,E,N,4,0,1,2,A,-,03,22350,NA,N,C,C,A,A,H,-,A,D,0,NA,NA,NA,NA,Y,NA,A,01,0,0,1,0,0,0,0,0,0,-,-,33.777591705322266,-117.89853668212892,ORANGE,GARDEN GROVE,-117.89856719970705,33.777645111083984
91102421,2019,2019-10-22,9675,2019-10-13,0337,021694,NA,7,3,6,3004,0,1,3,NA,2,553,SR-55 SOUTHBOUND,FAIR DR,1200,S,N,A,-,Y,NA,NA,55,NA,NA,NA,NA,NA,S,Y,3,0,3,2,C,-,18,NA,NA,N,A,C,A,A,H,-,C,D,0,NA,NA,NA,NA,Y,Y,-,-,0,3,0,0,0,0,0,0,0,-,-,33.66061019897461,-117.90023803710938,ORANGE,COSTA MESA,-117.9001922607422,33.660560607910156
91103577,2019,2019-10-23,9675,2019-10-15,1234,016589,NA,2,1,7,3001,0,1,3,NA,2,095,SR-91 EASTBOUND,GYPSUM CYN ROAD,3168,E,N,A,-,Y,NA,NA,91,NA,NA,NA,NA,NA,E,Y,3,0,1,2,A,-,03,22350,NA,N,C,C,A,A,H,-,A,D,0,NA,NA,NA,NA,Y,NA,A,07,0,1,0,0,0,0,0,0,0,-,-,33.87110900878906,-117.70198059082033,ORANGE,ANAHEIM,-117.70196533203124,33.87107467651367
91104464,2019,2019-10-23,9675,2019-10-19,1532,021386,NA,6,2,6,3008,0,1,3,NA,2,570,STATE ROUTE 57 NORTHBOUND,YORBA LINDA BOULEVARD,2000,N,N,A,-,Y,NA,NA,57,NA,NA,NA,NA,NA,N,N,4,0,1,2,A,-,08,22107,NA,N,C,C,A,A,H,-,A,D,0,NA,NA,NA,NA,Y,NA,D,22,0,0,1,0,0,0,0,0,0,-,-,33.89466094970703,-117.88056182861328,ORANGE,FULLERTON,-117.8806381225586,33.8946533203125
9110691,2020,2020-08-24,3000,2020-06-02,2154,5163,951F5,2,5,5,3040,0,0,0,NA,0,743,CROWN VALLEY PKWY,ALICIA PKWY,0,NA,Y,A,-,N,NA,NA,NA,NA,NA,NA,NA,NA,NA,Y,3,0,2,2,A,-,12,21453,A,N,D,C,A,A,H,-,C,A,0,NA,NA,NA,NA,Y,NA,D,22,0,2,0,0,0,0,0,0,0,-,-,NA,NA,ORANGE,LAGUNA NIGUEL,-117.71497344970705,33.523651123046875
91107809,2019,2019-10-28,9670,2019-10-25,1845,021715,NA,5,2,6,3009,0,1,3,NA,2,023,SR-22 W/B,MAGNOLIA ST,250,E,N,A,-,Y,NA,NA,22,NA,NA,NA,NA,NA,W,Y,4,0,1,2,A,-,03,22350,NA,N,C,C,A,A,H,-,A,D,0,NA,NA,NA,NA,Y,NA,A,01,0,0,1,0,0,0,0,0,0,-,-,33.766029357910156,-117.96508026123048,ORANGE,GARDEN GROVE,-117.96508026123048,33.76595687866211
91108484,2019,2019-10-29,9675,2019-10-26,2245,020550,NA,6,3,6,3004,0,1,1,NA,2,405,I-405 NORTHBOUND,FAIRVIEW RD.,2170,S,N,A,-,Y,NA,NA,405,NA,NA,NA,NA,NA,N,Y,3,0,1,1,A,-,01,23152,A,N,E,I,A,A,H,-,D,D,0,NA,NA,NA,NA,Y,Y,A,01,0,1,0,0,0,0,0,0,0,-,-,33.68745040893555,-117.90059661865234,ORANGE,COSTA MESA,-117.9005889892578,33.68779373168945
91109005,2019,2019-10-29,9675,2019-10-22,1721,018832,NA,2,2,7,3019,0,1,3,NA,2,220,SR-22 E/B,BRISTOL ST,200,E,N,A,-,Y,NA,NA,22,NA,NA,NA,NA,NA,E,Y,3,0,1,2,D,-,00,NA,NA,N,B,C,A,A,H,-,A,C,0,NA,NA,Y,NA,Y,NA,-,-,0,1,0,0,0,0,0,0,1,-,-,33.77925109863281,-117.88304138183594,ORANGE,SANTA ANA,-117.88304138183594,33.778934478759766
9110969,2020,2020-07-30,3001,2020-04-17,2349,A2310,1522,5,5,7,3001,0,0,0,NA,0,002,N LOARA ST,WEST CRESCENT AV,0,NA,Y,B,-,N,NA,NA,NA,NA,NA,NA,NA,NA,NA,Y,2,0,1,2,A,-,09,21801,A,N,D,C,A,A,H,-,C,A,0,NA,NA,NA,NA,Y,NA,A,01,1,0,0,0,0,0,0,0,0,-,-,NA,NA,ORANGE,ANAHEIM,-117.93726348876952,33.83980178833008
91110255,2019,2019-10-30,9675,2019-10-24,0950,021394,NA,4,1,7,3019,0,1,1,NA,2,502,I-5 SOUTHBOUND,17TH ST.,1000,N,N,A,-,Y,NA,NA,5,NA,NA,NA,NA,NA,S,Y,4,0,1,2,A,-,03,22350,NA,N,C,C,A,A,H,-,A,D,0,NA,NA,Y,NA,Y,NA,C,02,0,0,1,0,0,0,0,0,1,-,-,33.76311111450195,-117.86493682861328,ORANGE,SANTA ANA,-117.86493682861328,33.76311111450195
91110371,2019,2019-10-31,9675,2019-10-22,1730,019135,NA,2,2,6,3004,0,1,1,NA,2,405,I-405 SOUTHBOUND,SR-55 SOUTHBOUND,50,N,N,A,-,Y,NA,NA,405,NA,NA,NA,NA,NA,S,Y,4,0,1,2,A,-,03,22350,NA,N,C,C,A,A,H,-,A,D,0,NA,NA,NA,NA,Y,NA,A,01,0,0,1,0,0,0,0,0,0,-,-,33.68762969970703,-117.873291015625,ORANGE,COSTA MESA,-117.87329864501952,33.687259674072266
91110935,2019,2019-10-31,9690,2019-10-24,0802,015927,NA,4,1,5,3028,0,1,1,NA,2,055,I-5 N/B (SAN DIEGO FRWY),ALICIA PKWY,1000,S,N,A,-,Y,NA,NA,5,NA,NA,NA,NA,NA,N,Y,4,0,2,4,A,-,03,22350,NA,N,C,C,A,A,H,-,A,D,0,NA,NA,NA,NA,Y,NA,A,01,0,0,2,0,0,0,0,0,0,-,-,33.602901458740234,-117.68779754638672,ORANGE,MISSION VIEJO,-117.68777465820313,33.60293960571289
91112388,2019,2019-11-04,9670,2019-10-26,1530,021579,NA,6,2,5,3024,0,1,1,NA,2,043,I-405 S/B,WESTMINSTER AVE,1320,S,N,A,-,Y,NA,NA,NA,NA,NA,NA,NA,NA,NA,Y,4,0,1,3,A,-,03,22350,NA,N,C,C,A,A,E,-,A,D,0,NA,NA,NA,NA,Y,NA,A,01,0,0,1,0,0,0,0,0,0,-,-,33.45232009887695,-118.19014739990234,ORANGE,WESTMINSTER,-118.02203369140624,33.75896072387695
91112621,2019,2019-11-04,9670,2019-10-27,0008,021821,NA,7,3,5,3007,0,1,1,NA,2,040,I-405 N/B,MAGNOLIA ST,200,S,N,A,-,Y,NA,NA,405,NA,NA,NA,NA,NA,N,Y,4,0,1,2,A,-,01,23152,A,N,C,C,A,A,D,E,C,D,0,NA,NA,NA,NA,Y,Y,A,07,0,0,1,0,0,0,0,0,0,-,-,33.71805953979492,-117.9693603515625,ORANGE,FOUNTAIN VALLEY,-117.96938323974608,33.71802520751953
91113681,2019,2019-11-05,9675,2019-10-29,0950,019652,NA,2,1,4,3002,0,1,3,NA,2,570,SR-57 SOUTHBOUND,IMPERIAL HIGHWAY,500,N,N,A,-,Y,NA,NA,57,NA,NA,NA,NA,NA,S,Y,4,0,1,3,A,-,03,22350,NA,N,C,C,A,A,H,-,A,D,0,NA,NA,NA,NA,Y,NA,A,01,0,0,1,0,0,0,0,0,0,-,-,33.913490295410156,-117.88316345214844,ORANGE,BREA,-117.88314819335938,33.913482666015625
91113941,2019,2019-11-05,9670,2019-11-04,1915,021207,NA,1,2,5,3003,0,1,1,NA,2,500,I-5 N/B,ARTESIA BLVD,1056,S,N,A,-,Y,NA,NA,5,NA,NA,NA,NA,NA,N,N,4,0,1,2,A,-,03,22350,NA,N,C,C,A,A,H,-,C,D,0,NA,NA,NA,NA,Y,NA,A,01,0,0,1,0,0,0,0,0,0,-,-,33.87118911743164,-118.00675201416016,ORANGE,BUENA PARK,-118.00672912597656,33.871219635009766
91115742,2019,2019-11-07,9690,2019-11-02,1305,015927,NA,6,1,4,3018,0,1,1,NA,2,057,I-5 S/B (SAN DIEGO FRWY),SAN JUAN CREEK RD,2640,S,N,A,-,Y,NA,NA,5,NA,NA,NA,NA,NA,S,N,3,0,1,1,C,-,18,NA,NA,N,E,J,A,A,H,-,A,D,0,NA,NA,NA,NA,Y,NA,-,-,0,1,0,0,0,0,0,0,0,-,-,33.48270034790039,-117.6688995361328,ORANGE,SAN JUAN CAPISTRANO,-117.66900634765624,33.4827880859375
9111675,2020,2021-01-06,3010,2020-06-06,2043,2134,359,6,5,6,3010,0,0,0,NA,0,004,RT 1,8TH ST,96,N,N,A,-,Y,ORA,12,1,-,-,24.98,H,-,N,Y,4,0,2,2,A,-,03,22350,NA,N,C,C,A,A,H,-,C,A,0,NA,NA,NA,NA,Y,NA,A,01,0,0,2,0,0,0,0,0,0,-,-,NA,NA,ORANGE,HUNTINGTON BEACH,-118.00536346435548,33.659610748291016
9111744,2020,2020-08-03,3000,2020-05-24,1523,4647,951H3,7,5,5,3040,0,0,0,NA,0,6M39,CROWN VALLEY PKWY,NUEVA VISTA,75,W,N,A,-,N,NA,NA,NA,NA,NA,NA,NA,NA,NA,Y,3,0,1,2,A,-,03,22350,NA,N,C,G,A,A,H,-,A,A,0,NA,Y,NA,NA,Y,Y,A,01,0,1,0,0,0,0,1,0,0,-,-,NA,NA,ORANGE,LAGUNA NIGUEL,-117.69506072998048,33.539947509765625
91117538,2019,2019-11-11,9690,2019-10-18,0705,014329,NA,5,1,5,3028,0,1,1,NA,2,055,I-5 N/B (SAN DIEGO FRWY),ALICIA PKWY,1800,S,N,A,-,Y,NA,NA,5,NA,NA,NA,NA,NA,N,Y,3,0,4,6,A,-,03,22350,NA,N,C,C,A,A,H,-,A,D,0,NA,NA,NA,NA,Y,NA,A,08,0,1,3,0,0,0,0,0,0,-,-,33.60182189941406,-117.68520355224608,ORANGE,MISSION VIEJO,-117.68520355224608,33.60181427001953
91117646,2019,2019-11-12,9675,2019-11-01,0310,021982,NA,5,3,7,3001,0,1,3,NA,2,093,SR-91 E/B,STATE COLLEGE BLVD,1950,E,N,A,-,Y,NA,NA,91,NA,NA,NA,NA,NA,E,Y,3,0,1,1,A,-,08,22107,NA,N,E,I,A,A,H,-,D,D,0,NA,NA,NA,Y,Y,NA,G,25,0,1,0,0,0,0,0,0,0,-,-,33.850830078125,-117.87879180908205,ORANGE,ANAHEIM,-117.87876129150392,33.85089111328125
91118194,2019,2019-11-12,9675,2019-10-31,1915,021834,NA,4,2,6,3015,0,1,3,NA,2,551,SR-55 NORTHBOUND,LINCOLN AVE,750,S,N,A,-,Y,NA,NA,55,NA,NA,NA,NA,NA,N,N,3,0,1,2,A,-,03,22350,NA,F,G,B,E,A,H,-,D,D,0,Y,NA,NA,NA,Y,NA,-,99,0,1,0,0,1,0,0,0,0,-,-,33.83287048339844,-117.83509826660156,ORANGE,ORANGE,-117.83515167236328,33.832855224609375
91119331,2019,2019-11-13,9675,2019-11-04,2002,020240,NA,1,2,7,3001,0,1,3,NA,2,093,SR-91 EASTBOUND,LA PALMA AVE,1411,E,N,A,-,Y,NA,NA,91,NA,NA,NA,NA,NA,E,Y,2,0,2,3,A,-,03,22350,NA,N,C,C,A,A,H,-,D,D,0,NA,NA,NA,Y,Y,NA,G,25,2,0,0,0,0,0,0,0,0,-,-,33.84634017944336,-117.86675262451172,ORANGE,ANAHEIM,-117.8667449951172,33.84639358520508
91119497,2019,2019-11-13,9675,2019-11-05,0755,017043,NA,2,1,6,3026,0,1,1,NA,2,407,I-405 N/B,I-5 NORTHBOUND,300,N,N,A,-,Y,NA,NA,405,NA,NA,NA,NA,NA,N,Y,4,0,1,2,A,-,03,22350,NA,N,C,C,A,A,H,-,A,D,0,NA,NA,NA,NA,Y,NA,A,07,0,0,1,0,0,0,0,0,0,-,-,33.645530700683594,-117.73782348632813,ORANGE,IRVINE,-117.73782348632813,33.64552688598633
9111967,2020,2020-08-27,3015,2020-06-20,1150,1648,RD46,6,5,6,3015,0,0,0,NA,0,711M,KATELLA AV,HARDING ST,270,W,N,A,-,N,NA,NA,NA,NA,NA,NA,NA,NA,NA,Y,3,0,1,1,A,-,01,23152,F,N,E,I,A,A,H,-,A,D,0,NA,NA,NA,NA,Y,NA,D,22,0,1,0,0,0,0,0,0,0,-,-,NA,NA,ORANGE,ORANGE,-117.82418823242188,33.81041717529297
91119692,2019,2019-11-13,9675,2019-11-05,1701,020699,NA,2,2,4,3002,0,1,3,NA,2,570,SR-57 NORTHBOUND,IMPERIAL HIGHWAY,500,S,N,A,-,Y,NA,NA,NA,NA,NA,NA,NA,NA,NA,N,4,0,1,2,A,-,07,21658,A,N,C,C,A,A,H,-,C,D,0,NA,NA,NA,NA,Y,NA,A,01,0,0,1,0,0,0,0,0,0,-,-,33.90544891357422,-117.88098907470705,ORANGE,BREA,-117.88314819335938,33.90946960449219