CASE_ID,ACCIDENT_YEAR,PROC_DATE,JURIS,COLLISION_DATE,COLLISION_TIME,OFFICER_ID,REPORTING_DISTRICT,DAY_OF_WEEK,CHP_SHIFT,POPULATION,CNTY_CITY_LOC,SPECIAL_COND,BEAT_TYPE,CHP_BEAT_TYPE,CITY_DIVISION_LAPD,CHP_BEAT_CLASS,BEAT_NUMBER,PRIMARY_RD,SECONDARY_RD,DISTANCE,DIRECTION,INTERSECTION,WEATHER_1,WEATHER_2,STATE_HWY_IND,CALTRANS_COUNTY,CALTRANS_DISTRICT,STATE_ROUTE,ROUTE_SUFFIX,POSTMILE_PREFIX,POSTMILE,LOCATION_TYPE,RAMP_INTERSECTION,SIDE_OF_HWY,TOW_AWAY,COLLISION_SEVERITY,NUMBER_KILLED,NUMBER_INJURED,PARTY_COUNT,PRIMARY_COLL_FACTOR,PCF_CODE_OF_VIOL,PCF_VIOL_CATEGORY,PCF_VIOLATION,PCF_VIOL_SUBSECTION,HIT_AND_RUN,TYPE_OF_COLLISION,MVIW,PED_ACTION,ROAD_SURFACE,ROAD_COND_1,ROAD_COND_2,LIGHTING,CONTROL_DEVICE,CHP_ROAD_TYPE,PEDESTRIAN_ACCIDENT,BICYCLE_ACCIDENT,MOTORCYCLE_ACCIDENT,TRUCK_ACCIDENT,NOT_PRIVATE_PROPERTY,ALCOHOL_INVOLVED,STWD_VEHTYPE_AT_FAULT,CHP_VEHTYPE_AT_FAULT,COUNT_SEVERE_INJ,COUNT_VISIBLE_INJ,COUNT_COMPLAINT_PAIN,COUNT_PED_KILLED,COUNT_PED_INJURED,COUNT_BICYCLIST_KILLED,COUNT_BICYCLIST_INJURED,COUNT_MC_KILLED,COUNT_MC_INJURED,PRIMARY_RAMP,SECONDARY_RAMP,LATITUDE,LONGITUDE,COUNTY,CITY,POINT_X,POINT_Y
91582782,2021,2021-09-29,9690,2021-09-21,2128,018953,NA,2,2,4,3018,0,1,1,NA,2,057,INTERSTATE 5 (NORTHBOUND),SAN JUAN CREEK RD.,2500,S,N,A,-,Y,NA,NA,5,NA,NA,NA,NA,NA,NA,Y,4,0,2,2,A,-,03,22350,NA,N,C,C,A,A,C,-,D,D,0,NA,NA,NA,NA,Y,NA,A,01,0,0,2,0,0,0,0,0,0,-,-,33.48794174194336,-117.66436767578124,ORANGE,SAN JUAN CAPISTRANO,-117.66444396972656,33.487998962402344
91583918,2021,2021-09-30,9690,2021-09-28,1306,017932,NA,2,1,5,3028,0,1,1,NA,2,056,I-5 S/B (SAN DIEGO FRWY),CROWN VALLEY PARKWAY,1600,N,N,B,-,Y,NA,NA,5,NA,NA,NA,NA,NA,S,Y,4,0,1,2,A,-,03,22350,NA,N,C,C,A,A,D,-,A,D,0,NA,NA,NA,NA,Y,NA,A,07,0,0,1,0,0,0,0,0,0,-,-,33.55931091308594,-117.67314910888672,ORANGE,MISSION VIEJO,-117.67314910888672,33.55931091308594
91589331,2021,2021-10-06,9675,2021-09-27,0550,015914,NA,1,3,6,3026,0,1,1,NA,2,504,I-5 SOUTHBOUND,SAND CANYON AVE,1120,N,N,B,-,Y,NA,NA,NA,NA,NA,NA,NA,NA,NA,Y,4,0,1,4,A,-,03,22350,NA,N,C,C,A,A,H,-,B,D,0,NA,NA,NA,Y,Y,NA,A,07,0,0,1,0,0,0,0,0,0,-,-,33.67987823486328,-117.60846710205078,ORANGE,IRVINE,-117.7609405517578,33.68001174926758
91592089,2021,2021-10-08,9675,2021-09-29,1800,019018,NA,3,2,6,3015,0,1,3,NA,2,222,SR-22 EASTBOUND,BRISTOL STREET,200,E,N,A,-,Y,NA,NA,22,NA,NA,NA,NA,NA,E,Y,4,0,1,3,A,-,03,22350,NA,N,C,C,A,A,H,-,A,D,0,NA,NA,NA,NA,Y,NA,A,07,0,0,1,0,0,0,0,0,0,-,-,33.77875900268555,-117.88292694091795,ORANGE,ORANGE,-117.88292694091795,33.778934478759766
91593558,2021,2021-10-11,9675,2021-10-01,1433,020694,NA,5,2,6,3026,0,1,1,NA,2,530,I-5 NORTHBOUND,SR-261 NORTHBOUND,700,S,N,A,-,Y,NA,NA,5,NA,NA,NA,NA,NA,N,Y,3,0,2,2,A,-,03,22350,NA,N,C,C,A,A,H,-,A,D,0,NA,NA,NA,NA,Y,NA,A,07,0,2,0,0,0,0,0,0,0,-,-,33.716888427734375,-117.79112243652344,ORANGE,IRVINE,-117.79107666015624,33.716957092285156
91593948,2021,2021-10-12,9670,2021-10-05,0900,018516,NA,2,1,6,3010,0,1,1,NA,2,042,I-405 N/B,BEACH BLVD,400,N,N,B,-,Y,NA,NA,405,NA,NA,NA,NA,NA,N,Y,4,0,4,5,A,-,07,21658,A,N,B,C,A,A,D,-,A,D,0,NA,NA,NA,NA,Y,NA,A,07,0,0,4,0,0,0,0,0,0,-,-,33.733558654785156,-117.99053955078124,ORANGE,HUNTINGTON BEACH,-117.990478515625,33.73365020751953
9159487,2020,2020-12-17,3010,2020-10-05,0812,1231,422,1,5,6,3010,0,0,0,NA,0,005,DELAWARE ST,CLAY AV,0,NA,Y,A,-,N,NA,NA,NA,NA,NA,NA,NA,NA,NA,Y,4,0,2,2,A,-,09,21800,A,N,D,C,A,A,H,-,A,A,0,NA,NA,NA,NA,Y,NA,A,01,0,0,2,0,0,0,0,0,0,-,-,NA,NA,ORANGE,HUNTINGTON BEACH,-117.99310302734376,33.68302917480469
91594947,2021,2021-10-13,9675,2021-10-02,1300,019979,NA,6,1,9,3000,0,3,5,NA,2,001,TONNER CANYON ROAD,BREA BLVD.,410,E,N,A,-,N,NA,NA,NA,NA,NA,NA,NA,NA,NA,N,4,0,1,1,A,-,08,22107,NA,N,E,I,A,A,H,-,A,D,0,NA,NA,NA,NA,Y,NA,A,01,0,0,1,0,0,0,0,0,0,-,-,33.93854904174805,-117.87696075439452,ORANGE,UNINCORPORATED,NA,NA
91595002,2021,2021-10-13,9690,2021-10-02,1125,014552,NA,6,1,5,3028,0,1,1,NA,2,056,I-5 N/B (SAN DIEGO FRWY),CROWN VALLEY PARKWAY OC,25,S,N,A,-,Y,NA,NA,5,NA,NA,NA,NA,NA,N,N,3,0,1,2,A,-,03,22350,NA,N,C,C,A,A,D,-,A,D,0,NA,NA,NA,NA,Y,NA,A,01,0,1,0,0,0,0,0,0,0,-,-,33.558799743652344,-117.6728973388672,ORANGE,MISSION VIEJO,-117.67288970947266,33.558799743652344
9159704,2020,2020-10-27,3001,2020-07-14,1551,A2559,NA,2,5,7,3001,0,0,0,NA,0,0D4,LA PALMA AV,BLUE GUM ST,0,NA,Y,A,-,N,NA,NA,NA,NA,NA,NA,NA,NA,NA,Y,3,0,1,2,A,-,09,21801,A,N,C,C,A,A,H,-,A,A,0,NA,NA,NA,NA,Y,NA,A,07,0,1,0,0,0,0,0,0,0,-,-,33.84796905517578,-117.86879730224608,ORANGE,ANAHEIM,-117.8688507080078,33.84819030761719
9159719,2020,2020-10-27,3006,2020-07-10,1619,333,27,5,5,3,3006,0,0,0,NA,0,002,WALKER ST,LA PALMA,246,S,N,A,-,N,NA,NA,NA,NA,NA,NA,NA,NA,NA,N,4,0,1,2,A,-,08,22100,B,N,D,C,A,A,H,-,A,D,0,NA,NA,NA,NA,Y,NA,A,08,0,0,1,0,0,0,0,0,0,-,-,NA,NA,ORANGE,LA PALMA,-118.0372314453125,33.84573745727539
91602935,2021,2021-10-21,9675,2021-10-13,1613,020699,NA,3,2,6,3026,0,1,1,NA,2,503,I-5 NORTHBOUND,CULVER DR.,500,S,N,A,-,Y,NA,NA,5,NA,NA,NA,NA,NA,N,N,4,0,1,2,A,-,03,22350,NA,N,C,C,A,A,H,-,A,D,0,NA,NA,NA,NA,Y,NA,A,01,0,0,1,0,0,0,0,0,0,-,-,33.70478820800781,-117.77797698974608,ORANGE,IRVINE,-117.77792358398438,33.70482635498047
9160926,2020,2020-11-24,3026,2020-09-04,1521,548,PORTO,5,5,6,3026,0,0,0,NA,0,009,MODJESKA,CULTIVATE,0,NA,Y,A,-,N,NA,NA,NA,NA,NA,NA,NA,NA,NA,Y,4,0,1,2,A,-,12,22450,A,N,D,C,A,A,H,-,A,A,0,NA,NA,NA,NA,Y,NA,A,07,0,0,1,0,0,0,0,0,0,-,-,33.683860778808594,-117.72013854980467,ORANGE,IRVINE,-117.720716,33.683892
9161208,2020,2020-10-19,3001,2020-06-18,1300,A1555,NA,4,5,7,3001,0,0,0,NA,0,D-2,RIO VISTA ST,VERDE AV,0,NA,Y,A,-,N,NA,NA,NA,NA,NA,NA,NA,NA,NA,Y,4,0,1,2,A,-,08,22100,B,N,B,C,A,A,H,-,A,A,0,NA,NA,NA,NA,Y,NA,A,01,0,0,1,0,0,0,0,0,0,-,-,33.83100128173828,-117.87200164794922,ORANGE,ANAHEIM,-117.87171173095705,33.831180572509766
91613594,2021,2021-11-02,9670,2021-10-27,0920,019420,NA,3,1,5,3003,0,1,3,NA,2,091,SR-91 W/B,ORANGETHORPE AVE,300,E,N,A,-,Y,NA,NA,91,NA,NA,NA,NA,NA,W,Y,3,0,2,3,A,-,03,22350,NA,N,C,C,A,A,H,-,A,D,0,NA,NA,NA,NA,Y,NA,D,22,0,1,1,0,0,0,0,0,0,-,-,33.858219146728516,-118.03244018554688,ORANGE,BUENA PARK,-118.03240966796876,33.85829544067383
91616441,2021,2021-11-04,9690,2021-10-29,1900,018953,NA,5,2,5,3017,0,1,1,NA,2,059,INTERSTATE 5 (NORTHBOUND),AVENIDA PICO,50,N,N,A,-,Y,NA,NA,5,NA,NA,NA,NA,NA,NA,Y,4,0,1,2,A,-,08,22107,NA,F,B,C,A,A,H,-,D,D,0,NA,NA,NA,NA,Y,NA,-,99,0,0,1,0,0,0,0,0,0,-,-,33.43904113769531,-117.62278747558594,ORANGE,SAN CLEMENTE,-117.622802734375,33.43901824951172
91616715,2021,2021-11-05,9675,2021-10-24,1340,021059,NA,7,1,6,3004,0,1,3,NA,2,553,SR-55 SOUTHBOUND,BRISTOL ST,700,S,N,A,-,Y,NA,NA,55,NA,NA,NA,NA,NA,S,N,3,0,1,1,A,-,08,22107,NA,N,E,I,A,A,H,-,A,D,0,NA,NA,NA,NA,Y,NA,A,01,0,1,0,0,0,0,0,0,0,-,-,33.67061996459961,-117.89002227783205,ORANGE,COSTA MESA,-117.88992309570313,33.67049789428711
91618405,2021,2021-11-08,9670,2021-10-27,0438,016177,NA,3,3,5,3003,0,1,3,NA,2,092,SR-91E/B,HOLDER STREET PEDESTRIAN O/C,200,W,N,A,-,Y,NA,NA,NA,NA,NA,NA,NA,NA,NA,Y,3,0,1,2,A,-,03,22350,NA,N,C,C,A,A,H,-,D,D,0,NA,NA,NA,NA,Y,NA,A,01,0,1,0,0,0,0,0,0,0,-,-,33.51211929321289,-118.11644744873048,ORANGE,BUENA PARK,-118.01991271972656,33.85572052001953
91618928,2021,2021-11-08,9670,2021-10-29,1830,020809,NA,5,2,4,3020,0,1,1,NA,2,045,I 405 S/B FROM SEAL BEACH BLVD,SEAL BEACH BLVD,1584,S,N,A,-,Y,NA,NA,405,NA,NA,NA,R,NA,S,N,4,0,1,2,A,-,03,22350,NA,N,C,C,A,A,D,-,D,D,0,NA,NA,NA,NA,Y,NA,A,01,0,0,1,0,0,0,0,0,0,-,-,33.77347183227539,-118.0739288330078,ORANGE,SEAL BEACH,-118.0739288330078,33.77347183227539
91620315,2021,2021-11-09,9675,2021-10-28,0910,017993,NA,4,1,7,3019,0,1,3,NA,2,552,SR-55 SOUTHBOUND  TO DYER RD.,DYER RD.,500,S,N,A,-,Y,NA,NA,55,NA,NA,NA,R,NA,S,Y,4,0,1,1,A,-,08,22107,NA,N,E,I,A,A,H,-,A,D,0,NA,NA,NA,NA,Y,NA,D,22,0,0,1,0,0,0,0,0,0,-,-,33.70737838745117,-117.85341644287108,ORANGE,SANTA ANA,-117.85341644287108,33.70737838745117
91622553,2021,2021-11-11,9690,2021-11-05,1850,020364,NA,5,2,5,3050,0,1,1,NA,2,055,I-5 S/B (SAN DIEGO FRWY),EL TORO ROAD,1954,N,N,A,-,Y,NA,NA,5,NA,NA,NA,NA,NA,S,N,4,0,1,2,A,-,03,22350,NA,M,C,C,A,A,H,-,C,D,0,NA,NA,NA,NA,Y,NA,-,99,0,0,1,0,0,0,0,0,0,-,-,33.61894989013672,-117.71208953857422,ORANGE,LAKE FOREST,-117.71214294433594,33.618900299072266
91628445,2021,2021-11-18,9675,2021-11-15,1227,018087,NA,1,1,7,3001,0,1,3,NA,2,095,SR-91 EASTBOUND,GYPSUM CANYON RD.,1373,E,N,A,-,Y,NA,NA,91,NA,NA,NA,NA,NA,E,Y,3,0,3,2,A,-,03,22350,NA,N,C,C,A,A,H,-,A,D,0,NA,NA,NA,NA,Y,NA,A,01,0,1,2,0,0,0,0,0,0,-,-,33.86845016479492,-117.7072525024414,ORANGE,ANAHEIM,-117.70731353759766,33.86859130859375
9163010,2020,2020-11-19,3000,2020-09-27,1755,5013,892B1,7,5,5,3050,0,0,0,NA,0,765,LAKE FOREST DR,VINTAGE WOODS RD,0,NA,Y,A,-,N,NA,NA,NA,NA,NA,NA,NA,NA,NA,Y,3,0,2,2,A,-,12,21453,A,N,D,C,A,A,H,-,A,A,0,NA,NA,NA,NA,Y,NA,A,01,0,1,1,0,0,0,0,0,0,-,-,NA,NA,ORANGE,LAKE FOREST,-117.6723403930664,33.65679931640625
91630496,2021,2021-11-19,9675,2021-11-11,0640,019652,NA,4,1,7,3001,0,1,3,NA,2,093,SR-91 EASTBOUND TO SR-57 NORTHBOUND,SUNKIST STREET,300,E,N,A,-,Y,NA,NA,91,NA,NA,NA,R,NA,E,N,4,0,1,2,A,-,03,22350,NA,N,C,C,A,A,H,-,A,D,0,NA,NA,NA,NA,Y,NA,A,01,0,0,1,0,0,0,0,0,0,-,-,33.85020065307617,-117.87783813476563,ORANGE,ANAHEIM,-117.87783813476563,33.85020065307617
9163096,2020,2020-10-19,3000,2020-08-23,1606,4246,992J4,7,5,5,3017,0,0,0,NA,0,776,SOUTH EL CAMINO REAL,AVENIDA VICTORIA,0,NA,Y,A,-,N,NA,NA,NA,NA,NA,NA,NA,NA,NA,N,3,0,2,3,A,-,09,21801,A,N,D,C,A,A,H,-,A,A,0,NA,NA,Y,NA,Y,NA,C,02,0,1,1,0,0,0,0,0,2,-,-,NA,NA,ORANGE,SAN CLEMENTE,-117.61160278320313,33.42647933959961
91634092,2021,2021-11-24,9675,2021-11-13,1629,020699,NA,6,2,7,3019,0,1,1,NA,2,520,I-5 NORTHBOUND,SR-22 WESTBOUND,2000,S,N,A,-,Y,NA,NA,5,NA,NA,NA,NA,NA,N,N,4,0,2,2,A,-,03,22350,NA,N,C,C,A,A,H,-,A,D,0,NA,NA,NA,NA,Y,NA,A,01,0,0,2,0,0,0,0,0,0,-,-,33.77378845214844,-117.87139129638672,ORANGE,SANTA ANA,-117.87159729003906,33.77361297607422
9163510,2020,2020-11-16,3015,2020-09-24,1558,1598,36N,4,5,6,3015,0,0,0,NA,0,712M,RT 55,KATELLA AV,0,NA,Y,A,-,N,NA,NA,NA,NA,NA,NA,NA,NA,NA,N,4,0,1,2,A,-,10,21950,A,N,G,B,D,A,H,-,A,A,0,Y,NA,NA,Y,Y,NA,F,26,0,0,1,0,1,0,0,0,0,SF,-,NA,NA,ORANGE,ORANGE,-117.83209991455078,33.81016159057617
91636151,2021,2021-11-29,9675,2021-11-16,1510,017998,NA,2,2,6,3026,0,1,1,NA,2,407,I-405 NORTHBOUND,SAND CANYON AVE,1056,S,N,A,-,Y,NA,NA,405,NA,NA,NA,NA,NA,N,N,4,0,2,2,A,-,03,22350,NA,N,C,C,A,A,H,-,A,D,0,NA,NA,NA,NA,Y,NA,A,01,0,0,2,0,0,0,0,0,0,-,-,33.6561393737793,-117.77483367919922,ORANGE,IRVINE,-117.7748565673828,33.65609359741211
9163695,2020,2020-11-12,3015,2020-09-22,0921,1449,NA,2,5,6,3015,0,0,0,NA,0,211,WEST CHAPMAN AV,FLOWER ST,0,NA,Y,A,-,N,NA,NA,NA,NA,NA,NA,NA,NA,NA,NA,3,0,1,2,A,-,10,21950,A,N,G,B,B,A,H,-,A,A,0,Y,NA,NA,NA,Y,NA,A,01,0,1,0,0,1,0,0,0,0,-,-,NA,NA,ORANGE,ORANGE,-117.87708282470705,33.78791046142578
9163698,2020,2020-11-12,3015,2020-09-21,0801,1098,157,1,5,6,3015,0,0,0,NA,0,731M,SERRANO AV,SAN LORENZO CT,0,NA,Y,A,-,N,NA,NA,NA,NA,NA,NA,NA,NA,NA,NA,3,0,2,2,A,-,09,21801,A,N,D,C,A,A,H,-,A,A,0,NA,NA,NA,NA,Y,NA,A,01,0,1,1,0,0,0,0,0,0,-,-,33.82590866088867,-117.77364349365234,ORANGE,ORANGE,-117.77356719970705,33.82592010498047
91637947,2021,2021-11-30,9675,2021-10-24,0520,019518,NA,7,3,6,3004,0,1,3,NA,2,553,SR-55 SOUTHBOUND,PAULARINO AVENUE,240,N,N,B,-,Y,NA,NA,55,NA,NA,NA,NA,NA,S,N,2,0,1,1,A,-,08,22107,NA,F,E,I,A,A,H,-,D,D,0,NA,NA,NA,NA,Y,NA,A,01,1,0,0,0,0,0,0,0,0,-,-,33.682621002197266,-117.87709808349608,ORANGE,COSTA MESA,-117.8769302368164,33.682472229003906
91638083,2021,2021-11-30,9670,2021-11-11,1850,019942,NA,4,2,6,3009,0,1,3,NA,2,021,SR-22 W/B,EUCLID AVE,100,E,N,A,-,Y,NA,NA,NA,NA,NA,NA,NA,NA,NA,N,4,0,1,2,A,-,03,22350,NA,N,C,C,A,A,H,-,A,D,0,NA,NA,NA,NA,Y,NA,A,07,0,0,1,0,0,0,0,0,0,-,-,33.77104949951172,-118.0072784423828,ORANGE,GARDEN GROVE,-117.9375228881836,33.76615905761719
91638446,2021,2021-11-30,9675,2021-11-18,2210,021982,NA,4,3,6,3004,0,1,3,NA,2,553,SR-55 SOUTHBOUND TO I-405 SOUTHBOUND,MACARTHUR BLVD,2000,S,N,A,-,Y,NA,NA,55,NA,NA,NA,R,NA,S,N,2,0,1,2,A,-,07,21658,A,N,C,C,A,A,H,-,C,D,0,NA,NA,Y,NA,Y,NA,A,01,1,0,0,0,0,0,0,0,1,-,-,33.69063949584961,-117.86971282958984,ORANGE,COSTA MESA,-117.86971282958984,33.69063949584961
91639817,2021,2021-12-01,9670,2021-11-21,0405,022055,NA,7,3,7,3001,0,1,1,NA,2,501,I-5 S/B,BROOKHURST ST.,200,N,N,A,-,Y,NA,NA,NA,NA,NA,NA,NA,NA,NA,Y,4,0,1,2,A,-,07,21658,A,F,B,C,A,A,H,-,C,D,0,NA,NA,Y,NA,Y,NA,-,99,0,0,1,0,0,0,0,0,1,-,-,38.819801330566406,-121.02760314941406,ORANGE,ANAHEIM,-117.95950317382813,33.84560012817383
91643340,2021,2021-12-06,9675,2021-11-26,2240,021874,NA,5,3,6,3008,0,1,3,NA,2,571,SR-57 SOUTHBOUND TO CHAPMAN AVENUE,NUTWOOD AVENUE,350,S,N,A,-,Y,NA,NA,57,NA,NA,NA,R,NA,S,Y,3,0,1,1,A,-,01,23152,A,N,F,8,A,A,H,-,D,D,0,NA,NA,NA,NA,Y,Y,A,07,0,1,0,0,0,0,0,0,0,-,-,33.87699890136719,-117.881103515625,ORANGE,FULLERTON,-117.881103515625,33.87699890136719
91643811,2021,2021-12-06,9675,2021-11-22,1705,019135,NA,1,2,6,3004,0,1,1,NA,2,405,I-405 NORTHBOUND,FAIRVIEW RD,700,S,N,A,-,Y,NA,NA,405,NA,NA,NA,NA,NA,N,Y,4,0,2,3,A,-,03,22350,NA,N,C,C,A,A,H,-,C,D,0,NA,NA,NA,NA,Y,NA,D,22,0,0,2,0,0,0,0,0,0,-,-,33.688358306884766,-117.90467071533205,ORANGE,COSTA MESA,-117.90468597412108,33.68791198730469
91647507,2021,2021-12-09,9670,2021-12-08,1533,017022,NA,3,2,6,3009,0,1,3,NA,2,024,SR-22 E/B (GARDEN GROVE FREEWAY),PEARCE STREET PEDESTRIAN OVERCROSSING,1200,E,N,A,-,Y,NA,NA,22,NA,NA,NA,NA,NA,E,Y,3,0,1,2,A,-,03,22350,NA,N,C,C,A,A,H,-,A,D,0,NA,NA,NA,NA,Y,NA,A,01,0,1,0,0,0,0,0,0,0,-,-,33.77207946777344,-117.90991973876952,ORANGE,GARDEN GROVE,-117.90979766845705,33.77184295654297
91650280,2021,2021-12-13,9670,2021-12-05,0130,021821,NA,7,3,9,3000,0,3,5,NA,2,004,COLCHESTER DR (9500 BLOCK),GILBERT ST,16,E,N,A,-,N,NA,NA,NA,NA,NA,NA,NA,NA,NA,Y,3,0,1,1,A,-,03,22350,NA,M,E,I,A,A,H,-,C,D,0,NA,NA,NA,NA,Y,Y,A,01,0,1,0,0,0,0,0,0,0,-,-,33.8207893371582,-117.9675064086914,ORANGE,UNINCORPORATED,-117.96756744384766,33.82088088989258
9165045,2020,2021-01-09,3000,2020-10-10,1721,7734,922-B,6,5,5,3028,0,0,0,NA,0,753,CROWN VALLEY PKWY,DR GUEVARA WY,0,NA,Y,A,-,N,NA,NA,NA,NA,NA,NA,NA,NA,NA,N,2,0,1,1,A,-,08,22107,NA,N,F,A,A,A,H,-,A,D,0,NA,Y,NA,NA,Y,NA,L,04,1,0,0,0,0,0,1,0,0,-,-,NA,NA,ORANGE,MISSION VIEJO,-117.66789245605467,33.56288146972656
91651701,2021,2021-12-14,9690,2021-12-12,0435,021894,NA,7,3,4,3018,0,1,1,NA,2,057,I-5 N/B (SAN DIEGO FRWY),STONEHILL DR.,50,N,N,A,-,Y,NA,NA,5,NA,NA,NA,NA,NA,N,Y,3,0,3,2,A,-,01,23152,A,N,C,2,A,A,H,-,C,D,0,NA,NA,NA,NA,Y,Y,A,01,0,3,0,0,0,0,0,0,0,-,-,33.47391128540039,-117.67488098144533,ORANGE,SAN JUAN CAPISTRANO,-117.67457580566406,33.473876953125
91655323,2021,2021-12-17,9675,2021-12-13,0640,021272,NA,1,1,7,3019,0,1,1,NA,2,502,I-5 SOUTHBOUND,MAIN ST,15,S,N,B,-,Y,NA,NA,5,NA,NA,NA,NA,NA,S,N,4,0,1,2,A,-,03,22350,NA,N,C,C,A,A,H,-,A,D,0,NA,NA,NA,NA,Y,NA,A,07,0,0,1,0,0,0,0,0,0,-,-,33.76634979248047,-117.86692810058594,ORANGE,SANTA ANA,-117.86687469482422,33.766380310058594
91656100,2021,2021-12-21,9675,2021-12-10,0010,018102,NA,5,3,6,3026,0,1,1,NA,2,406,I-405,CULVER DRIVE,1500,S,N,B,-,Y,NA,NA,405,NA,NA,NA,NA,NA,NA,N,4,0,1,2,A,-,07,21658,A,F,B,C,A,A,H,-,C,D,0,NA,NA,NA,NA,Y,NA,A,07,0,0,1,0,0,0,0,0,0,-,-,33.66608810424805,-117.81075286865234,ORANGE,IRVINE,-117.810791015625,33.6659049987793
91656719,2021,2021-12-20,9670,2021-12-11,0706,018516,NA,6,1,5,3003,0,1,1,NA,2,501,I-5 S/B,ORANGETHORPE AVENUE,850,S,N,A,-,Y,NA,NA,5,NA,NA,NA,NA,NA,S,Y,3,0,1,2,A,-,03,22350,NA,N,C,C,A,A,H,-,A,D,0,NA,NA,NA,NA,Y,NA,D,22,0,1,0,0,0,0,0,0,0,-,-,33.85771179199219,-117.98348236083984,ORANGE,BUENA PARK,-117.98336029052734,33.85797119140625
91657279,2021,2021-12-21,9670,2021-12-03,0355,016177,NA,5,3,7,3001,0,1,1,NA,2,503,I-5 S/B,ORANGEWOOD AVENUE,30,N,N,A,-,Y,NA,NA,5,NA,NA,NA,NA,NA,S,Y,4,0,1,2,A,-,03,22350,NA,N,C,C,A,A,H,-,D,D,0,NA,NA,NA,NA,Y,NA,A,01,0,0,1,0,0,0,0,0,0,-,-,33.79658126831055,-117.89576721191406,ORANGE,ANAHEIM,-117.89572143554688,33.796630859375
91658021,2021,2021-12-21,9675,2021-12-10,0010,021982,NA,5,3,6,3026,0,1,1,NA,2,406,I-405 NORTHBOUND FROM MACARTHUR BLVD,MACARTHUR BLVD.,100,S,N,A,-,Y,NA,NA,405,NA,NA,NA,R,NA,N,N,3,0,1,1,A,-,01,23152,A,N,E,I,A,A,H,-,C,D,0,NA,NA,NA,NA,Y,Y,A,01,0,1,0,0,0,0,0,0,0,-,-,33.6827507019043,-117.85626983642578,ORANGE,IRVINE,-117.85626983642578,33.6827507019043
91658507,2021,2021-12-22,9690,2021-12-14,0700,015927,NA,2,1,4,3018,0,1,1,NA,2,057,I-5 N/B (SAN DIEGO FRWY),SR-74 (ORTEGA HIGHWAY),200,S,N,B,C,Y,NA,NA,5,NA,NA,NA,NA,NA,N,Y,4,0,1,2,A,-,08,22107,NA,N,D,C,A,B,H,-,A,D,0,NA,NA,NA,NA,Y,NA,D,22,0,0,1,0,0,0,0,0,0,-,-,33.50157928466797,-117.65830230712892,ORANGE,SAN JUAN CAPISTRANO,-117.65828704833984,33.501583099365234
91658912,2021,2021-12-22,9690,2021-12-09,1725,016493,NA,4,2,5,3028,0,1,1,NA,2,055,I-5 N/B (SDF) TO ALICIA PARKWAY,ALICIA PARKWAY,1000,S,N,B,-,Y,NA,NA,5,NA,NA,NA,R,NA,N,Y,3,0,1,2,A,-,03,22350,NA,N,C,C,A,A,D,-,C,D,0,NA,NA,NA,NA,Y,NA,A,01,0,1,0,0,0,0,0,0,0,-,-,33.603248596191406,-117.68798065185548,ORANGE,MISSION VIEJO,-117.68798065185548,33.603248596191406
91661206,2021,2021-12-24,9675,2021-12-17,0001,021691,NA,5,3,6,3026,0,1,3,NA,2,130,SR-133 SOUTHBOUND TO I-405 SOUTHBOUND,I-405 SOUTHBOUND,420,S,N,B,-,Y,NA,NA,133,NA,NA,NA,R,NA,S,Y,4,0,1,1,A,-,03,22350,NA,N,E,8,A,B,H,-,C,D,0,NA,NA,NA,NA,Y,NA,A,07,0,0,1,0,0,0,0,0,0,-,-,33.650569915771484,-117.76235961914063,ORANGE,IRVINE,-117.76235961914063,33.650569915771484
91663129,2021,2021-12-28,9675,2021-12-25,1817,021960,NA,6,2,5,3022,0,1,3,NA,2,551,SR-55 NORTHBOUND,17TH ST.,246,N,N,A,-,Y,NA,NA,55,NA,NA,NA,NA,NA,N,Y,3,0,1,1,A,-,01,23152,A,M,E,I,A,B,H,-,C,D,0,NA,NA,NA,NA,Y,Y,A,07,0,1,0,0,0,0,0,0,0,-,-,33.760650634765625,-117.83099365234376,ORANGE,TUSTIN,-117.83091735839844,33.76064682006836
91663273,2021,2021-12-28,9675,2021-12-17,2015,022046,NA,5,2,7,3001,0,1,3,NA,2,095,SR-91 EASTBOUND,GYPSUM CYN RD,1056,W,N,A,-,Y,NA,NA,91,NA,NA,NA,NA,NA,E,Y,4,0,1,2,A,-,08,22107,NA,F,C,C,A,A,H,-,C,A,0,NA,NA,NA,NA,Y,NA,-,99,0,0,1,0,0,0,0,0,0,-,-,33.86846160888672,-117.72930145263672,ORANGE,ANAHEIM,-117.7292709350586,33.8685417175293