CASE_ID,ACCIDENT_YEAR,PROC_DATE,JURIS,COLLISION_DATE,COLLISION_TIME,OFFICER_ID,REPORTING_DISTRICT,DAY_OF_WEEK,CHP_SHIFT,POPULATION,CNTY_CITY_LOC,SPECIAL_COND,BEAT_TYPE,CHP_BEAT_TYPE,CITY_DIVISION_LAPD,CHP_BEAT_CLASS,BEAT_NUMBER,PRIMARY_RD,SECONDARY_RD,DISTANCE,DIRECTION,INTERSECTION,WEATHER_1,WEATHER_2,STATE_HWY_IND,CALTRANS_COUNTY,CALTRANS_DISTRICT,STATE_ROUTE,ROUTE_SUFFIX,POSTMILE_PREFIX,POSTMILE,LOCATION_TYPE,RAMP_INTERSECTION,SIDE_OF_HWY,TOW_AWAY,COLLISION_SEVERITY,NUMBER_KILLED,NUMBER_INJURED,PARTY_COUNT,PRIMARY_COLL_FACTOR,PCF_CODE_OF_VIOL,PCF_VIOL_CATEGORY,PCF_VIOLATION,PCF_VIOL_SUBSECTION,HIT_AND_RUN,TYPE_OF_COLLISION,MVIW,PED_ACTION,ROAD_SURFACE,ROAD_COND_1,ROAD_COND_2,LIGHTING,CONTROL_DEVICE,CHP_ROAD_TYPE,PEDESTRIAN_ACCIDENT,BICYCLE_ACCIDENT,MOTORCYCLE_ACCIDENT,TRUCK_ACCIDENT,NOT_PRIVATE_PROPERTY,ALCOHOL_INVOLVED,STWD_VEHTYPE_AT_FAULT,CHP_VEHTYPE_AT_FAULT,COUNT_SEVERE_INJ,COUNT_VISIBLE_INJ,COUNT_COMPLAINT_PAIN,COUNT_PED_KILLED,COUNT_PED_INJURED,COUNT_BICYCLIST_KILLED,COUNT_BICYCLIST_INJURED,COUNT_MC_KILLED,COUNT_MC_INJURED,PRIMARY_RAMP,SECONDARY_RAMP,LATITUDE,LONGITUDE,COUNTY,CITY,POINT_X,POINT_Y
91815012,2022,2022-07-12,9690,2022-07-05,1810,021875,NA,2,2,4,3045,0,1,1,NA,2,055,I-5 S/B (SAN DIEGO FRWY),EL TORO RD,1000,N,N,A,-,Y,ORA,NA,5,NA,NA,18.903,H,NA,L,Y,4,0,1,4,A,-,03,22350,NA,N,C,C,A,A,H,-,A,D,0,NA,NA,NA,NA,Y,NA,A,01,0,0,1,0,0,0,0,0,0,-,-,33.61690139770508,-117.71016693115234,ORANGE,LAGUNA HILLS,-117.71023559570313,33.616851806640625
91815210,2022,2022-07-12,9690,2022-07-08,2045,014765,NA,5,2,4,3045,0,1,1,NA,2,055,I-5 S/B TO EL TORO ROAD,EL TORO ROAD,802,N,N,A,-,Y,ORA,NA,5,NA,NA,18.897,H,NA,L,Y,4,0,1,2,A,-,03,22350,NA,F,C,C,A,A,D,-,A,D,0,NA,NA,NA,NA,Y,NA,A,01,0,0,1,0,0,0,0,0,0,-,-,33.61663055419922,-117.71035766601563,ORANGE,LAGUNA HILLS,-117.7101593017578,33.61677932739258
91815340,2022,2022-07-12,9675,2022-07-02,0155,021874,NA,6,3,6,3015,0,1,3,NA,2,572,SR-57 SOUTHBOUND TO SR-22 WESTBOUND,CHAPMAN AVENUE,2450,S,N,A,-,Y,NA,NA,NA,NA,NA,NA,NA,NA,NA,Y,4,0,1,1,A,-,08,22107,NA,N,E,I,A,A,H,-,D,D,0,NA,NA,NA,NA,Y,Y,A,07,0,0,1,0,0,0,0,0,0,-,-,33.78120040893555,-117.8821029663086,ORANGE,ORANGE,-117.8821029663086,33.78120040893555
91815440,2021,2022-07-12,9690,2021-09-06,1013,012712,NA,1,1,5,3017,0,1,1,NA,2,059,I-5 NORTHBOUND (SAN DIEGO FRWY),AVENIDA PRESIDIO,636,S,N,A,-,Y,NA,NA,5,NA,NA,NA,NA,NA,N,Y,1,1,0,3,A,-,04,21703,NA,N,C,C,A,A,H,-,A,D,0,NA,NA,Y,NA,Y,NA,A,07,0,0,0,0,0,0,0,1,0,-,-,33.425498962402344,-117.60929870605467,ORANGE,SAN CLEMENTE,-117.60934448242188,33.42546844482422
91821322,2022,2022-07-20,9690,2022-07-09,2300,021924,NA,6,3,9,3000,0,2,4,NA,2,037,LIVE OAK CANYON ROAD,MONASTERY ROAD,300,S,N,A,-,N,NA,NA,NA,NA,NA,NA,NA,NA,NA,Y,3,0,2,1,A,-,03,22350,NA,N,E,I,A,A,H,-,D,D,0,NA,NA,NA,NA,Y,NA,A,01,0,1,1,0,0,0,0,0,0,-,-,33.66984939575195,-117.6024169921875,ORANGE,UNINCORPORATED,NA,NA
91822140,2022,2022-07-21,9670,2022-07-14,0900,018664,NA,4,1,5,3024,0,1,1,NA,2,042,I-405 S/B,GOLDENWEST STREET,500,N,N,A,-,Y,ORA,NA,405,NA,NA,17.989,H,NA,L,N,4,0,1,2,A,-,03,22350,NA,N,C,C,A,A,D,E,A,D,0,NA,NA,NA,NA,Y,NA,A,01,0,0,1,0,0,0,0,0,0,-,-,33.74686050415039,-118.00759887695313,ORANGE,WESTMINSTER,-118.00760650634766,33.74685287475586
9182287,2020,2020-11-20,3001,2020-09-02,1129,A1007,NA,3,5,7,3001,0,0,0,NA,0,0D4,LINCOLN AV,STATE COLLEGE BL,0,NA,Y,A,-,N,NA,NA,NA,NA,NA,NA,NA,NA,NA,N,4,0,1,2,A,-,03,22350,NA,N,C,C,A,A,H,-,A,A,0,NA,NA,NA,NA,Y,NA,A,07,0,0,1,0,0,0,0,0,0,-,-,33.83998107910156,-117.88934326171876,ORANGE,ANAHEIM,-117.88932800292967,33.84001922607422
91824558,2022,2022-07-25,9675,2022-07-14,1430,020031,NA,4,2,7,3019,0,1,3,NA,2,552,SR-55 NORTHBOUND,DYER ROAD,730,N,N,A,-,Y,ORA,NA,55,NA,R,8.023,H,NA,R,Y,4,0,1,4,A,-,03,22350,NA,N,C,C,A,A,H,-,A,D,0,NA,NA,NA,NA,Y,NA,A,01,0,0,1,0,0,0,0,0,0,-,-,33.71023941040039,-117.85002899169922,ORANGE,SANTA ANA,-117.85000610351563,33.71022033691406
9182479,2020,2021-02-10,3015,2020-11-07,1425,1598,16E,6,5,6,3015,0,0,0,NA,0,712M,COLLINS AV,LINCOLN ST E,0,NA,Y,C,-,N,NA,NA,NA,NA,NA,NA,NA,NA,NA,Y,4,0,1,2,A,-,09,21804,A,N,D,A,A,B,H,-,A,D,0,NA,NA,NA,NA,Y,NA,A,08,0,0,1,0,0,0,0,0,0,-,-,33.80221939086914,-117.83776092529295,ORANGE,ORANGE,-117.83846282958984,33.80231857299805
91829924,2022,2022-08-01,9675,2022-07-20,0320,021874,NA,3,3,7,3019,0,1,1,NA,2,520,I-5 SOUTHBOUND,BROADWAY,450,N,N,A,-,Y,ORA,NA,5,NA,NA,33.4,H,NA,L,N,4,0,1,1,A,-,08,22107,NA,N,E,I,A,A,H,-,D,D,0,NA,NA,NA,NA,Y,NA,A,01,0,0,1,0,0,0,0,0,0,-,-,33.77159881591797,-117.87030029296876,ORANGE,SANTA ANA,-117.87039947509766,33.771541595458984
9183064,2019,2020-11-25,3008,2019-09-12,0700,1544,ZONE2,4,5,6,3008,0,0,0,NA,0,NA,COMMONWEALTH AV,HIGHLAND AV,0,NA,Y,A,-,N,NA,NA,NA,NA,NA,NA,NA,NA,NA,Y,4,0,2,2,A,-,12,21453,A,N,D,C,A,A,H,-,A,A,0,NA,NA,NA,NA,Y,NA,A,01,0,0,2,0,0,0,0,0,0,-,-,NA,NA,ORANGE,FULLERTON,-117.9287109375,33.870330810546875
91832307,2022,2022-08-03,9675,2022-07-26,1100,019518,NA,2,1,7,3019,0,1,3,NA,2,552,SR-55 NORTHBOUND FROM DYER ROAD EASTBOUND,DYER ROAD,360,S,N,A,-,Y,NA,NA,NA,NA,NA,NA,NA,NA,NA,N,4,0,1,2,A,-,03,22350,NA,F,C,C,A,A,H,-,A,A,0,NA,NA,NA,NA,Y,NA,-,99,0,0,1,0,0,0,0,0,0,-,-,33.7076416015625,-117.851806640625,ORANGE,SANTA ANA,-117.851806640625,33.7076416015625
91832443,2022,2022-08-03,9675,2022-07-31,1210,019599,NA,7,1,5,3022,0,1,3,NA,2,552,SR-55 SOUTHBOUND,MCFADDEN AVE,1000,S,N,B,-,Y,ORA,NA,55,NA,R,9.768,H,NA,L,N,4,0,2,3,A,-,03,22350,NA,N,C,C,A,A,H,-,A,D,0,NA,NA,NA,NA,Y,NA,A,07,0,0,2,0,0,0,0,0,0,-,-,33.7310791015625,-117.83390808105467,ORANGE,TUSTIN,-117.8339385986328,33.7310791015625
91832856,2022,2022-08-04,9675,2022-07-26,1445,021982,NA,2,2,9,3000,0,1,3,NA,2,240,SR-241 SOUTHBOUND,SANTIAGO CANYON ROAD,2600,N,N,A,-,Y,NA,NA,NA,NA,NA,NA,NA,NA,NA,N,3,0,1,4,A,-,08,22107,NA,N,F,I,A,A,H,-,A,D,0,NA,NA,NA,NA,Y,NA,A,01,0,1,0,0,0,0,0,0,0,-,-,33.85337829589844,-117.83896636962892,ORANGE,UNINCORPORATED,-117.74816131591795,33.7818603515625
91833014,2022,2022-09-14,9675,2022-07-24,0204,022058,NA,7,3,9,3000,0,2,4,NA,2,035,SILVERADO CANYON ROAD,SANTIAGO CANYON ROAD,450,E,N,A,-,N,NA,NA,NA,NA,NA,NA,NA,NA,NA,N,3,0,8,1,A,-,08,22107,NA,N,F,A,A,A,H,-,D,D,0,NA,NA,NA,NA,Y,NA,A,07,0,5,3,0,0,0,0,0,0,-,-,33.749229431152344,-117.6727294921875,ORANGE,UNINCORPORATED,-117.67305755615234,33.74821853637695
91834912,2022,2022-08-08,9670,2022-07-02,0430,021579,NA,6,3,5,3003,0,1,3,NA,2,091,SR-91 W/B,HOLDER ST PED O/C,275,E,N,A,-,Y,NA,NA,NA,NA,NA,NA,NA,NA,NA,N,4,0,1,2,A,-,07,21658,A,M,E,8,A,A,H,-,D,D,0,NA,NA,NA,NA,Y,NA,-,99,0,0,1,0,0,0,0,0,0,-,-,33.512229919433594,-118.11074066162108,ORANGE,BUENA PARK,-118.0198211669922,33.85618209838867
9183574,2020,2021-02-04,3002,2020-11-06,1225,1447,NA,5,5,4,3002,0,0,0,NA,0,012,TONNER RIDGE DR,BELRIDGE TER,402,N,N,A,-,NA,NA,NA,NA,NA,NA,NA,NA,NA,NA,Y,4,0,1,1,C,-,18,NA,NA,N,E,I,A,A,H,-,A,D,0,NA,NA,NA,NA,Y,NA,-,-,0,0,1,0,0,0,0,0,0,-,-,33.92876052856445,-117.8593292236328,ORANGE,BREA,-117.85968780517578,33.929935455322266
9183642,2020,2021-02-08,3004,2020-11-17,1836,P648,2,2,5,6,3004,0,0,0,NA,0,007,WEST 19TH ST,ANAHEIM AV,0,NA,Y,A,-,N,NA,NA,NA,NA,NA,NA,NA,NA,NA,Y,4,0,2,2,A,-,09,21801,A,N,D,C,A,A,H,-,C,A,0,NA,NA,NA,NA,Y,NA,A,07,0,0,2,0,0,0,0,0,0,-,-,33.6432991027832,-117.92340087890624,ORANGE,COSTA MESA,-117.92334747314452,33.64345169067383
91836438,2022,2022-08-09,9690,2022-07-30,0307,021894,NA,6,3,5,3028,0,1,1,NA,2,056,I-5 S/B (SAN DIEGO FRWY),ALICIA PKWY,528,S,N,A,-,Y,ORA,NA,5,NA,NA,17.353,H,NA,L,Y,3,0,4,2,A,-,03,22350,NA,N,C,C,A,A,D,-,D,D,0,NA,NA,NA,NA,Y,NA,A,07,0,4,0,0,0,0,0,0,0,-,-,33.60335159301758,-117.68891143798828,ORANGE,MISSION VIEJO,-117.68890380859376,33.603355407714844
91840336,2022,2022-08-15,9690,2022-08-06,1450,020066,NA,6,2,9,3000,0,2,4,NA,2,035,OSO PARKWAY E/B,ANTONIO PARKWAY,233,W,N,A,-,N,NA,NA,NA,NA,NA,NA,NA,NA,NA,N,3,0,3,3,A,-,03,22350,NA,N,C,C,A,A,H,-,A,A,0,NA,NA,Y,NA,Y,NA,A,01,0,3,0,0,0,0,0,0,0,-,-,33.5836181640625,-117.63191223144533,ORANGE,UNINCORPORATED,-117.6315689086914,33.58357238769531
91841219,2022,2022-08-16,9690,2022-08-12,1020,014351,NA,5,1,5,3050,0,1,1,NA,2,055,I-5 S/B (SAN DIEGO FRWY),EL TORO RD,1584,N,N,A,-,Y,ORA,NA,5,NA,NA,19.176,H,NA,L,Y,4,0,1,2,A,-,03,22350,NA,N,C,C,A,A,D,-,A,D,0,NA,NA,NA,NA,Y,NA,A,08,0,0,1,0,0,0,0,0,0,-,-,33.62002944946289,-117.71315002441406,ORANGE,LAKE FOREST,-117.71315002441406,33.62002944946289
91841350,2022,2022-08-16,9670,2022-08-09,1850,022493,NA,2,2,7,3001,0,1,1,NA,2,500,I-5 N/B (SANTA ANA FREEWAY),MAGNOLIA ST,320,S,N,A,-,Y,ORA,NA,5,NA,NA,41.85,H,NA,R,N,3,0,1,1,A,-,08,22107,NA,N,F,I,A,A,H,-,A,D,0,NA,NA,Y,NA,Y,NA,C,02,0,1,0,0,0,0,0,0,1,-,-,33.854698181152344,-117.97528076171876,ORANGE,ANAHEIM,-117.9753646850586,33.85462188720703
91842765,2022,2022-08-17,9675,2022-08-09,2248,018983,NA,2,3,5,3022,0,1,1,NA,2,530,I-5 NORTHBOUND,JAMBOREE ROAD,1250,N,N,A,-,Y,ORA,NA,5,NA,NA,27.857,H,NA,R,Y,4,0,1,2,A,-,03,22350,NA,N,C,C,A,A,H,-,C,D,0,NA,NA,NA,NA,Y,NA,A,01,0,0,1,0,0,0,0,0,0,-,-,33.722110748291016,-117.7986297607422,ORANGE,TUSTIN,-117.7985610961914,33.72218322753906
91844134,2022,2022-08-19,9670,2022-08-11,0925,018180,NA,4,1,7,3001,0,1,3,NA,2,094,SR-91 E/B (RIVERSIDE FREEWAY),RAYMOND AVE.,65,E,N,A,-,Y,ORA,NA,91,NA,NA,4.286,H,NA,R,N,3,0,1,3,A,-,07,21658,A,N,C,C,A,A,H,-,A,D,0,NA,NA,NA,Y,Y,NA,G,25,0,1,0,0,0,0,0,0,0,-,-,33.85369110107422,-117.90638732910156,ORANGE,ANAHEIM,-117.90638732910156,33.85372543334961
91845623,2022,2022-08-22,9675,2022-08-12,0740,019652,NA,5,1,6,3015,0,1,1,NA,2,502,I-5 SOUTHBOUND,CHAPMAN AVENUE,1500,S,N,A,-,Y,ORA,NA,5,NA,NA,34.659,H,NA,L,N,4,0,1,2,A,-,07,21658,A,N,B,C,A,A,H,-,A,D,0,NA,NA,NA,Y,Y,NA,F,26,0,0,1,0,0,0,0,0,0,-,-,33.78525924682617,-117.88426971435548,ORANGE,ORANGE,-117.88416290283205,33.78533172607422
91851954,2022,2022-08-29,9670,2022-08-18,0830,016271,NA,4,1,4,3020,0,1,1,NA,2,045,I-405 S/B,SEAL BEACH BLVD,1700,S,N,A,-,Y,ORA,NA,405,NA,NA,22.306,H,NA,L,Y,4,0,1,2,A,-,03,22350,NA,N,C,C,A,A,H,-,A,D,0,NA,NA,NA,NA,Y,NA,D,22,0,0,1,0,0,0,0,0,0,-,-,33.77408981323242,-118.0692901611328,ORANGE,SEAL BEACH,-118.0692901611328,33.774234771728516
91852823,2022,2022-08-30,9670,2022-08-23,1605,022737,NA,2,2,7,3001,0,1,3,NA,2,093,SR-91 (RIVERSIDE FWY) W/B,ACACIA ST,350,W,N,A,-,Y,ORA,NA,91,NA,NA,4.702,H,NA,L,Y,3,0,1,2,A,-,03,22350,NA,N,C,C,A,A,H,-,A,D,0,NA,NA,NA,NA,Y,NA,A,01,0,1,0,0,0,0,0,0,0,-,-,33.85404968261719,-117.89913177490234,ORANGE,ANAHEIM,-117.89913177490234,33.85402297973633
91854475,2022,2022-08-31,9675,2022-08-23,1755,020699,NA,2,2,7,3019,0,1,1,NA,2,502,I-5 SOUTHBOUND,BROADWAY,1000,N,N,A,-,Y,ORA,NA,5,NA,NA,33.235,H,NA,L,N,4,0,1,3,A,-,03,22350,NA,N,C,C,A,A,H,-,A,D,0,NA,NA,NA,NA,Y,NA,A,01,0,0,1,0,0,0,0,0,0,-,-,33.76900100708008,-117.86846160888672,ORANGE,SANTA ANA,-117.86846160888672,33.76900100708008
91856309,2022,2022-09-02,9670,2022-08-26,1557,020809,NA,5,2,6,3009,0,1,3,NA,2,024,STATE ROUTE 22 EASTBOUND,HARBOR BLVD,2112,E,N,A,-,Y,ORA,NA,22,NA,R,8.196,H,NA,R,N,4,0,1,2,A,-,03,22350,NA,N,C,C,A,A,H,-,A,D,0,NA,NA,NA,NA,Y,NA,A,01,0,0,1,0,0,0,0,0,0,-,-,33.76993942260742,-117.91352081298828,ORANGE,GARDEN GROVE,-117.91358947753906,33.77006912231445
9185798,2020,2021-02-05,3002,2020-11-01,0057,10165,740E2,7,5,5,3025,0,0,0,NA,0,401,WELSH PONY LN,RED ROAN RD,0,NA,Y,A,-,N,NA,NA,NA,NA,NA,NA,NA,NA,NA,N,2,0,1,2,A,-,08,22107,NA,F,G,B,B,A,H,-,C,D,0,Y,NA,NA,NA,Y,Y,A,01,1,0,0,0,1,0,0,0,0,-,-,NA,NA,ORANGE,YORBA LINDA,-117.79116058349608,33.90422821044922
91858145,2022,2022-09-06,9675,2022-08-31,1718,020031,NA,3,2,6,3004,0,1,1,NA,2,405,I-405 NORTHBOUND,BEAR STREET,50,N,N,A,-,Y,ORA,NA,405,NA,NA,9.906,H,NA,R,N,4,0,1,2,A,-,03,22350,NA,N,C,C,A,A,H,-,A,D,0,NA,NA,NA,NA,Y,NA,A,01,0,0,1,0,0,0,0,0,0,-,-,33.68756866455078,-117.89243316650392,ORANGE,COSTA MESA,-117.89243316650392,33.68755340576172
9185872,2020,2021-02-03,3010,2020-11-01,0130,2151,175,7,5,6,3010,0,0,0,NA,0,008,WARNER,ALGONQUIN,226,E,N,E,-,N,NA,NA,NA,NA,NA,NA,NA,NA,NA,Y,2,0,2,1,A,-,08,22107,NA,N,E,I,A,B,H,-,C,A,0,NA,NA,NA,NA,Y,NA,A,01,2,0,0,0,0,0,0,0,0,-,-,NA,NA,ORANGE,HUNTINGTON BEACH,-118.04889678955078,33.71516799926758
91860944,2022,2022-09-09,9675,2022-08-30,1741,020544,NA,2,2,6,3026,0,1,1,NA,2,503,I-5 NORTHBOUND,YALE AVE,420,S,N,A,-,Y,ORA,NA,5,NA,R,25.74,H,NA,R,Y,4,0,1,2,A,-,07,21658,A,N,B,C,A,A,H,-,A,D,0,NA,NA,Y,NA,Y,NA,A,01,0,0,1,0,0,0,0,0,1,-,-,33.69948959350586,-117.77452850341795,ORANGE,IRVINE,-117.7744598388672,33.699520111083984
9186339,2020,2020-12-29,3008,2020-10-19,1708,1295,3,1,5,6,3008,0,0,0,NA,0,NA,RAYMOND AV,DISCOVERY LN,0,NA,Y,A,-,N,NA,NA,NA,NA,NA,NA,NA,NA,NA,Y,4,0,1,2,A,-,09,21804,A,N,D,C,A,A,H,-,A,A,0,NA,NA,NA,NA,Y,NA,A,07,0,0,1,0,0,0,0,0,0,-,-,NA,NA,ORANGE,FULLERTON,-117.90675354003906,33.85715103149414
91864299,2022,2022-09-14,9675,2022-09-02,1734,019938,NA,5,2,6,3026,0,1,1,NA,2,406,I-405 NORTHBOUND,MACARTHUR BOULEVARD,860,S,N,A,-,Y,ORA,NA,405,NA,NA,7.633,H,NA,R,N,4,0,2,3,A,-,03,22350,NA,N,C,C,A,A,H,-,A,D,0,NA,NA,NA,NA,Y,NA,A,01,0,0,2,0,0,0,0,0,0,-,-,33.68191146850586,-117.85430908203124,ORANGE,IRVINE,-117.85441589355467,33.68174743652344
91865006,2022,2022-09-15,9670,2022-09-09,0910,016271,NA,5,1,4,3020,0,1,1,NA,2,044,I-405 N/B,SEAL BEACH BLVD,2300,N,N,B,-,Y,ORA,NA,405,NA,NA,23.125,H,NA,R,N,4,0,1,3,A,-,07,21658,A,F,B,C,A,A,H,-,A,D,0,NA,NA,NA,Y,Y,NA,-,99,0,0,1,0,0,0,0,0,0,-,-,33.774539947509766,-118.08310699462892,ORANGE,SEAL BEACH,-118.08310699462892,33.77454376220703
91866328,2022,2022-09-16,9670,2022-08-31,1018,018278,NA,3,1,3,3006,0,1,3,NA,2,091,SR-91 W/B,VALLEYVIEW ST,1954,E,N,A,-,Y,ORA,NA,91,NA,R,1.227,H,NA,L,N,4,0,1,2,A,-,03,22350,NA,N,C,C,A,A,H,-,A,D,0,NA,NA,NA,NA,Y,NA,A,07,0,0,1,0,0,0,0,0,0,-,-,33.856040954589844,-118.02210998535156,ORANGE,LA PALMA,-118.02210998535156,33.85601806640625
91866416,2022,2022-09-16,9675,2022-09-07,1630,019779,NA,3,2,7,3019,0,1,3,NA,2,551,SR-55 NORTHBOUND,4TH STREET,479,S,N,A,-,Y,ORA,NA,55,NA,NA,10.877,H,NA,R,N,4,0,1,2,A,-,03,22350,NA,N,C,C,A,A,H,-,A,D,0,NA,NA,NA,NA,Y,NA,D,22,0,0,1,0,0,0,0,0,0,-,-,33.74679946899414,-117.8326416015625,ORANGE,SANTA ANA,-117.83264923095705,33.746803283691406
91867557,2022,2022-09-19,9670,2022-09-08,1450,020809,NA,4,2,9,3000,0,3,5,NA,2,004,KATELLA AVENUE (9500 BLOCK),GILBERT STREET,19,E,N,A,-,N,NA,NA,NA,NA,NA,NA,NA,NA,NA,N,4,0,1,2,A,-,03,22350,NA,N,D,G,A,A,H,-,A,D,0,NA,Y,NA,NA,Y,NA,L,04,0,0,1,0,0,0,1,0,0,-,-,33.80318069458008,-117.9674835205078,ORANGE,UNINCORPORATED,-117.96749877929688,33.80316162109375
91867789,2022,2022-09-19,9690,2022-09-13,0912,016722,NA,2,1,4,3045,0,1,1,NA,2,055,I-5 FREEWAY,LOS ALISOS BLVD.,50,N,N,B,-,Y,ORA,NA,5,NA,NA,17.952,H,NA,L,N,4,0,1,3,A,-,03,22350,NA,N,C,C,A,A,D,-,A,D,0,NA,NA,NA,NA,Y,NA,A,01,0,0,1,0,0,0,0,0,0,-,-,33.608028411865234,-117.69766998291016,ORANGE,LAGUNA HILLS,-117.69766998291016,33.6080322265625
91868537,2022,2022-09-20,9675,2022-08-16,0550,019897,NA,2,3,7,3001,0,1,3,NA,2,093,SR-91 EASTBOUND,LA PALMA AVENUE,2119,E,N,A,-,Y,ORA,NA,91,NA,NA,6.786,H,NA,R,Y,4,0,1,3,A,-,03,22350,NA,F,C,C,A,A,H,-,C,D,0,NA,NA,NA,NA,Y,NA,-,99,0,0,1,0,0,0,0,0,0,-,-,33.84621810913086,-117.86519622802734,ORANGE,ANAHEIM,-117.86519622802734,33.846248626708984
91869827,2022,2022-09-21,9675,2022-09-14,1830,018102,NA,3,2,6,3026,0,1,1,NA,2,530,I-5 NORTHBOUND,CULVER DRIVE,300,N,N,A,-,Y,ORA,NA,5,NA,R,26.768,H,NA,R,N,4,0,3,3,A,-,03,22350,NA,N,C,C,A,A,H,-,A,D,0,NA,NA,NA,NA,Y,NA,D,22,0,0,3,0,0,0,0,0,0,-,-,33.71200180053711,-117.78417205810548,ORANGE,IRVINE,-117.78417205810548,33.71199417114258
9187045,2020,2021-01-29,3006,2020-09-24,1243,329,NA,4,5,3,3006,0,0,0,NA,0,002,LA PALMA AV,REDFORD LN,0,NA,Y,A,-,N,NA,NA,NA,NA,NA,NA,NA,NA,NA,Y,2,0,1,2,A,-,12,21453,A,N,-,C,A,A,H,-,A,A,0,NA,NA,NA,NA,Y,NA,-,-,1,0,0,0,0,0,0,0,0,-,-,NA,NA,ORANGE,LA PALMA,-118.05181884765624,33.846309661865234
91871819,2022,2022-09-23,9670,2022-09-15,1420,019290,NA,4,2,5,3003,0,1,3,NA,2,191,SR-91 W/B,KNOTT AVENUE,2000,E,N,A,-,Y,ORA,NA,91,NA,R,2.24,H,NA,L,N,4,0,1,2,A,-,03,22350,NA,N,B,C,A,A,H,-,A,D,0,NA,NA,NA,NA,Y,NA,A,07,0,0,1,0,0,0,0,0,0,-,-,33.85607147216797,-118.00453186035156,ORANGE,BUENA PARK,-118.00453186035156,33.85612487792969
91872207,2022,2022-09-23,9675,2022-09-15,0900,020027,NA,4,1,6,3026,0,1,1,NA,2,503,I-5 SOUTHBOUND,JAMBOREE RD,1000,N,N,A,-,Y,ORA,NA,5,NA,NA,27.983,H,NA,L,Y,4,0,3,3,A,-,03,22350,NA,N,C,C,A,A,H,-,A,D,0,NA,NA,NA,NA,Y,NA,A,08,0,0,3,0,0,0,0,0,0,-,-,33.72303009033203,-117.80042266845705,ORANGE,IRVINE,-117.80039215087892,33.723060607910156
91873039,2022,2022-09-26,9675,2022-09-25,0600,019652,NA,7,1,7,3001,0,1,3,NA,2,094,SR-91 EASTBOUND,WEIR CANYON RD,1400,W,N,A,-,Y,ORA,NA,91,NA,R,13.574,H,NA,R,N,4,0,1,2,A,-,01,23152,A,N,B,C,A,A,H,-,C,D,0,NA,NA,NA,NA,Y,Y,A,01,0,0,1,0,0,0,0,0,0,-,-,33.86859130859375,-117.75926971435548,ORANGE,ANAHEIM,-117.7592544555664,33.868499755859375
91873467,2022,2022-09-26,9690,2022-09-21,2008,014765,NA,3,2,5,3050,0,1,1,NA,2,055,I-5 N/B (SAN DIEGO FRWY),LAKE FOREST DRIVE,1056,S,N,A,-,Y,ORA,NA,5,NA,NA,19.67,H,NA,R,Y,4,0,1,1,C,-,18,NA,NA,N,E,J,A,A,H,-,D,D,0,NA,NA,NA,NA,Y,NA,-,-,0,0,1,0,0,0,0,0,0,-,-,33.62588119506836,-117.71782684326172,ORANGE,LAKE FOREST,-117.71794128417967,33.62580490112305
91876802,2022,2022-09-29,9675,2022-09-19,0900,019599,NA,1,1,6,3015,0,1,3,NA,2,222,SR-22 WESTBOUND,LEWIS ST.,90,E,N,B,-,Y,ORA,NA,22,NA,R,9.434,H,NA,L,Y,2,0,1,2,A,-,03,22350,NA,N,C,C,A,A,H,-,A,D,0,NA,NA,Y,NA,Y,NA,C,02,1,0,0,0,0,0,0,0,1,-,-,33.77875900268555,-117.89611053466795,ORANGE,ORANGE,-117.89608001708984,33.778690338134766
91878729,2022,2022-09-30,9675,2022-09-20,0637,018027,NA,2,1,9,3000,0,1,1,NA,2,405,I-405 SOUTHBOUND,SR-55,850,N,N,A,-,Y,ORA,NA,405,NA,NA,8.9,H,NA,L,Y,3,0,1,1,A,-,08,22107,NA,N,E,I,A,A,H,-,A,D,0,NA,NA,NA,NA,Y,NA,A,01,0,1,0,0,0,0,0,0,0,-,-,33.687110900878906,-117.87509918212892,ORANGE,UNINCORPORATED,-117.87510681152344,33.68728256225586
91888125,2022,2022-10-12,9690,2022-10-01,0340,020469,NA,6,3,4,3045,0,1,1,NA,2,055,I-5 S/B (SAN DIEGO FRWY),EL TORO ROAD,1500,N,N,A,-,Y,ORA,NA,5,NA,NA,19.165,H,NA,L,Y,3,0,2,2,A,-,01,23152,A,N,C,C,A,A,H,-,C,D,0,NA,NA,NA,Y,Y,Y,A,01,0,2,0,0,0,0,0,0,0,-,-,33.61991882324219,-117.71302032470705,ORANGE,LAGUNA HILLS,-117.71304321289063,33.61990737915039