CASE_ID,ACCIDENT_YEAR,PROC_DATE,JURIS,COLLISION_DATE,COLLISION_TIME,OFFICER_ID,REPORTING_DISTRICT,DAY_OF_WEEK,CHP_SHIFT,POPULATION,CNTY_CITY_LOC,SPECIAL_COND,BEAT_TYPE,CHP_BEAT_TYPE,CITY_DIVISION_LAPD,CHP_BEAT_CLASS,BEAT_NUMBER,PRIMARY_RD,SECONDARY_RD,DISTANCE,DIRECTION,INTERSECTION,WEATHER_1,WEATHER_2,STATE_HWY_IND,CALTRANS_COUNTY,CALTRANS_DISTRICT,STATE_ROUTE,ROUTE_SUFFIX,POSTMILE_PREFIX,POSTMILE,LOCATION_TYPE,RAMP_INTERSECTION,SIDE_OF_HWY,TOW_AWAY,COLLISION_SEVERITY,NUMBER_KILLED,NUMBER_INJURED,PARTY_COUNT,PRIMARY_COLL_FACTOR,PCF_CODE_OF_VIOL,PCF_VIOL_CATEGORY,PCF_VIOLATION,PCF_VIOL_SUBSECTION,HIT_AND_RUN,TYPE_OF_COLLISION,MVIW,PED_ACTION,ROAD_SURFACE,ROAD_COND_1,ROAD_COND_2,LIGHTING,CONTROL_DEVICE,CHP_ROAD_TYPE,PEDESTRIAN_ACCIDENT,BICYCLE_ACCIDENT,MOTORCYCLE_ACCIDENT,TRUCK_ACCIDENT,NOT_PRIVATE_PROPERTY,ALCOHOL_INVOLVED,STWD_VEHTYPE_AT_FAULT,CHP_VEHTYPE_AT_FAULT,COUNT_SEVERE_INJ,COUNT_VISIBLE_INJ,COUNT_COMPLAINT_PAIN,COUNT_PED_KILLED,COUNT_PED_INJURED,COUNT_BICYCLIST_KILLED,COUNT_BICYCLIST_INJURED,COUNT_MC_KILLED,COUNT_MC_INJURED,PRIMARY_RAMP,SECONDARY_RAMP,LATITUDE,LONGITUDE,COUNTY,CITY,POINT_X,POINT_Y
92168083,2023,2023-09-12,9675,2023-09-01,1440,023128,NA,5,2,7,3001,0,1,3,NA,2,093,SR-91 EASTBOUND,EAST RIVERDALE AVE,200,E,N,A,-,Y,ORA,NA,91,NA,R,8.851,H,NA,R,N,3,0,1,2,A,-,08,22107,NA,N,B,C,A,A,H,-,A,D,0,NA,NA,Y,NA,Y,NA,C,02,0,1,0,0,0,0,0,0,1,-,-,33.84701919555664,-117.83193969726563,ORANGE,ANAHEIM,-117.83200073242188,33.84696578979492
92171051,2023,2023-09-15,9675,2023-09-07,1245,020627,NA,4,1,6,3004,0,1,3,NA,2,553,SR-55 SOUTHBOUND,PAULARINO AVENUE,700,S,N,A,-,Y,ORA,NA,55,NA,R,5.461,H,NA,L,Y,4,0,1,2,A,-,03,22350,NA,N,C,C,A,A,H,-,A,D,0,NA,NA,NA,NA,Y,NA,D,22,0,0,1,0,0,0,0,0,0,-,-,33.681419372558594,-117.87814331054688,ORANGE,COSTA MESA,-117.87813568115234,33.681419372558594
92172339,2023,2023-09-18,9690,2023-07-01,835,020182,NA,6,1,9,3000,0,3,5,NA,2,007,LA PATA AVE.,SR-74 (ORTEGA HWY),1500,S,N,A,-,N,NA,NA,NA,NA,NA,NA,NA,NA,NA,N,3,0,2,2,A,-,07,21658,A,M,C,C,A,A,H,-,A,D,0,NA,NA,NA,NA,Y,NA,D,22,0,1,1,0,0,0,0,0,0,-,-,33.515419006347656,-117.62164306640624,ORANGE,UNINCORPORATED,-117.62128448486328,33.51573181152344
92174123,2023,2023-09-20,9675,2023-09-09,1845,023128,NA,6,2,6,3004,0,1,3,NA,2,073,SR-73 NORTHBOUND,RED HILL AVE,120,N,N,A,-,Y,ORA,NA,73,NA,R,26.127,H,NA,R,N,4,0,4,3,A,-,08,22107,NA,N,B,C,A,A,H,-,A,D,0,NA,NA,NA,NA,Y,NA,A,07,0,0,4,0,0,0,0,0,0,-,-,33.668121337890625,-117.88128662109376,ORANGE,COSTA MESA,-117.88138580322266,33.66805648803711
92174564,2023,2023-09-20,9675,2023-09-11,1648,021633,NA,1,2,9,3000,0,1,3,NA,2,261,SR-261 NORTHBOUND TO SR-241 NORTHBOUND,SANTIAGO CANYON ROAD,85,N,N,B,-,Y,ORA,NA,261,NA,NA,6.063,H,NA,R,N,3,0,2,1,A,-,08,22107,NA,N,E,I,A,A,H,-,A,D,0,NA,NA,NA,NA,Y,NA,A,07,0,1,1,0,0,0,0,0,0,-,-,33.78224182128906,-117.74884796142578,ORANGE,UNINCORPORATED,-117.74887084960938,33.78226089477539
92175369,2023,2023-09-20,9675,2023-09-12,45,022052,NA,2,3,7,3001,0,1,3,NA,2,093,SR-91 EASTBOUND,GLASSELL ST,2670,W,N,A,-,Y,ORA,NA,91,NA,NA,6.843,H,NA,R,Y,4,0,1,3,A,-,08,22107,NA,N,C,C,A,A,H,-,D,D,0,NA,NA,NA,Y,Y,NA,A,01,0,0,1,0,0,0,0,0,0,-,-,33.84619140625,-117.86419677734376,ORANGE,ANAHEIM,-117.86419677734376,33.84622573852539
92175433,2023,2023-09-21,9675,2023-09-12,1750,018985,NA,2,2,6,3026,0,1,1,NA,2,406,I-405 S/B,VON KARMAN AVE.,200,S,N,A,-,Y,ORA,NA,405,NA,NA,7.351,H,NA,L,N,4,0,1,3,A,-,03,22350,NA,N,C,C,A,A,H,-,A,D,0,NA,NA,NA,NA,Y,NA,A,07,0,0,1,0,0,0,0,0,0,-,-,33.67966842651367,-117.85028076171876,ORANGE,IRVINE,-117.85031127929688,33.67961883544922
92175884,2023,2023-09-21,9675,2023-09-13,1125,017993,NA,3,1,7,3019,0,1,3,NA,2,552,SR-55 NORTHBOUND,MCFADDEN AVE,70,S,N,A,-,Y,ORA,NA,55,NA,R,9.941,H,NA,R,N,4,0,1,3,A,-,03,22350,NA,N,C,C,A,A,H,-,A,D,0,NA,NA,NA,NA,Y,NA,D,22,0,0,1,0,0,0,0,0,0,-,-,33.733558654785156,-117.8335189819336,ORANGE,SANTA ANA,-117.83360290527344,33.73356246948242
9217672,2020,2021-02-19,3008,2020-12-02,1542,1534,2,3,5,6,3008,0,0,0,NA,0,002,HARBOR BL,VALLEY VIEW DR S,0,NA,Y,A,-,N,NA,NA,NA,NA,NA,NA,NA,NA,NA,Y,3,0,1,2,A,-,09,21801,A,N,D,C,A,A,H,-,A,A,0,NA,NA,NA,NA,Y,NA,A,01,0,1,0,0,0,0,0,0,0,-,-,NA,NA,ORANGE,FULLERTON,-117.92485809326172,33.88302993774414
92176900,2023,2023-09-22,9670,2023-09-14,915,018664,NA,4,1,5,3024,0,1,1,NA,2,044,I-405 N/B,WESTMINSTER BLVD,10,S,N,A,-,Y,ORA,NA,405,NA,NA,19.13,H,NA,R,N,4,0,1,2,A,-,03,22350,NA,N,C,C,A,A,D,E,A,D,0,NA,NA,NA,NA,Y,NA,A,01,0,0,1,0,0,0,0,0,0,-,-,33.7587890625,-118.0215301513672,ORANGE,WESTMINSTER,-118.0215301513672,33.7587890625
92183766,2023,2023-10-02,9690,2023-09-23,939,019394,NA,6,1,4,3045,0,1,1,NA,2,055,I-5 S/B (SAN DIEGO FRWY),LOS ALISOS BLVD.,15,N,N,A,-,Y,ORA,NA,5,NA,NA,17.966,H,NA,L,Y,2,0,1,2,A,-,07,21658,A,N,B,C,A,A,D,-,A,D,0,NA,NA,Y,NA,Y,NA,A,01,1,0,0,0,0,0,0,0,1,-,-,33.608131408691406,-117.69786834716795,ORANGE,LAGUNA HILLS,-117.6978759765625,33.60811996459961
9218454,2020,2021-02-08,3000,2020-09-17,1944,1916,921G4,4,5,4,3045,0,0,0,NA,0,746,ALICIA PKWY,RAMONA ST,13,W,N,A,-,N,NA,NA,NA,NA,NA,NA,NA,NA,NA,Y,4,0,1,2,A,-,04,21703,NA,N,C,C,A,A,H,-,C,A,0,NA,NA,NA,NA,Y,NA,A,01,0,0,1,0,0,0,0,0,0,-,-,NA,NA,ORANGE,LAGUNA HILLS,-117.70868682861328,33.58077621459961
92188273,2023,2023-10-02,9675,2023-09-26,1452,021377,NA,2,2,7,3001,0,1,3,NA,2,095,SR-91 EASTBOUND,WEIR CANYON RD,1584,E,N,A,-,Y,ORA,NA,91,NA,R,14.766,H,NA,R,N,4,0,1,2,A,-,03,22350,NA,N,C,C,A,A,H,-,A,D,0,NA,NA,NA,Y,Y,NA,G,25,0,0,1,0,0,0,0,0,0,-,-,33.870750427246094,-117.73899841308594,ORANGE,ANAHEIM,-117.73899841308594,33.87083435058594
92190262,2023,2023-10-04,9675,2023-09-29,150,023310,NA,5,3,6,3026,0,1,1,NA,2,504,I-5 NORTHBOUND,YALE AVE,785,S,N,A,-,Y,ORA,NA,5,NA,R,25.67,H,NA,R,Y,3,0,1,1,A,-,08,22107,NA,N,E,I,A,A,H,-,C,D,0,NA,NA,NA,NA,Y,NA,A,01,0,1,0,0,0,0,0,0,0,-,-,33.69868850708008,-117.77378845214844,ORANGE,IRVINE,-117.77388763427734,33.698646545410156
92193776,2023,2023-10-09,9675,2023-09-30,1145,018039,NA,6,1,7,3001,0,1,3,NA,2,093,SR-91 EB TO GLASSELL STREET,GLASSELL  STREET,32,W,N,B,-,Y,NA,NA,NA,NA,NA,NA,NA,NA,NA,N,4,0,1,2,A,-,03,22350,NA,N,C,C,A,A,H,-,A,D,0,NA,NA,NA,NA,Y,NA,A,01,0,0,1,0,0,0,0,0,0,-,-,33.84696960449219,-117.85469818115234,ORANGE,ANAHEIM,-117.85469818115234,33.84696960449219
92195725,2023,2023-10-10,9675,2023-10-02,1417,023337,NA,1,2,7,3019,0,1,1,NA,2,503,I-5 NORTHBOUND,FOURTH STREET,50,N,N,A,-,Y,ORA,NA,5,NA,NA,31.101,H,NA,R,N,3,0,1,2,A,-,03,22350,NA,N,C,C,A,A,H,-,A,D,0,NA,NA,NA,NA,Y,NA,A,07,0,1,0,0,0,0,0,0,0,-,-,33.74831008911133,-117.84316253662108,ORANGE,SANTA ANA,-117.84315490722656,33.74831008911133
92195738,2023,2023-10-10,9675,2023-10-02,1445,019897,NA,1,2,6,3026,0,1,1,NA,2,503,I-5 NORTHBOUND,CULVER DRIVE,479,N,N,B,-,Y,ORA,NA,5,NA,R,26.7,H,NA,R,N,4,0,2,2,A,-,03,22350,NA,N,C,C,A,A,H,-,A,D,0,NA,NA,NA,NA,Y,NA,D,22,0,0,2,0,0,0,0,0,0,-,-,33.71126174926758,-117.7834014892578,ORANGE,IRVINE,-117.78335571289063,33.7112922668457
92197388,2023,2023-10-12,9675,2023-10-05,650,023116,NA,4,1,7,3019,0,1,1,NA,2,502,I-5 SOUTHBOUND,FOURTH STREET,1330,N,N,A,-,Y,ORA,NA,5,NA,NA,31.36,H,NA,L,N,2,0,1,2,A,-,03,22350,NA,F,C,C,A,A,H,-,A,D,0,NA,NA,NA,NA,Y,NA,-,99,1,0,0,0,0,0,0,0,0,-,-,33.751338958740234,-117.84597778320313,ORANGE,SANTA ANA,-117.84601593017578,33.751312255859375
92198365,2023,2023-10-13,9670,2023-09-27,2030,019290,NA,3,2,3,3013,0,1,1,NA,2,061,I-605 S/B,I-405 N/B UNDERCROSSING,10560,S,N,A,-,Y,ORA,NA,605,NA,R,0.234,H,NA,L,N,3,0,1,2,A,-,07,21658,A,N,B,C,A,A,H,-,D,D,0,NA,NA,NA,NA,Y,NA,A,01,0,1,0,0,0,0,0,0,0,-,-,33.787540435791016,-118.0901336669922,ORANGE,LOS ALAMITOS,-118.09018707275392,33.787559509277344
92198526,2023,2023-10-13,9670,2023-10-08,2244,021071,NA,7,3,7,3001,0,1,1,NA,2,503,INTERSTATE 5 SOUTHBOUND,HARBOR BOULEVARD,535,N,N,A,-,Y,ORA,NA,5,NA,NA,37.525,H,NA,L,Y,3,0,3,2,A,-,03,22350,NA,N,E,9,A,A,H,-,C,A,0,NA,NA,NA,NA,Y,NA,J,48,0,2,1,0,0,0,0,0,0,-,-,33.81671905517578,-117.916748046875,ORANGE,ANAHEIM,-117.91687774658205,33.816627502441406
92201515,2023,2023-10-17,9675,2023-10-05,510,017993,NA,4,3,7,3001,0,1,3,NA,2,095,SR-91 WESTBOUND,YORBA LINDA BLVD.,4000,E,N,A,-,Y,ORA,NA,91,NA,R,15.245,H,NA,L,Y,4,0,1,5,A,-,03,22350,NA,N,C,C,A,A,H,-,C,D,0,NA,NA,NA,NA,Y,NA,A,07,0,0,1,0,0,0,0,0,0,-,-,33.86957931518555,-117.73139190673828,ORANGE,ANAHEIM,-117.73136138916016,33.86963653564453
92204852,2023,2023-10-20,9675,2023-10-12,1455,020923,NA,4,2,7,3019,0,1,3,NA,2,052,SR-55 NORTHBOUND,MACARTHUR BLVD,100,N,N,A,-,Y,ORA,NA,55,NA,R,7.234,H,NA,R,N,4,0,2,3,A,-,03,22350,NA,N,C,C,A,A,H,-,A,D,0,NA,NA,NA,NA,Y,NA,A,01,0,0,2,0,0,0,0,0,0,-,-,33.701419830322266,-117.85877227783205,ORANGE,SANTA ANA,-117.85871124267578,33.701385498046875
92207760,2023,2023-10-25,9675,2023-10-17,1902,019779,NA,2,2,7,3019,0,1,3,NA,2,551,SR-55 NORTHBOUND,4TH STREET,177,N,N,A,-,Y,ORA,NA,55,NA,NA,11.026,H,NA,R,N,4,0,2,2,A,-,03,22350,NA,N,C,C,A,A,H,-,A,D,0,NA,NA,NA,NA,Y,NA,A,01,0,0,2,0,0,0,0,0,0,-,-,33.74885177612305,-117.83184814453124,ORANGE,SANTA ANA,-117.83197021484376,33.74887466430664
9221928,2021,2021-03-16,3000,2021-01-04,1525,6532,971-F,1,5,4,3029,0,0,0,NA,0,736,PACIFIC COAST HWY,SELVA RD,0,NA,Y,A,-,N,NA,NA,NA,NA,NA,NA,NA,NA,NA,N,4,0,1,2,A,-,05,21650,1,F,B,G,A,A,H,-,A,A,0,NA,Y,NA,NA,Y,NA,L,04,0,0,1,0,0,0,1,0,0,-,-,NA,NA,ORANGE,DANA POINT,-117.7132568359375,33.47067642211914
92222555,2023,2023-10-30,9675,2023-10-20,947,018714,NA,5,1,6,3026,0,1,1,NA,2,406,I-405 NORTHBOUND,MACARTHUR BLVD,1003,S,N,A,-,Y,ORA,NA,405,NA,NA,7.596,H,NA,R,Y,4,0,1,2,A,-,03,22350,NA,N,C,C,A,A,H,-,A,D,0,NA,NA,NA,NA,Y,NA,D,22,0,0,1,0,0,0,0,0,0,-,-,33.68156051635742,-117.85382080078124,ORANGE,IRVINE,-117.85385894775392,33.68149948120117
92223106,2023,2023-10-31,9670,2023-10-27,37,021467,NA,5,3,6,3008,0,1,3,NA,2,093,SR-91 (RIVERSIDE FWY) W/B,BROOKHURST STREET,100,W,N,A,-,Y,ORA,NA,91,NA,NA,1.083,H,NA,L,Y,3,0,2,2,A,-,01,23152,A,N,C,C,A,A,H,-,C,D,0,NA,NA,NA,NA,Y,Y,A,01,0,1,1,0,0,0,0,0,0,-,-,33.853981018066406,-117.96204376220705,ORANGE,FULLERTON,-117.9620361328125,33.85393524169922
92228590,2023,2023-11-06,9675,2023-10-16,2335,022398,NA,1,3,6,3015,0,1,3,NA,2,550,SR-55 NORTHBOUND,LINCOLN AVE,2640,N,N,A,-,Y,ORA,NA,55,NA,R,17.618,H,NA,R,Y,2,0,1,2,A,-,03,22350,NA,F,C,C,A,A,D,-,C,A,0,NA,NA,Y,NA,Y,NA,C,02,1,0,0,0,0,0,0,0,1,-,-,33.842411041259766,-117.83029174804688,ORANGE,ORANGE,-117.83024597167967,33.842376708984375
92229235,2023,2023-11-06,9675,2023-10-28,1200,023116,NA,6,1,7,3019,0,1,1,NA,2,502,I-5 NORTHBOUND TO FOURTH STREET,FOURTH STREET,85,S,N,A,-,Y,NA,NA,NA,NA,NA,NA,NA,NA,NA,N,2,0,1,1,A,-,03,22350,NA,N,F,A,A,A,H,-,A,D,0,NA,NA,Y,NA,Y,NA,C,02,1,0,0,0,0,0,0,0,1,-,-,33.74774932861328,-117.8425521850586,ORANGE,SANTA ANA,-117.8425521850586,33.74774932861328
92230796,2023,2023-11-08,9675,2023-07-25,1408,021274,NA,2,2,6,3008,0,1,3,NA,2,571,SR-57 SOUTHBOUND,NUTWOOD AVENUE,370,N,N,A,-,Y,ORA,NA,57,NA,NA,17.665,H,NA,L,N,3,0,1,2,A,-,07,21658,A,F,C,C,A,A,H,-,A,D,0,NA,NA,NA,NA,Y,NA,-,99,0,1,0,0,0,0,0,0,0,-,-,33.879249572753906,-117.88053894042967,ORANGE,FULLERTON,-117.88054656982422,33.879249572753906
92231160,2023,2023-11-08,9675,2023-10-30,2115,021042,NA,1,2,4,3002,0,1,3,NA,2,570,SR-57 NORTHBOUND,LAMBERT RD.,2250,N,N,A,-,Y,ORA,NA,57,NA,NA,21.34,H,NA,R,N,3,0,1,2,A,-,03,22350,NA,N,C,C,A,A,H,-,C,D,0,NA,NA,NA,NA,Y,NA,A,01,0,1,0,0,0,0,0,0,0,-,-,33.93159103393555,-117.8794403076172,ORANGE,BREA,-117.8794174194336,33.931583404541016
92233914,2023,2023-11-13,9670,2023-08-13,216,021821,NA,7,3,6,3008,0,1,3,NA,2,094,SR-91 E/B,BROOKHURST ST,1650,W,N,A,-,Y,ORA,NA,91,NA,NA,0.982,H,NA,R,Y,4,0,1,2,C,-,18,NA,NA,N,C,C,A,A,H,-,D,D,0,NA,NA,Y,NA,Y,NA,-,-,0,0,1,0,0,0,0,0,0,-,-,33.853721618652344,-117.96379089355467,ORANGE,FULLERTON,-117.96379089355467,33.85376739501953
92233973,2023,2023-11-13,9670,2023-11-03,2027,020505,NA,5,2,4,3020,0,1,1,NA,2,045,I-405 S/B,SEAL BEACH BLVD,1056,S,N,A,-,Y,ORA,NA,405,NA,NA,22.38,H,NA,L,Y,4,0,1,2,A,-,08,22107,NA,N,B,C,A,A,D,-,C,D,0,NA,NA,NA,NA,Y,NA,A,01,0,0,1,0,0,0,0,0,0,-,-,33.77423858642578,-118.0705795288086,ORANGE,SEAL BEACH,-118.0705795288086,33.77424621582031
92236031,2023,2023-11-14,9690,2023-11-03,1601,020038,NA,5,2,9,3000,0,2,4,NA,2,034,ANTONIO PARKWAY,ONEILL DRIVE,100,S,N,A,-,N,NA,NA,NA,NA,NA,NA,NA,NA,NA,N,4,0,1,2,A,-,07,21658,A,N,B,C,A,A,H,-,A,D,0,NA,NA,NA,NA,Y,NA,A,01,0,0,1,0,0,0,0,0,0,-,-,33.55118179321289,-117.62940979003906,ORANGE,UNINCORPORATED,-117.62909698486328,33.545074462890625
9223697,2021,2021-03-30,3009,2021-01-28,0706,4762,143,4,5,6,3009,0,0,0,NA,0,2-2,TWINTREE AV,HARBOR BL,325,W,N,A,-,N,NA,NA,NA,NA,NA,NA,NA,NA,NA,Y,3,0,1,2,A,-,03,22350,NA,N,C,E,A,A,H,-,A,D,0,NA,NA,NA,NA,Y,NA,A,01,0,1,0,0,0,0,0,0,0,-,-,NA,NA,ORANGE,GARDEN GROVE,-117.9160385131836,33.783878326416016
92238760,2023,2023-11-17,9670,2023-11-10,1230,018278,NA,5,1,5,3003,0,1,3,NA,2,092,SR-91 EB,STANTON AVE,700,E,N,A,-,Y,ORA,NA,91,NA,R,2.998,H,NA,R,Y,4,0,1,2,A,-,03,22350,NA,N,C,C,A,A,H,-,A,D,0,NA,NA,NA,NA,Y,NA,D,22,0,0,1,0,0,0,0,0,0,-,-,33.856040954589844,-117.99136352539063,ORANGE,BUENA PARK,-117.99136352539063,33.85603713989258
92238808,2023,2023-11-17,9690,2023-11-07,824,016610,NA,2,1,5,3028,0,1,1,NA,2,056,I-5 S/B (SAN DIEGO FRWY),LA PAZ RD.,300,S,N,B,-,Y,ORA,NA,5,NA,NA,16.448,H,NA,L,N,3,0,1,2,A,-,03,22350,NA,N,C,C,A,A,D,-,A,D,0,NA,NA,NA,NA,Y,NA,A,07,0,1,0,0,0,0,0,0,0,-,-,33.596858978271484,-117.67532348632813,ORANGE,MISSION VIEJO,-117.6752700805664,33.59689712524414
92240707,2023,2023-11-20,9670,2023-11-14,1205,019694,NA,2,1,3,3006,0,1,3,NA,2,091,STATE ROUTE 91 W/B (RIVERSIDE FWY),ORANGETHORPE AVE,500,E,N,A,-,Y,ORA,NA,91,NA,R,0.668,H,NA,L,Y,4,0,1,2,A,-,07,21658,A,F,B,C,A,A,H,-,A,D,0,NA,NA,NA,NA,Y,NA,-,99,0,0,1,0,0,0,0,0,0,-,-,33.85786819458008,-118.03134918212892,ORANGE,LA PALMA,-118.03135681152344,33.85786437988281
92241592,2023,2023-11-21,9670,2023-11-15,1745,022455,NA,3,2,9,3000,0,3,5,NA,2,004,ORANGE AVE (9000 BLOCK),GREENWICH ST,260,E,N,C,-,N,NA,NA,NA,NA,NA,NA,NA,NA,NA,N,4,0,1,2,A,-,03,22350,NA,N,C,C,A,B,H,-,C,D,0,NA,NA,NA,NA,Y,NA,A,01,0,0,1,0,0,0,0,0,0,-,-,33.825008392333984,-117.96198272705078,ORANGE,UNINCORPORATED,-117.96204376220705,33.82499313354492
92246517,2023,2023-11-28,9670,2023-11-16,805,021242,NA,4,1,6,3009,0,1,3,NA,2,025,SR-22 W/B,NEWHOPE STREET,50,E,N,B,-,Y,ORA,NA,22,NA,R,7.343,H,NA,L,Y,4,0,2,3,A,-,03,22350,NA,M,C,C,A,A,H,-,A,D,0,NA,NA,NA,NA,Y,NA,A,01,0,0,2,0,0,0,0,0,0,-,-,33.766231536865234,-117.92880249023438,ORANGE,GARDEN GROVE,-117.92880249023438,33.766197204589844
92247110,2023,2023-11-28,9675,2023-11-20,1530,023523,NA,1,2,7,3001,0,1,3,NA,2,240,STATE ROUTE 241 N/B,SR-91,3696,S,N,A,-,Y,ORA,NA,241,NA,NA,37.54,H,NA,R,Y,4,0,2,4,A,-,03,22350,NA,M,C,C,A,A,H,-,A,D,0,NA,NA,NA,Y,Y,NA,F,27,0,0,2,0,0,0,0,0,0,-,-,33.84550094604492,-117.7168197631836,ORANGE,ANAHEIM,-117.71674346923828,33.84550476074219
92248390,2023,2023-11-30,9675,2023-11-29,1835,020851,NA,3,2,9,3000,0,3,5,NA,2,004,CAMPUS DR (19000 BLOCK),BRISTOL ST.,185,N,N,A,-,N,NA,NA,NA,NA,NA,NA,NA,NA,NA,N,4,0,1,2,A,-,03,22350,NA,N,C,C,A,A,H,-,C,D,0,NA,NA,NA,NA,Y,NA,D,22,0,0,1,0,0,0,0,0,0,-,-,33.66339874267578,-117.87432098388672,ORANGE,UNINCORPORATED,-117.87506103515624,33.662322998046875
92248934,2023,2023-11-30,9670,2023-11-21,437,022737,NA,2,3,5,3024,0,1,1,NA,2,042,I-405 (SAN DIEGO FREEWAY) N/B,SPRINGDALE ST,230,N,N,A,-,Y,ORA,NA,405,NA,NA,19.421,H,NA,R,Y,4,0,2,2,A,-,03,22350,NA,N,D,C,A,A,D,-,C,D,0,NA,NA,NA,NA,Y,NA,A,01,0,0,2,0,0,0,0,0,0,-,-,33.76182174682617,-118.02520751953124,ORANGE,WESTMINSTER,-118.0251922607422,33.76183319091797
92249075,2023,2023-11-30,9690,2023-11-19,7,021894,NA,7,3,4,3018,0,1,1,NA,2,057,I-5 S/B (SAN DIEGO FRWY),SR-73,3696,S,N,B,-,Y,ORA,NA,5,NA,NA,11.969,H,NA,L,Y,3,0,6,2,A,-,01,23152,A,N,C,C,A,A,H,-,D,D,0,NA,NA,NA,NA,Y,Y,A,01,0,1,5,0,0,0,0,0,0,-,-,33.5330696105957,-117.67474365234376,ORANGE,SAN JUAN CAPISTRANO,-117.675048828125,33.53303909301758
92249091,2023,2023-11-30,9690,2023-11-20,1625,020349,NA,1,2,4,3049,0,1,3,NA,2,073,SR-73 S/B TO LA PAZ ROAD,LA PAZ RD,1215,N,N,A,-,Y,ORA,NA,73,NA,NA,13.673,H,NA,L,N,4,0,1,1,A,-,08,22107,NA,N,E,8,A,A,H,-,A,D,0,NA,NA,NA,NA,Y,NA,A,01,0,0,1,0,0,0,0,0,0,-,-,33.57503890991211,-117.71045684814452,ORANGE,ALISO VIEJO,-117.7104263305664,33.57511520385742
92254391,2023,2023-12-06,9670,2023-12-03,1620,021459,NA,7,2,7,3001,0,1,3,NA,2,094,SR-91 E/B,HARBOR BLVD,2640,W,N,A,-,Y,ORA,NA,91,NA,NA,2.729,H,NA,R,N,4,0,2,3,A,-,07,21658,A,N,B,C,A,A,H,-,A,D,0,NA,NA,NA,NA,Y,NA,A,01,0,0,2,0,0,0,0,0,0,-,-,33.854000091552734,-117.9333724975586,ORANGE,ANAHEIM,-117.9333724975586,33.85410690307617
92255956,2023,2023-12-07,9670,2023-12-06,1745,021459,NA,3,2,7,3001,0,1,3,NA,2,093,SR-91 W/B,HARBOR BLVD,450,E,N,A,-,Y,ORA,NA,91,NA,NA,3.353,H,NA,L,N,4,0,2,2,A,-,03,22350,NA,N,C,C,A,A,H,-,A,D,0,NA,NA,NA,NA,Y,NA,A,01,0,0,2,0,0,0,0,0,0,-,-,33.85411834716797,-117.92259216308594,ORANGE,ANAHEIM,-117.92259216308594,33.8541259765625
92257569,2023,2023-12-08,9675,2023-12-06,1520,021305,NA,3,2,7,3019,0,1,3,NA,2,052,SR-55 NORTHBOUND,WARNER AVE,581,S,N,A,-,Y,ORA,NA,55,NA,R,8.388,H,NA,R,N,4,0,3,3,A,-,03,22350,NA,N,C,C,A,A,H,-,A,D,0,NA,NA,NA,NA,Y,NA,A,01,0,0,3,0,0,0,0,0,0,-,-,33.71430969238281,-117.8459930419922,ORANGE,SANTA ANA,-117.84598541259766,33.71430587768555
92258303,2023,2023-12-11,9690,2023-11-29,2300,022053,NA,3,3,5,3028,0,1,1,NA,2,055,I-5 N/B (SAN DIEGO FRWY),LA PAZ ROAD,2376,N,N,B,-,Y,ORA,NA,5,NA,NA,17.007,H,NA,R,N,3,0,1,2,A,-,03,22350,NA,N,C,C,A,A,H,-,C,D,0,NA,NA,NA,Y,Y,NA,F,24,0,1,0,0,0,0,0,0,0,-,-,33.60110855102539,-117.68360900878906,ORANGE,MISSION VIEJO,-117.68357849121094,33.60116195678711
92261855,2023,2023-12-14,9670,2023-11-28,1405,019304,NA,2,2,5,3007,0,1,1,NA,2,040,I-405 N/B,BROOKHURST ST,10,S,N,A,-,Y,NA,NA,NA,NA,NA,NA,NA,NA,NA,N,4,0,1,2,A,-,03,22350,NA,N,C,C,A,A,H,-,A,A,0,NA,NA,NA,NA,Y,NA,A,01,0,0,1,0,0,0,0,0,0,-,-,33.70676040649414,-117.95426177978516,ORANGE,FOUNTAIN VALLEY,-117.9539031982422,33.70505142211914
9226340,2021,2021-03-22,3000,2021-01-05,1840,5805,891E5,2,5,5,3050,0,0,0,NA,0,765,LAKE FOREST DR,RT 5,11,W,N,A,-,N,NA,NA,NA,NA,NA,NA,NA,NA,NA,Y,2,0,3,2,A,-,08,22101,D,N,D,C,A,A,H,-,C,A,0,NA,NA,NA,NA,Y,NA,A,01,1,1,1,0,0,0,0,0,0,-,-,NA,NA,ORANGE,LAKE FOREST,-117.72046661376952,33.62839126586914