CASE_ID,ACCIDENT_YEAR,PROC_DATE,JURIS,COLLISION_DATE,COLLISION_TIME,OFFICER_ID,REPORTING_DISTRICT,DAY_OF_WEEK,CHP_SHIFT,POPULATION,CNTY_CITY_LOC,SPECIAL_COND,BEAT_TYPE,CHP_BEAT_TYPE,CITY_DIVISION_LAPD,CHP_BEAT_CLASS,BEAT_NUMBER,PRIMARY_RD,SECONDARY_RD,DISTANCE,DIRECTION,INTERSECTION,WEATHER_1,WEATHER_2,STATE_HWY_IND,CALTRANS_COUNTY,CALTRANS_DISTRICT,STATE_ROUTE,ROUTE_SUFFIX,POSTMILE_PREFIX,POSTMILE,LOCATION_TYPE,RAMP_INTERSECTION,SIDE_OF_HWY,TOW_AWAY,COLLISION_SEVERITY,NUMBER_KILLED,NUMBER_INJURED,PARTY_COUNT,PRIMARY_COLL_FACTOR,PCF_CODE_OF_VIOL,PCF_VIOL_CATEGORY,PCF_VIOLATION,PCF_VIOL_SUBSECTION,HIT_AND_RUN,TYPE_OF_COLLISION,MVIW,PED_ACTION,ROAD_SURFACE,ROAD_COND_1,ROAD_COND_2,LIGHTING,CONTROL_DEVICE,CHP_ROAD_TYPE,PEDESTRIAN_ACCIDENT,BICYCLE_ACCIDENT,MOTORCYCLE_ACCIDENT,TRUCK_ACCIDENT,NOT_PRIVATE_PROPERTY,ALCOHOL_INVOLVED,STWD_VEHTYPE_AT_FAULT,CHP_VEHTYPE_AT_FAULT,COUNT_SEVERE_INJ,COUNT_VISIBLE_INJ,COUNT_COMPLAINT_PAIN,COUNT_PED_KILLED,COUNT_PED_INJURED,COUNT_BICYCLIST_KILLED,COUNT_BICYCLIST_INJURED,COUNT_MC_KILLED,COUNT_MC_INJURED,PRIMARY_RAMP,SECONDARY_RAMP,LATITUDE,LONGITUDE,COUNTY,CITY,POINT_X,POINT_Y
92438869,2024,2024-07-15,9675,2024-07-04,1715,019599,NA,4,2,7,3001,0,1,3,NA,2,095,SR-91 EASTBOUND,WEIR CANYON RD.,150,W,N,A,-,Y,ORA,NA,91,NA,R,14.409,H,NA,R,Y,2,0,1,2,A,-,03,22350,NA,N,C,C,A,A,H,-,A,D,0,NA,NA,Y,NA,Y,NA,C,02,1,0,0,0,0,0,0,0,1,-,-,33.87017059326172,-117.7451629638672,ORANGE,ANAHEIM,-117.7451629638672,33.870182037353516
92439264,2024,2024-07-15,9670,2024-07-12,1255,020175,NA,5,1,6,3009,0,1,3,NA,2,021,SR-22 W/B TO BEACH BLVD.,BEACH BLVD.,50,W,N,B,-,Y,ORA,NA,39,NA,NA,8.583,H,NA,L,N,3,0,1,2,A,-,03,22350,NA,N,C,C,A,A,H,-,A,D,0,NA,NA,NA,NA,Y,NA,A,07,0,1,0,0,0,0,0,0,0,-,-,33.77259826660156,-117.99307250976563,ORANGE,GARDEN GROVE,-117.99281311035156,33.772621154785156
92439319,2024,2024-07-15,9670,2024-07-05,1910,022194,NA,5,2,4,3020,0,1,1,NA,2,045,I-405 S/B,BOLSA CHICA RD,1000,N,N,A,-,Y,ORA,NA,405,NA,NA,20.821,H,NA,L,N,4,0,1,2,A,-,07,21658,A,N,B,C,A,A,H,-,A,D,0,NA,NA,NA,NA,Y,NA,A,01,0,0,1,0,0,0,0,0,0,-,-,33.77434158325195,-118.04363250732422,ORANGE,SEAL BEACH,-118.04358673095705,33.77456283569336
92439381,2024,2024-09-03,9690,2024-06-23,2030,023571,NA,7,2,9,3000,0,2,4,NA,2,034,OSO PKWY,ANTONIO,0,NA,Y,A,-,N,NA,NA,NA,NA,NA,NA,NA,NA,NA,Y,3,0,1,2,A,-,09,21801,A,N,D,C,A,A,H,-,C,A,0,NA,NA,NA,NA,Y,NA,A,07,0,1,0,0,0,0,0,0,0,-,-,33.5836181640625,-117.63062286376952,ORANGE,UNINCORPORATED,-117.6308135986328,33.583534240722656
92439532,2024,2024-07-15,9670,2024-07-08,1955,020134,NA,1,2,9,3000,0,3,5,NA,2,005,WILSON STREET,AT MADISON AVENUE,0,NA,Y,A,-,N,NA,NA,NA,NA,NA,NA,NA,NA,NA,N,4,0,1,2,A,-,09,21802,A,N,D,C,A,A,H,-,A,A,0,NA,NA,NA,NA,Y,NA,A,01,0,0,1,0,0,0,0,0,0,-,-,33.74842071533203,-117.98312377929688,ORANGE,UNINCORPORATED,-117.98316192626952,33.74839782714844
92440857,2024,2024-07-16,9675,2024-07-16,1225,016748,NA,2,1,4,3002,0,1,3,NA,2,570,SR-57 N/B FROM W/B IMPERIAL HIGHWAY,IMPERIAL HIGHWAY,30,N,N,A,-,Y,ORA,NA,90,NA,R,5.491,H,NA,L,Y,4,0,1,1,A,-,03,22350,NA,N,E,I,A,A,H,-,A,D,0,NA,NA,NA,NA,Y,NA,A,07,0,0,1,0,0,0,0,0,0,-,-,33.91099166870117,-117.88291931152344,ORANGE,BREA,-117.88291931152344,33.91080093383789
92441169,2024,2024-07-17,9670,2024-07-11,840,018278,NA,4,1,6,3009,0,1,3,NA,2,022,SR-22 E/B,HARBOR BLVD,1056,E,N,B,-,Y,ORA,NA,22,NA,R,8.023,H,NA,R,N,4,0,2,3,A,-,03,22350,NA,N,C,C,A,A,H,-,A,D,0,NA,NA,NA,NA,Y,NA,A,01,0,0,2,0,0,0,0,0,0,-,-,33.76887893676758,-117.9169464111328,ORANGE,GARDEN GROVE,-117.9169464111328,33.76887512207031
92442544,2024,2024-07-18,9690,2024-07-16,1110,017903,NA,2,1,5,3017,0,1,1,NA,2,059,INTERSTATE 5,AVENIDA VISTA HERMOSA,2640,N,N,A,-,Y,ORA,NA,5,NA,NA,4.08,H,NA,R,Y,3,0,1,2,A,-,01,23152,A,F,C,C,A,A,H,-,A,D,0,NA,NA,NA,NA,Y,Y,D,22,0,1,0,0,0,0,0,0,0,-,-,33.44512176513672,-117.63131713867188,ORANGE,SAN CLEMENTE,-117.63117218017578,33.44526672363281
92442746,2024,2024-07-18,9690,2024-07-10,710,017988,NA,3,1,9,3000,0,1,3,NA,1,074,SR-74 (ORTEGA HIGHWAY) W/B,NICHOLS INSTITUTE,100,W,N,A,-,N,NA,NA,NA,NA,NA,NA,NA,NA,NA,Y,3,0,1,2,A,-,03,22350,NA,N,C,C,A,A,H,-,A,D,0,NA,NA,NA,NA,Y,NA,A,07,0,1,0,0,0,0,0,0,0,-,-,33.5626106262207,-117.54662322998048,ORANGE,UNINCORPORATED,NA,NA
92443481,2024,2024-07-19,9675,2024-07-17,1627,021274,NA,3,2,6,3015,0,1,3,NA,2,222,SR-22 E/B TO SR-55 S/B,TUSTIN AVENUE,1450,E,N,A,-,Y,ORA,NA,55,NA,NA,12.779,H,NA,L,N,3,0,1,1,A,-,03,22350,NA,N,E,I,A,A,H,-,A,D,0,NA,NA,NA,NA,Y,NA,A,01,0,1,0,0,0,0,0,0,0,-,-,33.77442932128906,-117.83142852783205,ORANGE,ORANGE,-117.83116149902344,33.77443313598633
92446729,2024,2024-07-22,9675,2024-07-18,700,020131,NA,4,1,6,3004,0,1,1,NA,2,405,I-405 SOUTHBOUND,FAIRVIEW RD,200,S,N,B,-,Y,ORA,NA,405,NA,NA,10.744,H,NA,L,N,4,0,1,2,A,-,07,21658,A,N,E,C,A,A,H,-,A,D,0,NA,NA,NA,Y,Y,NA,F,26,0,0,1,0,0,0,0,0,0,-,-,33.68756103515625,-117.90699768066406,ORANGE,COSTA MESA,-117.90699768066406,33.687713623046875
9244912,2021,2021-04-05,3000,2021-01-06,0042,10392,797G2,3,5,4,3021,0,0,0,NA,0,221,KATELLA AV,KNOTT AV,0,NA,Y,A,-,N,NA,NA,NA,NA,NA,NA,NA,NA,NA,Y,4,0,2,2,A,-,08,22107,NA,N,A,C,A,A,H,-,C,A,0,NA,NA,NA,NA,Y,NA,A,01,0,0,2,0,0,0,0,0,0,-,-,NA,NA,ORANGE,STANTON,-118.0110321044922,33.80282211303711
9245896,2021,2021-04-08,3008,2021-02-21,0928,1592,1,7,5,6,3008,0,0,0,NA,0,NA,ORANGETHORPE AV,GILBERT ST,0,NA,Y,A,-,N,NA,NA,NA,NA,NA,NA,NA,NA,NA,Y,4,0,1,2,A,-,08,22107,NA,N,D,C,A,A,H,-,A,A,0,NA,NA,NA,NA,Y,NA,A,01,0,0,1,0,0,0,0,0,0,-,-,NA,NA,ORANGE,FULLERTON,-117.96802520751952,33.85934829711914
9246433,2021,2021-04-12,3000,2021-02-25,1145,1056,892-E,4,5,5,3028,0,0,0,NA,0,751,PONDEROSA,PINECREST,0,NA,Y,A,-,N,NA,NA,NA,NA,NA,NA,NA,NA,NA,Y,3,0,2,2,A,-,09,21802,A,N,D,C,A,A,H,-,A,A,0,NA,NA,NA,NA,Y,NA,A,07,0,2,0,0,0,0,0,0,0,-,-,33.65550994873047,-117.63980102539063,ORANGE,MISSION VIEJO,-117.63975524902344,33.65548324584961
9246741,2021,2021-04-12,3000,2021-02-08,1152,10320,921B1,1,5,3,3051,0,0,0,NA,0,2A82,EL TORO RD,CALLE CORTA,0,NA,Y,A,-,N,NA,NA,NA,NA,NA,NA,NA,NA,NA,Y,4,0,2,2,A,-,09,21453,C,N,D,C,A,A,H,-,A,A,0,NA,NA,NA,NA,Y,NA,D,22,0,0,2,0,0,0,0,0,0,-,-,NA,NA,ORANGE,LAGUNA WOODS,-117.7444305419922,33.60183334350586
9247710,2021,2021-04-13,3006,2021-01-12,1823,316,24,2,5,3,3006,0,0,0,NA,0,002,LA PALMA,MOODY,0,NA,Y,A,-,N,NA,NA,NA,NA,NA,NA,NA,NA,NA,Y,4,0,2,3,A,-,09,21801,A,N,D,C,A,A,H,-,C,A,0,NA,NA,NA,NA,Y,NA,A,01,0,0,2,0,0,0,0,0,0,-,-,NA,NA,ORANGE,LA PALMA,-118.04608917236328,33.84621810913086
92480922,2024,2024-08-14,9670,2024-07-14,1840,021355,NA,7,2,9,3000,0,3,5,NA,2,003,3630 KATELLA AVE. LOS ALAMITOS CA 90720,KATELLA AVE,10,S,N,A,-,N,NA,NA,NA,NA,NA,NA,NA,NA,NA,N,3,0,1,2,A,-,05,21202,A,N,D,D,A,A,H,-,A,D,0,NA,Y,NA,NA,Y,NA,L,04,0,1,0,0,0,0,1,0,0,-,-,33.802921295166016,-118.0726318359375,ORANGE,UNINCORPORATED,-117.84047698974608,33.80913162231445
9249087,2021,2021-05-04,3009,2021-04-09,1530,4503,146,5,5,6,3009,0,0,0,NA,0,2 3,HARBOR BL,WOODBURY ST,260,N,N,A,-,N,NA,NA,NA,NA,NA,NA,NA,NA,NA,N,4,0,1,2,A,-,07,21658,A,N,B,C,A,A,H,-,A,A,0,NA,NA,NA,NA,Y,NA,A,01,0,0,1,0,0,0,0,0,0,-,-,NA,NA,ORANGE,GARDEN GROVE,-117.92040252685548,33.76460266113281
9249246,2020,2021-04-22,3008,2020-12-18,2020,1523,ZONE2,5,5,6,3008,0,0,0,NA,0,NA,HARBOR BL,CHAPMAN AV,0,NA,Y,A,-,N,NA,NA,NA,NA,NA,NA,NA,NA,NA,Y,4,0,2,2,A,-,09,21804,A,N,D,C,A,A,H,-,A,A,0,NA,NA,NA,NA,Y,NA,A,01,0,0,2,0,0,0,0,0,0,-,-,NA,NA,ORANGE,FULLERTON,-117.9243392944336,33.873931884765625
9253141,2021,2021-04-29,3000,2021-03-26,0837,5013,921G1,5,5,5,3040,0,0,0,NA,0,741,PACIFIC PARK DR,LA PAZ RD,0,NA,Y,A,-,N,NA,NA,NA,NA,NA,NA,NA,NA,NA,Y,3,0,2,3,A,-,12,21453,A,N,-,C,A,A,H,-,A,A,0,NA,NA,NA,NA,Y,NA,A,01,0,1,1,0,0,0,0,0,0,-,-,NA,NA,ORANGE,LAGUNA NIGUEL,-117.70771026611328,33.569271087646484
9253273,2021,2021-05-07,3000,2021-01-03,2050,8998,975C2,7,5,4,3018,0,0,0,NA,0,333,CAMINO CAPISTRANO,JUNIPERO SERRA RD,1778,N,N,A,-,N,NA,NA,NA,NA,NA,NA,NA,NA,NA,Y,2,0,1,2,A,-,01,23152,A,N,A,C,A,A,H,-,C,D,0,NA,NA,NA,NA,Y,Y,D,22,1,0,0,0,0,0,0,0,0,-,-,NA,NA,ORANGE,SAN JUAN CAPISTRANO,-117.6681671142578,33.524513244628906
9253646,2021,2021-04-26,3004,2021-03-20,2143,P686,03,6,5,6,3004,0,0,0,NA,0,001,E 16TH ST,NEWPORT BL,33,E,N,A,-,N,NA,NA,NA,NA,NA,NA,NA,NA,NA,Y,3,0,1,1,A,-,01,23152,NA,N,E,I,A,A,H,-,E,A,0,NA,NA,NA,NA,Y,Y,D,22,0,1,0,0,0,0,0,0,0,-,-,33.633140563964844,-117.92237091064452,ORANGE,COSTA MESA,-117.92314910888672,33.63373947143555
9255103,2021,2021-05-19,3002,2021-02-24,1000,9388,740-F,3,5,5,3025,0,0,0,NA,0,1A4,CANYON DR,CRESTKNOLL DR,315,W,N,A,-,N,NA,NA,NA,NA,NA,NA,NA,NA,NA,Y,3,0,1,3,A,-,08,22107,NA,N,C,E,A,A,H,-,A,D,0,NA,NA,NA,NA,Y,NA,A,01,0,1,0,0,0,0,0,0,0,-,-,NA,NA,ORANGE,YORBA LINDA,-117.78518676757813,33.872535705566406
9255766,2021,2021-05-17,3004,2021-02-27,1140,P654,19,6,5,6,3004,0,0,0,NA,0,015,CARAWAY DR,CINNAMON AV,83,W,N,A,-,N,NA,NA,NA,NA,NA,NA,NA,NA,NA,Y,3,0,1,2,A,-,08,22107,NA,N,C,E,A,A,H,-,A,D,0,NA,NA,NA,NA,Y,NA,A,07,0,1,0,0,0,0,0,0,0,-,-,33.6834602355957,-117.92050170898438,ORANGE,COSTA MESA,-117.92054748535156,33.683441162109375
9256440,2020,2021-08-02,3010,2020-11-01,1829,1192,467,7,5,6,3010,0,0,0,NA,0,002,HAMILTON,BROOKHURST,27,E,N,A,-,N,NA,NA,NA,NA,NA,NA,NA,NA,NA,Y,1,1,0,2,A,-,11,21954,A,N,G,B,D,A,H,-,C,A,0,Y,NA,NA,NA,Y,NA,N,60,0,0,0,1,0,0,0,0,0,-,-,NA,NA,ORANGE,HUNTINGTON BEACH,-117.95359802246094,33.65058898925781
9257326,2021,2021-04-29,3000,2021-03-28,1533,9220,972E1,7,5,4,3018,0,0,0,NA,0,730,LA NOVIA AV,CAMINO LA RONDA,0,NA,Y,A,-,N,NA,NA,NA,NA,NA,NA,NA,NA,NA,N,3,0,1,2,A,-,05,21202,A,N,A,G,A,A,H,-,A,D,0,NA,Y,NA,NA,Y,NA,L,04,0,1,0,0,0,0,1,0,0,-,-,NA,NA,ORANGE,SAN JUAN CAPISTRANO,-117.64710235595705,33.50009536743164
9257336,2021,2021-04-29,3003,2021-03-31,1206,1160,25,3,5,5,3003,0,0,0,NA,0,001,ARTESIA BL,DARLINGTON AV,0,NA,Y,A,-,N,NA,NA,NA,NA,NA,NA,NA,NA,NA,N,4,0,1,2,A,-,09,21803,NA,N,D,C,A,A,D,-,A,A,0,NA,NA,NA,NA,Y,NA,A,07,0,0,1,0,0,0,0,0,0,-,-,33.87348937988281,-117.99610137939452,ORANGE,BUENA PARK,-117.9959716796875,33.873497009277344
9258235,2021,2021-04-30,3008,2021-01-19,1900,1526,ZONE2,2,5,6,3008,0,0,0,NA,0,NA,COMMONWEALTH AV,LEMON ST,38,W,N,A,G,N,NA,NA,NA,NA,NA,NA,NA,NA,NA,N,4,0,1,2,A,-,21,22106,NA,N,B,C,A,A,H,-,C,A,0,NA,NA,NA,NA,Y,NA,A,08,0,0,1,0,0,0,0,0,0,-,-,NA,NA,ORANGE,FULLERTON,-117.9199447631836,33.870391845703125
9258236,2021,2021-04-30,3000,2021-01-15,1155,2257,770C7,5,5,2,3023,0,0,0,NA,0,014,SANTIAGO BL,CENTER ST,4,E,N,A,-,N,NA,NA,NA,NA,NA,NA,NA,NA,NA,N,3,0,1,2,A,-,09,21802,A,N,D,G,A,A,H,-,A,A,0,NA,Y,NA,NA,Y,NA,L,04,0,1,0,0,0,0,1,0,0,-,-,NA,NA,ORANGE,VILLA PARK,-117.81331634521484,33.81420135498047
92596078,2024,2024-07-24,9675,2024-07-18,35,021914,NA,4,3,6,3026,0,1,3,NA,2,074,SR-73 SOUTHBOUND,MACARTHUR BOULEVARD,400,S,N,A,-,Y,ORA,NA,73,NA,NA,23.693,H,NA,L,Y,3,0,1,1,A,-,08,22107,NA,N,E,I,A,A,H,-,D,D,0,NA,NA,NA,NA,Y,Y,A,01,0,1,0,0,0,0,0,0,0,-,-,33.64064025878906,-117.85904693603516,ORANGE,IRVINE,-117.85914611816406,33.640594482421875
92596805,2024,2024-07-24,9675,2024-07-10,640,021042,NA,3,1,6,3008,0,1,3,NA,2,571,SR-57 SOUTHBOUND,BASTANCHURY RD.,1056,N,N,A,-,Y,ORA,NA,57,NA,NA,19.033,H,NA,L,Y,3,0,1,2,A,-,07,21658,A,F,B,C,A,A,H,-,A,D,0,NA,NA,Y,NA,Y,NA,A,01,0,1,0,0,0,0,0,0,1,-,-,33.899051666259766,-117.88121032714844,ORANGE,FULLERTON,-117.88130950927734,33.899044036865234
9259938,2021,2021-05-20,3004,2021-04-07,1200,P667,13,3,5,6,3004,0,0,0,NA,0,002,NEWPORT BL,VICTORIA ST,0,NA,Y,A,-,N,NA,NA,55,NA,NA,NA,NA,NA,NA,Y,3,0,4,3,A,-,12,21453,A,N,D,C,A,A,H,-,A,A,0,NA,NA,NA,NA,Y,NA,A,01,0,4,0,0,0,0,0,0,0,-,-,33.652198791503906,-117.90869903564452,ORANGE,COSTA MESA,-117.90848541259766,33.651954650878906
92601659,2024,2024-07-25,9675,2024-07-18,1755,022521,NA,4,2,7,3019,0,1,1,NA,2,502,I-5 NORTHBOUND,SR-22 EASTBOUND,200,S,N,A,-,Y,ORA,NA,5,NA,NA,33.965,H,NA,R,N,3,0,1,3,A,-,07,21658,A,N,B,C,A,A,H,-,A,D,0,NA,NA,Y,NA,Y,NA,A,01,0,1,0,0,0,0,0,0,1,-,-,33.77830123901367,-117.87564849853516,ORANGE,SANTA ANA,-117.87554168701172,33.77836990356445
9260280,2021,2021-06-22,3000,2021-05-10,1959,4246,992J3,1,5,5,3017,0,0,0,NA,0,776,EL ORIENTE,AVENIDA DE LA ESTRELLA,119,E,N,A,-,N,NA,NA,NA,NA,NA,NA,NA,NA,NA,N,2,0,1,2,A,-,09,21804,A,N,D,G,A,-,H,-,C,D,0,NA,Y,NA,NA,Y,NA,L,04,1,0,0,0,0,0,1,0,0,-,-,NA,NA,ORANGE,SAN CLEMENTE,-117.61671447753906,33.43195724487305
9262503,2021,2021-05-12,3009,2021-04-19,0945,3927,135,1,5,6,3009,0,0,0,NA,0,2-3,HARBOR BL,BANNER DR,141,N,N,A,-,N,NA,NA,NA,NA,NA,NA,NA,NA,NA,N,4,0,1,2,A,-,05,21650,1,N,D,G,A,A,H,-,A,D,0,NA,Y,NA,NA,Y,NA,L,04,0,0,1,0,0,0,1,0,0,-,-,NA,NA,ORANGE,GARDEN GROVE,-117.92047119140624,33.76968765258789
9262983,2021,2021-05-21,3003,2021-04-20,1024,652,NA,2,5,5,3003,0,0,0,NA,0,001,BEACH BL,9TH ST,0,S,N,A,-,N,NA,NA,NA,NA,NA,NA,NA,NA,NA,N,4,0,1,2,A,-,03,22350,NA,N,C,C,A,A,H,-,A,A,0,NA,NA,NA,NA,Y,NA,A,01,0,0,1,0,0,0,0,0,0,-,-,33.515201568603516,-117.5552978515625,ORANGE,BUENA PARK,-117.99803924560548,33.86530685424805
9263825,2020,2021-05-19,3008,2020-10-23,2129,1582,ZONE2,5,5,6,3008,0,0,0,NA,0,NA,GAGE AV,LOMBARD DR,72,W,N,A,-,N,NA,NA,NA,NA,NA,NA,NA,NA,NA,NA,2,0,1,1,B,-,22,NA,NA,N,H,A,A,A,H,-,C,D,0,NA,NA,Y,NA,Y,Y,C,03,1,0,0,0,0,0,0,0,1,-,-,NA,NA,ORANGE,FULLERTON,-117.93512725830078,33.85770797729492
9263940,2021,2021-06-01,3000,2021-04-19,0815,1920,797H2,1,5,4,3021,0,0,0,NA,0,721,KATELLA AV,WESTERN AV,0,NA,Y,A,-,N,NA,NA,NA,NA,NA,NA,NA,NA,NA,N,4,0,1,4,A,-,12,21453,A,N,D,C,F,A,H,-,A,A,0,Y,NA,NA,NA,Y,NA,A,01,0,0,1,0,1,0,0,0,0,-,-,NA,NA,ORANGE,STANTON,-118.001953125,33.80288314819336
9264973,2021,2021-05-21,3000,2021-03-22,2330,9052,921B2,1,5,4,3049,0,0,0,NA,0,483,EL TORO RD,CANYON HILLS DR,0,NA,Y,A,-,N,NA,NA,NA,NA,NA,NA,NA,NA,NA,Y,4,0,1,3,A,-,05,21651,B,F,C,C,A,A,H,-,C,D,0,NA,NA,NA,NA,Y,NA,A,01,0,0,1,0,0,0,0,0,0,-,-,NA,NA,ORANGE,ALISO VIEJO,-117.74869537353516,33.59564208984375
9264984,2021,2021-05-21,3015,2021-04-29,1127,1644,951J3,4,5,6,3015,0,0,0,NA,0,6M44,ST OF GOLDEN LANTERN,PASEO DE COLINAS,0,NA,Y,A,-,N,NA,NA,NA,NA,NA,NA,NA,NA,NA,Y,4,0,1,2,A,-,12,21453,A,N,D,A,A,A,H,-,A,A,0,NA,NA,NA,NA,Y,NA,A,01,0,0,1,0,0,0,0,0,0,-,-,NA,NA,ORANGE,ORANGE,-117.68587,33.53781
9265979,2021,2021-05-27,3008,2021-04-10,0645,1578,ZONE1,6,5,6,3008,0,0,0,NA,0,NA,EUCLID ST,RT 91,0,NA,Y,A,-,NA,NA,NA,NA,NA,NA,NA,NA,NA,NA,Y,4,0,2,3,A,-,12,21453,A,N,A,C,A,A,H,-,A,A,0,NA,NA,NA,NA,Y,NA,A,01,0,0,2,0,0,0,0,0,0,-,-,NA,NA,ORANGE,FULLERTON,-117.94183349609376,33.8542366027832
9265993,2021,2021-05-27,3026,2021-05-03,1702,468,PORTO,1,5,6,3026,0,0,0,NA,0,00P,CULVER DR,IRVINE BL,0,NA,Y,A,-,N,NA,NA,NA,NA,NA,NA,NA,NA,NA,Y,3,0,2,2,A,-,09,21453,C,N,D,C,A,A,H,-,A,A,0,NA,NA,NA,NA,Y,NA,A,07,0,2,0,0,0,0,0,0,0,-,-,NA,NA,ORANGE,IRVINE,-117.77114105224608,33.72140884399414
9269412,2021,2021-05-28,3005,2021-05-08,1400,8263,C16,6,5,4,3005,0,0,0,NA,0,002,LINCOLN AV,VALLEY VIEW ST,700,W,N,A,-,N,NA,NA,NA,NA,NA,NA,NA,NA,NA,Y,3,0,2,2,A,-,03,22350,NA,N,C,C,A,A,H,-,A,D,0,NA,NA,NA,NA,Y,NA,A,01,0,1,1,0,0,0,0,0,0,-,-,NA,NA,ORANGE,CYPRESS,-118.03079223632813,33.831687927246094
9269639,2021,2021-06-16,3026,2021-04-02,1250,4991,NA,5,5,6,3026,0,0,0,NA,0,NA,BAKE PKWY,MUIRLANDS BL,44,S,N,A,-,N,NA,NA,NA,NA,NA,NA,NA,NA,NA,Y,3,0,1,2,A,-,01,23152,A,N,D,C,A,A,H,-,A,A,0,NA,NA,NA,NA,Y,Y,A,01,0,1,0,0,0,0,0,0,0,-,-,33.63972091674805,-117.71627044677734,ORANGE,IRVINE,-117.71627807617188,33.6397819519043
9269640,2021,2021-06-10,3026,2021-04-28,2208,601,PORTO,3,5,6,3026,0,0,0,NA,0,00P,PORTOLA PKWY,FORGE,0,NA,Y,A,-,N,NA,NA,NA,NA,NA,NA,NA,NA,NA,N,4,0,1,2,A,-,12,21453,A,N,D,G,A,A,H,-,C,A,0,NA,Y,NA,NA,Y,NA,A,07,0,0,1,0,0,0,1,0,0,-,-,NA,NA,ORANGE,IRVINE,NA,NA
9270373,2021,2021-06-09,3008,2021-05-11,1601,1387,1,2,5,6,3008,0,0,0,NA,0,NA,ORANGETHORPE AV,BROOKHURST RD,360,E,N,A,-,N,NA,NA,NA,NA,NA,NA,NA,NA,NA,Y,3,0,1,2,A,-,09,21801,A,N,D,C,A,A,H,-,A,A,0,NA,NA,NA,NA,Y,NA,A,01,0,1,0,0,0,0,0,0,0,-,-,NA,NA,ORANGE,FULLERTON,-117.9581298828125,33.85921859741211
9271078,2021,2021-06-14,3000,2021-05-17,1608,5163,951D7,1,5,5,3040,0,0,0,NA,0,743,PACIFIC ISLAND DR,TALAVERA DR,0,NA,Y,A,-,N,NA,NA,NA,NA,NA,NA,NA,NA,NA,Y,3,0,2,2,A,-,09,21801,A,N,D,C,A,A,H,-,A,D,0,NA,NA,NA,NA,Y,NA,A,01,0,1,1,0,0,0,0,0,0,-,-,NA,NA,ORANGE,LAGUNA NIGUEL,-117.7292709350586,33.51322937011719
9271656,2021,2021-06-18,3000,2021-05-08,1341,1916,922A2,6,5,4,3045,0,0,0,NA,0,745,LA PAZ RD,RT 5,0,NA,Y,A,-,Y,ORA,12,5,-,-,16.717,R,4,S,Y,3,0,3,2,A,-,12,21453,A,N,D,C,A,A,H,-,A,A,0,NA,NA,NA,NA,Y,NA,A,07,0,1,2,0,0,0,0,0,0,-,SF,NA,NA,ORANGE,LAGUNA HILLS,-117.67912292480467,33.59919357299805
9272452,2021,2021-06-07,3008,2021-04-01,1252,1407,NA,4,5,6,3008,0,0,0,NA,0,NA,COMMONWEALTH AV,HIGHLAND AV,0,NA,Y,A,-,NA,NA,NA,NA,NA,NA,NA,NA,NA,NA,Y,4,0,3,2,A,-,12,21453,A,N,D,C,A,A,H,-,A,A,0,NA,NA,NA,NA,Y,NA,A,07,0,0,3,0,0,0,0,0,0,-,-,NA,NA,ORANGE,FULLERTON,-117.9287109375,33.870330810546875
9272455,2021,2021-06-07,3008,2021-04-24,2206,1626,ZONE1,6,5,6,3008,0,0,0,NA,0,NA,MAGNOLIA AV,RT 5,45,N,N,A,-,NA,NA,NA,NA,NA,NA,NA,NA,NA,NA,Y,4,0,1,3,A,-,03,22350,NA,N,C,C,A,A,H,-,C,A,0,NA,NA,NA,NA,Y,NA,A,01,0,0,1,0,0,0,0,0,0,-,-,NA,NA,ORANGE,FULLERTON,-117.97624206542967,33.85493850708008
9274217,2021,2021-06-23,3000,2021-05-16,1140,10598,891D7,7,5,3,3051,0,0,0,NA,0,NA,TOWN CENTRE,EL TORO RD,0,NA,Y,B,-,N,NA,NA,NA,NA,NA,NA,NA,NA,NA,Y,4,0,1,1,A,-,08,22107,NA,N,E,I,A,A,H,-,A,A,0,NA,NA,NA,NA,Y,NA,A,01,0,0,1,0,0,0,0,0,0,-,-,NA,NA,ORANGE,LAGUNA WOODS,NA,NA
9275377,2021,2021-07-15,3026,2021-06-09,0857,4991,NA,3,5,6,3026,0,0,0,NA,0,NA,YALE AV,EDGEMERE DR,0,NA,Y,A,-,N,NA,NA,NA,NA,NA,NA,NA,NA,NA,NA,4,0,1,2,D,-,00,NA,NA,N,D,C,A,A,H,-,A,A,0,NA,NA,NA,NA,Y,NA,-,-,0,0,1,0,0,0,0,0,0,-,-,NA,NA,ORANGE,IRVINE,-117.78139495849608,33.69403839111328
9275864,2021,2021-06-29,3010,2021-06-06,0123,2012,413,7,5,6,3010,0,0,0,NA,0,005,RT 39,TAYLOR DR,330,N,N,A,-,Y,ORA,12,39,-,-,3.45,H,-,S,Y,3,0,2,2,A,-,21,22106,NA,N,C,C,A,A,-,-,C,D,0,NA,NA,NA,NA,Y,NA,A,01,0,1,1,0,0,0,0,0,0,-,-,NA,NA,ORANGE,HUNTINGTON BEACH,-117.98920440673828,33.698570251464844
9276433,2021,2021-09-16,3000,2021-06-26,1945,2647,17797,6,5,4,3021,0,0,0,NA,0,017,KATELLA AV,WESTERN AV,0,NA,Y,A,-,N,NA,NA,NA,NA,NA,NA,NA,NA,NA,Y,4,0,3,4,B,-,22,NA,NA,N,D,C,A,A,H,-,A,A,0,NA,NA,NA,NA,Y,NA,J,48,0,0,3,0,0,0,0,0,0,-,-,33.802860260009766,-118.00203704833984,ORANGE,STANTON,-118.001953125,33.80288314819336