CASE_ID,ACCIDENT_YEAR,PROC_DATE,JURIS,COLLISION_DATE,COLLISION_TIME,OFFICER_ID,REPORTING_DISTRICT,DAY_OF_WEEK,CHP_SHIFT,POPULATION,CNTY_CITY_LOC,SPECIAL_COND,BEAT_TYPE,CHP_BEAT_TYPE,CITY_DIVISION_LAPD,CHP_BEAT_CLASS,BEAT_NUMBER,PRIMARY_RD,SECONDARY_RD,DISTANCE,DIRECTION,INTERSECTION,WEATHER_1,WEATHER_2,STATE_HWY_IND,CALTRANS_COUNTY,CALTRANS_DISTRICT,STATE_ROUTE,ROUTE_SUFFIX,POSTMILE_PREFIX,POSTMILE,LOCATION_TYPE,RAMP_INTERSECTION,SIDE_OF_HWY,TOW_AWAY,COLLISION_SEVERITY,NUMBER_KILLED,NUMBER_INJURED,PARTY_COUNT,PRIMARY_COLL_FACTOR,PCF_CODE_OF_VIOL,PCF_VIOL_CATEGORY,PCF_VIOLATION,PCF_VIOL_SUBSECTION,HIT_AND_RUN,TYPE_OF_COLLISION,MVIW,PED_ACTION,ROAD_SURFACE,ROAD_COND_1,ROAD_COND_2,LIGHTING,CONTROL_DEVICE,CHP_ROAD_TYPE,PEDESTRIAN_ACCIDENT,BICYCLE_ACCIDENT,MOTORCYCLE_ACCIDENT,TRUCK_ACCIDENT,NOT_PRIVATE_PROPERTY,ALCOHOL_INVOLVED,STWD_VEHTYPE_AT_FAULT,CHP_VEHTYPE_AT_FAULT,COUNT_SEVERE_INJ,COUNT_VISIBLE_INJ,COUNT_COMPLAINT_PAIN,COUNT_PED_KILLED,COUNT_PED_INJURED,COUNT_BICYCLIST_KILLED,COUNT_BICYCLIST_INJURED,COUNT_MC_KILLED,COUNT_MC_INJURED,PRIMARY_RAMP,SECONDARY_RAMP,LATITUDE,LONGITUDE,COUNTY,CITY,POINT_X,POINT_Y
9276841,2021,2022-02-10,3003,2021-06-03,1408,652,NA,4,5,5,3003,0,0,0,NA,0,NA,KNOTT AV,THELMA AV,45,S,N,A,-,N,NA,NA,NA,NA,NA,NA,NA,NA,NA,Y,3,0,1,2,A,-,03,22350,NA,N,C,C,A,A,H,-,A,A,0,NA,NA,Y,NA,Y,NA,C,02,0,1,0,0,0,0,0,0,1,-,-,33.85070037841797,-118.01119995117188,ORANGE,BUENA PARK,-118.01126098632813,33.85066604614258
92800678,2024,2024-07-29,9670,2024-07-21,1630,023139,NA,7,2,5,3003,0,1,1,NA,2,500,I-5 N/B,SR-91,275,N,N,A,-,Y,ORA,NA,5,NA,NA,42.369,H,NA,R,Y,4,0,1,1,A,-,03,22350,NA,N,E,I,A,A,H,-,A,D,0,NA,NA,NA,NA,Y,NA,A,01,0,0,1,0,0,0,0,0,0,-,-,33.85831832885742,-117.98268127441406,ORANGE,BUENA PARK,-117.9826431274414,33.85840606689453
9280946,2021,2021-07-01,3000,2021-05-13,1745,7734,892E1,4,5,5,3028,0,0,0,NA,0,753,SANTA MARGARITA PKWY,MARGUERITE PKWY,1020,E,N,A,-,N,NA,NA,NA,NA,NA,NA,NA,NA,NA,Y,4,0,2,2,A,-,09,21804,A,N,D,C,A,A,H,-,A,D,0,NA,NA,NA,NA,Y,NA,A,01,0,0,2,0,0,0,0,0,0,-,-,NA,NA,ORANGE,MISSION VIEJO,-117.64142608642578,33.650917053222656
9281082,2021,2021-07-13,3000,2021-05-21,1907,7734,922C4,5,5,5,3028,0,0,0,NA,0,753,OSO PKWY,MARGUERITE PKWY,0,NA,Y,A,-,N,NA,NA,NA,NA,NA,NA,NA,NA,NA,Y,4,0,1,3,A,-,09,21453,C,N,D,C,A,A,H,-,A,A,0,NA,NA,NA,NA,Y,NA,D,22,0,0,1,0,0,0,0,0,0,-,-,NA,NA,ORANGE,MISSION VIEJO,-117.65959167480467,33.58415603637695
9281534,2021,2021-08-26,3012,2021-07-15,1203,693,47,4,5,5,3012,0,0,0,NA,0,004,EUCLID,SANDLEWOOD,0,NA,Y,A,-,N,NA,NA,NA,NA,NA,NA,NA,NA,NA,N,4,0,1,2,A,-,09,21804,A,N,B,C,A,A,H,-,A,A,0,NA,NA,NA,NA,Y,NA,A,01,0,0,1,0,0,0,0,0,0,-,-,NA,NA,ORANGE,LA HABRA,-117.94711303710938,33.91307830810547
9282790,2021,2021-07-16,3004,2021-06-25,1907,P631,09,5,5,6,3004,0,0,0,NA,0,003,HARBOR BL,HAMILTON ST,14,N,N,A,-,N,NA,NA,NA,NA,NA,NA,NA,NA,NA,N,3,0,1,2,A,-,10,21950,NA,N,G,B,B,A,H,-,A,A,0,Y,NA,NA,NA,Y,NA,A,07,0,1,0,0,1,0,0,0,0,-,-,33.65082931518555,-117.91903686523438,ORANGE,COSTA MESA,-117.9190673828125,33.650787353515625
9284271,2021,2021-07-16,3009,2021-06-15,1255,3486,093,2,5,6,3009,0,0,0,NA,0,012,BROOKHURST ST,PAVILLION WAY,0,NA,Y,A,-,N,NA,NA,NA,NA,NA,NA,NA,NA,NA,N,3,0,1,2,A,-,09,21801,A,N,D,C,A,A,H,-,A,A,0,NA,NA,Y,NA,Y,NA,A,01,0,1,0,0,0,0,0,0,1,-,-,NA,NA,ORANGE,GARDEN GROVE,-117.95877838134766,33.78689956665039
9284857,2021,2021-07-08,3009,2021-06-01,1210,4626,071,2,5,6,3009,0,0,0,NA,0,012,ORANGEWOOD AV,MAGNOLIA ST,97,E,N,A,-,N,NA,NA,NA,NA,NA,NA,NA,NA,NA,N,4,0,2,2,A,-,03,22350,NA,N,C,C,A,A,H,-,A,A,0,NA,NA,NA,NA,Y,NA,A,01,0,0,2,0,0,0,0,0,0,-,-,NA,NA,ORANGE,GARDEN GROVE,-117.97524261474608,33.7957649230957
9285109,2021,2021-07-12,3010,2021-06-06,1401,3024,138,7,5,6,3010,0,0,0,NA,0,009,EDWARDS,BOLSA,20,S,N,A,-,N,NA,NA,NA,NA,NA,NA,NA,NA,NA,Y,4,0,1,2,A,-,09,21453,B,N,B,C,A,A,H,-,A,A,0,NA,NA,NA,NA,Y,NA,A,01,0,0,1,0,0,0,0,0,0,-,-,NA,NA,ORANGE,HUNTINGTON BEACH,-118.01569366455078,33.74429702758789
9286313,2021,2021-07-13,3010,2021-06-13,1429,1066,173,7,5,6,3010,0,0,0,NA,0,008,RT 1,WARNER,5915,E,N,A,-,Y,ORA,12,1,-,-,28.81,H,-,S,N,4,0,1,2,A,-,07,21658,A,N,B,C,A,A,H,-,A,D,0,NA,NA,Y,NA,Y,NA,A,01,0,0,1,0,0,0,0,0,1,-,-,NA,NA,ORANGE,HUNTINGTON BEACH,-118.05107879638672,33.6996955871582
9287754,2021,2021-07-30,3026,2021-07-02,2140,635,CROSS,5,5,6,3026,0,0,0,NA,0,00C,SAND CANYON AV,RT 5,3,N,N,A,-,Y,ORA,12,5,-,R,24.082,R,1,S,N,3,0,1,2,A,-,09,21453,B,N,G,B,B,A,H,-,C,A,0,Y,NA,NA,NA,Y,NA,A,01,0,1,0,0,1,0,0,0,0,-,SF,NA,NA,ORANGE,IRVINE,-117.75970458984376,33.67888259887695
9288424,2021,2021-07-14,3004,2021-05-28,1149,P549,31,5,5,6,3004,0,0,0,NA,0,014,RED HILL AV,CLINTON ST,0,NA,Y,A,-,N,NA,NA,NA,NA,NA,NA,NA,NA,NA,Y,4,0,2,2,A,-,09,21802,A,N,D,C,A,A,H,-,A,D,0,NA,NA,NA,NA,Y,NA,A,07,0,0,2,0,0,0,0,0,0,-,-,33.668399810791016,-117.88009643554688,ORANGE,COSTA MESA,-117.88027954101563,33.668521881103516
9289474,2021,2021-07-15,3000,2021-05-21,0751,3497,992H4,5,5,5,3017,0,0,0,NA,0,175,NORTH EL CAMINO REAL,AVENIDA DE LA GRULLA,132,N,N,A,-,N,NA,NA,NA,NA,NA,NA,NA,NA,NA,N,3,0,1,2,A,-,05,21460,A,N,B,C,A,A,H,-,A,D,0,NA,NA,NA,NA,Y,NA,A,01,0,1,0,0,0,0,0,0,0,-,-,NA,NA,ORANGE,SAN CLEMENTE,-117.62383270263672,33.432308197021484
9289944,2021,2021-07-26,3026,2021-06-18,1559,8929,PORTO,5,5,6,3026,0,0,0,NA,0,009,MUIRLANDS BL,BAKE PKWY,42,W,N,A,-,N,NA,NA,NA,NA,NA,NA,NA,NA,NA,N,3,0,1,2,A,-,03,22350,NA,N,C,C,A,A,H,-,A,A,0,NA,NA,Y,NA,Y,NA,C,02,0,1,0,0,0,0,0,0,1,-,-,33.63822937011719,-117.71640777587892,ORANGE,IRVINE,-117.71624755859376,33.63993835449219
9290481,2021,2021-08-25,3009,2021-07-05,1949,4787,111,1,5,6,3009,0,0,0,NA,0,2 1,EUCLID ST,ORANGEWOOD AV,105,S,N,A,-,N,NA,NA,NA,NA,NA,NA,NA,NA,NA,N,3,0,1,3,A,-,01,23152,A,N,C,C,A,A,H,-,A,A,0,NA,NA,NA,Y,Y,NA,A,01,0,1,0,0,0,0,0,0,0,-,-,NA,NA,ORANGE,GARDEN GROVE,-117.94137573242188,33.795650482177734
9290675,2021,2021-08-24,3009,2021-07-02,1200,3965,033,5,5,6,3009,0,0,0,NA,0,011,KNOTT ST,LAMPSON AV,0,NA,Y,A,-,N,NA,NA,NA,NA,NA,NA,NA,NA,NA,N,3,0,1,2,A,-,00,21456,1,M,G,B,B,A,H,-,A,A,0,Y,NA,NA,NA,Y,Y,N,60,0,1,0,0,1,0,0,0,0,-,-,NA,NA,ORANGE,GARDEN GROVE,-118.01116943359376,33.78101348876953
9291105,2021,2021-07-19,3003,2021-06-28,1638,652,NA,1,5,5,3003,0,0,0,NA,0,NA,KNOTT AV,EL VERANO DR,24,N,N,A,-,N,NA,NA,NA,NA,NA,NA,NA,NA,NA,N,4,0,1,1,A,-,08,22107,NA,N,E,I,A,A,H,-,A,A,0,NA,NA,NA,NA,Y,NA,A,07,0,0,1,0,0,0,0,0,0,-,-,33.85260009765625,-118.01100158691406,ORANGE,BUENA PARK,-118.01126861572266,33.85248565673828
9291235,2021,2021-07-20,3009,2021-06-21,1248,3739,042,1,5,6,3009,0,0,0,NA,0,1 1,WESTERN AV,CHAPMAN AV,221,N,N,A,-,N,NA,NA,NA,NA,NA,NA,NA,NA,NA,Y,4,0,2,3,A,-,03,22350,NA,N,C,C,A,A,H,-,A,A,0,NA,NA,NA,NA,Y,NA,A,07,0,0,2,0,0,0,0,0,0,-,-,NA,NA,ORANGE,GARDEN GROVE,-118.00153350830078,33.788936614990234
9291342,2021,2021-07-30,3000,2021-03-30,1445,2849,861H7,2,5,5,3050,0,0,0,NA,0,764,BAKE PKWY,CRESCENT BAY DR,7,E,N,A,-,N,NA,NA,NA,NA,NA,NA,NA,NA,NA,Y,4,0,1,1,A,-,01,23152,G,N,E,I,A,A,H,-,A,D,0,NA,NA,NA,NA,Y,Y,A,01,0,0,1,0,0,0,0,0,0,-,-,NA,NA,ORANGE,LAKE FOREST,-117.6890106201172,33.66301345825195
9291515,2021,2021-07-21,3000,2021-06-22,1049,5036,922C5,2,5,5,3028,0,0,0,NA,0,750,RECODO LN,LA SIERRA DR,289,N,N,A,B,N,NA,NA,NA,NA,NA,NA,NA,NA,NA,Y,3,0,1,3,C,-,18,NA,NA,N,C,E,A,A,D,H,A,D,0,NA,NA,NA,NA,Y,NA,-,-,0,1,0,0,0,0,0,0,0,-,-,NA,NA,ORANGE,MISSION VIEJO,-117.6594696044922,33.57196044921875
9291711,2021,2021-09-11,3000,2021-07-05,1430,1387,921G6,1,5,4,3049,0,0,0,NA,0,183,PACIFIC PARK DR,LA PAZ RD,67,E,N,A,-,N,NA,NA,NA,NA,NA,NA,NA,NA,NA,N,4,0,1,2,A,-,03,22350,NA,N,C,C,A,A,H,-,A,A,0,NA,NA,NA,NA,Y,NA,A,07,0,0,1,0,0,0,0,0,0,-,-,NA,NA,ORANGE,ALISO VIEJO,-117.7074966430664,33.56931686401367
9291847,2020,2021-07-14,3000,2020-11-25,1545,2742,992J4,3,5,5,3017,0,0,0,NA,0,778,NORTH EL CAMINO REAL,AVENIDA PALIZADA,0,NA,Y,A,-,N,NA,NA,NA,NA,NA,NA,NA,NA,NA,Y,4,0,1,2,A,-,09,21801,A,N,D,C,A,A,H,-,A,A,0,NA,NA,Y,NA,Y,NA,A,01,0,0,1,0,0,0,0,0,1,-,-,NA,NA,ORANGE,SAN CLEMENTE,-117.61553192138672,33.42974090576172
9292451,2021,2021-07-23,3026,2021-06-23,1923,488,NA,3,5,6,3026,0,0,0,NA,0,NA,BELL CHIME,WHITE SAGE,184,W,N,A,-,N,NA,NA,NA,NA,NA,NA,NA,NA,NA,N,4,0,1,2,A,-,08,22107,NA,N,B,J,A,A,H,-,A,D,0,NA,NA,Y,NA,Y,NA,C,03,0,0,1,0,0,0,0,0,1,-,-,NA,NA,ORANGE,IRVINE,-117.71890258789063,33.697879791259766
9293401,2021,2021-08-17,3026,2021-07-09,1034,4991,PORTO,5,5,6,3026,0,0,0,NA,0,NA,JEFFREY RD,HIDEAWAY,416,N,N,A,-,N,NA,NA,NA,NA,NA,NA,NA,NA,NA,Y,4,0,1,2,A,-,21,22106,NA,N,C,C,A,A,H,-,A,A,0,NA,NA,NA,NA,Y,NA,A,07,0,0,1,0,0,0,0,0,0,-,-,NA,NA,ORANGE,IRVINE,-117.75835418701172,33.700138092041016
9294038,2021,2021-09-10,3000,2021-07-02,0114,7734,922-F,5,5,5,3028,0,0,0,NA,0,753,LA PAZ RD,FELIPE RD,0,NA,Y,B,-,N,NA,NA,NA,NA,NA,NA,NA,NA,NA,Y,4,0,1,1,A,-,01,23152,A,N,E,I,A,A,H,-,C,A,0,NA,NA,NA,NA,Y,Y,A,01,0,0,1,0,0,0,0,0,0,-,-,NA,NA,ORANGE,MISSION VIEJO,-117.63446044921876,33.60294723510742
9297097,2021,2021-09-17,3002,2021-07-30,1126,10363,GRID,5,5,5,3025,0,0,0,NA,0,004,HIDDEN HILLS,STARLIGHT,295,N,N,A,-,N,NA,NA,NA,NA,NA,NA,NA,NA,NA,Y,3,0,1,1,A,-,08,22107,NA,N,E,I,A,A,H,-,A,D,0,NA,NA,NA,NA,Y,NA,D,22,0,1,0,0,0,0,0,0,0,-,-,NA,NA,ORANGE,YORBA LINDA,-117.74533081054688,33.88739776611328
9301097,2021,2021-08-16,3012,2021-06-23,1210,611,34,3,5,5,3012,0,0,0,NA,0,003,BEACH BL,FASHION SQUARE LN,305,S,N,A,-,Y,ORA,12,39,-,-,19.3,H,-,N,Y,2,0,2,2,A,-,09,21804,A,N,D,C,A,A,H,-,A,D,0,NA,NA,NA,NA,Y,NA,A,01,1,0,1,0,0,0,0,0,0,-,-,NA,NA,ORANGE,LA HABRA,-117.96768951416016,33.91876220703125
9302983,2021,2021-08-24,3004,2021-07-06,0124,P698,32,2,5,6,3004,0,0,0,NA,0,015,PARK CENTER DR,ANTON BL,0,NA,N,A,-,N,NA,NA,NA,NA,NA,NA,NA,NA,NA,Y,3,0,1,1,-,-,-,NA,F,N,E,I,A,A,H,-,D,A,0,NA,NA,NA,NA,Y,NA,A,01,0,1,0,0,0,0,0,0,0,-,-,33.60900115966797,-117.88300323486328,ORANGE,COSTA MESA,-117.88346862792967,33.690086364746094
9303721,2021,2021-08-23,3006,2021-05-17,0641,337,120,1,5,3,3006,0,0,0,NA,0,002,MOODY ST,LA PALMA AV,0,NA,Y,A,B,N,NA,NA,NA,NA,NA,NA,NA,NA,NA,Y,3,0,1,2,D,-,00,NA,NA,N,D,C,A,A,H,-,B,A,0,NA,NA,NA,NA,Y,NA,-,-,0,1,0,0,0,0,0,0,0,-,-,NA,NA,ORANGE,LA PALMA,-118.04608917236328,33.84621810913086
9303842,2021,2021-08-17,3026,2021-07-30,1703,6352,NA,5,5,6,3026,0,0,0,NA,0,00U,REDHILL AV,SKYPARK,320,S,N,A,-,N,NA,NA,NA,NA,NA,NA,NA,NA,NA,Y,3,0,3,3,A,-,03,22350,NA,N,C,C,A,A,H,-,A,A,0,NA,NA,NA,NA,Y,NA,A,01,0,2,1,0,0,0,0,0,0,-,-,NA,NA,ORANGE,IRVINE,-117.85841369628906,33.691627502441406
93051188,2024,2024-07-31,9690,2024-07-23,1623,018733,NA,2,2,4,3045,0,1,1,NA,2,055,I-5 S/B (SAN DIEGO FRWY),EL TORO RD,1000,N,N,A,-,Y,ORA,NA,5,NA,NA,19.404,H,NA,L,N,2,0,1,3,A,-,08,22107,NA,N,B,C,A,A,H,-,A,D,0,NA,NA,Y,NA,Y,NA,A,07,1,0,0,0,0,0,0,0,1,-,-,33.62274169921875,-117.71553802490234,ORANGE,LAGUNA HILLS,-117.71560668945313,33.62269973754883
93097470,2024,2024-08-01,9675,2024-07-20,1719,023128,NA,6,2,6,3015,0,1,3,NA,2,222,SR-22 WESTBOUND,MAIN ST,1780,E,N,A,-,Y,ORA,NA,22,NA,R,11.341,H,NA,L,N,4,0,5,4,A,-,03,22350,NA,N,C,C,A,A,H,-,A,D,0,NA,NA,NA,NA,Y,NA,D,22,0,0,5,0,0,0,0,0,0,-,-,33.778350830078125,-117.86125946044922,ORANGE,ORANGE,-117.86125946044922,33.77832794189453
9310447,2021,2021-10-08,3026,2021-08-03,1516,4779,U,2,5,6,3026,0,0,0,NA,0,00U,BARRANCA PKWY,ARMSTRONG AV,0,NA,Y,A,-,N,NA,NA,NA,NA,NA,NA,NA,NA,NA,Y,2,0,3,3,A,-,09,21453,C,N,D,C,A,A,H,-,A,A,0,NA,NA,NA,NA,Y,NA,A,01,1,1,1,0,0,0,0,0,0,-,-,NA,NA,ORANGE,IRVINE,-117.8367156982422,33.700931549072266
9314100,2021,2021-09-20,3009,2021-08-19,0127,4576,NA,4,5,6,3009,0,0,0,NA,0,012,BROOKHURST ST,CHAPMAN AV,0,NA,Y,A,-,N,NA,NA,NA,NA,NA,NA,NA,NA,NA,N,3,0,1,2,A,-,00,21461,NA,N,A,B,B,A,H,-,C,A,0,Y,NA,NA,NA,Y,NA,N,60,0,1,0,0,1,0,0,0,0,-,-,NA,NA,ORANGE,GARDEN GROVE,-117.95883178710938,33.78852844238281
9316709,2020,2021-09-16,3000,2020-07-09,1229,9388,797J6,4,5,4,3021,0,0,0,NA,0,2A21,KATELLA AV,MAGNOLIA AV,0,NA,Y,A,-,N,NA,NA,NA,NA,NA,NA,NA,NA,NA,Y,4,0,2,2,D,-,00,NA,NA,N,F,C,A,A,H,-,A,A,0,NA,NA,NA,NA,Y,NA,-,-,0,0,2,0,0,0,0,0,0,-,-,NA,NA,ORANGE,STANTON,-117.97564697265624,33.80308151245117
9316739,2021,2021-10-11,3026,2021-08-11,1439,531,CROSS,3,5,6,3026,0,0,0,NA,0,004,WALNUT AV,HARVARD AV,0,NA,Y,A,-,N,NA,NA,NA,NA,NA,NA,NA,NA,NA,Y,4,0,1,2,A,-,12,21453,A,N,D,C,A,A,H,-,A,A,0,NA,NA,NA,NA,Y,NA,A,01,0,0,1,0,0,0,0,0,0,-,-,33.71063995361328,-117.7966079711914,ORANGE,IRVINE,-117.796630859375,33.71057891845703
9320541,2022,2022-04-01,3004,2022-02-24,2211,P664,27,4,5,6,3004,0,0,0,NA,0,004,HARBOR BL,SOUTH COAST DR,0,NA,Y,A,-,N,NA,NA,NA,NA,NA,NA,NA,NA,NA,Y,1,1,1,2,A,-,12,21453,A,N,D,C,A,A,H,-,C,A,0,NA,NA,NA,NA,Y,NA,A,07,0,1,0,0,0,0,0,0,0,-,-,33.69166946411133,-117.91951751708984,ORANGE,COSTA MESA,-117.91954040527344,33.69161605834961
9320964,2020,2022-07-07,3020,2020-03-18,0032,430,S10,3,5,4,3020,0,0,0,NA,0,NA,SEAL BEACH BL,APOLLO DR,0,NA,Y,A,-,N,NA,NA,NA,NA,NA,NA,NA,NA,NA,Y,3,0,1,1,A,-,01,23152,NA,M,E,I,A,A,H,-,C,D,0,NA,NA,NA,NA,Y,Y,A,01,0,1,0,0,0,0,0,0,0,-,-,NA,NA,ORANGE,SEAL BEACH,-118.08616638183594,33.754268646240234
9320976,2020,2022-07-07,3020,2020-09-07,1352,437,S18,1,5,4,3020,0,0,0,NA,0,003,SEAL BEACH BL,ROSSMOOR CENTER WY,430,S,N,A,-,N,NA,NA,NA,NA,NA,NA,NA,NA,NA,Y,3,0,1,1,D,-,00,NA,NA,N,E,I,A,A,H,-,A,D,0,NA,NA,NA,NA,Y,NA,-,-,0,1,0,0,0,0,0,0,0,-,-,NA,NA,ORANGE,SEAL BEACH,-118.0720672607422,33.78329086303711
9321096,2021,2022-08-29,3010,2021-09-11,2017,3858,173,6,5,6,3010,0,0,0,NA,0,008,RT 1,WARNER AV,4455,S,N,A,-,Y,ORA,12,1,-,-,29.04,H,-,S,Y,1,1,2,4,A,-,03,22349,A,N,D,C,A,A,H,-,D,D,0,NA,NA,Y,NA,Y,NA,C,02,1,0,1,0,0,0,0,1,1,-,-,NA,NA,ORANGE,HUNTINGTON BEACH,-118.05352020263672,33.702293395996094
9322233,2021,2021-09-27,3003,2021-08-17,2028,699,NA,2,5,5,3003,0,0,0,NA,0,003,BEACH BL,LA PALMA AV,300,N,N,A,-,N,NA,NA,NA,NA,NA,NA,NA,NA,NA,Y,4,0,1,1,A,-,03,22350,A,N,F,I,A,A,H,-,C,A,0,NA,NA,NA,NA,Y,NA,-,NA,0,0,1,0,0,0,0,0,0,-,-,33.84769821166992,-117.997802734375,ORANGE,BUENA PARK,-117.99783325195313,33.8474235534668
9323341,2021,2021-10-01,3000,2021-08-09,1842,4246,992J4,1,5,5,3017,0,0,0,NA,0,776,AVENIDA CABRILLO,NORTH EL CAMINO REAL,0,E,N,A,-,N,NA,NA,NA,NA,NA,NA,NA,NA,NA,N,4,0,1,2,A,-,10,21950,A,N,G,B,B,A,H,-,B,A,0,Y,NA,NA,NA,Y,NA,A,07,0,0,1,0,1,0,0,0,0,-,-,NA,NA,ORANGE,SAN CLEMENTE,-117.61318969726563,33.42814254760742
9323369,2021,2021-10-04,3009,2021-08-23,1535,4748,105,1,5,6,3009,0,0,0,NA,0,1-3,GARDEN GROVE BL,CYPRESS ST,7,W,N,A,-,N,NA,NA,NA,NA,NA,NA,NA,NA,NA,Y,3,0,1,2,A,-,03,22350,NA,N,D,C,A,A,H,-,A,A,0,NA,NA,Y,NA,Y,NA,C,02,0,1,0,0,0,0,0,0,1,-,-,NA,NA,ORANGE,GARDEN GROVE,-117.94861602783205,33.77404022216797
9323402,2021,2021-10-19,3000,2021-09-05,0157,6717,NA,7,5,5,3050,0,0,0,NA,0,18762,LAKE FOREST DR,PORTOLA PKWY,67,E,N,A,-,N,NA,NA,NA,NA,NA,NA,NA,NA,NA,Y,3,0,2,2,A,-,01,23153,A,N,D,C,A,A,H,-,C,A,0,NA,NA,NA,NA,Y,Y,A,01,0,1,1,0,0,0,0,0,0,-,-,33.40314865112305,-117.39273834228516,ORANGE,LAKE FOREST,-117.65753936767578,33.67540740966797
93243096,2024,2024-08-01,9675,2024-07-19,1610,022922,NA,5,2,7,3019,0,1,1,NA,2,502,I-5 SOUTHBOUND,LA VETA AVENUE,1055,S,N,A,-,Y,ORA,NA,5,NA,NA,33.92,H,NA,L,N,2,0,1,2,A,-,03,22350,NA,N,C,C,A,A,H,-,A,D,0,NA,NA,Y,NA,Y,NA,C,02,1,0,0,0,0,0,0,0,1,-,-,33.77790832519531,-117.87551879882813,ORANGE,SANTA ANA,-117.87562561035156,33.77784729003906
9324653,2021,2021-09-21,3004,2021-07-15,1151,P459,12,4,5,6,3004,0,0,0,NA,0,015,22ND ST,ORANGE AV,0,NA,Y,A,-,N,NA,NA,NA,NA,NA,NA,NA,NA,NA,N,3,0,1,2,A,-,12,22450,A,F,H,A,A,A,H,-,A,A,0,NA,NA,Y,NA,Y,NA,A,01,0,1,0,0,0,0,0,0,1,-,-,33.64931869506836,-117.90479278564452,ORANGE,COSTA MESA,-117.90485382080078,33.64936065673828
9325606,2021,2021-10-22,3009,2021-09-16,1120,4873,132,4,5,6,3009,0,0,0,NA,0,2-1,9TH ST,DANIEL AV,117,N,N,A,-,N,NA,NA,NA,NA,NA,NA,NA,NA,NA,Y,4,0,1,3,A,-,08,22107,NA,N,C,E,A,A,H,-,A,D,0,NA,NA,NA,NA,Y,NA,A,01,0,0,1,0,0,0,0,0,0,-,-,NA,NA,ORANGE,GARDEN GROVE,-117.93257904052734,33.79393005371094
9325724,2021,2021-10-15,3026,2021-09-14,0752,4779,P,2,5,6,3026,0,0,0,NA,0,00P,ARROWHEAD,PORTOLA PKWY,10,S,N,B,-,N,NA,NA,NA,NA,NA,NA,NA,NA,NA,N,4,0,1,2,A,-,03,22350,NA,N,H,C,A,A,H,-,A,A,0,NA,NA,NA,NA,Y,NA,M,94,0,0,1,0,0,0,0,0,0,-,-,NA,NA,ORANGE,IRVINE,-117.72345733642578,33.702674865722656
9326067,2021,2021-10-22,3026,2021-09-24,0005,643,PORTO,5,5,6,3026,0,0,0,NA,0,00P,PORTOLA,BEE CANYON,32,S,N,A,-,N,NA,NA,NA,NA,NA,NA,NA,NA,NA,Y,4,0,1,1,A,-,01,23152,A,N,E,I,A,A,H,-,C,D,0,NA,NA,NA,NA,Y,Y,-,NA,0,0,1,0,0,0,0,0,0,-,-,NA,NA,ORANGE,IRVINE,-117.73729705810548,33.712135314941406
9326075,2021,2021-10-22,3026,2021-09-08,1249,8929,UNIVE,3,5,6,3026,0,0,0,NA,0,NA,VON KARMAN AV,MCGAW AV,453,S,N,A,-,N,NA,NA,NA,NA,NA,NA,NA,NA,NA,Y,4,0,1,2,A,-,09,21801,A,N,D,C,A,A,H,-,A,D,0,NA,NA,NA,NA,Y,NA,A,01,0,0,1,0,0,0,0,0,0,-,-,33.690330505371094,-117.8415069580078,ORANGE,IRVINE,-117.84242248535156,33.68938064575195
9326596,2021,2021-10-14,3003,2021-09-15,1822,1210,NA,3,5,5,3003,0,0,0,NA,0,NA,DALE ST,WHITAKER ST,0,NA,Y,A,-,N,NA,NA,NA,NA,NA,NA,NA,NA,NA,Y,4,0,1,2,A,-,12,22450,NA,N,D,C,A,A,H,-,C,D,0,NA,NA,NA,NA,Y,NA,A,01,0,0,1,0,0,0,0,0,0,-,-,33.86640167236328,-117.98509979248048,ORANGE,BUENA PARK,-117.9850616455078,33.8663444519043
9326691,2021,2021-10-25,3003,2021-09-20,2111,1240,NA,1,5,5,3003,0,0,0,NA,0,NA,BEACH BL,ORANGETHORPE AV,695,S,N,A,-,N,NA,NA,39,NA,NA,NA,NA,NA,NA,Y,4,0,1,2,A,-,03,22350,NA,N,C,C,A,A,H,-,C,A,0,NA,NA,NA,NA,Y,NA,A,08,0,0,1,0,0,0,0,0,0,-,-,33.8567008972168,-117.997802734375,ORANGE,BUENA PARK,-117.99794006347656,33.85669708251953
9327049,2021,2021-10-13,3004,2021-09-19,1212,P651,16,7,5,6,3004,0,0,0,NA,0,015,FAIRVIEW RD,ARLINGTON DR,0,NA,Y,A,-,N,NA,NA,NA,NA,NA,NA,NA,NA,NA,Y,3,0,5,2,D,-,00,NA,NA,N,D,C,A,A,H,-,A,A,0,NA,NA,NA,NA,Y,NA,-,-,0,4,1,0,0,0,0,0,0,-,-,33.668941497802734,-117.90766143798828,ORANGE,COSTA MESA,-117.90779876708984,33.668819427490234
93342768,2024,2024-08-02,9690,2024-07-23,1950,020472,NA,2,2,4,3018,0,1,1,NA,2,057,I-5 S/B (SAN DIEGO FRWY),SR-74 (ORTEGA HIGHWAY),3168,N,N,A,-,Y,ORA,NA,5,NA,NA,10.204,H,NA,L,Y,4,0,2,4,A,-,07,21658,A,N,B,C,A,A,H,-,A,D,0,NA,NA,NA,NA,Y,NA,A,01,0,0,2,0,0,0,0,0,0,-,-,33.510658264160156,-117.66172790527344,ORANGE,SAN JUAN CAPISTRANO,-117.66167449951172,33.51067352294922