CASE_ID,ACCIDENT_YEAR,PROC_DATE,JURIS,COLLISION_DATE,COLLISION_TIME,OFFICER_ID,REPORTING_DISTRICT,DAY_OF_WEEK,CHP_SHIFT,POPULATION,CNTY_CITY_LOC,SPECIAL_COND,BEAT_TYPE,CHP_BEAT_TYPE,CITY_DIVISION_LAPD,CHP_BEAT_CLASS,BEAT_NUMBER,PRIMARY_RD,SECONDARY_RD,DISTANCE,DIRECTION,INTERSECTION,WEATHER_1,WEATHER_2,STATE_HWY_IND,CALTRANS_COUNTY,CALTRANS_DISTRICT,STATE_ROUTE,ROUTE_SUFFIX,POSTMILE_PREFIX,POSTMILE,LOCATION_TYPE,RAMP_INTERSECTION,SIDE_OF_HWY,TOW_AWAY,COLLISION_SEVERITY,NUMBER_KILLED,NUMBER_INJURED,PARTY_COUNT,PRIMARY_COLL_FACTOR,PCF_CODE_OF_VIOL,PCF_VIOL_CATEGORY,PCF_VIOLATION,PCF_VIOL_SUBSECTION,HIT_AND_RUN,TYPE_OF_COLLISION,MVIW,PED_ACTION,ROAD_SURFACE,ROAD_COND_1,ROAD_COND_2,LIGHTING,CONTROL_DEVICE,CHP_ROAD_TYPE,PEDESTRIAN_ACCIDENT,BICYCLE_ACCIDENT,MOTORCYCLE_ACCIDENT,TRUCK_ACCIDENT,NOT_PRIVATE_PROPERTY,ALCOHOL_INVOLVED,STWD_VEHTYPE_AT_FAULT,CHP_VEHTYPE_AT_FAULT,COUNT_SEVERE_INJ,COUNT_VISIBLE_INJ,COUNT_COMPLAINT_PAIN,COUNT_PED_KILLED,COUNT_PED_INJURED,COUNT_BICYCLIST_KILLED,COUNT_BICYCLIST_INJURED,COUNT_MC_KILLED,COUNT_MC_INJURED,PRIMARY_RAMP,SECONDARY_RAMP,LATITUDE,LONGITUDE,COUNTY,CITY,POINT_X,POINT_Y
9393513,2022,2022-02-03,3004,2022-01-22,0909,P542,05,6,5,6,3004,0,0,0,NA,0,015,ORANGE AV,ROCHESTER ST,0,NA,Y,A,-,N,NA,NA,NA,NA,NA,NA,NA,NA,NA,Y,4,0,1,2,A,-,09,21802,A,N,D,C,A,A,H,-,A,D,0,NA,NA,NA,NA,Y,NA,A,07,0,0,1,0,0,0,0,0,0,-,-,33.63800048828125,-117.91819763183594,ORANGE,COSTA MESA,-117.9170379638672,33.63711166381836
9395976,2022,2022-02-10,3004,2022-01-09,2131,P688,20,7,5,6,3004,0,0,0,NA,0,010,MURRAY LN,BAKER ST,10,N,N,A,-,N,NA,NA,NA,NA,NA,NA,NA,NA,NA,Y,3,0,4,1,A,-,08,22107,NA,N,A,I,A,A,H,-,C,D,0,NA,NA,NA,NA,Y,NA,A,01,0,3,1,0,0,0,0,0,0,-,-,NA,NA,ORANGE,COSTA MESA,-117.91094970703124,33.68014907836914
9396563,2022,2022-02-10,3009,2022-01-22,1426,4330,095,6,5,6,3009,0,0,0,NA,0,1-3,BROOKHURST ST,IMPERIAL AV,46,N,N,A,-,N,NA,NA,NA,NA,NA,NA,NA,NA,NA,N,4,0,1,3,A,-,03,22350,NA,N,C,C,A,A,H,-,A,A,0,NA,NA,NA,NA,Y,NA,A,01,0,0,1,0,0,0,0,0,0,-,-,NA,NA,ORANGE,GARDEN GROVE,-117.95510864257813,33.76969528198242
9396564,2022,2022-02-10,3009,2022-01-20,1639,4762,104,4,5,6,3009,0,0,0,NA,0,1-2,BROOKHURST ST,GARDEN GROVE BL,37,S,N,A,-,N,NA,NA,NA,NA,NA,NA,NA,NA,NA,Y,4,0,1,2,A,-,03,22350,NA,N,C,C,A,A,H,-,A,A,0,NA,NA,NA,NA,Y,NA,A,07,0,0,1,0,0,0,0,0,0,-,-,NA,NA,ORANGE,GARDEN GROVE,-117.95514678955078,33.7739372253418
9396714,2021,2022-02-08,3003,2021-10-31,0204,652,NA,7,5,5,3003,0,0,0,NA,0,001,MALVERN AV,MONTICELLO AV,33,E,N,A,-,N,NA,NA,NA,NA,NA,NA,NA,NA,NA,Y,2,0,1,1,A,-,03,22350,NA,N,E,I,A,A,H,-,C,D,0,NA,NA,NA,NA,Y,Y,A,01,1,0,0,0,0,0,0,0,0,-,-,33.877899169921875,-117.98580169677734,ORANGE,BUENA PARK,-117.98605346679688,33.8778190612793
9403203,2021,2022-02-15,3000,2021-12-21,1700,9157,892E2,2,5,5,3028,0,0,0,NA,0,152,CORAL GARDENS,LA BARCA,91,S,N,A,-,N,NA,NA,NA,NA,NA,NA,NA,NA,NA,Y,3,0,1,1,A,-,01,23152,A,N,E,I,A,A,H,-,C,-,0,NA,NA,NA,NA,Y,Y,D,22,0,1,0,0,0,0,0,0,0,-,-,NA,NA,ORANGE,MISSION VIEJO,-117.6408233642578,33.64493942260742
9403506,2021,2022-05-04,3000,2021-12-22,2015,9320,LNPS,3,5,5,3040,0,0,0,NA,0,NA,CROWN VALLEY PKWY,VIA VALLE,403,W,N,-,-,N,NA,NA,NA,NA,NA,NA,NA,NA,NA,Y,1,1,0,1,D,-,00,NA,NA,N,E,I,A,A,H,-,C,D,0,NA,NA,NA,NA,Y,NA,-,-,0,0,0,0,0,0,0,0,0,-,-,NA,NA,ORANGE,LAGUNA NIGUEL,-117.71844482421876,33.51984405517578
9404842,2021,2022-12-06,3000,2021-10-14,1913,10349,972A6,4,5,4,3029,0,0,0,NA,0,435,COAST HWY,DOHENY PARK RD,370,N,N,A,-,N,NA,NA,NA,NA,NA,NA,NA,NA,NA,N,3,0,1,2,A,-,03,22350,NA,N,G,-,F,-,H,-,D,D,0,Y,Y,NA,NA,Y,NA,L,04,0,1,0,0,1,0,0,0,0,-,-,NA,NA,ORANGE,DANA POINT,NA,NA
9404913,2022,2022-03-15,3005,2022-01-17,1005,8236,C14,1,5,4,3005,0,0,0,NA,0,002,LINCOLN,DENNI ST,382,W,N,B,-,N,NA,NA,NA,NA,NA,NA,NA,NA,NA,N,4,0,1,2,A,-,03,22350,NA,N,C,C,A,B,H,-,A,D,0,NA,NA,NA,Y,Y,NA,A,01,0,0,1,0,0,0,0,0,0,-,-,NA,NA,ORANGE,CYPRESS,-118.0558624267578,33.83161163330078
9407877,2022,2022-06-16,3000,2022-05-07,0415,10842,892H6,6,5,4,3048,0,0,0,NA,0,3A67,ARROYO VISTA,LAS MESITAS,237,W,N,A,-,N,NA,NA,NA,NA,NA,NA,NA,NA,NA,Y,4,0,1,2,A,-,08,22107,NA,N,A,E,A,A,H,-,C,D,0,NA,NA,NA,NA,Y,NA,A,01,0,0,1,0,0,0,0,0,0,-,-,NA,NA,ORANGE,RANCHO SANTA MARGARITA,-117.61606597900392,33.62179946899414
9411043,2022,2022-03-18,3000,2022-01-20,1658,5377,951J5,4,5,5,3040,0,0,0,NA,0,743,GOLDEN LANTERN,VIA DE ALZA,565,S,N,A,-,N,NA,NA,NA,NA,NA,NA,NA,NA,NA,Y,3,0,2,2,A,-,03,22350,NA,N,C,C,A,A,H,-,A,D,0,NA,NA,NA,NA,Y,NA,D,22,0,1,1,0,0,0,0,0,0,-,-,NA,NA,ORANGE,LAGUNA NIGUEL,-117.68508911132813,33.5318603515625
9411515,2022,2022-03-01,3011,2022-01-07,0950,31348,0,5,5,4,3011,0,0,0,NA,0,NA,FLAMINGO RD,ORIOLE DR,0,NA,Y,B,-,N,NA,NA,NA,NA,NA,NA,NA,NA,NA,Y,2,0,2,1,A,-,03,22350,NA,N,A,I,A,A,H,-,A,D,0,NA,NA,NA,NA,Y,NA,D,22,1,1,0,0,0,0,0,0,0,-,-,NA,NA,ORANGE,LAGUNA BEACH,-117.7668914794922,33.537940979003906
9412022,2022,2022-02-23,3000,2022-01-24,1421,5036,922C6,1,5,5,3028,0,0,0,NA,0,750,CROWN VALLEY PKWY,BELLOGENTE,113,W,N,A,-,N,NA,NA,NA,NA,NA,NA,NA,NA,NA,Y,4,0,2,2,A,-,07,21658,NA,N,D,C,A,A,H,-,A,D,0,NA,NA,NA,NA,Y,NA,A,01,0,0,2,0,0,0,0,0,0,-,-,NA,NA,ORANGE,MISSION VIEJO,-117.66278839111328,33.564170837402344
9413300,2022,2022-03-07,3026,2022-01-18,1935,635,C,2,5,6,3026,0,0,0,NA,0,00C,IRVINE CENTER DR,JEFFREY,0,NA,Y,A,-,N,NA,NA,NA,NA,NA,NA,NA,NA,NA,Y,4,0,1,2,A,-,09,21453,C,N,D,C,A,A,H,-,C,A,0,NA,NA,NA,NA,Y,NA,A,01,0,0,1,0,0,0,0,0,0,-,-,NA,NA,ORANGE,IRVINE,-117.77890014648438,33.67953872680664
9413364,2022,2022-03-10,3026,2022-02-12,1540,669,39,6,5,6,3026,0,0,0,NA,0,00C,EAST YALE LOOP,OSBORN,18,S,N,A,-,N,NA,NA,NA,NA,NA,NA,NA,NA,NA,NA,2,0,1,2,A,-,08,22107,NA,N,D,G,A,A,H,-,A,D,0,NA,Y,NA,NA,Y,NA,A,07,1,0,0,0,0,0,1,0,0,-,-,NA,NA,ORANGE,IRVINE,-117.7885284423828,33.67415237426758
9414221,2022,2022-03-16,3011,2022-02-20,0915,31488,43,7,5,4,3011,0,0,0,NA,0,003,RT 1,CALLIOPE ST,180,S,N,B,-,Y,ORA,12,1,-,-,8.24,H,-,S,Y,4,0,1,2,A,-,17,22517,NA,N,B,G,A,-,H,-,A,D,0,NA,Y,NA,NA,Y,NA,A,01,0,0,1,0,0,0,1,0,0,-,-,NA,NA,ORANGE,LAGUNA BEACH,-117.7724609375,33.52967834472656
9416278,2022,2022-03-16,3004,2022-02-27,1545,P651,09,7,5,6,3004,0,0,0,NA,0,012,VICTORIA ST,MAPLE ST,106,W,N,A,-,N,NA,NA,NA,NA,NA,NA,NA,NA,NA,Y,4,0,1,4,A,-,03,22350,NA,N,C,C,A,A,H,-,A,A,0,NA,NA,NA,NA,Y,NA,A,01,0,0,1,0,0,0,0,0,0,-,-,33.390899658203125,-117.55229949951172,ORANGE,COSTA MESA,-117.92314910888672,33.652530670166016
9417735,2022,2022-05-11,3003,2022-04-02,0945,1209,3003,6,5,5,3003,0,0,0,NA,0,002,9TH ST,FULLERTON AV,75,E,N,B,-,N,NA,NA,NA,NA,NA,NA,NA,NA,NA,Y,3,0,1,2,A,-,09,21804,NA,N,D,C,A,A,H,-,A,D,0,NA,NA,NA,NA,Y,NA,A,01,0,1,0,0,0,0,0,0,0,-,-,33.865299224853516,-118,ORANGE,BUENA PARK,-118.00015258789063,33.86531066894531
9418785,2022,2022-03-28,3000,2022-02-11,1521,1794,921H2,5,5,4,3045,0,0,0,NA,0,M47,ALICIA PKWY,WILKES PL,0,NA,Y,A,-,N,NA,NA,NA,NA,NA,NA,NA,NA,NA,Y,4,0,2,2,A,-,12,21453,A,N,D,C,A,A,H,-,A,A,0,NA,NA,NA,NA,Y,NA,A,07,0,0,2,0,0,0,0,0,0,-,-,NA,NA,ORANGE,LAGUNA HILLS,-117.69574737548828,33.59595489501953
9418788,2022,2022-03-28,3000,2022-02-11,1843,8737,891G2,5,5,5,3050,0,0,0,NA,0,062,SERRANO RD,QUIET OAK DR,507,W,N,A,-,N,NA,NA,NA,NA,NA,NA,NA,NA,NA,Y,2,0,2,2,A,-,01,23152,G,N,C,E,A,A,H,-,C,D,0,NA,NA,NA,NA,Y,Y,A,01,1,1,0,0,0,0,0,0,0,-,-,NA,NA,ORANGE,LAKE FOREST,-117.6995849609375,33.64762496948242
9418789,2022,2022-03-28,3000,2022-02-28,1546,4246,973D6,1,5,5,3017,0,0,0,NA,0,776,CAMINO LA PEDRIZA,VIA PORTADA,0,NA,Y,A,-,N,NA,NA,NA,NA,NA,NA,NA,NA,NA,Y,3,0,4,2,A,-,09,21802,A,N,D,C,A,A,H,-,A,A,0,NA,NA,NA,NA,Y,NA,A,07,0,3,1,0,0,0,0,0,0,-,-,NA,NA,ORANGE,SAN CLEMENTE,-117.57926177978516,33.46269226074219
9418795,2022,2022-03-28,3000,2022-02-02,1538,4647,921F6,3,5,5,3040,0,0,0,NA,0,1538,HEATHER RIDGE RD,PACIFIC PARK RD,1217,S,N,A,-,N,NA,NA,NA,NA,NA,NA,NA,NA,NA,Y,4,0,1,1,A,-,03,22350,A,N,F,I,A,A,H,-,A,D,0,NA,NA,NA,NA,Y,NA,A,01,0,0,1,0,0,0,0,0,0,-,-,NA,NA,ORANGE,LAGUNA NIGUEL,-117.71212005615234,33.56662368774414
9419151,2022,2022-04-21,3000,2022-02-24,1520,5455,892H5,4,5,4,3048,0,0,0,NA,0,767,ARROYO VISTA,AVENIDA DE LAS BANDERAS,6,S,N,A,-,N,NA,NA,NA,NA,NA,NA,NA,NA,NA,N,4,0,1,2,D,-,00,NA,NA,N,B,C,A,A,H,-,A,A,0,NA,NA,NA,NA,Y,NA,-,-,0,0,1,0,0,0,0,0,0,-,-,NA,NA,ORANGE,RANCHO SANTA MARGARITA,-117.61302947998048,33.62342071533203
9420164,2022,2022-04-18,3000,2022-02-01,0550,2672,891J5,2,5,5,3050,0,0,0,NA,0,6M62,EL TORO RD,2ND ST,0,NA,Y,A,-,N,NA,NA,NA,NA,NA,NA,NA,NA,NA,N,4,0,1,2,A,-,03,22350,NA,F,D,C,A,A,H,-,C,D,0,NA,NA,NA,NA,Y,NA,A,01,0,0,1,0,0,0,0,0,0,-,-,NA,NA,ORANGE,LAKE FOREST,-117.68893432617188,33.62976837158203
9422168,2022,2022-05-24,3004,2022-04-18,1719,P651,10,1,5,6,3004,0,0,0,NA,0,013,W WILSON ST,PLACENTIA AV,12,E,N,A,-,N,NA,NA,NA,NA,NA,NA,NA,NA,NA,N,3,0,1,2,A,-,11,21453,D,N,G,B,B,A,H,-,A,A,0,Y,NA,NA,NA,Y,NA,N,60,0,1,0,0,1,0,0,0,0,-,-,33.65610122680664,-117.93190002441406,ORANGE,COSTA MESA,-117.93212127685548,33.65605163574219
9424924,2022,2022-04-08,3000,2022-03-14,0820,10357,973C4,1,5,5,3017,0,0,0,NA,0,777,AVENIDA TALEGA,CAMINO VIENTO FUERTE WEST,0,NA,Y,A,-,N,NA,NA,NA,NA,NA,NA,NA,NA,NA,Y,4,0,2,2,A,-,00,21457,NA,N,D,C,A,A,H,-,A,B,0,NA,NA,NA,NA,Y,NA,A,01,0,0,2,0,0,0,0,0,0,-,-,NA,NA,ORANGE,SAN CLEMENTE,-117.590087890625,33.47658157348633
9426013,2022,2022-04-01,3026,2022-03-10,1857,6352,NA,4,5,6,3026,0,0,0,NA,0,00C,TRABUCO RD,RT 5,330,E,N,A,-,N,NA,NA,NA,NA,NA,NA,NA,NA,NA,Y,4,0,1,1,C,-,18,NA,NA,N,E,I,A,A,H,-,C,D,0,NA,NA,NA,NA,Y,NA,-,-,0,0,1,0,0,0,0,0,0,-,-,NA,NA,ORANGE,IRVINE,NA,NA
9426038,2022,2022-04-26,3003,2022-03-06,1154,1124,NA,7,5,5,3003,0,0,0,NA,0,NA,LINCOLN AV,LOS ALTOS DR,293,E,N,A,-,N,NA,NA,NA,NA,NA,NA,NA,NA,NA,N,4,0,1,2,A,-,10,21950,NA,N,G,B,F,A,H,-,A,D,0,Y,NA,NA,NA,Y,NA,I,11,0,0,1,0,1,0,0,0,0,-,-,33.831878662109375,-118.03119659423828,ORANGE,BUENA PARK,-118.0312957763672,33.831787109375
9426264,2022,2022-04-06,3005,2022-03-03,1015,8041,C13,4,5,4,3005,0,0,0,NA,0,002,LINCOLN AV,S BLOOMFIELD AV,0,NA,Y,A,-,N,NA,NA,NA,NA,NA,NA,NA,NA,NA,Y,3,0,2,2,D,-,00,NA,NA,N,D,C,A,A,H,-,A,A,0,NA,NA,NA,NA,Y,NA,-,-,0,2,0,0,0,0,0,0,0,-,-,NA,NA,ORANGE,CYPRESS,-118.06124877929688,33.831565856933594
9427319,2022,2022-04-19,3009,2022-03-18,0747,4358,116,5,5,6,3009,0,0,0,NA,0,2-3,TAFT ST,BLAKE ST,0,NA,Y,A,-,N,NA,NA,NA,NA,NA,NA,NA,NA,NA,Y,2,0,3,3,A,-,12,22450,A,N,H,C,A,A,H,-,A,A,0,NA,NA,NA,NA,Y,NA,A,01,1,1,1,0,0,0,0,0,0,-,-,NA,NA,ORANGE,GARDEN GROVE,-117.94204711914063,33.76287841796875
9428427,2022,2022-05-05,3000,2022-03-17,0038,3358,972C1,4,5,4,3018,0,0,0,NA,0,731,CAMINO CAPISTRANO,ORTEGA HWY,311,N,N,A,-,N,NA,NA,NA,NA,NA,NA,NA,NA,NA,Y,3,0,1,2,A,-,03,22350,NA,M,A,E,A,A,H,-,C,D,0,NA,NA,NA,NA,Y,NA,D,22,0,1,0,0,0,0,0,0,0,-,-,NA,NA,ORANGE,SAN JUAN CAPISTRANO,-117.6633529663086,33.50255584716797
9429417,2022,2022-04-28,3000,2022-03-13,1630,5805,891G7,7,5,5,3050,0,0,0,NA,0,765,BELGREEN PL,LANDISVIEW AV,3,S,N,A,-,N,NA,NA,NA,NA,NA,NA,NA,NA,NA,Y,4,0,1,2,A,-,01,23152,A,N,A,C,A,A,H,-,A,A,0,NA,NA,NA,NA,Y,Y,A,01,0,0,1,0,0,0,0,0,0,-,-,NA,NA,ORANGE,LAKE FOREST,-117.69998931884766,33.61472702026367
9430325,2022,2022-04-04,3006,2022-02-16,1150,333,7,3,5,3,3006,0,0,0,NA,0,001,ORANGETHORPE,CENTER DR,0,NA,Y,A,-,N,NA,NA,NA,NA,NA,NA,NA,NA,NA,Y,4,0,2,2,A,-,09,21801,A,N,A,C,A,A,H,-,A,A,0,NA,NA,NA,NA,Y,NA,A,01,0,0,2,0,0,0,0,0,0,-,-,NA,NA,ORANGE,LA PALMA,NA,NA
9430905,2022,2022-04-19,3026,2022-03-26,0052,657,1,6,5,6,3026,0,0,0,NA,0,00U,CULVER DR,ALTON PKWY,27,N,N,A,-,N,NA,NA,NA,NA,NA,NA,NA,NA,NA,Y,4,0,1,2,A,-,12,21453,A,N,D,C,A,A,H,-,C,A,0,NA,NA,NA,NA,Y,Y,A,01,0,0,1,0,0,0,0,0,0,-,-,NA,NA,ORANGE,IRVINE,-117.8115463256836,33.68092727661133
9432634,2022,2022-08-25,3000,2022-06-14,1120,5013,971F5,2,5,4,3029,0,0,0,NA,0,736,PACIFIC COAST HWY,NIGUEL RD,27,S,N,A,-,N,NA,NA,NA,NA,NA,NA,NA,NA,NA,Y,4,0,1,2,A,-,07,21658,A,N,D,C,A,A,H,-,A,A,0,NA,NA,NA,NA,Y,NA,A,01,0,0,1,0,0,0,0,0,0,-,-,NA,NA,ORANGE,DANA POINT,-117.71659088134766,33.47586441040039
9432706,2022,2022-08-26,3002,2022-07-19,0020,8737,740B3,2,5,5,3025,0,0,0,NA,0,001,IMPERIAL HWY,CASA LOMA AV,418,S,N,A,-,N,NA,NA,NA,NA,NA,NA,NA,NA,NA,Y,2,0,6,7,A,-,01,23152,A,N,C,E,F,A,H,-,C,D,0,Y,NA,NA,NA,Y,Y,D,22,2,4,0,0,4,0,0,0,0,-,-,33.895179748535156,-117.82266235351563,ORANGE,YORBA LINDA,-117.82312774658205,33.89543533325195
9433337,2022,2022-09-27,3000,2022-08-24,1300,8737,921C2,3,5,4,3049,0,0,0,NA,0,083,ALISO CREEK RD W,WESTWING,420,W,N,A,-,N,NA,NA,NA,NA,NA,NA,NA,NA,NA,N,3,0,1,2,A,-,08,22107,NA,N,B,C,A,A,H,-,A,D,0,NA,NA,NA,NA,Y,NA,J,49,0,1,0,0,0,0,0,0,0,-,-,33.59674835205078,-117.7398681640625,ORANGE,ALISO VIEJO,-117.73968505859376,33.59675598144531
9435023,2022,2022-05-05,3005,2022-04-05,0845,8236,C23,2,5,4,3005,0,0,0,NA,0,002,BALL RD,HOLDER ST,0,NA,Y,A,-,N,NA,NA,NA,NA,NA,NA,NA,NA,NA,N,3,0,2,2,A,-,12,21453,A,N,D,C,A,A,H,-,A,A,0,NA,NA,NA,NA,Y,NA,A,01,0,2,0,0,0,0,0,0,0,-,-,NA,NA,ORANGE,CYPRESS,-118.01950073242188,33.817176818847656
94355605,2024,2024-08-15,9675,2024-08-05,806,017773,NA,1,1,6,3004,0,1,1,NA,2,045,I-405 N/B,HARBOR BLVD,300,N,N,A,-,Y,ORA,NA,405,NA,NA,11.533,H,NA,R,Y,4,0,1,1,A,-,03,22350,NA,N,E,8,A,A,H,-,A,D,0,NA,NA,NA,NA,Y,NA,A,07,0,0,1,0,0,0,0,0,0,-,-,33.68962860107422,-117.92047119140624,ORANGE,COSTA MESA,-117.92040252685548,33.68974685668945
94358955,2024,2024-08-19,9675,2024-08-07,1701,018985,NA,3,2,5,3022,0,1,1,NA,2,503,I-5 N/B,JAMBOREE RD.,500,N,N,A,-,Y,ORA,NA,5,NA,NA,27.712,H,NA,R,N,4,0,1,2,C,-,18,NA,NA,N,C,C,A,A,H,-,A,D,0,NA,NA,NA,NA,Y,NA,-,-,0,0,1,0,0,0,0,0,0,-,-,33.72071838378906,-117.79670715332033,ORANGE,TUSTIN,-117.79661560058594,33.72081756591797
94360455,2024,2024-08-19,9675,2024-08-08,1225,021042,NA,4,1,6,3015,0,1,3,NA,2,550,SR-55 NORTHBOUND TO KATELLA AVE.,KATELLA AVE.,105,S,N,A,-,Y,NA,NA,NA,NA,NA,NA,NA,NA,NA,N,4,0,1,2,A,-,03,22350,NA,N,C,C,A,A,H,-,A,D,0,NA,NA,NA,NA,Y,NA,A,07,0,0,1,0,0,0,0,0,0,-,-,33.809940338134766,-117.83058166503906,ORANGE,ORANGE,-117.8318099975586,33.8104133605957
94360512,2024,2024-08-19,9670,2024-08-11,510,018180,NA,7,3,5,3007,0,1,1,NA,2,040,I-405 N/B (SAN DIEGO FREEWAY),WARNER AVE.,52,S,N,A,-,Y,ORA,NA,405,NA,NA,14.799,H,NA,R,Y,2,0,2,1,A,-,08,22107,NA,N,E,I,A,A,H,-,C,D,0,NA,NA,NA,NA,Y,NA,A,01,1,1,0,0,0,0,0,0,0,-,-,33.715728759765625,-117.96678161621094,ORANGE,FOUNTAIN VALLEY,-117.96669006347656,33.71581268310547
94361433,2024,2024-08-20,9670,2024-08-09,1455,022194,NA,5,2,5,3024,0,1,1,NA,2,040,I-405 N/B,MAGNOLIA ST,50,N,N,A,-,Y,ORA,NA,405,NA,NA,15.233,H,NA,R,N,4,0,1,3,A,-,07,21658,A,N,B,C,A,A,H,-,A,D,0,NA,NA,NA,NA,Y,NA,A,01,0,0,1,0,0,0,0,0,0,-,-,33.720428466796875,-117.97219848632813,ORANGE,WESTMINSTER,-117.97225189208984,33.72038650512695
94366476,2024,2024-08-22,9675,2024-05-27,1709,018985,NA,1,2,9,3000,0,2,4,NA,2,034,SANTIAGO CANYON ROAD,LOMA RIDGE ROAD,4544,S,N,A,-,N,NA,NA,NA,NA,NA,NA,NA,NA,NA,Y,1,1,1,2,A,-,08,22107,NA,N,D,C,A,A,H,-,A,D,0,NA,NA,NA,NA,Y,NA,A,01,0,1,0,0,0,0,0,0,0,-,-,33.7676887512207,-117.72799682617188,ORANGE,UNINCORPORATED,-117.7275161743164,33.76763153076172
94370325,2024,2024-08-27,9675,2024-08-19,2310,023105,NA,1,3,7,3019,0,1,3,NA,2,222,SR-22 EB TO BRISTOL STREET,BRISTOL STREET,475,E,N,A,-,Y,NA,NA,NA,NA,NA,NA,NA,NA,NA,N,3,0,1,1,A,-,03,22350,NA,N,F,J,A,A,H,-,C,A,0,NA,NA,NA,NA,Y,NA,A,01,0,1,0,0,0,0,0,0,0,-,-,33.77857971191406,-117.88320159912108,ORANGE,SANTA ANA,-117.88394927978516,33.77873611450195
9437310,2022,2022-05-19,3004,2022-04-13,1245,P648,01,3,5,6,3004,0,0,0,NA,0,009,PLACENTIA AV,W 18TH ST,0,NA,Y,A,-,N,NA,NA,NA,NA,NA,NA,NA,NA,NA,Y,3,0,2,2,A,-,12,21453,A,N,D,C,A,A,H,-,A,A,0,NA,NA,NA,NA,Y,NA,A,07,0,2,0,0,0,0,0,0,0,-,-,33.63970184326172,-117.93190002441406,ORANGE,COSTA MESA,-117.93196105957033,33.639739990234375
94374698,2024,2024-08-29,9690,2024-08-06,1430,017988,NA,2,2,9,3000,0,3,5,NA,2,003,SABLE,ANTONIO PKWY,0,NA,Y,A,-,N,NA,NA,NA,NA,NA,NA,NA,NA,NA,N,4,0,1,2,A,-,12,22450,A,N,D,G,A,A,H,-,A,A,0,NA,Y,NA,NA,Y,NA,A,01,0,0,1,0,0,0,1,0,0,-,-,33.58557891845703,-117.6304168701172,ORANGE,UNINCORPORATED,-117.63031005859376,33.58559799194336
94377241,2024,2024-08-30,9675,2024-05-14,1445,023634,NA,2,2,7,3001,0,1,3,NA,2,095,SR-91 WESTBOUND,SR-241 SOUTHBOUND,5280,E,N,A,-,Y,ORA,NA,91,NA,R,17.386,H,NA,L,Y,4,0,1,2,A,-,08,22107,NA,F,B,C,A,A,H,-,A,D,0,NA,NA,NA,NA,Y,NA,-,99,0,0,1,0,0,0,0,0,0,-,-,33.8736686706543,-117.69670867919922,ORANGE,ANAHEIM,-117.69672393798828,33.87370681762695
9438747,2022,2022-05-18,3011,2022-05-05,1807,31488,34,4,5,4,3011,0,0,0,NA,0,002,RT 133,RT 1,32,N,N,A,-,Y,ORA,12,133,-,-,0.01,H,-,S,N,4,0,1,2,A,-,03,22350,NA,N,C,C,A,A,H,-,A,A,0,NA,NA,NA,NA,Y,NA,A,01,0,0,1,0,0,0,0,0,0,-,-,NA,NA,ORANGE,LAGUNA BEACH,-117.78522491455078,33.5428581237793
9438848,2022,2022-05-03,3000,2022-04-05,1529,9220,952E7,2,5,4,3018,0,0,0,NA,0,730,RT 74,VIA CUARTEL,141,W,N,A,-,Y,ORA,12,74,-,-,0.79,H,-,E,Y,4,0,1,4,A,-,03,22350,NA,N,C,C,A,A,H,-,A,D,0,NA,NA,NA,NA,Y,NA,D,22,0,0,1,0,0,0,0,0,0,-,-,NA,NA,ORANGE,SAN JUAN CAPISTRANO,-117.64757537841795,33.5089225769043
94388505,2024,2024-09-10,9675,2024-09-03,538,016923,NA,2,3,7,3001,0,1,3,NA,2,094,SR-91 WESTBOUND,LAKEVIEW AVENUE,2500,E,N,A,-,Y,ORA,NA,91,NA,R,10.613,H,NA,L,N,4,0,1,2,A,-,03,22350,NA,M,C,C,A,A,H,-,A,D,0,NA,NA,NA,NA,Y,NA,-,99,0,0,1,0,0,0,0,0,0,-,-,33.854549407958984,-117.8070831298828,ORANGE,ANAHEIM,-117.80709075927734,33.8546142578125
94391090,2024,2024-09-12,9675,2024-09-04,1944,018983,NA,3,2,6,3026,0,1,1,NA,2,406,I-405 NORTHBOUND,JAMBOREE ROAD,333,N,N,A,-,Y,ORA,NA,405,NA,NA,6.994,H,NA,R,Y,3,0,1,2,A,-,07,21658,A,F,F,A,A,A,H,-,C,D,0,NA,NA,Y,NA,Y,NA,-,99,0,1,0,0,0,0,0,0,1,-,-,33.677490234375,-117.84458923339844,ORANGE,IRVINE,-117.84463500976563,33.67741775512695
94392331,2024,2024-09-12,9675,2024-09-03,1730,021274,NA,2,2,7,3001,0,1,3,NA,2,093,STATE ROUTE 91 E/B,TUSTIN AVENUE,2470,W,N,A,-,Y,ORA,NA,91,NA,NA,7.879,H,NA,R,N,3,0,1,3,A,-,07,21658,A,N,B,C,A,A,H,-,A,D,0,NA,NA,Y,NA,Y,NA,A,01,0,1,0,0,0,0,0,0,1,-,-,33.85005187988281,-117.84674835205078,ORANGE,ANAHEIM,-117.84674072265624,33.85002517700195
94392486,2024,2024-09-13,9675,2024-08-30,738,023506,NA,5,1,9,3000,0,2,4,NA,2,022,RED HILL AVENUE,LA COLINA DRIVE,0,NA,Y,B,-,N,NA,NA,NA,NA,NA,NA,NA,NA,NA,N,4,0,1,2,A,-,09,21800,A,N,D,C,A,A,H,-,A,A,0,NA,NA,NA,NA,Y,NA,-,-,0,0,1,0,0,0,0,0,0,-,-,33.75022888183594,-117.79875183105467,ORANGE,UNINCORPORATED,-117.79874420166016,33.75025177001953