CASE_ID,ACCIDENT_YEAR,PROC_DATE,JURIS,COLLISION_DATE,COLLISION_TIME,OFFICER_ID,REPORTING_DISTRICT,DAY_OF_WEEK,CHP_SHIFT,POPULATION,CNTY_CITY_LOC,SPECIAL_COND,BEAT_TYPE,CHP_BEAT_TYPE,CITY_DIVISION_LAPD,CHP_BEAT_CLASS,BEAT_NUMBER,PRIMARY_RD,SECONDARY_RD,DISTANCE,DIRECTION,INTERSECTION,WEATHER_1,WEATHER_2,STATE_HWY_IND,CALTRANS_COUNTY,CALTRANS_DISTRICT,STATE_ROUTE,ROUTE_SUFFIX,POSTMILE_PREFIX,POSTMILE,LOCATION_TYPE,RAMP_INTERSECTION,SIDE_OF_HWY,TOW_AWAY,COLLISION_SEVERITY,NUMBER_KILLED,NUMBER_INJURED,PARTY_COUNT,PRIMARY_COLL_FACTOR,PCF_CODE_OF_VIOL,PCF_VIOL_CATEGORY,PCF_VIOLATION,PCF_VIOL_SUBSECTION,HIT_AND_RUN,TYPE_OF_COLLISION,MVIW,PED_ACTION,ROAD_SURFACE,ROAD_COND_1,ROAD_COND_2,LIGHTING,CONTROL_DEVICE,CHP_ROAD_TYPE,PEDESTRIAN_ACCIDENT,BICYCLE_ACCIDENT,MOTORCYCLE_ACCIDENT,TRUCK_ACCIDENT,NOT_PRIVATE_PROPERTY,ALCOHOL_INVOLVED,STWD_VEHTYPE_AT_FAULT,CHP_VEHTYPE_AT_FAULT,COUNT_SEVERE_INJ,COUNT_VISIBLE_INJ,COUNT_COMPLAINT_PAIN,COUNT_PED_KILLED,COUNT_PED_INJURED,COUNT_BICYCLIST_KILLED,COUNT_BICYCLIST_INJURED,COUNT_MC_KILLED,COUNT_MC_INJURED,PRIMARY_RAMP,SECONDARY_RAMP,LATITUDE,LONGITUDE,COUNTY,CITY,POINT_X,POINT_Y
9439368,2022,2022-05-23,3000,2022-04-04,2000,5805,862B4,1,5,5,3050,0,0,0,NA,0,765,MARKET PL,TOWNE CENTRE DR,0,NA,Y,A,-,N,NA,NA,NA,NA,NA,NA,NA,NA,NA,Y,4,0,2,2,A,-,17,21457,B,N,A,C,A,A,H,-,C,A,0,NA,NA,NA,NA,Y,NA,A,01,0,0,2,0,0,0,0,0,0,-,-,NA,NA,ORANGE,LAKE FOREST,-117.66712951660156,33.679378509521484
94404123,2024,2024-09-23,9675,2024-09-14,1230,023521,NA,6,1,7,3001,0,1,3,NA,2,095,SR-91 EASTBOUND,RIVERSIDE COUNTY LINE,200,W,N,A,-,Y,RIV,NA,91,NA,R,0.529,H,NA,R,N,4,0,3,3,A,-,03,22350,NA,N,C,C,A,A,H,-,A,D,0,NA,NA,NA,NA,Y,NA,A,01,0,0,3,0,0,0,0,0,0,-,-,33.873291015625,-117.66374969482422,ORANGE,ANAHEIM,-117.66378784179688,33.87331771850586
94407306,2024,2024-09-25,9690,2024-08-30,1645,019394,NA,5,2,4,3018,0,1,1,NA,2,057,I-5 N/B (SAN DIEGO FRWY),JUNPERO SERRA RD.,1540,N,N,A,-,Y,ORA,NA,5,NA,NA,11.209,H,NA,R,N,4,0,1,2,A,-,07,21658,A,N,B,C,A,A,H,-,A,D,0,NA,NA,NA,NA,Y,NA,A,07,0,0,1,0,0,0,0,0,0,-,-,33.52460861206055,-117.66732788085938,ORANGE,SAN JUAN CAPISTRANO,-117.66728973388672,33.52462387084961
94409977,2024,2024-10-30,9675,2024-09-19,322,022058,NA,4,3,6,3026,0,1,1,NA,2,504,I-5 SOUTHBOUND,SAND CANYON AVENUE,525,S,N,B,-,Y,ORA,NA,5,NA,R,23.825,H,NA,L,Y,2,0,2,2,A,-,03,22350,NA,N,A,C,A,B,H,-,C,D,0,NA,NA,NA,NA,Y,NA,A,01,1,0,1,0,0,0,0,0,0,-,-,33.676109313964844,-117.75718688964844,ORANGE,IRVINE,-117.75711822509766,33.676143646240234
94410750,2024,2024-11-27,9675,2024-09-22,1320,021691,NA,7,1,9,3000,0,2,4,NA,2,042,CAMPUS DRIVE,BRISTOL STREET SOUTH,85,N,N,A,-,N,NA,NA,NA,NA,NA,NA,NA,NA,NA,N,4,0,1,2,A,-,03,22350,NA,N,C,C,A,A,H,-,A,D,0,NA,NA,NA,NA,Y,NA,A,07,0,0,1,0,0,0,0,0,0,-,-,33.66225051879883,-117.87531280517578,ORANGE,UNINCORPORATED,-117.87527465820313,33.662109375
94412619,2024,2024-09-30,9690,2024-09-15,200,023571,NA,7,3,5,3017,0,1,1,NA,2,059,I-5 S/B (SAN DIEGO FRWY),CRISTIANITOS,581,N,N,A,-,Y,ORA,NA,5,NA,NA,0.034,H,NA,L,N,2,0,1,2,A,-,11,21954,A,N,G,B,E,A,H,-,C,D,0,Y,NA,NA,NA,Y,Y,N,60,1,0,0,0,1,0,0,0,0,-,-,33.39659881591797,-117.5941925048828,ORANGE,SAN CLEMENTE,-117.59395599365234,33.396690368652344
94414543,2024,2024-10-01,9675,2024-09-24,1914,022398,NA,2,2,7,3019,0,1,1,NA,2,502,I-5 NORTHBOUND,BROADWAY,500,N,N,A,-,Y,ORA,NA,5,NA,NA,33.453,H,NA,R,Y,4,0,1,3,A,-,03,22350,NA,N,C,C,A,A,H,-,B,D,0,NA,NA,NA,NA,Y,NA,A,01,0,0,1,0,0,0,0,0,0,-,-,33.77225112915039,-117.8705596923828,ORANGE,SANTA ANA,-117.8704833984375,33.77229309082031
94414956,2024,2024-10-01,9690,2024-09-18,825,016739,NA,3,1,4,3018,0,1,1,NA,2,057,I-5 N/B (SAN DIEGO FRWY),SAN JUAN CREEK RD,1056,N,N,B,-,Y,ORA,NA,5,NA,NA,8.993,H,NA,R,Y,3,0,1,1,A,-,03,22350,NA,N,F,A,A,A,H,-,A,D,0,NA,NA,Y,NA,Y,NA,C,02,0,1,0,0,0,0,0,0,1,-,-,33.49406051635742,-117.66011810302734,ORANGE,SAN JUAN CAPISTRANO,-117.6600341796875,33.4940299987793
94416502,2024,2024-10-02,9675,2024-09-25,1735,019599,NA,3,2,6,3015,0,1,3,NA,2,550,SR-55 NORTHBOUND,SR-91 EASTBOUND,1100,S,N,A,-,Y,ORA,NA,55,NA,NA,17.559,H,NA,R,Y,2,0,1,3,A,-,08,22107,NA,N,C,C,A,A,H,-,A,D,0,NA,NA,NA,NA,Y,NA,A,01,1,0,0,0,0,0,0,0,0,-,-,33.84183120727539,-117.8310089111328,ORANGE,ORANGE,-117.83097076416016,33.841796875
94416513,2024,2024-10-02,9675,2024-06-14,351,023506,NA,5,3,7,3001,0,1,3,NA,2,572,SR-57 SOUTHBOUND,KATELLA AVENUE,714,S,N,A,-,Y,ORA,NA,57,NA,NA,12.373,H,NA,L,N,2,0,2,3,A,-,08,22107,NA,N,B,C,A,A,H,-,C,D,0,NA,NA,NA,NA,Y,NA,A,01,1,0,1,0,0,0,0,0,0,-,-,33.8035888671875,-117.87991333007813,ORANGE,ANAHEIM,-117.87999725341795,33.803565979003906
94418435,2024,2024-10-03,9670,2024-10-03,713,021272,NA,4,1,5,3003,0,1,3,NA,2,092,SR-91 E/B,I-5 N/B FREEWAY,40,W,N,B,-,Y,ORA,NA,91,NA,R,3.728,H,NA,R,Y,4,0,2,2,A,-,03,22350,NA,N,C,C,A,A,H,-,A,D,0,NA,NA,NA,NA,Y,NA,A,07,0,0,2,0,0,0,0,0,0,-,-,33.85667037963867,-117.97866058349608,ORANGE,BUENA PARK,-117.97867584228516,33.85680389404297
94420947,2024,2024-10-07,9670,2024-09-15,228,022761,NA,7,3,7,3001,0,1,3,NA,2,093,SR-91 WESTBOUND (RIVERSIDE FREEWAY),GILBERT STREET,250,E,N,A,-,Y,ORA,NA,91,NA,NA,0.774,H,NA,L,N,2,0,3,2,A,-,03,22350,NA,N,A,C,A,A,H,-,D,A,0,NA,NA,NA,NA,Y,NA,A,08,1,2,0,0,0,0,0,0,0,-,-,33.854530334472656,-117.96724700927734,ORANGE,ANAHEIM,-117.96725463867188,33.854515075683594
94423748,2024,2024-10-09,9670,2024-10-05,2000,023099,NA,6,2,6,3010,0,1,1,NA,2,040,I-405 NB TO BEACH BLVD,BEACH BLVD,8,S,N,A,-,Y,ORA,NA,39,NA,NA,5.906,H,NA,R,N,4,0,1,2,A,-,10,21950,A,N,D,G,A,A,H,-,C,A,0,NA,Y,NA,NA,Y,NA,-,-,0,0,1,0,0,0,1,0,0,-,-,33.73414993286133,-117.98902130126952,ORANGE,HUNTINGTON BEACH,-117.98926544189452,33.73414993286133
94427553,2024,2024-10-11,9670,2024-10-08,645,016271,NA,2,1,4,3020,0,1,1,NA,2,044,I-405 N/B,SEAL BEACH BLVD,2000,N,N,B,-,Y,ORA,NA,405,NA,NA,23.067,H,NA,R,Y,3,0,1,3,A,-,03,22350,NA,N,C,C,A,A,H,-,A,A,0,NA,NA,NA,NA,Y,NA,A,01,0,1,0,0,0,0,0,0,0,-,-,33.77452850341797,-118.08213043212892,ORANGE,SEAL BEACH,-118.08213043212892,33.7745361328125
94427699,2024,2024-10-11,9670,2024-10-08,1430,016271,NA,2,2,9,3000,0,3,5,NA,2,005,BEACH BLVD,MCFADDEN AVE,700,S,N,A,-,N,NA,NA,NA,NA,NA,NA,NA,NA,NA,N,4,0,1,2,A,-,03,22350,NA,N,C,C,A,A,H,-,A,A,0,NA,NA,NA,NA,Y,NA,A,07,0,0,1,0,0,0,0,0,0,-,-,33.73955154418945,-117.98959350585938,ORANGE,UNINCORPORATED,-117.9892578125,33.73554992675781
94430557,2024,2024-10-14,9675,2024-10-03,1715,022159,NA,4,2,6,3015,0,1,3,NA,2,572,SR-57 SB TO SR-22 WB,W. CHAPMAN AVE.,1056,S,N,A,-,Y,ORA,NA,57,NA,NA,11.057,H,NA,L,N,4,0,1,2,A,-,03,22350,NA,F,C,C,A,A,H,-,A,D,0,NA,NA,NA,NA,Y,NA,A,07,0,0,1,0,0,0,0,0,0,-,-,33.784828186035156,-117.88023376464844,ORANGE,ORANGE,-117.87998962402344,33.78481674194336
94431138,2024,2024-10-15,9675,2024-09-01,610,023521,NA,7,1,9,3000,0,2,4,NA,2,023,ARROYO AVENUE,SKYLINE DRIVE,8,S,N,B,-,Y,NA,NA,NA,NA,NA,NA,NA,NA,NA,Y,3,0,1,1,A,-,03,22350,NA,M,E,8,A,A,H,-,B,A,0,NA,NA,NA,NA,Y,NA,A,07,0,1,0,0,0,0,0,0,0,-,-,33.7553596496582,-117.79934692382813,ORANGE,UNINCORPORATED,-117.79924774169922,33.75537872314453
94434559,2024,2024-10-17,9675,2024-10-10,614,018714,NA,4,1,6,3004,0,1,1,NA,2,405,I-405 SOUTHBOUND,HARBOR BLVD,1795,N,N,B,-,Y,ORA,NA,405,NA,NA,11.824,H,NA,L,Y,4,0,2,3,A,-,03,22350,NA,N,C,C,A,A,H,-,C,D,0,NA,NA,NA,NA,Y,NA,A,01,0,0,2,0,0,0,0,0,0,-,-,33.69124984741211,-117.92501068115234,ORANGE,COSTA MESA,-117.92497253417967,33.69131088256836
9443620,2022,2022-05-13,3003,2022-04-16,2120,1238,NA,6,5,5,3003,0,0,0,NA,0,003,STANTON AV,CRESCENT AV,217,N,N,A,-,N,NA,NA,NA,NA,NA,NA,NA,NA,NA,Y,3,0,1,2,A,-,08,22107,NA,N,C,E,A,A,H,-,C,A,0,NA,NA,NA,NA,Y,NA,A,01,0,1,0,0,0,0,0,0,0,-,-,33.84025955200195,-117.99369049072266,ORANGE,BUENA PARK,-117.99365997314452,33.839996337890625
94440982,2024,2024-10-23,9690,2024-09-25,450,020472,NA,3,3,5,3028,0,1,1,NA,2,056,I-5 S/B (SAN DIEGO FRWY),CROWN VALLEY PARKWAY,2640,N,N,A,-,Y,ORA,NA,5,NA,NA,14.735,H,NA,L,Y,2,0,2,2,A,-,07,21658,A,N,C,C,A,A,H,-,C,D,0,NA,NA,NA,NA,Y,NA,A,01,1,1,0,0,0,0,0,0,0,-,-,33.57307815551758,-117.67202758789063,ORANGE,MISSION VIEJO,-117.67202758789063,33.57307815551758
94442045,2024,2024-10-23,9690,2024-09-29,1803,023571,NA,7,2,9,3000,0,3,5,NA,2,003,OSO PARKWAY,ANTONIO PKWY,20,W,N,A,-,N,NA,NA,NA,NA,NA,NA,NA,NA,NA,N,4,0,2,2,A,-,21,22106,NA,F,C,C,A,A,H,-,B,A,0,NA,NA,NA,NA,Y,NA,A,07,0,0,2,0,0,0,0,0,0,-,-,33.58361053466797,-117.63108825683594,ORANGE,UNINCORPORATED,-117.63087463378906,33.58354187011719
94442341,2024,2024-10-23,9675,2024-10-13,1710,023128,NA,7,2,4,3002,0,1,3,NA,2,570,SR-57 NORTHBOUND,LAMBERT RD,1400,S,N,A,-,Y,ORA,NA,57,NA,NA,20.62,H,NA,R,N,4,0,1,1,A,-,08,22107,NA,N,E,I,A,A,H,-,A,D,0,NA,NA,NA,NA,Y,NA,A,01,0,0,1,0,0,0,0,0,0,-,-,33.921241760253906,-117.87985229492188,ORANGE,BREA,-117.88011932373048,33.92124557495117
94448128,2024,2024-11-06,9670,2024-10-20,1905,022421,NA,7,2,6,3009,0,1,3,NA,2,023,SR-22 W/B,EUCLID ST,111,W,N,A,-,Y,ORA,NA,22,NA,R,6.793,H,NA,L,Y,4,0,1,2,A,-,03,22350,NA,N,C,C,A,A,H,-,D,D,0,NA,NA,NA,NA,Y,NA,J,48,0,0,1,0,0,0,0,0,0,-,-,33.76628112792969,-117.93830871582033,ORANGE,GARDEN GROVE,-117.93830871582033,33.76612091064453
9444815,2022,2022-05-26,3026,2022-04-15,1845,673,PORTO,5,5,6,3026,0,0,0,NA,0,122,IRVINE BL,ALTON PKWY,0,NA,Y,A,-,N,NA,NA,NA,NA,NA,NA,NA,NA,NA,Y,2,0,2,2,A,-,12,21453,A,N,D,C,A,A,H,-,B,A,0,NA,NA,NA,NA,Y,NA,A,01,1,0,1,0,0,0,0,0,0,-,-,NA,NA,ORANGE,IRVINE,-117.70654296875,33.663536071777344
94450697,2024,2024-10-30,9675,2024-10-20,2314,022639,NA,7,3,6,3004,0,1,3,NA,2,553,SR-55 SOUTHBOUND,I-405 NORTHBOUND,2000,N,N,A,-,Y,ORA,NA,55,NA,R,6.198,H,NA,L,Y,4,0,1,1,A,-,08,22107,NA,N,B,8,A,A,H,-,C,D,0,NA,NA,NA,NA,Y,NA,A,07,0,0,1,0,0,0,0,0,0,-,-,33.689788818359375,-117.87019348144533,ORANGE,COSTA MESA,-117.8701171875,33.68973922729492
94450923,2024,2024-10-30,9675,2024-10-20,1158,020699,NA,7,1,6,3004,0,1,1,NA,2,405,I-405 NORTHBOUND,JSO BRISTOL ST.,300,S,N,A,-,Y,ORA,NA,405,NA,NA,9.438,H,NA,R,N,3,0,1,1,C,-,18,NA,NA,N,H,A,A,A,H,-,A,D,0,NA,NA,Y,NA,Y,NA,-,-,0,1,0,0,0,0,0,0,1,-,-,33.68745040893555,-117.88435363769533,ORANGE,COSTA MESA,-117.88434600830078,33.687503814697266
94455873,2024,2024-11-04,9670,2024-10-30,855,018278,NA,3,1,7,3001,0,1,1,NA,2,503,I-5 S/B,BROADWAY,456,N,N,A,-,Y,ORA,NA,5,NA,NA,38.758,H,NA,L,N,4,0,1,2,A,-,03,22350,NA,N,C,C,A,A,H,-,A,D,0,NA,NA,NA,NA,Y,NA,A,01,0,0,1,0,0,0,0,0,0,-,-,33.83063888549805,-117.93049621582033,ORANGE,ANAHEIM,-117.93052673339844,33.830623626708984
94458137,2024,2024-11-05,9670,2024-10-30,710,015587,NA,3,1,6,3009,0,1,3,NA,2,021,SR-22 W/B (GARDEN GROVE FREEWAY),HOOVER STREET,52,W,N,A,-,Y,ORA,NA,22,NA,R,3.186,H,NA,L,Y,4,0,1,2,A,-,03,22350,NA,N,C,C,A,A,H,-,A,D,0,NA,NA,NA,NA,Y,NA,A,01,0,0,1,0,0,0,0,0,0,-,-,33.77159881591797,-117.99884796142578,ORANGE,GARDEN GROVE,-117.99884796142578,33.771583557128906
94458703,2024,2024-11-05,9690,2024-10-15,1900,023499,NA,2,2,5,3050,0,1,1,NA,2,055,I-5 S/B (SAN DIEGO FRWY),LAKE FOREST DRIVE,1000,S,N,A,-,Y,ORA,NA,5,NA,NA,19.683,H,NA,L,N,3,0,1,3,A,-,03,22350,NA,N,C,C,A,A,H,-,C,D,0,NA,NA,NA,NA,Y,NA,A,01,0,1,0,0,0,0,0,0,0,-,-,33.625858306884766,-117.71871948242188,ORANGE,LAKE FOREST,-117.7186279296875,33.625919342041016
94460803,2024,2024-11-06,9670,2024-11-04,1620,019694,NA,1,2,3,3006,0,1,3,NA,2,091,STATE ROUTE 91 W/B (RIVERSIDE FWY),ORANGETHORPE AVE,115,E,N,A,-,Y,ORA,NA,91,NA,R,0.565,H,NA,L,N,4,0,1,2,A,-,03,22350,NA,M,C,C,A,A,H,-,A,D,0,NA,NA,NA,NA,Y,NA,-,99,0,0,1,0,0,0,0,0,0,-,-,33.85845947265625,-118.03292083740234,ORANGE,LA PALMA,-118.03289794921876,33.85849380493164
94465354,2024,2024-11-12,9690,2024-11-01,2112,023515,NA,5,2,5,3028,0,1,1,NA,2,056,I-5 S/B (SAN DIEGO FRWY),OSO PARKWAY,500,S,N,A,-,Y,ORA,NA,5,NA,NA,14.208,H,NA,L,Y,4,0,1,3,A,-,03,22350,NA,N,C,C,A,A,H,-,D,D,0,NA,NA,NA,NA,Y,NA,A,01,0,0,1,0,0,0,0,0,0,-,-,33.5654182434082,-117.67247772216795,ORANGE,MISSION VIEJO,-117.67252349853516,33.56542205810547
94466395,2024,2024-11-12,9690,2024-11-02,1550,020086,NA,6,2,5,3017,0,1,1,NA,2,059,I-5 N/B (SAN DIEGO FRWY),CAMINO DE ESTRELLA,3000,N,N,A,-,Y,ORA,NA,5,NA,NA,6.152,H,NA,R,Y,3,0,1,3,A,-,03,22350,NA,N,B,C,A,A,H,-,A,D,0,NA,NA,Y,NA,Y,NA,C,02,0,1,0,0,0,0,0,0,1,-,-,33.461490631103516,-117.66124725341795,ORANGE,SAN CLEMENTE,-117.66123199462892,33.461509704589844
94467808,2024,2024-11-13,9675,2024-11-02,2143,022866,NA,6,2,7,3019,0,1,1,NA,2,502,I-5 SOUTHBOUND,MAIN ST,600,S,N,B,-,Y,ORA,NA,5,NA,NA,32.899,H,NA,L,Y,4,0,1,2,A,-,03,22350,NA,N,C,C,A,B,A,-,C,D,0,NA,NA,NA,NA,Y,NA,A,01,0,0,1,0,0,0,0,0,0,-,-,33.765140533447266,-117.86624908447266,ORANGE,SANTA ANA,-117.8661651611328,33.765174865722656
94468723,2024,2024-11-14,9670,2024-11-05,1300,020505,NA,2,1,7,3001,0,1,3,NA,2,094,SR-91 E/B,EUCLID ST,2112,W,N,A,-,Y,ORA,NA,91,NA,NA,1.784,H,NA,R,Y,3,0,3,5,A,-,03,22350,NA,N,C,C,A,A,H,-,A,D,0,NA,NA,NA,NA,Y,NA,D,22,0,1,2,0,0,0,0,0,0,-,-,33.85398864746094,-117.94979858398438,ORANGE,ANAHEIM,-117.94979858398438,33.853965759277344
94470692,2024,2024-11-15,9690,2024-11-04,805,016739,NA,1,1,4,3018,0,1,1,NA,2,057,I-5 N/B FROM SR-74,SR-74 (ORTEGA HWY),528,N,N,A,-,Y,ORA,NA,5,NA,NA,9.735,H,NA,R,N,4,0,1,2,A,-,03,22350,NA,N,C,C,A,A,H,-,A,A,0,NA,NA,NA,NA,Y,NA,A,01,0,0,1,0,0,0,0,0,0,-,-,33.50442886352539,-117.65853118896484,ORANGE,SAN JUAN CAPISTRANO,-117.65875244140624,33.50437545776367
94470904,2024,2024-11-15,9670,2024-11-08,1025,021459,NA,5,1,7,3001,0,1,1,NA,2,500,I-5 N/B,MAGNOLIA ST,1600,S,N,A,-,Y,ORA,NA,5,NA,NA,41.595,H,NA,R,Y,4,0,1,1,A,-,08,22107,NA,N,E,I,A,A,H,-,A,D,0,NA,NA,NA,NA,Y,NA,A,01,0,0,1,0,0,0,0,0,0,-,-,33.85239028930664,-117.97174072265624,ORANGE,ANAHEIM,-117.97182464599608,33.85227584838867
94478028,2024,2024-11-21,9675,2024-11-11,2050,023337,NA,1,2,9,3000,0,3,5,NA,2,002,HOLT AVENUE,ALEXANDRA PLACE,158,N,N,A,-,N,NA,NA,NA,NA,NA,NA,NA,NA,NA,N,3,0,1,2,A,-,01,23152,A,N,C,2,A,A,H,-,C,D,0,NA,NA,NA,NA,Y,Y,A,01,0,1,0,0,0,0,0,0,0,-,-,33.75421905517578,-117.81475067138672,ORANGE,UNINCORPORATED,-117.81433868408205,33.75440216064453
94478591,2024,2024-11-21,9675,2024-11-13,837,022631,NA,3,1,5,3022,0,1,1,NA,2,530,I-5 SOUTHBOUND,RED HILL AVE,500,N,N,A,-,Y,ORA,NA,5,NA,R,29.278,H,NA,L,Y,3,0,1,2,A,-,07,21658,A,N,B,2,A,A,H,-,A,D,0,NA,NA,Y,NA,Y,NA,A,07,0,1,0,0,0,0,0,0,1,-,-,33.73503875732422,-117.81777954101563,ORANGE,TUSTIN,-117.8178253173828,33.734981536865234
94480294,2024,2024-11-22,9670,2024-11-20,1915,020618,NA,3,2,6,3009,0,1,3,NA,2,025,SR-22 W/B,NEWHOPE STREET,700,E,N,A,-,Y,ORA,NA,22,NA,R,7.475,H,NA,L,N,4,0,2,2,A,-,03,22350,NA,N,C,C,A,A,H,-,D,D,0,NA,NA,NA,NA,Y,NA,A,01,0,0,2,0,0,0,0,0,0,-,-,33.766319274902344,-117.92665100097656,ORANGE,GARDEN GROVE,-117.92665100097656,33.766212463378906
94483251,2024,2024-11-25,9670,2024-11-20,1028,020505,NA,3,1,7,3001,0,1,3,NA,2,094,SR-91 E/B,BROOKHURST ST,1584,E,N,A,-,Y,ORA,NA,91,NA,NA,1.567,H,NA,R,Y,4,0,2,2,A,-,03,22350,NA,N,C,C,A,A,H,-,A,D,0,NA,NA,NA,NA,Y,NA,A,01,0,0,2,0,0,0,0,0,0,-,-,33.853851318359375,-117.95359802246094,ORANGE,ANAHEIM,-117.95359802246094,33.85393142700195
94484907,2024,2024-11-26,9675,2024-11-17,1357,023506,NA,7,1,6,3015,0,1,3,NA,2,222,SR-22 EASTBOUND,THE CITY DR,2006,W,N,A,-,Y,ORA,NA,22,NA,R,9.451,H,NA,R,N,4,0,1,2,A,-,03,22350,NA,N,C,C,A,A,H,-,A,D,0,NA,NA,NA,NA,Y,NA,A,08,0,0,1,0,0,0,0,0,0,-,-,33.778480529785156,-117.89573669433594,ORANGE,ORANGE,-117.8957748413086,33.77857971191406
9449078,2022,2022-06-23,3011,2022-06-01,1041,31507,231,3,5,4,3011,0,0,0,NA,0,NA,N COAST HWY,CHIQUITA ST,0,NA,Y,A,-,Y,ORA,12,1,-,-,10.311,I,5,N,Y,3,0,1,4,A,-,03,22350,NA,N,C,C,A,A,-,-,A,D,0,NA,NA,NA,NA,Y,NA,A,01,0,1,0,0,0,0,0,0,0,-,-,NA,NA,ORANGE,LAGUNA BEACH,-117.7993621826172,33.54814529418945
94491015,2024,2024-12-03,9675,2024-11-21,1505,022081,NA,4,2,7,3001,0,1,3,NA,2,093,SR-91 EASTBOUND,IMPERIAL HWY,600,W,N,A,-,Y,ORA,NA,91,NA,R,11.098,H,NA,R,N,3,0,3,3,A,-,03,22350,NA,N,C,C,A,D,H,-,A,D,0,NA,NA,NA,NA,Y,NA,A,08,0,3,0,0,0,0,0,0,0,-,-,33.854209899902344,-117.79888153076172,ORANGE,ANAHEIM,-117.79888153076172,33.85422897338867
94491063,2024,2024-12-03,9675,2024-11-21,1538,021274,NA,4,2,7,3001,0,1,3,NA,2,095,STATE ROUTE 91 E/B,WEIR CANYON ROAD,2100,E,N,A,-,Y,ORA,NA,91,NA,R,14.868,H,NA,R,N,3,0,1,2,A,-,08,22107,NA,N,B,C,A,A,H,-,A,D,0,NA,NA,NA,Y,Y,NA,G,27,0,1,0,0,0,0,0,0,0,-,-,33.870750427246094,-117.73724365234376,ORANGE,ANAHEIM,-117.73724365234376,33.87073516845703
94492534,2024,2024-12-04,9675,2024-11-20,1410,022081,NA,3,2,7,3001,0,1,3,NA,2,093,SR-91 EASTBOUND,LAKEVIEW AVE,500,E,N,A,-,Y,ORA,NA,91,NA,R,11.013,H,NA,R,N,3,0,2,2,A,-,08,22107,NA,N,B,C,A,A,H,-,A,D,0,NA,NA,NA,NA,Y,NA,A,01,0,2,0,0,0,0,0,0,0,-,-,33.85411071777344,-117.80030059814452,ORANGE,ANAHEIM,-117.80029296875,33.854251861572266
94496778,2024,2024-12-13,9670,2024-12-03,630,020505,NA,2,1,6,3008,0,1,3,NA,2,094,SR-91 E/B,LEMON ST,1056,E,N,B,-,Y,ORA,NA,91,NA,NA,3.677,H,NA,R,Y,4,0,1,3,A,-,03,22350,NA,N,C,C,A,A,H,-,A,D,0,NA,NA,NA,NA,Y,NA,A,01,0,0,1,0,0,0,0,0,0,-,-,33.85396957397461,-117.91697692871094,ORANGE,FULLERTON,-117.9169921875,33.853885650634766
9450317,2022,2022-07-11,3000,2022-05-06,1210,10576,922B7,5,5,5,3028,0,0,0,NA,0,753,CROWN VALLEY PKWY,RT 5,16,W,N,A,-,Y,ORA,12,5,-,-,13.9,R,4,S,Y,4,0,1,2,A,-,05,21460,A,N,D,C,A,A,H,-,A,A,0,NA,NA,NA,NA,Y,NA,A,01,0,0,1,0,0,0,0,0,0,-,SF,NA,NA,ORANGE,MISSION VIEJO,-117.67308807373048,33.56096267700195
94506127,2024,2024-12-16,9675,2024-12-05,746,018714,NA,4,1,6,3026,0,1,3,NA,2,130,SR-133 SOUTHBOUND,BARRANCA PKWY,330,S,N,B,-,Y,ORA,NA,133,NA,NA,8.856,H,NA,L,Y,4,0,1,1,A,-,08,22107,NA,N,E,I,A,A,H,-,A,D,0,NA,NA,NA,NA,Y,NA,A,01,0,0,1,0,0,0,0,0,0,-,-,33.65810012817383,-117.75755310058594,ORANGE,IRVINE,-117.75764465332033,33.65814208984375
94508821,2024,2024-12-18,9690,2024-11-14,1053,018200,NA,4,1,9,3000,0,3,5,NA,2,004,CROWN VALLEY PKWY,O'NEIL DRIVE,30,E,N,A,-,N,NA,NA,NA,NA,NA,NA,NA,NA,NA,N,4,0,1,2,A,-,03,22350,NA,M,C,C,A,A,H,-,A,A,0,NA,NA,NA,NA,Y,NA,A,01,0,0,1,0,0,0,0,0,0,-,-,33.565460205078125,-117.64341735839844,ORANGE,UNINCORPORATED,-117.6435775756836,33.565399169921875