CASE_ID,ACCIDENT_YEAR,PROC_DATE,JURIS,COLLISION_DATE,COLLISION_TIME,OFFICER_ID,REPORTING_DISTRICT,DAY_OF_WEEK,CHP_SHIFT,POPULATION,CNTY_CITY_LOC,SPECIAL_COND,BEAT_TYPE,CHP_BEAT_TYPE,CITY_DIVISION_LAPD,CHP_BEAT_CLASS,BEAT_NUMBER,PRIMARY_RD,SECONDARY_RD,DISTANCE,DIRECTION,INTERSECTION,WEATHER_1,WEATHER_2,STATE_HWY_IND,CALTRANS_COUNTY,CALTRANS_DISTRICT,STATE_ROUTE,ROUTE_SUFFIX,POSTMILE_PREFIX,POSTMILE,LOCATION_TYPE,RAMP_INTERSECTION,SIDE_OF_HWY,TOW_AWAY,COLLISION_SEVERITY,NUMBER_KILLED,NUMBER_INJURED,PARTY_COUNT,PRIMARY_COLL_FACTOR,PCF_CODE_OF_VIOL,PCF_VIOL_CATEGORY,PCF_VIOLATION,PCF_VIOL_SUBSECTION,HIT_AND_RUN,TYPE_OF_COLLISION,MVIW,PED_ACTION,ROAD_SURFACE,ROAD_COND_1,ROAD_COND_2,LIGHTING,CONTROL_DEVICE,CHP_ROAD_TYPE,PEDESTRIAN_ACCIDENT,BICYCLE_ACCIDENT,MOTORCYCLE_ACCIDENT,TRUCK_ACCIDENT,NOT_PRIVATE_PROPERTY,ALCOHOL_INVOLVED,STWD_VEHTYPE_AT_FAULT,CHP_VEHTYPE_AT_FAULT,COUNT_SEVERE_INJ,COUNT_VISIBLE_INJ,COUNT_COMPLAINT_PAIN,COUNT_PED_KILLED,COUNT_PED_INJURED,COUNT_BICYCLIST_KILLED,COUNT_BICYCLIST_INJURED,COUNT_MC_KILLED,COUNT_MC_INJURED,PRIMARY_RAMP,SECONDARY_RAMP,LATITUDE,LONGITUDE,COUNTY,CITY,POINT_X,POINT_Y
6411050,2014,2014-07-01,3003,2014-02-15,2152,1134,93,6,5,5,3003,0,0,0,NA,0,005,VALLEY VIEW ST,CRESCENT AV,0,NA,Y,A,-,N,NA,NA,NA,NA,NA,NA,NA,NA,NA,Y,4,0,2,2,A,-,12,21453,A,N,D,C,A,A,H,-,C,A,0,NA,NA,NA,NA,Y,NA,A,01,0,0,2,0,0,0,0,0,0,-,-,NA,NA,ORANGE,BUENA PARK,-118.02864006,33.83943003
6412524,2014,2014-07-03,3010,2014-03-18,1744,1155,476,2,5,6,3010,0,0,0,NA,0,002,HAMILTON,BUSHARD,0,NA,Y,A,-,N,NA,NA,NA,NA,NA,NA,NA,NA,NA,N,3,0,2,2,A,-,12,21453,A,N,B,C,A,A,H,-,A,-,0,NA,NA,NA,NA,Y,NA,D,22,0,1,1,0,0,0,0,0,0,-,-,NA,NA,ORANGE,HUNTINGTON BEACH,-117.96226005,33.65054008
6413469,2014,2014-06-24,3010,2014-03-03,1648,1095,167,1,5,6,3010,0,0,0,NA,0,008,HEIL AV,CLUBHOUSE LN,0,NA,Y,B,-,N,NA,NA,NA,NA,NA,NA,NA,NA,NA,N,4,0,1,2,A,-,04,21703,NA,N,C,C,A,A,H,-,A,D,0,NA,NA,NA,NA,Y,NA,A,01,0,0,1,0,0,0,0,0,0,-,-,NA,NA,ORANGE,HUNTINGTON BEACH,-118.02866,33.72265011
6413556,2014,2016-03-09,9675,2014-03-03,1430,18714,NA,1,2,5,3022,0,1,3,NA,2,551,RT 55,17TH ST,1000,S,N,A,-,Y,ORA,12,55,-,-,11.6,H,-,N,N,4,0,2,2,A,-,03,22350,NA,N,C,C,A,A,H,-,A,D,6,NA,NA,NA,NA,Y,NA,A,01,0,0,2,0,0,0,0,0,0,-,-,33.75451,-117.93119,ORANGE,TUSTIN,-117.83116511,33.75708975
6413564,2014,2016-03-09,9675,2014-03-06,1830,13300,NA,4,2,6,3004,0,1,3,NA,2,553,RT 55,BAKER ST,300,N,N,B,-,Y,ORA,12,55,-,R,5.42,H,-,N,Y,4,0,1,3,A,-,03,22350,NA,N,C,C,A,A,H,-,C,D,1,NA,NA,NA,NA,Y,NA,A,01,0,0,1,0,0,0,0,0,0,-,-,33.68073,-117.87883,ORANGE,COSTA MESA,-117.87851862,33.68087138
6413703,2014,2014-06-20,3010,2014-02-15,2119,1176,154,6,5,6,3010,0,0,0,NA,0,008,EDINGER,SAYBROOK,0,NA,Y,A,-,N,NA,NA,NA,NA,NA,NA,NA,NA,NA,N,4,0,3,2,A,-,12,22450,A,M,D,C,A,A,H,-,C,D,0,NA,NA,NA,NA,Y,NA,A,01,0,0,3,0,0,0,0,0,0,-,-,NA,NA,ORANGE,HUNTINGTON BEACH,-118.05475006,33.72976001
6414403,2014,2014-06-23,3004,2014-03-16,1402,408,11,7,5,6,3004,0,0,0,NA,0,003,HARBOR BL,19TH ST,223,S,N,A,-,N,NA,NA,NA,NA,NA,NA,NA,NA,NA,N,4,0,1,2,A,-,07,21658,A,N,B,C,A,A,H,-,A,A,0,NA,NA,NA,NA,Y,NA,A,01,0,0,1,0,0,0,0,0,0,-,-,33.64267,-117.91892,ORANGE,COSTA MESA,-117.91896176,33.64287867
6414671,2014,2016-02-25,9675,2014-03-13,1420,16984,NA,4,2,4,3002,0,1,3,NA,2,570,RT 57,LAMBERT RD,3960,N,N,A,-,Y,ORA,12,57,-,-,21.67,H,-,S,Y,3,0,1,1,A,-,08,22107,NA,N,F,A,A,A,H,-,A,D,6,NA,NA,NA,NA,Y,NA,D,22,0,1,0,0,0,0,0,0,0,-,-,33.93466,-117.87865,ORANGE,BREA,-117.87799278,33.93667202
6415472,2014,2015-02-19,3010,2014-03-07,1640,1176,282,5,5,6,3010,0,0,0,NA,0,006,SLATER,GOTHARD,65,E,N,B,-,N,NA,NA,NA,NA,NA,NA,NA,NA,NA,N,4,0,1,2,A,-,01,23152,A,N,D,C,A,A,H,-,A,A,0,NA,NA,NA,NA,Y,Y,A,01,0,0,1,0,0,0,0,0,0,-,-,NA,NA,ORANGE,HUNTINGTON BEACH,-117.99974676,33.70835
6416937,2014,2014-06-28,3011,2014-03-12,1226,31241,35,3,5,4,3011,0,0,0,NA,0,001,FOREST AV,LOMA TER,50,N,N,A,-,N,NA,NA,NA,NA,NA,NA,NA,NA,NA,Y,3,0,2,2,A,-,03,22350,NA,N,C,C,A,A,H,-,A,A,0,NA,NA,NA,NA,Y,NA,A,01,0,2,0,0,0,0,0,0,0,-,-,NA,NA,ORANGE,LAGUNA BEACH,-117.78142302,33.54502224
6417243,2014,2014-06-24,3019,2014-03-06,1157,3322,SE,4,5,7,3019,0,0,0,NA,0,003,SOUTH OAK ST,EAST MCFADDEN AV,0,NA,Y,A,-,N,NA,NA,NA,NA,NA,NA,NA,NA,NA,Y,4,0,2,2,A,-,12,22450,A,N,D,C,A,A,H,-,A,A,0,NA,NA,NA,NA,Y,NA,A,01,0,0,2,0,0,0,0,0,0,-,-,NA,NA,ORANGE,SANTA ANA,-117.86231001,33.73355001
6418085,2014,2016-03-07,9690,2014-02-04,0840,14918,NA,2,1,5,3028,0,1,1,NA,2,056,RT 5,CROWN VALLEY PKWY,2640,N,N,A,-,Y,ORA,12,5,-,-,14.26,H,-,N,Y,3,0,2,4,A,-,08,22107,NA,N,E,I,A,A,H,-,A,D,1,NA,NA,NA,NA,Y,NA,A,07,0,1,1,0,0,0,0,0,0,-,-,33.5662,-117.67195,ORANGE,MISSION VIEJO,-117.67214406,33.56622304
6418231,2014,2014-06-24,3001,2014-03-01,1521,1622,NA,6,5,7,3001,0,0,0,NA,0,0D2,N BROOKHURST ST,WEST LA PALMA AV,0,NA,Y,B,C,N,NA,NA,NA,NA,NA,NA,NA,NA,NA,Y,4,0,1,3,A,-,12,21453,A,N,D,C,A,B,H,-,A,A,0,NA,NA,NA,NA,Y,NA,A,01,0,0,1,0,0,0,0,0,0,-,-,NA,NA,ORANGE,ANAHEIM,-117.95914004,33.84696007
6419003,2014,2014-06-23,3026,2014-03-18,1259,4991,NA,2,5,6,3026,0,0,0,NA,0,00C,IRVINE CENTER DR,FONTAINE,0,NA,Y,A,-,N,NA,NA,NA,NA,NA,NA,NA,NA,NA,Y,4,0,3,2,A,-,12,21453,A,N,D,C,A,A,H,-,A,A,0,NA,NA,NA,NA,Y,NA,A,01,0,0,3,0,0,0,0,0,0,-,-,NA,NA,ORANGE,IRVINE,-117.78342004,33.68268003
6420426,2014,2014-06-23,3019,2014-03-22,1302,2998,SE,6,5,7,3019,0,0,0,NA,0,003,OAK,PINE,70,N,N,B,-,N,NA,NA,NA,NA,NA,NA,NA,NA,NA,N,4,0,1,2,A,-,09,21804,A,N,C,G,A,A,H,-,A,D,0,NA,Y,NA,NA,Y,NA,L,04,0,0,1,0,0,0,1,0,0,-,-,NA,NA,ORANGE,SANTA ANA,-117.86224192,33.74361189
6420682,2014,2014-06-16,3008,2014-02-20,1221,869,NA,4,5,6,3008,0,0,0,NA,0,III,CHAPMAN AV,STANFORD AV,28,E,N,A,-,N,NA,NA,NA,NA,NA,NA,NA,NA,NA,Y,3,0,1,3,A,-,03,22350,NA,N,C,C,A,A,H,-,A,A,0,NA,NA,NA,NA,Y,NA,A,01,0,1,0,0,0,0,0,0,0,-,-,NA,NA,ORANGE,FULLERTON,-117.90860798,33.87408086
6420727,2014,2014-06-13,3008,2014-02-26,0653,859,NA,3,5,6,3008,0,0,0,NA,0,00I,EUCLID ST,MALVERN AV,0,NA,Y,B,-,N,NA,NA,NA,NA,NA,NA,NA,NA,NA,Y,3,0,1,2,A,-,09,21801,A,N,D,C,A,A,H,-,A,A,0,NA,NA,Y,NA,Y,NA,A,01,0,1,0,0,0,0,0,0,1,-,-,NA,NA,ORANGE,FULLERTON,-117.9419701,33.87498006
6420784,2014,2014-06-16,3008,2014-02-27,0707,1074,Z3,4,5,6,3008,0,0,0,NA,0,NA,ACACIA AV,CHAPMAN AV,0,NA,Y,B,C,N,NA,NA,NA,NA,NA,NA,NA,NA,NA,N,4,0,1,2,A,-,09,21801,A,N,D,G,A,B,H,-,A,A,0,NA,Y,NA,NA,Y,NA,A,01,0,0,1,0,0,0,1,0,0,-,-,33.5226,-117.5354,ORANGE,FULLERTON,-117.89833001,33.87416008
6420800,2014,2014-06-13,3008,2014-02-22,0208,1158,NA,6,5,6,3008,0,0,0,NA,0,002,HARBOR BL,TRUSLOW,50,S,N,A,-,N,NA,NA,NA,NA,NA,NA,NA,NA,NA,Y,4,0,1,3,A,-,03,22350,NA,F,C,C,A,A,H,-,C,A,0,NA,NA,NA,NA,Y,NA,-,99,0,0,1,0,0,0,0,0,0,-,-,NA,NA,ORANGE,FULLERTON,-117.92428708,33.86718294
6422921,2014,2015-12-30,3010,2014-02-14,1507,1176,253,5,5,6,3010,0,0,0,NA,0,007,BEACH BL,STARK,0,NA,Y,A,-,Y,ORA,12,39,-,-,5.471,I,5,N,Y,4,0,2,2,A,-,12,21453,A,N,D,C,A,A,H,-,A,A,0,NA,NA,NA,NA,Y,NA,A,08,0,0,2,0,0,0,0,0,0,-,-,NA,NA,ORANGE,HUNTINGTON BEACH,-117.9891852,33.7277938
6423010,2014,2014-06-13,3004,2014-02-22,1642,542,10,6,5,6,3004,0,0,0,NA,0,022,BAKER ST,BRISTOL ST,87,E,N,A,-,N,NA,NA,NA,NA,NA,NA,NA,NA,NA,Y,4,0,1,3,A,-,03,22350,NA,N,C,C,A,A,H,-,A,D,0,NA,NA,NA,NA,Y,NA,A,01,0,0,1,0,0,0,0,0,0,-,-,33.6803,-117.8851,ORANGE,COSTA MESA,-117.88541471,33.68012
6423402,2014,2014-06-23,3001,2014-03-14,1414,1655,NA,5,5,7,3001,0,0,0,NA,0,0D2,WEST ST,BROADWAY,156,S,N,A,-,N,NA,NA,NA,NA,NA,NA,NA,NA,NA,Y,4,0,2,2,A,-,09,21804,A,N,D,C,A,A,A,-,A,D,0,NA,NA,NA,NA,Y,NA,A,01,0,0,2,0,0,0,0,0,0,-,-,NA,NA,ORANGE,ANAHEIM,-117.92623011,33.82988856
6423437,2014,2014-06-23,3001,2014-03-13,0900,A1555,NA,4,5,7,3001,0,0,0,NA,0,0D2,BROADWAY,HARBOR BL,196,W,N,A,-,N,NA,NA,NA,NA,NA,NA,NA,NA,NA,Y,4,0,1,2,A,-,01,23152,A,N,C,C,A,A,H,-,A,D,0,NA,NA,NA,NA,Y,NA,A,01,0,0,1,0,0,0,0,0,0,-,-,NA,NA,ORANGE,ANAHEIM,-117.91952038,33.83186614
6425925,2014,2014-06-27,3019,2014-03-12,1435,3066,WE,3,5,7,3019,0,0,0,NA,0,001,1ST ST,CLARA,2,W,N,A,-,N,NA,NA,NA,NA,NA,NA,NA,NA,NA,N,4,0,1,2,A,-,09,21801,A,N,D,C,A,A,H,-,A,D,0,NA,NA,NA,NA,Y,NA,A,01,0,0,1,0,0,0,0,0,0,-,-,NA,NA,ORANGE,SANTA ANA,-117.90040656,33.74530988
6425949,2014,2014-06-27,3019,2014-03-10,1718,3132,NE,1,5,7,3019,0,0,0,NA,0,002,GARFIELD ST,SANTA ANA BL,0,NA,Y,A,-,N,NA,NA,NA,NA,NA,NA,NA,NA,NA,N,3,0,1,3,A,-,12,22450,A,N,D,C,A,A,H,-,A,A,0,NA,NA,NA,NA,Y,NA,A,01,0,1,0,0,0,0,0,0,0,-,-,NA,NA,ORANGE,SANTA ANA,-117.86027011,33.75138006
6425959,2014,2016-01-20,3001,2014-02-21,1051,41555,NA,5,5,7,3001,0,0,0,NA,0,D-4,IMPERIAL HWY,RT 91,288,N,N,A,-,Y,ORA,12,90,-,-,12.69,H,-,W,Y,3,0,1,1,C,-,18,NA,NA,N,E,I,A,A,H,-,A,D,0,NA,NA,NA,NA,Y,NA,-,-,0,1,0,0,0,0,0,0,0,-,EF,NA,NA,ORANGE,ANAHEIM,-117.7904525,33.85640833
6427142,2014,2014-07-03,3000,2014-02-28,1505,6717,891H6,5,5,5,3028,0,0,0,NA,0,18762,LOS ALISOS BL,MUIRLANDS BL,42,W,N,C,-,N,NA,NA,NA,NA,NA,NA,NA,NA,NA,Y,3,0,1,2,A,-,03,22350,NA,N,C,C,A,B,H,-,A,A,0,NA,NA,NA,NA,Y,NA,A,01,0,1,0,0,0,0,0,0,0,-,-,33.37017,-117.41339,ORANGE,MISSION VIEJO,-117.69283818,33.61711935
6427698,2014,2014-06-25,3004,2014-03-19,0649,573,38,3,5,6,3004,0,0,0,NA,0,013,WILSON ST,COLLEGE AV,244,W,N,A,-,N,NA,NA,NA,NA,NA,NA,NA,NA,NA,N,4,0,1,2,A,-,10,21950,A,F,G,B,C,A,H,-,A,A,0,Y,NA,NA,NA,Y,NA,D,22,0,0,1,0,1,0,0,0,0,-,-,33.6561,-117.9171,ORANGE,COSTA MESA,-117.91711968,33.65617334
6427711,2014,2014-06-27,3008,2014-03-17,1815,1396,NA,1,5,6,3008,0,0,0,NA,0,0Z1,ROSECRANS AV,PARKS RD,0,NA,Y,A,-,N,NA,NA,NA,NA,NA,NA,NA,NA,NA,Y,4,0,2,2,A,-,12,21453,A,N,A,C,A,A,H,-,A,A,0,NA,NA,NA,Y,Y,NA,F,26,0,0,2,0,0,0,0,0,0,-,-,NA,NA,ORANGE,FULLERTON,-117.95403002,33.89270009
6428049,2014,2016-03-08,9670,2014-03-27,0910,17086,NA,4,1,6,3009,0,1,3,NA,2,021,RT 22,VALLEY VIEW ST,520,W,N,A,-,Y,ORA,12,22,-,R,0.82,H,-,W,Y,4,0,1,4,A,-,03,22350,NA,N,C,C,A,A,H,-,A,D,1,NA,NA,NA,NA,Y,NA,D,22,0,0,1,0,0,0,0,0,0,-,-,33.77485,-118.0392,ORANGE,GARDEN GROVE,-118.03964314,33.774828
6428533,2014,2014-06-28,3014,2014-02-25,1423,1415,37,2,5,5,3014,0,0,0,NA,0,NA,JAMBOREE RD,HYATT NEWPORTER,950,N,N,A,-,N,NA,NA,NA,NA,NA,NA,NA,NA,NA,N,3,0,1,1,A,-,03,22350,NA,N,H,A,A,A,H,-,A,A,0,NA,Y,NA,NA,Y,NA,L,04,0,1,0,0,0,0,1,0,0,-,-,NA,NA,ORANGE,NEWPORT BEACH,-117.87935,33.625253
6428695,2014,2014-06-30,3001,2014-02-20,1745,415,NA,4,5,7,3001,0,0,0,NA,0,0D1,NORTH MAGNOLIA AV,W MADISON CIR,0,NA,Y,A,-,N,NA,NA,NA,NA,NA,NA,NA,NA,NA,Y,3,0,2,3,A,-,09,21801,A,N,A,C,A,A,H,-,B,D,0,NA,NA,NA,NA,Y,NA,A,01,0,1,1,0,0,0,0,0,0,-,-,NA,NA,ORANGE,ANAHEIM,-117.97604006,33.83681011
6428836,2014,2015-02-25,3004,2014-03-05,1928,543,7,3,5,6,3004,0,0,0,NA,0,015,ORANGE AV,WALNUT,60,N,N,A,-,N,NA,NA,NA,NA,NA,NA,NA,NA,NA,NA,4,0,1,2,A,-,03,22350,NA,N,C,C,A,A,H,-,C,A,0,NA,NA,NA,NA,Y,NA,A,01,0,0,1,0,0,0,0,0,0,-,-,33.64263,-117.91165,ORANGE,COSTA MESA,-117.91166382,33.64249618
6429623,2014,2014-07-30,3001,2014-01-29,0742,1007,NA,3,5,7,3001,0,0,0,NA,0,041,ORANGETHORPE AV,N POST LN,0,NA,Y,A,-,N,NA,NA,NA,NA,NA,NA,NA,NA,NA,Y,4,0,2,2,A,-,09,21802,A,N,D,C,A,A,H,-,A,A,0,NA,NA,NA,NA,Y,NA,A,01,0,0,2,0,0,0,0,0,0,-,-,NA,NA,ORANGE,ANAHEIM,-117.80236002,33.86438002
6430281,2014,2016-03-09,9675,2014-03-21,0602,18929,NA,5,1,5,3022,0,1,3,NA,2,551,RT 55,4TH ST,200,S,N,A,-,Y,ORA,12,55,-,-,10.94,H,-,N,Y,4,0,1,2,A,-,08,22107,NA,N,E,I,A,A,H,-,A,D,6,NA,NA,NA,NA,Y,NA,A,01,0,0,1,0,0,0,0,0,0,-,-,33.44546,-117.4956,ORANGE,TUSTIN,-117.83237509,33.74757485
6432345,2014,2014-07-01,3008,2014-03-08,0930,1297,NA,6,5,6,3008,0,0,0,NA,0,0Z2,ORANGETHORPE AV,BASQUE AV,0,NA,Y,A,-,N,NA,NA,NA,NA,NA,NA,NA,NA,NA,Y,4,0,3,3,A,-,09,21801,A,N,D,C,A,A,H,-,A,A,0,NA,NA,NA,NA,Y,NA,A,01,0,0,3,0,0,0,0,0,0,-,-,NA,NA,ORANGE,FULLERTON,-117.94994013,33.85945008
6432407,2014,2014-06-25,3019,2014-03-26,1736,3151,SE,3,5,7,3019,0,0,0,NA,0,003,DYER RD,MAIN ST,100,E,N,B,-,N,NA,NA,NA,NA,NA,NA,NA,NA,NA,N,4,0,1,2,A,-,03,22350,NA,M,D,G,A,A,H,-,A,D,0,NA,Y,NA,NA,Y,NA,A,07,0,0,1,0,0,0,1,0,0,-,-,NA,NA,ORANGE,SANTA ANA,-117.86804,33.70871
6433813,2014,2014-07-16,3000,2014-03-21,2036,1916,921F3,5,5,4,3045,0,0,0,NA,0,746,LAGUNA HILLS DR,INDIAN HILL LN,305,W,N,A,-,N,NA,NA,NA,NA,NA,NA,NA,NA,NA,N,4,0,1,2,A,-,01,23152,A,N,B,E,A,A,H,-,C,A,0,NA,NA,NA,NA,Y,Y,A,01,0,0,1,0,0,0,0,0,0,-,-,NA,NA,ORANGE,LAGUNA HILLS,-117.71016978,33.59238776
6434224,2014,2014-07-09,3007,2014-03-22,0004,278,28,6,5,5,3007,0,0,0,NA,0,002,EDINGER,IRIS,0,NA,Y,A,-,N,NA,NA,NA,NA,NA,NA,NA,NA,NA,Y,4,0,1,1,A,-,01,23152,E,N,E,I,A,A,H,-,C,D,0,NA,NA,NA,NA,Y,NA,A,01,0,0,1,0,0,0,0,0,0,-,-,NA,NA,ORANGE,FOUNTAIN VALLEY,-117.92294,33.72789004
6435393,2014,2016-03-15,9670,2014-03-17,1350,16194,NA,1,1,4,3020,0,1,1,NA,2,044,RT 405,SEAL BEACH BL,528,S,N,A,-,Y,ORA,12,405,-,-,22.54,H,-,N,Y,4,0,1,3,A,-,03,22350,NA,N,C,C,A,A,H,-,A,D,1,NA,NA,NA,NA,Y,NA,A,07,0,0,1,0,0,0,0,0,0,-,-,33.77461,-118.06819,ORANGE,SEAL BEACH,-118.07308529,33.77448376
6435835,2014,2016-03-08,9670,2014-03-10,0917,16194,NA,1,1,6,3009,0,1,3,NA,2,021,RT 22,RT 39,100,W,N,A,-,Y,ORA,12,22,-,R,3.55,H,-,W,Y,4,0,1,3,A,-,03,22350,NA,N,C,C,A,A,H,-,A,D,1,NA,NA,NA,NA,Y,NA,A,01,0,0,1,0,0,0,0,0,0,-,-,33.77132,-117.99284,ORANGE,GARDEN GROVE,-117.99311155,33.77125728
6435839,2014,2016-03-15,9670,2014-03-09,0315,20472,NA,7,3,5,3007,0,1,1,NA,2,041,RT 405,WARD ST,100,S,N,A,-,Y,ORA,12,405,-,-,13.13,H,-,S,Y,3,0,1,1,A,-,01,23152,A,N,E,I,A,A,H,-,C,D,1,NA,NA,NA,NA,Y,Y,A,07,0,1,0,0,0,0,0,0,0,-,-,33.69962,-117.9453,ORANGE,FOUNTAIN VALLEY,-117.9452717,33.699735
6436906,2014,2014-07-01,3024,2014-03-28,1220,186,P43,5,5,5,3024,0,0,0,NA,0,EAST,MAGNOLIA ST,HEIL AV,22,N,N,A,-,N,NA,NA,NA,NA,NA,NA,NA,NA,NA,N,4,0,1,2,A,-,21,22106,NA,N,C,C,A,A,H,-,A,A,0,NA,NA,NA,NA,Y,NA,A,01,0,0,1,0,0,0,0,0,0,-,-,NA,NA,ORANGE,WESTMINSTER,-117.97196093,33.72310031
6437214,2014,2014-07-02,3000,2014-03-07,1550,1916,891F7,5,5,4,3045,0,0,0,NA,0,746,AVENIDA DE LA CARLOTA,PASEO DE VALENCIA,188,S,N,A,-,N,NA,NA,NA,NA,NA,NA,NA,NA,NA,N,4,0,1,2,A,-,09,21801,A,N,D,C,A,A,H,-,A,D,0,NA,NA,NA,NA,Y,NA,A,01,0,0,1,0,0,0,0,0,0,-,-,NA,NA,ORANGE,LAGUNA HILLS,-117.70984625,33.61477083
6437988,2014,2014-07-05,3001,2014-02-16,1346,1544,NA,7,5,7,3001,0,0,0,NA,0,0D1,BROOKHURST ST,PALAIS RD,409,N,N,A,-,N,NA,NA,NA,NA,NA,NA,NA,NA,NA,Y,4,0,1,2,A,-,09,21804,A,N,D,C,A,A,H,-,A,D,0,NA,NA,NA,NA,Y,NA,A,01,0,0,1,0,0,0,0,0,0,-,-,NA,NA,ORANGE,ANAHEIM,-117.95891519,33.81506126
6437992,2014,2014-07-05,3001,2014-02-18,1410,1670,NA,2,5,7,3001,0,0,0,NA,0,0D1,SOUTH DALE AV,W STONYBROOK DR,27,S,N,A,-,N,NA,NA,NA,NA,NA,NA,NA,NA,NA,N,4,0,1,2,A,-,03,22350,NA,N,C,C,A,A,H,-,A,D,0,NA,NA,NA,NA,Y,NA,A,08,0,0,1,0,0,0,0,0,0,-,-,NA,NA,ORANGE,ANAHEIM,-117.98463756,33.821416
6438088,2014,2014-07-07,3016,2014-02-19,1826,2127,04,3,5,5,3016,0,0,0,NA,0,001,BASTANCHURY RD,YOUNG DR,2,E,N,A,-,N,NA,NA,NA,NA,NA,NA,NA,NA,NA,N,4,0,1,2,A,-,06,21750,NA,M,B,G,A,A,H,-,C,A,0,NA,Y,NA,NA,Y,NA,A,01,0,0,1,0,0,0,1,0,0,-,-,NA,NA,ORANGE,PLACENTIA,-117.86526343,33.89652
6438190,2014,2014-06-30,3019,2014-02-13,0742,3322,SE,4,5,7,3019,0,0,0,NA,0,003,MAIN ST,HIGHLAND ST,0,NA,Y,A,-,N,NA,NA,NA,NA,NA,NA,NA,NA,NA,Y,4,0,1,2,A,-,09,21801,A,N,A,C,A,A,H,-,A,D,0,NA,NA,NA,NA,Y,NA,A,01,0,0,1,0,0,0,0,0,0,-,-,NA,NA,ORANGE,SANTA ANA,-117.8677201,33.73707006
6438304,2014,2014-07-03,3026,2014-02-21,1000,6352,NA,5,5,6,3026,0,0,0,NA,0,00C,BARRANCA PKWY,PACIFICA,0,NA,Y,A,-,N,NA,NA,NA,NA,NA,NA,NA,NA,NA,Y,2,0,1,2,A,-,09,21801,A,N,D,C,A,A,D,-,A,A,0,NA,NA,NA,NA,Y,NA,A,01,1,0,0,0,0,0,0,0,0,-,-,NA,NA,ORANGE,IRVINE,-117.75480008,33.65831004
6440136,2014,2014-06-27,3003,2014-02-28,0236,1160,4,5,5,5,3003,0,0,0,NA,0,001,MALVERN AV,COUNTRY CLUB DR,134,W,N,C,-,N,NA,NA,NA,NA,NA,NA,NA,NA,NA,Y,4,0,1,1,A,-,01,23152,A,N,F,I,A,B,H,-,C,A,0,NA,NA,NA,NA,Y,Y,-,NA,0,0,1,0,0,0,0,0,0,-,-,NA,NA,ORANGE,BUENA PARK,-117.99282323,33.88210779
6440340,2014,2014-06-23,3003,2014-03-26,0258,665,23,3,5,5,3003,0,0,0,NA,0,008,VALLEYVIEW,CRESCENT AV,0,NA,Y,A,-,N,NA,NA,NA,NA,NA,NA,NA,NA,NA,Y,4,0,2,2,A,-,01,23152,A,N,D,C,A,A,H,-,C,A,0,NA,NA,NA,NA,Y,NA,-,NA,0,0,2,0,0,0,0,0,0,-,-,NA,NA,ORANGE,BUENA PARK,-118.02864006,33.83943003
6442357,2014,2014-07-28,3001,2014-04-01,1135,0368,NA,2,5,7,3001,0,0,0,NA,0,004,SANTA ANA CANYON,VIA CORTEZ,0,NA,Y,A,-,N,NA,NA,NA,NA,NA,NA,NA,NA,NA,Y,3,0,3,2,A,-,12,21453,A,N,D,C,A,A,H,-,A,A,0,NA,NA,NA,NA,Y,NA,A,07,0,2,1,0,0,0,0,0,0,-,-,NA,NA,ORANGE,ANAHEIM,-117.78671005,33.85206002
6444615,2014,2014-07-09,3012,2014-03-15,0957,388,NA,6,5,5,3012,0,0,0,NA,0,NA,WHITTIER,VALLEY HOME,0,NA,Y,A,-,N,NA,NA,NA,NA,NA,NA,NA,NA,NA,N,3,0,1,2,A,-,05,21650,1,N,D,G,A,A,H,-,A,A,0,NA,Y,NA,NA,Y,NA,L,NA,0,1,0,0,0,0,1,0,0,-,-,NA,NA,ORANGE,LA HABRA,-117.97654011,33.93997008
6444768,2014,2014-07-09,3004,2014-03-17,1348,462,19,1,5,6,3004,0,0,0,NA,0,004,HARBOR BL,NUTMEG ST,0,NA,Y,A,-,N,NA,NA,NA,NA,NA,NA,NA,NA,NA,Y,4,0,1,2,A,-,12,21453,A,N,D,C,A,A,H,-,A,A,0,NA,NA,NA,NA,Y,NA,A,01,0,0,1,0,0,0,0,0,0,-,-,33.68198,-117.91941,ORANGE,COSTA MESA,-117.91945009,33.68194005
6445109,2014,2016-02-18,9675,2014-04-08,0807,16797,NA,2,1,7,3019,0,1,3,NA,2,552,RT 55,MCFADDEN AV,700,S,N,A,-,Y,ORA,12,55,-,R,9.83,H,-,N,Y,4,0,1,2,A,-,03,22350,NA,N,C,C,A,A,H,-,A,D,6,NA,NA,NA,NA,Y,NA,A,01,0,0,1,0,0,0,0,0,0,-,-,33.43434,-117.50232,ORANGE,SANTA ANA,-117.83380256,33.73191881
6445120,2014,2016-03-09,9675,2014-03-11,1149,015011,NA,2,1,6,3004,0,1,3,NA,2,553,RT 55,RT 405,900,N,N,A,-,Y,ORA,12,55,-,R,6.19,H,-,S,Y,4,0,1,2,A,-,03,22350,NA,F,C,C,A,A,H,-,A,D,6,NA,NA,NA,NA,Y,NA,-,99,0,0,1,0,0,0,0,0,0,-,-,33.69365,-117.86653,ORANGE,COSTA MESA,-117.87009973,33.68960239
6446513,2014,2014-07-12,3000,2014-04-03,1145,1644,891D6,4,5,3,3051,0,0,0,NA,0,6M47,SANTA MARIA,MOULTON PKWY,332,W,N,A,-,N,NA,NA,NA,NA,NA,NA,NA,NA,NA,Y,4,0,1,2,A,-,09,21801,A,N,A,C,A,A,H,-,A,D,0,NA,NA,NA,NA,Y,NA,A,01,0,0,1,0,0,0,0,0,0,-,-,NA,NA,ORANGE,LAGUNA WOODS,-117.73234334,33.61734752
6446726,2014,2014-07-08,3000,2014-03-12,1642,1920,922B7,3,5,5,3028,0,0,0,NA,0,755,CROWN VALLEY PKWY,MEDICAL CENTER RD,0,NA,Y,A,-,N,NA,NA,NA,NA,NA,NA,NA,NA,NA,Y,3,0,2,2,A,-,12,21453,A,N,A,C,A,A,H,-,A,A,0,NA,NA,NA,NA,Y,NA,A,01,0,1,1,0,0,0,0,0,0,-,-,NA,NA,ORANGE,MISSION VIEJO,-117.6678901,33.56288005