CASE_ID,ACCIDENT_YEAR,PROC_DATE,JURIS,COLLISION_DATE,COLLISION_TIME,OFFICER_ID,REPORTING_DISTRICT,DAY_OF_WEEK,CHP_SHIFT,POPULATION,CNTY_CITY_LOC,SPECIAL_COND,BEAT_TYPE,CHP_BEAT_TYPE,CITY_DIVISION_LAPD,CHP_BEAT_CLASS,BEAT_NUMBER,PRIMARY_RD,SECONDARY_RD,DISTANCE,DIRECTION,INTERSECTION,WEATHER_1,WEATHER_2,STATE_HWY_IND,CALTRANS_COUNTY,CALTRANS_DISTRICT,STATE_ROUTE,ROUTE_SUFFIX,POSTMILE_PREFIX,POSTMILE,LOCATION_TYPE,RAMP_INTERSECTION,SIDE_OF_HWY,TOW_AWAY,COLLISION_SEVERITY,NUMBER_KILLED,NUMBER_INJURED,PARTY_COUNT,PRIMARY_COLL_FACTOR,PCF_CODE_OF_VIOL,PCF_VIOL_CATEGORY,PCF_VIOLATION,PCF_VIOL_SUBSECTION,HIT_AND_RUN,TYPE_OF_COLLISION,MVIW,PED_ACTION,ROAD_SURFACE,ROAD_COND_1,ROAD_COND_2,LIGHTING,CONTROL_DEVICE,CHP_ROAD_TYPE,PEDESTRIAN_ACCIDENT,BICYCLE_ACCIDENT,MOTORCYCLE_ACCIDENT,TRUCK_ACCIDENT,NOT_PRIVATE_PROPERTY,ALCOHOL_INVOLVED,STWD_VEHTYPE_AT_FAULT,CHP_VEHTYPE_AT_FAULT,COUNT_SEVERE_INJ,COUNT_VISIBLE_INJ,COUNT_COMPLAINT_PAIN,COUNT_PED_KILLED,COUNT_PED_INJURED,COUNT_BICYCLIST_KILLED,COUNT_BICYCLIST_INJURED,COUNT_MC_KILLED,COUNT_MC_INJURED,PRIMARY_RAMP,SECONDARY_RAMP,LATITUDE,LONGITUDE,COUNTY,CITY,POINT_X,POINT_Y
6653532,2014,2014-10-21,3019,2014-09-29,1621,3249,WE,1,5,7,3019,0,0,0,NA,0,001,1ST ST,SUSAN ST,150,E,N,A,-,N,NA,NA,NA,NA,NA,NA,NA,NA,NA,N,4,0,1,2,A,-,03,22350,NA,N,C,C,A,A,H,-,A,D,0,NA,NA,NA,Y,Y,NA,F,27,0,0,1,0,0,0,0,0,0,-,-,NA,NA,ORANGE,SANTA ANA,-117.91313786,33.74521054
6653535,2014,2014-11-07,3000,2014-09-08,0858,1916,892D5,1,5,5,3028,0,0,0,NA,0,750,ALICIA PKWY,MARGUERITE PKWY,45,W,N,B,-,N,NA,NA,NA,NA,NA,NA,NA,NA,NA,Y,4,0,1,2,A,-,03,22350,NA,N,C,C,A,B,H,-,A,A,0,NA,NA,NA,Y,Y,NA,A,01,0,0,1,0,0,0,0,0,0,-,-,NA,NA,ORANGE,MISSION VIEJO,-117.65156744,33.62784
6653761,2014,2014-10-30,3002,2014-09-21,1430,9195,739H3,7,5,5,3025,0,0,0,NA,0,001,ROSE DR,BASTANCHURY RD,230,N,N,A,-,N,NA,NA,NA,NA,NA,NA,NA,NA,NA,Y,4,0,1,2,A,-,08,22107,NA,N,B,C,A,A,H,-,A,D,0,NA,NA,NA,NA,Y,NA,A,01,0,0,1,0,0,0,0,0,0,-,-,NA,NA,ORANGE,YORBA LINDA,-117.84204115,33.89986043
6657052,2014,2016-05-28,9675,2014-09-28,0230,020627,NA,7,3,6,3004,0,1,3,NA,2,553,RT 55,DEL MAR AV,500,S,N,A,-,Y,ORA,12,55,-,R,3.69,H,-,S,Y,3,0,2,2,A,-,01,23152,A,N,C,C,A,A,H,-,C,D,1,NA,NA,NA,NA,Y,Y,A,01,0,1,1,0,0,0,0,0,0,-,-,33.39371,-117.54426,ORANGE,COSTA MESA,-117.89849828,33.66225308
6657055,2014,2016-06-23,9675,2014-10-02,1730,18834,NA,4,2,6,3015,0,1,3,NA,2,222,RT 22,THE CITY DR,700,W,N,A,-,Y,ORA,12,22,-,R,9.679,R,1,E,N,4,0,1,2,A,-,03,22350,NA,N,-,C,A,A,H,-,A,D,6,NA,NA,NA,NA,Y,NA,D,22,0,0,1,0,0,0,0,0,0,-,-,33.77893,-117.89202,ORANGE,ORANGE,-117.89012837,33.77893993
6657236,2014,2016-05-28,9675,2014-09-26,1615,016984,NA,5,2,7,3001,0,1,3,NA,2,095,RT 91,COAL CANYON RD,2640,W,N,A,-,Y,ORA,12,91,-,R,17.45,H,-,E,Y,3,0,1,2,A,-,03,22350,NA,N,B,C,A,A,H,-,A,D,1,NA,NA,Y,NA,Y,NA,C,02,0,1,0,0,0,0,0,0,1,-,-,33.87215,-117.69978,ORANGE,ANAHEIM,-117.69541139,33.87354482
6657240,2014,2014-10-21,9675,2014-09-28,1045,19404,NA,7,1,9,3000,0,3,5,NA,2,004,MESA DR,IRVINE AV,50,N,N,A,-,N,NA,NA,NA,NA,NA,NA,NA,NA,NA,Y,4,0,4,3,A,-,-,NA,NA,N,C,C,A,A,H,-,A,A,0,NA,NA,NA,NA,Y,NA,A,01,0,0,4,0,0,0,0,0,0,-,-,33.65871,-117.88433,ORANGE,UNINCORPORATED,-117.88444397,33.65875968
6657734,2014,2014-12-10,3016,2014-10-05,1350,1241,36,7,5,5,3016,0,0,0,NA,0,002,ROSE DR,DEL CERRO,145,N,N,A,-,N,NA,NA,NA,NA,NA,NA,NA,NA,NA,Y,3,0,1,1,A,-,03,22350,NA,N,E,-,A,A,D,-,A,D,0,NA,NA,Y,NA,Y,NA,C,02,0,1,0,0,0,0,0,0,1,-,-,NA,NA,ORANGE,PLACENTIA,-117.84282635,33.86972807
6657834,2014,2014-11-07,3004,2014-09-18,1641,P555,20,4,5,6,3004,0,0,0,NA,0,015,BAKER ST,COLLEGE AV,300,W,N,A,-,N,NA,NA,NA,NA,NA,NA,NA,NA,NA,Y,3,0,1,3,A,-,07,21658,A,N,B,C,A,A,H,-,A,D,0,NA,NA,NA,NA,Y,NA,A,01,0,1,0,0,0,0,0,0,0,-,-,33.68007,-117.91745,ORANGE,COSTA MESA,-117.91758323,33.68006311
6658040,2014,2014-10-22,3004,2014-09-07,1317,P610,18,7,5,6,3004,0,0,0,NA,0,004,HARBOR BL,W BAKER ST,0,NA,Y,A,-,N,NA,NA,NA,NA,NA,NA,NA,NA,NA,Y,3,0,3,3,A,-,01,23152,A,N,C,C,A,A,H,-,A,A,0,NA,NA,NA,NA,Y,NA,A,01,0,1,2,0,0,0,0,0,0,-,-,33.68029,-117.91936,ORANGE,COSTA MESA,-117.91944002,33.68001003
6658223,2014,2016-06-16,3003,2014-07-16,1134,1178,NA,3,5,5,3003,0,0,0,NA,0,NA,BEACH BL,STAGE RD,363,S,N,A,-,Y,ORA,12,39,-,-,16.06,H,-,N,Y,3,0,1,2,A,-,03,22350,NA,N,C,C,A,A,H,-,A,A,0,NA,NA,NA,NA,Y,NA,A,07,0,1,0,0,0,0,0,0,0,-,-,33.88063,-117.99834,ORANGE,BUENA PARK,-117.99831865,33.88061527
6661867,2014,2016-05-28,3001,2014-08-23,2219,20625,NA,6,5,7,3001,0,0,0,NA,0,NA,LAKEVIEW AV,RT 91,220,N,N,A,-,Y,ORA,12,91,-,R,10.139,R,4,W,Y,3,0,1,1,A,-,01,23152,A,N,E,I,A,A,H,-,C,D,0,NA,NA,NA,NA,Y,Y,A,01,0,1,0,0,0,0,0,0,0,-,-,33.85495,-117.7908,ORANGE,ANAHEIM,-117.81386689,33.85155624
6663530,2014,2014-10-23,3009,2014-09-26,0843,2724,134,5,5,6,3009,0,0,0,NA,0,022,WEST ST,COLLEGE AV,0,NA,Y,A,-,N,NA,NA,NA,NA,NA,NA,NA,NA,NA,N,4,0,2,2,A,-,09,21804,A,N,D,C,A,A,H,-,A,D,0,NA,NA,NA,NA,Y,NA,A,01,0,0,2,0,0,0,0,0,0,-,-,NA,NA,ORANGE,GARDEN GROVE,-117.92361005,33.77938005
6663543,2014,2014-10-23,3019,2014-09-26,1555,2771,NE,5,5,7,3019,0,0,0,NA,0,002,JACARANDA ST,GROVEMONT ST,154,S,N,A,-,N,NA,NA,NA,NA,NA,NA,NA,NA,NA,N,3,0,1,2,A,-,11,21954,A,N,G,B,D,A,H,-,A,D,0,Y,NA,NA,NA,Y,NA,N,60,0,1,0,0,1,0,0,0,0,-,-,NA,NA,ORANGE,SANTA ANA,-117.85054384,33.77100784
6666297,2014,2014-12-15,3012,2014-10-03,1755,567,NA,5,5,5,3012,0,0,0,NA,0,004,EUCLID,OLIVE,9,S,N,A,-,N,NA,NA,NA,NA,NA,NA,NA,NA,NA,Y,3,0,1,2,A,-,03,22350,NA,N,C,C,A,A,H,-,A,D,0,NA,NA,NA,NA,Y,NA,-,NA,0,1,0,0,0,0,0,0,0,-,-,NA,NA,ORANGE,LA HABRA,-117.94609,33.92715532
6666825,2014,2014-11-14,3026,2014-10-01,0720,536,CROSS,3,5,6,3026,0,0,0,NA,0,00C,DEER SPRING,DEERFIELD AV,9,S,N,A,-,N,NA,NA,NA,NA,NA,NA,NA,NA,NA,N,4,0,1,2,A,-,21,22106,NA,N,D,G,A,A,H,-,A,A,0,NA,Y,NA,NA,Y,NA,A,01,0,0,1,0,0,0,1,0,0,-,-,NA,NA,ORANGE,IRVINE,-117.79375172,33.69518537
6669635,2014,2016-06-18,9675,2014-10-22,1555,18834,NA,3,2,6,3015,0,1,3,NA,2,550,RT 55,COLLINS AV,300,N,N,A,-,Y,ORA,12,55,-,-,13.77,H,-,N,Y,4,0,1,2,A,-,03,22350,NA,N,C,C,A,A,H,-,A,D,6,NA,NA,NA,NA,Y,NA,A,01,0,0,1,0,0,0,0,0,0,-,-,33.80337,-117.83163,ORANGE,ORANGE,-117.8308761,33.78862185
6670501,2014,2014-12-23,9675,2014-10-06,0824,14895,NA,1,1,9,3000,0,3,5,NA,2,002,IRVINE BL,BROWNING AV,75,E,N,A,-,N,NA,NA,NA,NA,NA,NA,NA,NA,NA,Y,4,0,1,3,A,-,03,22350,NA,N,C,C,A,A,H,-,A,A,0,NA,NA,NA,NA,Y,NA,A,01,0,0,1,0,0,0,0,0,0,-,-,33.74,-117.79731,ORANGE,UNINCORPORATED,-117.79741265,33.7399167
6670517,2014,2016-06-18,9675,2014-10-02,1845,19809,NA,4,2,5,3022,0,1,1,NA,2,503,RT 5,RED HILL AV,450,S,N,A,-,Y,ORA,12,5,-,R,29,H,-,N,N,4,0,2,2,A,-,03,22350,NA,N,C,C,A,A,H,-,A,D,1,NA,NA,NA,NA,Y,NA,A,01,0,0,2,0,0,0,0,0,0,-,-,33.73328,-117.81415,ORANGE,TUSTIN,-117.81387361,33.73261974
6670549,2014,2016-06-10,9675,2014-10-05,1849,19407,NA,7,2,7,3001,0,1,3,NA,2,094,RT 91,GYPSUM CANYON RD,410,W,N,A,-,Y,ORA,12,91,-,R,16.32,H,-,E,Y,4,0,2,3,A,-,03,22350,NA,N,C,C,A,A,H,-,C,D,1,NA,NA,NA,NA,Y,NA,A,01,0,0,2,0,0,0,0,0,0,-,-,33.86766,-117.72026,ORANGE,ANAHEIM,-117.71309478,33.86637587
6673370,2014,2014-12-10,3019,2014-11-12,1641,2776,SC,3,5,7,3019,0,0,0,NA,0,004,MCFADDEN AV,BRISTOL ST,0,NA,Y,B,-,N,NA,NA,NA,NA,NA,NA,NA,NA,NA,Y,4,0,2,4,A,-,01,23152,A,N,B,C,A,A,H,-,A,A,0,NA,NA,NA,NA,Y,Y,A,07,0,0,2,0,0,0,0,0,0,-,-,NA,NA,ORANGE,SANTA ANA,-117.88520008,33.73446002
6674318,2014,2016-06-20,9690,2014-10-03,1235,016610,NA,5,1,5,3017,0,1,1,NA,2,059,RT 5,AVENIDA PICO,1000,N,N,B,-,Y,ORA,12,5,-,-,3.61,H,-,N,Y,4,0,2,4,A,-,03,22350,NA,N,C,C,A,A,H,-,A,D,1,NA,NA,NA,NA,Y,NA,A,01,0,0,2,0,0,0,0,0,0,-,-,33.43983,-117.62378,ORANGE,SAN CLEMENTE,-117.62514865,33.44056309
6674336,2014,2016-06-18,9675,2014-10-20,1717,13300,NA,1,2,5,3022,0,1,1,NA,2,503,RT 5,TUSTIN RANCH RD,1200,S,N,A,-,Y,ORA,12,5,-,R,28.51,H,-,S,Y,4,0,1,2,A,-,03,22350,NA,N,C,C,A,A,H,-,A,D,1,NA,NA,NA,NA,Y,NA,A,01,0,0,1,0,0,0,0,0,0,-,-,33.48117,-117.86001,ORANGE,TUSTIN,-117.80754895,33.72788755
6674378,2014,2016-06-17,9690,2014-10-10,1340,16610,NA,5,1,5,3017,0,1,1,NA,2,059,RT 5,EL CAMINO REAL,200,S,N,A,-,Y,ORA,12,5,-,-,1.59,H,-,N,Y,4,0,1,4,A,-,03,22350,NA,N,C,C,A,A,H,-,A,D,1,NA,NA,NA,NA,Y,NA,A,01,0,0,1,0,0,0,0,0,0,-,-,33.41767,-117.60437,ORANGE,SAN CLEMENTE,-117.60430752,33.41761973
6675093,2014,2014-12-03,3001,2014-10-22,1447,A0591,NA,3,5,7,3001,0,0,0,NA,0,0D2,BROOKHURST ST,FALMOUTH AV,92,S,N,B,-,N,NA,NA,NA,NA,NA,NA,NA,NA,NA,N,4,0,1,2,A,-,21,22106,NA,N,C,C,A,A,H,-,A,D,0,NA,NA,NA,NA,Y,NA,D,22,0,0,1,0,0,0,0,0,0,-,-,NA,NA,ORANGE,ANAHEIM,-117.95917,33.84911777
6675403,2014,2015-01-06,3026,2014-10-20,0902,537,UNIVE,1,5,6,3026,0,0,0,NA,0,00U,RED HILL AV,DEERE AV,522,N,N,A,-,N,NA,NA,NA,NA,NA,NA,NA,NA,NA,Y,3,0,1,2,A,-,04,21703,NA,N,C,C,A,A,H,-,A,A,0,NA,NA,NA,NA,Y,NA,A,01,0,1,0,0,0,0,0,0,0,-,-,NA,NA,ORANGE,IRVINE,-117.84495794,33.70388206
6678172,2017,2018-01-23,3000,2017-01-18,0235,6887,797J4,3,5,4,3021,0,0,0,NA,0,003,BEACH BL,CHAPMAN AV,10,S,N,B,-,Y,ORA,12,39,-,-,9.671,I,5,N,Y,1,1,0,3,D,-,00,NA,NA,F,H,G,A,A,H,-,C,A,0,NA,Y,NA,NA,Y,NA,-,-,0,0,0,0,0,1,0,0,0,-,-,33.78823,-117.99281,ORANGE,STANTON,-117.9928671,33.78828698
6679387,2014,2014-12-29,3001,2014-10-21,1640,1373,NA,2,5,7,3001,0,0,0,NA,0,0D1,BROADWAY,GILBERT ST,0,NA,Y,A,-,N,NA,NA,NA,NA,NA,NA,NA,NA,NA,Y,4,0,1,2,A,-,09,21801,A,N,D,C,A,A,H,-,A,A,0,NA,NA,NA,NA,Y,NA,A,01,0,0,1,0,0,0,0,0,0,-,-,NA,NA,ORANGE,ANAHEIM,-117.96761005,33.82872006
6679412,2014,2014-12-29,3001,2014-10-12,1301,1007,NA,7,5,7,3001,0,0,0,NA,0,0D1,BALL RD,WESTERN AV,491,W,N,A,-,N,NA,NA,NA,NA,NA,NA,NA,NA,NA,N,4,0,1,2,A,-,03,22350,NA,N,C,C,A,A,H,-,A,D,0,NA,NA,NA,NA,Y,NA,A,07,0,0,1,0,0,0,0,0,0,-,-,NA,NA,ORANGE,ANAHEIM,-118.00367271,33.81732265
6680009,2014,2014-12-23,3026,2014-10-21,1258,538,CROSS,2,5,6,3026,0,0,0,NA,0,00C,RESEARCH DR,INQUIRY,279,W,N,A,-,N,NA,NA,NA,NA,NA,NA,NA,NA,NA,Y,4,0,3,2,A,-,09,21801,A,N,D,C,A,A,H,-,A,D,0,NA,NA,NA,NA,Y,NA,A,01,0,0,3,0,0,0,0,0,0,-,-,NA,NA,ORANGE,IRVINE,NA,NA
6681978,2014,2014-12-23,3010,2014-10-03,1658,2116,473,5,5,6,3010,0,0,0,NA,0,002,NEWLAND,RT 1,237,N,N,A,-,Y,NA,NA,NA,NA,NA,NA,NA,NA,NA,Y,3,0,1,2,A,-,08,22100,A,N,B,C,A,A,H,-,A,D,0,NA,NA,Y,NA,Y,NA,D,22,0,1,0,0,0,0,0,0,1,-,-,NA,NA,ORANGE,HUNTINGTON BEACH,NA,NA
6683395,2014,2014-12-12,3019,2014-10-09,2159,2648,WE,4,5,7,3019,0,0,0,NA,0,001,17TH ST,BRISTOL ST,0,NA,Y,A,-,N,NA,NA,NA,NA,NA,NA,NA,NA,NA,Y,4,0,1,2,A,-,01,23152,A,N,D,C,A,A,H,-,C,A,0,NA,NA,NA,NA,Y,Y,A,01,0,0,1,0,0,0,0,0,0,-,-,NA,NA,ORANGE,SANTA ANA,-117.88508011,33.76013
6686345,2014,2016-06-23,9675,2014-10-16,1524,16944,NA,4,2,6,3015,0,1,3,NA,2,222,RT 22,THE CITY DR,100,W,N,A,-,Y,ORA,12,22,-,R,9.72,H,-,W,Y,4,0,1,4,A,-,03,22350,NA,N,C,C,A,A,H,-,A,D,6,NA,NA,NA,Y,Y,NA,F,26,0,0,1,0,0,0,0,0,0,-,-,33.77909,-117.89,ORANGE,ORANGE,-117.88948288,33.77909253
6688339,2015,2015-03-13,3000,2015-02-13,1635,6717,861A7,5,5,5,3050,0,0,0,NA,0,18762,DIMENSION DR,PRISM,0,NA,Y,A,-,N,NA,NA,NA,NA,NA,NA,NA,NA,NA,Y,4,0,1,2,A,-,08,22102,NA,N,B,C,A,A,H,-,B,D,0,NA,NA,NA,NA,Y,NA,I,20,0,0,1,0,0,0,0,0,0,-,-,33.39478,-117.40272,ORANGE,LAKE FOREST,-117.67420002,33.66321008
6689224,2014,2016-06-14,3011,2014-10-17,1201,31127,32,5,5,4,3011,0,0,0,NA,0,001,N COAST HWY,JASMINE ST,0,NA,Y,A,-,Y,ORA,12,1,-,-,9.74,H,-,S,N,4,0,1,2,A,-,03,22350,NA,N,C,C,A,A,H,-,A,A,0,NA,NA,NA,NA,Y,NA,A,01,0,0,1,0,0,0,0,0,0,-,-,NA,NA,ORANGE,LAGUNA BEACH,-117.79053443,33.54460411
6689474,2014,2014-12-04,3001,2014-10-29,1530,1373,NA,3,5,7,3001,0,0,0,NA,0,0D2,LINCOLN AV,EAST ST,401,E,N,A,-,N,NA,NA,NA,NA,NA,NA,NA,NA,NA,Y,4,0,1,4,A,-,03,22350,NA,N,C,C,A,A,H,-,A,D,0,NA,NA,NA,NA,Y,NA,D,22,0,0,1,0,0,0,0,0,0,-,-,NA,NA,ORANGE,ANAHEIM,-117.90142808,33.83837634
6689506,2014,2015-02-12,3001,2014-10-24,1346,41469,NA,5,5,7,3001,0,0,0,NA,0,D 2,SOUTH EUCLID ST,WEST BROADWAY,0,NA,Y,A,-,N,NA,NA,NA,NA,NA,NA,NA,NA,NA,Y,4,0,1,2,A,-,12,21453,A,N,D,C,A,A,H,-,A,A,0,NA,NA,NA,NA,Y,NA,A,01,0,0,1,0,0,0,0,0,0,-,-,NA,NA,ORANGE,ANAHEIM,-117.94149004,33.82888007
6689821,2014,2014-12-03,3008,2014-10-09,1027,1156,NA,4,5,6,3008,0,0,0,NA,0,001,VALENCIA DR,BASQUE AV,550,W,N,A,-,N,NA,NA,NA,NA,NA,NA,NA,NA,NA,Y,4,0,1,2,A,-,08,22107,NA,N,C,E,A,A,H,-,A,D,0,NA,NA,NA,NA,Y,NA,D,22,0,0,1,0,0,0,0,0,0,-,-,NA,NA,ORANGE,FULLERTON,-117.95247761,33.86652002
6690963,2014,2014-11-18,3003,2014-09-21,1726,1168,4,7,5,5,3003,0,0,0,NA,0,001,MALVERN AV,COUNTRY CLUB DR,0,NA,Y,A,-,N,NA,NA,NA,NA,NA,NA,NA,NA,NA,Y,4,0,1,2,A,-,09,21800,A,N,D,C,A,A,H,-,A,A,0,NA,NA,NA,NA,Y,NA,A,01,0,0,1,0,0,0,0,0,0,-,-,NA,NA,ORANGE,BUENA PARK,-117.99265008,33.88177001
6691312,2014,2014-12-03,3022,2014-10-25,0204,1081,NA,6,5,5,3022,0,0,0,NA,0,003,TUSTIN RANCH RD,WALNUT AV,1491,S,N,A,-,N,NA,NA,NA,NA,NA,NA,NA,NA,NA,Y,3,0,1,1,A,-,08,22107,NA,M,E,I,A,A,H,-,C,D,0,NA,NA,NA,NA,Y,NA,D,22,0,1,0,0,0,0,0,0,0,-,-,33.4255,-117.4845,ORANGE,TUSTIN,-117.81257981,33.71545503
6692970,2014,2016-05-24,3011,2014-09-30,1658,31051,43,2,5,4,3011,0,0,0,NA,0,002,RT 1,BLUEBIRD CANYON DR,60,N,N,A,-,Y,ORA,12,1,-,-,8.31,H,-,S,Y,3,0,1,2,A,-,11,21954,A,N,G,B,D,A,H,-,A,A,0,Y,NA,NA,NA,Y,NA,N,60,0,1,0,0,1,0,0,0,0,-,-,NA,NA,ORANGE,LAGUNA BEACH,-117.77321522,33.53030198
6694249,2014,2016-06-15,3001,2014-10-22,0824,47469,NA,3,5,7,3001,0,0,0,NA,0,0D2,LEMON ST,RT 91,0,NA,Y,A,-,Y,ORA,12,91,-,-,3.644,R,4,W,Y,4,0,1,2,A,-,12,21453,A,N,D,C,A,A,H,-,A,A,0,NA,NA,Y,NA,Y,NA,A,01,0,0,1,0,0,0,0,0,1,-,WF,NA,NA,ORANGE,ANAHEIM,-117.91755165,33.85418693
6694375,2014,2016-06-18,3010,2014-10-27,1317,1145,262,1,5,6,3010,0,0,0,NA,0,007,HEIL,RT 39,45,W,N,A,-,Y,ORA,12,39,-,-,5.141,I,6,S,Y,3,0,1,2,A,-,01,23152,E,N,C,C,A,A,G,-,A,A,0,NA,NA,Y,NA,Y,NA,C,02,0,1,0,0,0,0,0,0,1,-,-,NA,NA,ORANGE,HUNTINGTON BEACH,-117.98933231,33.72303245
6694394,2014,2015-01-02,3001,2014-10-29,1754,1397,NA,3,5,7,3001,0,0,0,NA,0,0D2,N EUCLID ST,WEST CRESCENT AV,352,S,N,A,-,N,NA,NA,NA,NA,NA,NA,NA,NA,NA,N,4,0,1,3,A,-,03,22350,NA,N,C,C,A,A,H,-,B,A,0,NA,NA,NA,NA,Y,NA,A,01,0,0,1,0,0,0,0,0,0,-,-,NA,NA,ORANGE,ANAHEIM,-117.94158686,33.83883501
6694404,2014,2016-06-18,3000,2014-10-19,1324,2978,797J2,7,5,4,3021,0,0,0,NA,0,2A21,BEACH BL,KATELLA AV,133,N,N,A,-,Y,ORA,12,39,-,-,10.69,H,-,S,N,3,0,1,2,A,-,03,22350,NA,N,C,C,A,A,H,-,A,A,0,NA,NA,NA,NA,Y,NA,A,01,0,1,0,0,0,0,0,0,0,-,-,NA,NA,ORANGE,STANTON,-117.99327079,33.803097030000004
6694745,2014,2015-01-05,3000,2014-10-10,1425,05314,951G6,5,5,5,3040,0,0,0,NA,0,6M40,MARINA HILLS DR,NIGUEL RD,90,E,N,A,-,N,NA,NA,NA,NA,NA,NA,NA,NA,NA,N,4,0,3,2,A,-,03,22350,NA,N,C,C,A,A,H,-,A,D,0,NA,NA,NA,NA,Y,NA,A,07,0,0,3,0,0,0,0,0,0,-,-,NA,NA,ORANGE,LAGUNA NIGUEL,-117.70484917,33.51906238
6694749,2014,2015-01-05,3000,2014-10-19,1849,4003,797J2,7,5,4,3021,0,0,0,NA,0,021,KATELLA AV,DATE ST,171,W,N,A,-,N,NA,NA,NA,NA,NA,NA,NA,NA,NA,Y,2,0,1,2,A,-,03,22350,NA,N,G,B,D,A,H,-,C,D,0,Y,NA,NA,NA,Y,NA,A,01,1,0,0,0,1,0,0,0,0,-,-,NA,NA,ORANGE,STANTON,-117.99921134,33.80291652
6695055,2014,2015-01-23,3001,2014-11-06,0822,0705,NA,4,5,7,3001,0,0,0,NA,0,0D3,WEST LA PALMA AV,EAST ST,79,E,N,A,-,N,NA,NA,NA,NA,NA,NA,NA,NA,NA,N,4,0,1,2,A,-,03,22350,NA,N,C,C,A,A,H,-,A,A,0,NA,NA,NA,NA,Y,NA,D,22,0,0,1,0,0,0,0,0,0,-,-,NA,NA,ORANGE,ANAHEIM,-117.90544048,33.84728595
6696776,2014,2016-06-23,9675,2014-10-23,1840,18834,NA,4,2,6,3015,0,1,3,NA,2,222,RT 22,CAMBRIDGE ST,500,W,N,A,-,Y,ORA,12,22,-,R,12.27,H,-,W,Y,4,0,1,3,A,-,03,22350,NA,N,C,C,A,A,H,-,C,D,6,NA,NA,NA,NA,Y,NA,A,01,0,0,1,0,0,0,0,0,0,-,-,33.77585,-117.84637,ORANGE,ORANGE,-117.84588643,33.77580299
6698018,2014,2015-01-08,3019,2014-11-01,0928,2963,NORTH,6,5,7,3019,0,0,0,NA,0,002,MAIN ST,9TH ST,6,N,N,C,-,N,NA,NA,NA,NA,NA,NA,NA,NA,NA,Y,4,0,1,3,A,-,11,21954,A,N,C,C,D,B,H,-,A,A,0,Y,NA,NA,NA,Y,NA,N,60,0,0,1,0,0,0,0,0,0,-,-,NA,NA,ORANGE,SANTA ANA,-117.86761956,33.75230644
6698058,2014,2014-12-09,3019,2014-10-17,1427,2776,SC,5,5,7,3019,0,0,0,NA,0,004,BRISTOL ST,WARNER AV,448,N,N,A,-,N,NA,NA,NA,NA,NA,NA,NA,NA,NA,Y,4,0,1,2,A,-,09,21801,A,N,D,C,A,A,H,-,A,D,0,NA,NA,NA,NA,Y,NA,D,22,0,0,1,0,0,0,0,0,0,-,-,NA,NA,ORANGE,SANTA ANA,-117.88531195,33.71744793
6698271,2014,2014-11-19,3019,2014-10-17,1144,2771,NE,5,5,7,3019,0,0,0,NA,0,002,FRENCH ST,CIVIC CENTER DR,10,N,N,A,-,N,NA,NA,NA,NA,NA,NA,NA,NA,NA,N,4,0,1,2,A,-,09,21804,NA,N,D,G,A,A,H,-,A,D,0,NA,Y,NA,NA,Y,NA,L,04,0,0,1,0,0,0,1,0,0,-,-,NA,NA,ORANGE,SANTA ANA,-117.86453,33.75112741
6698510,2014,2014-12-01,3019,2014-10-28,1738,2776,SE,2,5,7,3019,0,0,0,NA,0,003,DYER RD,ORANGE AV,0,NA,Y,A,-,N,NA,NA,NA,NA,NA,NA,NA,NA,NA,Y,4,0,1,2,A,-,09,21801,A,N,D,C,A,A,H,-,A,D,0,NA,NA,NA,NA,Y,NA,A,01,0,0,1,0,0,0,0,0,0,-,-,NA,NA,ORANGE,SANTA ANA,-117.86586012,33.7087001
6700873,2014,2014-12-02,3026,2014-10-21,1947,545,NA,2,5,6,3026,0,0,0,NA,0,00C,JEFFREY RD,QUAILCREEK,350,S,N,A,-,N,NA,NA,NA,NA,NA,NA,NA,NA,NA,Y,4,0,1,3,A,-,03,22350,NA,N,C,C,A,A,H,-,C,A,0,NA,NA,NA,NA,Y,NA,A,07,0,0,1,0,0,0,0,0,0,-,-,NA,NA,ORANGE,IRVINE,-117.79180917,33.6665933
6700910,2014,2014-12-04,3003,2014-10-29,1808,601,08,3,5,5,3003,0,0,0,NA,0,003,LA PALMA AV,STANTON AV,18,W,N,A,-,N,NA,NA,NA,NA,NA,NA,NA,NA,NA,N,4,0,1,2,A,-,03,22350,NA,M,C,C,A,A,H,-,C,A,0,NA,NA,NA,NA,Y,NA,-,NA,0,0,1,0,0,0,0,0,0,-,-,33.50793,-117.59629,ORANGE,BUENA PARK,-117.99375913,33.84661893
6701665,2014,2015-01-08,3024,2014-11-07,1544,186,P13,5,5,5,3024,0,0,0,NA,0,EAST,NEWLAND ST,ARVILLA PL,129,S,N,A,-,N,NA,NA,NA,NA,NA,NA,NA,NA,NA,Y,4,0,2,3,A,-,09,21804,A,N,D,C,A,A,H,-,A,D,0,NA,NA,NA,NA,Y,NA,A,01,0,0,2,0,0,0,0,0,0,-,-,NA,NA,ORANGE,WESTMINSTER,-117.98107758,33.76218632
6702297,2014,2015-01-26,3015,2014-11-01,1513,1507,NA,6,5,6,3015,0,0,0,NA,0,NA,W KATELLA,N BATAVIA,40,E,N,-,-,N,NA,NA,NA,NA,NA,NA,NA,NA,NA,Y,4,0,3,2,A,-,03,22350,NA,N,-,-,A,-,-,-,-,-,0,NA,NA,NA,NA,Y,NA,A,07,0,0,3,0,0,0,0,0,0,-,-,NA,NA,ORANGE,ORANGE,-117.86201864,33.80902
6704634,2014,2014-12-30,3000,2014-10-23,0610,3958,892J3,4,5,4,3048,0,0,0,NA,0,167,AVENIDA EMPRESA,SANTA MARGARITA PKWY,14,S,N,A,-,N,NA,NA,NA,NA,NA,NA,NA,NA,NA,N,4,0,1,2,D,-,00,NA,NA,N,H,G,A,A,H,-,C,A,0,NA,Y,NA,NA,Y,NA,-,-,0,0,1,0,0,0,1,0,0,-,-,NA,NA,ORANGE,RANCHO SANTA MARGARITA,-117.60894263,33.63930921
6704827,2014,2014-12-30,3000,2014-10-28,1508,5013,891J4,2,5,5,3050,0,0,0,NA,0,764,EL TORO RD,TOLEDO WY,444,E,N,A,-,N,NA,NA,NA,NA,NA,NA,NA,NA,NA,Y,2,0,1,1,A,-,03,22350,NA,N,F,A,A,A,H,-,A,A,0,NA,NA,Y,NA,Y,NA,C,03,1,0,0,0,0,0,0,0,1,-,-,NA,NA,ORANGE,LAKE FOREST,-117.68459576,33.63345734