CASE_ID,ACCIDENT_YEAR,PROC_DATE,JURIS,COLLISION_DATE,COLLISION_TIME,OFFICER_ID,REPORTING_DISTRICT,DAY_OF_WEEK,CHP_SHIFT,POPULATION,CNTY_CITY_LOC,SPECIAL_COND,BEAT_TYPE,CHP_BEAT_TYPE,CITY_DIVISION_LAPD,CHP_BEAT_CLASS,BEAT_NUMBER,PRIMARY_RD,SECONDARY_RD,DISTANCE,DIRECTION,INTERSECTION,WEATHER_1,WEATHER_2,STATE_HWY_IND,CALTRANS_COUNTY,CALTRANS_DISTRICT,STATE_ROUTE,ROUTE_SUFFIX,POSTMILE_PREFIX,POSTMILE,LOCATION_TYPE,RAMP_INTERSECTION,SIDE_OF_HWY,TOW_AWAY,COLLISION_SEVERITY,NUMBER_KILLED,NUMBER_INJURED,PARTY_COUNT,PRIMARY_COLL_FACTOR,PCF_CODE_OF_VIOL,PCF_VIOL_CATEGORY,PCF_VIOLATION,PCF_VIOL_SUBSECTION,HIT_AND_RUN,TYPE_OF_COLLISION,MVIW,PED_ACTION,ROAD_SURFACE,ROAD_COND_1,ROAD_COND_2,LIGHTING,CONTROL_DEVICE,CHP_ROAD_TYPE,PEDESTRIAN_ACCIDENT,BICYCLE_ACCIDENT,MOTORCYCLE_ACCIDENT,TRUCK_ACCIDENT,NOT_PRIVATE_PROPERTY,ALCOHOL_INVOLVED,STWD_VEHTYPE_AT_FAULT,CHP_VEHTYPE_AT_FAULT,COUNT_SEVERE_INJ,COUNT_VISIBLE_INJ,COUNT_COMPLAINT_PAIN,COUNT_PED_KILLED,COUNT_PED_INJURED,COUNT_BICYCLIST_KILLED,COUNT_BICYCLIST_INJURED,COUNT_MC_KILLED,COUNT_MC_INJURED,PRIMARY_RAMP,SECONDARY_RAMP,LATITUDE,LONGITUDE,COUNTY,CITY,POINT_X,POINT_Y
6794349,2015,2015-02-20,9675,2015-01-04,1005,017833,NA,7,1,9,3000,0,2,4,NA,2,034,SANTIAGO CYN RD,IRVINE LAKE,900,N,N,A,-,N,NA,NA,NA,NA,NA,NA,NA,NA,NA,N,3,0,3,4,A,-,08,22107,NA,N,C,G,A,A,H,-,A,D,0,NA,Y,NA,NA,Y,NA,A,01,0,3,0,0,0,0,3,0,0,-,-,33.76861,-117.719,ORANGE,UNINCORPORATED,-117.718738,33.768488
6794473,2015,2016-09-08,9675,2015-01-01,0925,20627,NA,4,1,7,3019,0,1,3,NA,2,552,RT 55,EDINGER AV,100,S,N,A,-,Y,ORA,12,55,-,-,9.42,H,-,S,Y,4,0,1,1,A,-,01,23152,A,N,E,I,A,A,H,-,A,D,6,NA,NA,NA,NA,Y,Y,A,01,0,0,1,0,0,0,0,0,0,-,-,33.43329,-117.50704,ORANGE,SANTA ANA,-117.8352497,33.72593973
6795647,2015,2015-02-24,3004,2015-01-22,1754,P543,12,4,5,6,3004,0,0,0,NA,0,002,NEWPORT BL,DEL MAR AV,268,N,N,A,-,N,NA,NA,55,NA,NA,NA,NA,NA,NA,Y,3,0,1,2,A,-,07,21658,A,N,B,C,A,A,H,-,C,A,0,NA,NA,Y,NA,Y,NA,A,01,0,1,0,0,0,0,0,0,1,-,-,33.6643,-117.896,ORANGE,COSTA MESA,-117.89623679,33.66453497
6795703,2015,2015-02-27,3019,2015-01-10,0920,3200,SE,6,5,7,3019,0,0,0,NA,0,003,ORANGE ST,CAMILE ST,0,NA,Y,C,-,N,NA,NA,NA,NA,NA,NA,NA,NA,NA,Y,4,0,1,2,A,-,09,21801,A,N,D,C,A,B,H,-,A,D,0,NA,NA,NA,NA,Y,NA,A,01,0,0,1,0,0,0,0,0,0,-,-,NA,NA,ORANGE,SANTA ANA,-117.86511009,33.74076003
6795768,2015,2015-02-23,3001,2015-01-22,0907,A1555,NA,4,5,7,3001,0,0,0,NA,0,0D3,DOUGLASS RD,KATELLA AV,1004,N,N,A,-,N,NA,NA,NA,NA,NA,NA,NA,NA,NA,Y,3,0,1,2,A,-,09,21804,A,N,D,G,A,A,H,-,A,A,0,NA,Y,NA,NA,Y,NA,L,04,0,1,0,0,0,0,1,0,0,-,-,NA,NA,ORANGE,ANAHEIM,-117.8776,33.80885238
6796833,2015,2015-02-26,3024,2015-01-15,0335,149,P06,4,5,5,3024,0,0,0,NA,0,WEST,HOOVER ST,BENTON AV,400,S,N,A,-,N,NA,NA,NA,NA,NA,NA,NA,NA,NA,Y,2,0,4,2,A,-,01,23153,A,N,F,-,A,A,H,-,C,D,0,NA,NA,NA,NA,Y,Y,D,22,1,3,0,0,0,0,0,0,0,-,-,NA,NA,ORANGE,WESTMINSTER,-117.99855834,33.76962343
6796964,2015,2015-02-25,3008,2015-01-10,1432,1147,NA,6,5,6,3008,0,0,0,NA,0,0Z1,MALVERN AV,GILBERT ST,125,E,N,C,-,N,NA,NA,NA,NA,NA,NA,NA,NA,NA,N,4,0,1,2,A,-,03,22350,NA,N,C,C,A,B,H,-,A,A,0,NA,NA,NA,NA,Y,NA,A,08,0,0,1,0,0,0,0,0,0,-,-,NA,NA,ORANGE,FULLERTON,-117.96690658,33.87785516
6797045,2015,2015-08-10,3000,2015-01-10,1627,8207,971J6,6,5,4,3029,0,0,0,NA,0,335,ST OF THE GOLDEN LANTERN,DANA POINT HARBOR DR,196,N,N,B,-,N,NA,NA,NA,NA,NA,NA,NA,NA,NA,N,4,0,1,2,D,-,00,NA,NA,M,G,B,F,B,H,-,A,D,0,Y,NA,NA,NA,Y,NA,-,-,0,0,1,0,1,0,0,0,0,-,-,NA,NA,ORANGE,DANA POINT,-117.693737,33.463118
6797531,2015,2015-02-24,3007,2015-01-26,1734,280,NA,1,5,5,3007,0,0,0,NA,0,002,HARBOR,EDINGER,330,N,N,C,-,N,NA,NA,NA,NA,NA,NA,NA,NA,NA,Y,4,0,1,2,A,-,03,22350,NA,N,C,C,A,B,G,-,C,D,0,NA,NA,NA,NA,Y,NA,A,01,0,0,1,0,0,0,0,0,0,-,-,NA,NA,ORANGE,FOUNTAIN VALLEY,-117.91978943,33.72828471
6798055,2015,2015-02-24,3010,2015-01-13,0810,1166,3010,2,5,6,3010,0,0,0,NA,0,474,NEWLAND,HAMILTON,0,NA,Y,A,-,N,NA,NA,NA,NA,NA,NA,NA,NA,NA,Y,4,0,1,2,A,-,09,21801,A,N,A,C,A,A,H,-,A,A,0,NA,NA,NA,NA,Y,NA,A,01,0,0,1,0,0,0,0,0,0,-,-,NA,NA,ORANGE,HUNTINGTON BEACH,-117.97958004,33.65042001
6798427,2015,2015-02-18,3019,2015-01-24,0331,3319,WE,6,5,7,3019,0,0,0,NA,0,001,MCFADDEN AV,NEWHOPE ST,10,S,N,A,-,N,NA,NA,NA,NA,NA,NA,NA,NA,NA,Y,4,0,1,2,A,-,17,21451,A,N,D,D,A,A,H,-,C,A,0,NA,NA,NA,NA,Y,NA,A,08,0,0,1,0,0,0,0,0,0,-,-,NA,NA,ORANGE,SANTA ANA,-117.92865,33.73823
6799074,2015,2015-02-25,3026,2015-01-10,1016,541,NA,6,5,6,3026,0,0,0,NA,0,00C,JEFFERY,ALTON,228,N,N,B,C,N,NA,NA,NA,NA,NA,NA,NA,NA,NA,Y,4,0,2,2,A,-,03,22350,NA,N,C,C,A,B,H,-,A,A,0,NA,NA,NA,NA,Y,NA,D,22,0,0,2,0,0,0,0,0,0,-,-,NA,NA,ORANGE,IRVINE,-117.78818594,33.67018987
6799144,2015,2016-09-07,9670,2015-01-18,0527,17858,NA,7,3,5,3003,0,1,1,NA,2,501,RT 5,STANTON AV,1000,S,N,A,-,Y,ORA,12,5,-,-,42.94,H,-,S,Y,4,0,1,2,A,-,07,21658,A,N,B,C,A,A,H,-,D,D,6,NA,NA,NA,NA,Y,NA,A,01,0,0,1,0,0,0,0,0,0,-,-,33.86244,-117.99132,ORANGE,BUENA PARK,-117.991572,33.86247642
6805491,2015,2016-09-08,9675,2015-01-20,0727,016923,NA,2,1,6,3015,0,1,3,NA,2,551,RT 55,SANTA CLARA AV,1000,S,N,E,-,Y,ORA,12,55,-,-,12.1,H,-,S,Y,3,0,1,3,A,-,03,22350,NA,N,C,C,A,A,H,-,A,D,6,NA,NA,NA,NA,Y,NA,A,07,0,1,0,0,0,0,0,0,0,-,-,33.76451,-117.83119,ORANGE,ORANGE,-117.83116946,33.76435619
6807509,2015,2016-09-26,3010,2015-01-12,1111,2057,423,1,5,6,3010,0,0,0,NA,0,003,RT 39,YORKTOWN,45,S,N,A,-,Y,ORA,12,39,-,-,2.131,H,-,N,Y,4,0,2,2,A,-,03,22350,NA,N,-,C,A,A,H,-,A,A,0,NA,NA,NA,NA,Y,NA,D,22,0,0,2,0,0,0,0,0,0,-,-,NA,NA,ORANGE,HUNTINGTON BEACH,-117.98857655,33.67928346
6807593,2015,2015-03-03,3008,2015-01-14,0954,1117,NA,3,5,6,3008,0,0,0,NA,0,0Z2,BASTANCHURY RD,BREA BL,700,W,N,A,-,N,NA,NA,NA,NA,NA,NA,NA,NA,NA,Y,4,0,1,2,A,-,09,21804,A,N,D,C,A,A,H,-,A,D,0,NA,NA,NA,NA,Y,NA,A,01,0,0,1,0,0,0,0,0,0,-,-,NA,NA,ORANGE,FULLERTON,-117.91166132,33.89937266
6807628,2015,2015-03-03,3010,2015-01-13,0755,1198,486,2,5,6,3010,0,0,0,NA,0,002,MOLOKAI,BUSHARD,15,W,N,A,-,N,NA,NA,NA,NA,NA,NA,NA,NA,NA,N,3,0,2,3,A,-,10,21950,A,N,G,B,B,A,H,-,A,A,0,Y,NA,NA,NA,Y,NA,A,01,0,1,1,0,2,0,0,0,0,-,-,NA,NA,ORANGE,HUNTINGTON BEACH,-117.96217917,33.64211
6809888,2015,2015-03-03,3026,2015-01-26,1709,7094,NA,1,5,6,3026,0,0,0,NA,0,00U,HARVARD AV,UNIVERSITY DR,382,N,N,B,C,N,NA,NA,NA,NA,NA,NA,NA,NA,NA,Y,4,0,1,2,A,-,03,22350,NA,N,C,C,A,B,H,-,A,D,0,NA,NA,NA,NA,Y,NA,A,01,0,0,1,0,0,0,0,0,0,-,-,NA,NA,ORANGE,IRVINE,-117.83874659,33.65871702
6810191,2015,2015-03-06,3001,2015-02-03,1120,A0387,NA,2,5,7,3001,0,0,0,NA,0,0D2,NORTH STATE COLLEGE BL,EAST LA PALMA AV,57,S,N,A,-,N,NA,NA,NA,NA,NA,NA,NA,NA,NA,N,4,0,1,3,A,-,03,22350,NA,N,-,C,A,A,H,-,A,A,0,NA,NA,NA,NA,Y,NA,A,07,0,0,1,0,0,0,0,0,0,-,-,NA,NA,ORANGE,ANAHEIM,-117.88929886,33.84710374
6811996,2015,2015-03-23,3024,2015-01-08,1433,141,P34,4,5,5,3024,0,0,0,NA,0,EAST,BROOKHURST ST,BISHOP PL,417,S,N,A,-,N,NA,NA,NA,NA,NA,NA,NA,NA,NA,Y,4,0,1,2,A,-,00,23123,A,N,C,C,A,A,H,-,A,D,0,NA,NA,NA,NA,Y,Y,A,01,0,0,1,0,0,0,0,0,0,-,-,NA,NA,ORANGE,WESTMINSTER,-117.95489412,33.74019679
6812675,2015,2015-02-27,3000,2015-01-19,0900,5301,893A4,1,5,4,3048,0,0,0,NA,0,766,ALMA ALDEA,SANTA FE AV,0,NA,Y,A,-,N,NA,NA,NA,NA,NA,NA,NA,NA,NA,N,4,0,1,2,A,-,09,21802,A,N,D,C,A,A,H,-,A,D,0,NA,NA,NA,NA,Y,NA,A,01,0,0,1,0,0,0,0,0,0,-,-,NA,NA,ORANGE,RANCHO SANTA MARGARITA,-117.59564012,33.63483009
6812699,2015,2015-02-27,3026,2015-01-26,1800,6352/541,NA,1,5,6,3026,0,0,0,NA,0,00P,MUIRLANDS BL,THOMAS,18,N,N,B,-,N,NA,NA,NA,NA,NA,NA,NA,NA,NA,N,4,0,1,2,D,-,00,NA,NA,M,G,B,B,B,H,-,C,A,0,Y,NA,NA,NA,Y,NA,-,-,0,0,1,0,1,0,0,0,0,-,-,NA,NA,ORANGE,IRVINE,-117.72086831,33.64381832
6812719,2015,2015-02-27,3026,2015-01-31,1619,197,NA,6,5,6,3026,0,0,0,NA,0,00C,PASEO WESTPARK,WARNER AV,0,NA,Y,A,-,N,NA,NA,NA,NA,NA,NA,NA,NA,NA,Y,4,0,1,2,A,-,09,21801,A,N,A,C,A,A,H,-,A,A,0,NA,NA,NA,NA,Y,NA,A,01,0,0,1,0,0,0,0,0,0,-,-,NA,NA,ORANGE,IRVINE,-117.81055003,33.68998005
6813311,2014,2015-02-20,3008,2014-12-21,2109,1429,NA,7,5,6,3008,0,0,0,NA,0,Z 2,ORANGETHORPE AV,LEMON ST,0,NA,Y,A,-,N,NA,NA,NA,NA,NA,NA,NA,NA,NA,N,3,0,1,2,D,-,00,NA,NA,M,D,C,A,A,H,-,C,A,0,NA,NA,NA,NA,Y,NA,-,-,0,1,0,0,0,0,0,0,0,-,-,NA,NA,ORANGE,FULLERTON,-117.91987002,33.85951001
6814016,2015,2017-07-21,3000,2015-01-17,1555,1920,921J1,6,5,5,3028,0,0,0,NA,0,750,ALICIA PKWY,RT 5,6,E,N,A,-,Y,ORA,12,5,-,-,17,R,4,S,N,4,0,1,2,A,-,03,22350,NA,N,C,C,A,A,H,-,A,A,0,NA,NA,NA,NA,Y,NA,J,48,0,0,1,0,0,0,0,0,0,-,TO,NA,NA,ORANGE,MISSION VIEJO,-117.68351396,33.60091199
6814675,2015,2016-10-18,9675,2015-02-26,1645,15208,NA,4,2,9,3000,0,1,3,NA,2,240,RT 241,RT 91,1945,S,N,A,-,Y,ORA,12,241,-,-,37.89,H,-,N,Y,3,0,1,2,A,-,07,21658,A,N,D,C,A,A,H,-,D,D,1,NA,NA,NA,NA,Y,NA,A,01,0,1,0,0,0,0,0,0,0,-,-,33.05229,-117.71674,ORANGE,UNINCORPORATED,-117.71677701,33.85029366
6816779,2015,2016-09-14,9675,2015-02-04,1903,16944,NA,3,2,6,3015,0,1,3,NA,2,550,RT 55,COLLINS AV,60,N,N,A,-,Y,ORA,12,55,-,-,14.72,H,-,N,Y,4,0,1,2,A,-,07,21658,A,N,C,C,A,A,H,-,D,D,6,NA,NA,NA,NA,Y,NA,A,01,0,0,1,0,0,0,0,0,0,-,-,33.80268,-117.83155,ORANGE,ORANGE,-117.83149312,33.80241134
6817287,2015,2016-11-01,9675,2015-01-31,0915,20627,NA,6,1,6,3004,0,1,1,NA,2,405,RT 405,HARBOR BL,600,S,N,A,-,Y,ORA,12,405,-,-,11.34,H,-,S,Y,4,0,1,3,A,-,03,22350,NA,N,C,C,A,A,C,-,A,D,6,NA,NA,NA,NA,Y,NA,A,01,0,0,1,0,0,0,0,0,0,-,-,33.41186,-117.55279,ORANGE,COSTA MESA,-117.9172821,33.68837483
6817345,2015,2016-10-03,9675,2015-01-29,2232,20535,NA,4,3,7,3019,0,1,1,NA,2,503,RT 5,1ST ST,200,S,N,A,-,Y,ORA,12,5,-,-,31.03,H,-,S,Y,4,0,1,2,A,-,03,22350,NA,N,C,C,A,A,H,-,C,D,1,NA,NA,NA,NA,Y,NA,A,01,0,0,1,0,0,0,0,0,0,-,-,33.74461,-117.84192,ORANGE,SANTA ANA,-117.84316865,33.7473765
6817810,2015,2015-03-09,3004,2015-02-09,1251,P429,27,1,5,6,3004,0,0,0,NA,0,004,HARBOR BL,SOUTH COAST DR,0,NA,Y,A,-,N,NA,NA,NA,NA,NA,NA,NA,NA,NA,Y,4,0,1,2,A,-,12,21453,A,N,D,C,A,A,H,-,A,A,0,NA,NA,NA,NA,Y,NA,A,01,0,0,1,0,0,0,0,0,0,-,-,33.413,-117.559,ORANGE,COSTA MESA,-117.91954011,33.69162011
6818158,2015,2015-02-27,3015,2015-01-27,1517,1240,55E,2,5,6,3015,0,0,0,NA,0,723M,EAST KATELLA AV,N CALIFORNIA ST,223,E,N,A,-,N,NA,NA,NA,NA,NA,NA,NA,NA,NA,Y,4,0,1,3,A,-,09,21804,A,N,D,C,A,A,H,-,A,A,0,NA,NA,NA,NA,Y,NA,A,01,0,0,1,0,0,0,0,0,0,-,-,NA,NA,ORANGE,ORANGE,-117.83974778,33.80916664
6819388,2015,2015-03-16,3026,2015-02-03,0633,4991,NA,2,5,6,3026,0,0,0,NA,0,00U,CAMPUS,TURTLE ROCK,0,NA,Y,E,-,N,NA,NA,NA,NA,NA,NA,NA,NA,NA,Y,3,0,2,2,D,-,00,NA,NA,N,D,C,A,A,H,-,A,A,0,NA,NA,NA,NA,Y,NA,-,-,0,1,1,0,0,0,0,0,0,-,-,NA,NA,ORANGE,IRVINE,-117.81840011,33.64939006
6819424,2015,2015-03-16,3019,2015-02-10,1304,2630,WE,2,5,7,3019,0,0,0,NA,0,001,WESTMINSTER AV,A BETTER WY,0,NA,Y,A,-,N,NA,NA,NA,NA,NA,NA,NA,NA,NA,Y,4,0,1,2,A,-,09,21802,A,N,D,C,A,A,H,-,A,A,0,NA,NA,NA,NA,Y,NA,D,22,0,0,1,0,0,0,0,0,0,-,-,NA,NA,ORANGE,SANTA ANA,-117.92598004,33.75982006
6820604,2015,2015-03-11,3019,2015-02-04,1002,2528,SC,3,5,7,3019,0,0,0,NA,0,004,HARBOR BL,WARNER AV,25,S,N,A,-,N,NA,NA,NA,NA,NA,NA,NA,NA,NA,Y,4,0,2,2,A,-,03,22350,NA,N,C,C,A,A,H,-,A,A,0,NA,NA,NA,NA,Y,NA,A,07,0,0,2,0,0,0,0,0,0,-,-,NA,NA,ORANGE,SANTA ANA,-117.91982,33.71386146
6820668,2015,2015-03-10,3019,2015-02-04,1425,2776,WE,3,5,7,3019,0,0,0,NA,0,001,1ST ST,EUCLID ST,0,NA,Y,A,-,N,NA,NA,NA,NA,NA,NA,NA,NA,NA,Y,3,0,4,2,A,-,12,21453,A,N,D,C,A,A,H,-,A,A,0,NA,NA,NA,NA,Y,NA,A,01,0,2,2,0,0,0,0,0,0,-,-,NA,NA,ORANGE,SANTA ANA,-117.93748011,33.74505006
6823043,2015,2015-03-05,3022,2015-02-11,1400,1109,NORTH,3,5,5,3022,0,0,0,NA,0,NA,NEWPORT AV,OLD IRVINE BL,390,N,N,A,-,N,NA,NA,NA,NA,NA,NA,NA,NA,NA,N,3,0,1,2,A,-,03,22350,NA,N,C,C,A,A,H,-,A,D,0,NA,NA,Y,NA,Y,NA,O,05,0,1,0,0,0,0,0,0,1,-,-,NA,NA,ORANGE,TUSTIN,-117.81011612,33.75020183
6823210,2015,2015-03-17,3000,2015-02-16,1040,4966,892B4,1,5,5,3028,0,0,0,NA,0,M56,MODESTO DR,TRABUCO RD,38,E,N,A,-,N,NA,NA,NA,NA,NA,NA,NA,NA,NA,N,4,0,1,2,A,-,03,22350,NA,N,C,C,A,A,H,-,A,A,0,NA,NA,NA,NA,Y,NA,A,01,0,0,1,0,0,0,0,0,0,-,-,NA,NA,ORANGE,MISSION VIEJO,-117.66726832,33.62991475
6824287,2015,2015-03-13,3010,2015-02-12,1613,1059,261,4,5,6,3010,0,0,0,NA,0,007,GOLDENWEST ST,NORMA DR,0,NA,Y,A,-,N,NA,NA,NA,NA,NA,NA,NA,NA,NA,Y,4,0,1,2,A,-,09,21801,A,N,D,C,A,A,H,-,A,A,0,NA,NA,NA,NA,Y,NA,A,07,0,0,1,0,0,0,0,0,0,-,-,NA,NA,ORANGE,HUNTINGTON BEACH,-118.00663007,33.71918
6824506,2015,2015-03-13,3015,2015-02-03,1047,1240,61,2,5,6,3015,0,0,0,NA,0,723-M,W ALMOND AV,SOUTH MAIN ST,236,W,N,A,-,N,NA,NA,NA,NA,NA,NA,NA,NA,NA,Y,3,0,2,2,A,-,08,22107,A,N,C,E,A,A,H,-,A,A,0,NA,NA,NA,NA,Y,NA,A,07,0,1,1,0,0,0,0,0,0,-,-,NA,NA,ORANGE,ORANGE,-117.86806482,33.78605415
6824514,2015,2015-03-16,3019,2015-02-15,1143,3350,SE,7,5,7,3019,0,0,0,NA,0,002,EDINGER AV,LYON ST,0,NA,Y,A,-,N,NA,NA,NA,NA,NA,NA,NA,NA,NA,Y,4,0,1,2,A,-,12,21453,A,N,D,C,A,A,H,-,A,A,0,NA,NA,NA,NA,Y,NA,A,01,0,0,1,0,0,0,0,0,0,-,-,NA,NA,ORANGE,SANTA ANA,-117.84516,33.72680011
6824648,2015,2015-03-09,3026,2015-02-12,0738,4779,NA,4,5,6,3026,0,0,0,NA,0,00P,TRABUCO RD,MONROE,660,W,N,A,-,N,NA,NA,NA,NA,NA,NA,NA,NA,NA,Y,3,0,4,4,A,-,04,21703,NA,N,C,C,A,A,H,-,A,D,0,NA,NA,NA,NA,Y,NA,A,01,0,1,3,0,0,0,0,0,0,-,-,NA,NA,ORANGE,IRVINE,-117.77817,33.70760105
6824852,2015,2016-04-28,3022,2015-01-24,1846,1194,NA,6,5,5,3022,0,0,0,NA,0,NA,MCFADDEN AV,VILLAGE WY,282,W,N,A,-,N,NA,NA,NA,NA,NA,NA,NA,NA,NA,Y,4,0,1,3,A,-,03,22350,NA,N,C,C,A,A,H,-,C,A,0,NA,NA,NA,NA,Y,NA,A,07,0,0,1,0,0,0,0,0,0,-,-,33.4401,-117.5012,ORANGE,TUSTIN,-117.83680524,33.73380597
6826121,2015,2016-09-23,3014,2015-02-11,1717,1079,25,3,5,5,3014,0,0,0,NA,0,0A2,RT 55,INDUSTRIAL WY,900,S,N,A,-,Y,ORA,12,55,-,-,0.84,H,-,N,Y,4,0,2,2,A,-,07,21658,A,N,B,C,A,A,H,-,A,D,0,NA,NA,Y,NA,Y,NA,A,01,0,0,2,0,0,0,0,0,2,-,-,33.6288,-117.9265,ORANGE,NEWPORT BEACH,-117.92651089,33.62901912
6826337,2015,2015-03-24,3004,2015-02-19,0253,P581,27,4,5,6,3004,0,0,0,NA,0,004,HARBOR BL,SUNFLOWER AV,0,NA,Y,A,-,N,NA,NA,NA,NA,NA,NA,NA,NA,NA,Y,4,0,1,2,A,-,01,23152,E,N,D,C,A,A,H,-,C,A,0,NA,NA,NA,NA,Y,NA,A,01,0,0,1,0,0,0,0,0,0,-,-,33.69568,-117.91944,ORANGE,COSTA MESA,-117.91959012,33.69566002
6826377,2015,2015-03-17,3009,2015-02-11,1536,3607,097,3,5,6,3009,0,0,0,NA,0,013,WESTMINSTER AV,KERRY ST,406,W,N,A,-,N,NA,NA,NA,NA,NA,NA,NA,NA,NA,Y,4,0,2,2,A,-,03,22350,NA,N,C,C,A,A,H,-,A,A,0,NA,NA,NA,NA,Y,NA,A,01,0,0,2,0,0,0,0,0,0,-,-,NA,NA,ORANGE,GARDEN GROVE,-117.9601025,33.75950241
6827360,2015,2015-05-13,3015,2015-02-06,1058,1386,134,5,5,6,3015,0,0,0,NA,0,711,EAST CHAPMAN AV,CANYON VIEW AV,0,NA,Y,A,-,N,NA,NA,NA,NA,NA,NA,NA,NA,NA,N,3,0,3,2,A,-,12,21453,A,N,D,C,A,A,H,-,A,A,0,NA,NA,NA,NA,Y,NA,A,07,0,1,2,0,0,0,0,0,0,-,-,NA,NA,ORANGE,ORANGE,-117.79057008,33.78800005
6827384,2015,2015-03-20,3001,2015-01-10,0519,A1977,1,6,5,7,3001,0,0,0,NA,0,012,WESTERN AV,ORANGE AV,0,NA,Y,A,-,N,NA,NA,NA,NA,NA,NA,NA,NA,NA,Y,4,0,1,2,A,-,12,21453,A,N,B,C,A,A,H,-,C,A,0,NA,NA,NA,NA,Y,NA,-,-,0,0,1,0,0,0,0,0,0,-,-,NA,NA,ORANGE,ANAHEIM,-118.0021501,33.8246201
6829079,2015,2015-03-16,3019,2015-02-19,1443,3151,SE,4,5,7,3019,0,0,0,NA,0,003,MCFADDEN AV,MINNIE ST,150,E,N,A,-,N,NA,NA,NA,NA,NA,NA,NA,NA,NA,Y,4,0,2,4,A,-,03,22350,NA,N,C,C,A,A,H,-,A,D,0,NA,NA,NA,NA,Y,NA,A,07,0,0,2,0,0,0,0,0,0,-,-,NA,NA,ORANGE,SANTA ANA,-117.8545479,33.73363297
6830711,2015,2015-03-19,3014,2015-02-07,0154,1380,RD54,6,5,5,3014,0,0,0,NA,0,0A4,MACARTHUR BL,BISON AV,0,NA,Y,A,-,N,NA,NA,NA,NA,NA,NA,NA,NA,NA,Y,3,0,1,2,A,-,01,23152,A,N,D,C,A,A,H,-,C,A,0,NA,NA,NA,NA,Y,Y,A,01,0,1,0,0,0,0,0,0,0,-,-,33.63734,-117.86193,ORANGE,NEWPORT BEACH,-117.86219009,33.63733007
6831308,2015,2016-09-15,9675,2015-02-18,1635,15826,NA,3,2,7,3001,0,1,3,NA,2,572,RT 57,KATELLA AV,1600,N,N,B,-,Y,ORA,12,57,-,-,12.88,H,-,S,N,4,0,1,2,A,-,03,22350,NA,F,C,C,A,A,H,-,A,D,6,NA,NA,NA,NA,Y,NA,D,22,0,0,1,0,0,0,0,0,0,-,-,33.80985,-117.87924,ORANGE,ANAHEIM,-117.87894295,33.81062297
6831537,2015,2016-10-10,9670,2015-02-20,1445,14751,NA,5,2,6,3009,0,1,3,NA,2,025,RT 22,EUCLID ST,400,W,N,A,-,Y,ORA,12,22,-,R,6.73,H,-,E,Y,3,0,1,2,A,-,03,22350,NA,N,C,C,A,A,H,-,A,D,1,NA,NA,NA,NA,Y,NA,A,01,0,1,0,0,0,0,0,0,0,-,-,33.76735,-117.93848,ORANGE,GARDEN GROVE,-117.93942348,33.76601337
6831549,2015,2016-10-10,9670,2015-02-13,1215,14751,NA,5,1,6,3009,0,1,3,NA,2,024,RT 22,GARDEN GROVE BL,1200,W,N,A,-,Y,ORA,12,22,-,R,8.59,H,-,E,Y,4,0,1,3,A,-,07,21658,A,N,B,C,A,A,H,-,A,D,1,NA,NA,NA,Y,Y,NA,A,01,0,0,1,0,0,0,0,0,0,-,-,33.77314,-117.90746,ORANGE,GARDEN GROVE,-117.90879682,33.77236309
6831716,2015,2016-09-12,9670,2015-02-20,1344,20860,NA,5,1,7,3001,0,1,3,NA,2,094,RT 91,HARBOR BL,3280,W,N,A,-,Y,ORA,12,91,-,-,2.64,H,-,E,Y,3,0,1,2,A,-,07,21658,A,N,B,C,A,A,H,-,A,D,1,NA,NA,NA,NA,Y,NA,A,07,0,1,0,0,0,0,0,0,0,-,-,33.85397,-117.93348,ORANGE,ANAHEIM,-117.93498162,33.85410103
6831791,2015,2015-03-11,3000,2015-01-04,2302,921,921A4,7,5,4,3045,0,0,0,NA,0,445,HITCHING RAIL,RICH SPRINGS,652,S,N,A,-,N,NA,NA,NA,NA,NA,NA,NA,NA,NA,Y,4,0,1,1,A,-,08,22107,NA,N,E,I,A,A,H,-,C,D,0,NA,NA,NA,NA,Y,NA,A,01,0,0,1,0,0,0,0,0,0,-,-,NA,NA,ORANGE,LAGUNA HILLS,-117.67600612,33.58188276
6832106,2015,2015-03-13,3010,2015-02-17,1833,2057,442,2,5,6,3010,0,0,0,NA,0,003,ADAMS,DELAWARE,65,W,N,A,-,N,NA,NA,NA,NA,NA,NA,NA,NA,NA,Y,4,0,1,2,A,-,01,23152,A,N,C,C,A,A,H,-,C,A,0,NA,NA,NA,NA,Y,Y,A,01,0,0,1,0,0,0,0,0,0,-,-,NA,NA,ORANGE,HUNTINGTON BEACH,-117.99316315,33.67214
6836532,2015,2016-04-28,9675,2015-02-16,1805,15208,NA,1,2,9,3000,0,3,5,NA,2,002,17TH ST,DALL LN,149,E,N,A,-,N,NA,NA,NA,NA,NA,NA,NA,NA,NA,N,3,0,1,2,A,-,03,22350,NA,N,C,E,A,A,H,-,C,D,0,NA,Y,NA,NA,Y,NA,L,04,0,1,0,0,0,0,1,0,0,-,-,33.75974,-117.81604,ORANGE,UNINCORPORATED,-117.81530105,33.75997689
6836659,2015,2016-09-23,9675,2015-02-27,0315,020734,NA,5,3,7,3019,0,1,3,NA,2,552,RT 55,MACARTHUR BL,200,N,N,A,-,Y,ORA,12,55,-,R,7.26,H,-,S,Y,3,0,2,2,A,-,01,23152,A,N,C,C,A,A,D,-,C,A,6,NA,NA,NA,NA,Y,Y,A,01,0,1,1,0,0,0,0,0,0,-,-,33.70074,-117.85969,ORANGE,SANTA ANA,-117.85852983,33.70172182
6837623,2015,2015-03-19,3019,2015-02-11,1108,1795,WE,3,5,7,3019,0,0,0,NA,0,001,17TH ST,FLOWER ST,0,NA,Y,A,-,N,NA,NA,NA,NA,NA,NA,NA,NA,NA,N,3,0,1,2,A,-,09,21804,A,N,H,G,A,A,H,-,A,A,0,NA,Y,NA,NA,Y,NA,L,04,0,1,0,0,0,0,1,0,0,-,-,NA,NA,ORANGE,SANTA ANA,-117.8764801,33.76010006
6837683,2015,2015-03-20,3001,2015-02-21,1810,614,D2,6,5,7,3001,0,0,0,NA,0,NA,EAST BROADWAY,S BUSH ST,30,W,N,A,-,N,NA,NA,NA,NA,NA,NA,NA,NA,NA,Y,4,0,1,3,A,-,03,22350,NA,N,C,C,A,A,H,-,C,D,0,NA,NA,NA,NA,Y,NA,A,07,0,0,1,0,0,0,0,0,0,-,-,NA,NA,ORANGE,ANAHEIM,-117.9039749,33.83545781