CASE_ID,ACCIDENT_YEAR,PROC_DATE,JURIS,COLLISION_DATE,COLLISION_TIME,OFFICER_ID,REPORTING_DISTRICT,DAY_OF_WEEK,CHP_SHIFT,POPULATION,CNTY_CITY_LOC,SPECIAL_COND,BEAT_TYPE,CHP_BEAT_TYPE,CITY_DIVISION_LAPD,CHP_BEAT_CLASS,BEAT_NUMBER,PRIMARY_RD,SECONDARY_RD,DISTANCE,DIRECTION,INTERSECTION,WEATHER_1,WEATHER_2,STATE_HWY_IND,CALTRANS_COUNTY,CALTRANS_DISTRICT,STATE_ROUTE,ROUTE_SUFFIX,POSTMILE_PREFIX,POSTMILE,LOCATION_TYPE,RAMP_INTERSECTION,SIDE_OF_HWY,TOW_AWAY,COLLISION_SEVERITY,NUMBER_KILLED,NUMBER_INJURED,PARTY_COUNT,PRIMARY_COLL_FACTOR,PCF_CODE_OF_VIOL,PCF_VIOL_CATEGORY,PCF_VIOLATION,PCF_VIOL_SUBSECTION,HIT_AND_RUN,TYPE_OF_COLLISION,MVIW,PED_ACTION,ROAD_SURFACE,ROAD_COND_1,ROAD_COND_2,LIGHTING,CONTROL_DEVICE,CHP_ROAD_TYPE,PEDESTRIAN_ACCIDENT,BICYCLE_ACCIDENT,MOTORCYCLE_ACCIDENT,TRUCK_ACCIDENT,NOT_PRIVATE_PROPERTY,ALCOHOL_INVOLVED,STWD_VEHTYPE_AT_FAULT,CHP_VEHTYPE_AT_FAULT,COUNT_SEVERE_INJ,COUNT_VISIBLE_INJ,COUNT_COMPLAINT_PAIN,COUNT_PED_KILLED,COUNT_PED_INJURED,COUNT_BICYCLIST_KILLED,COUNT_BICYCLIST_INJURED,COUNT_MC_KILLED,COUNT_MC_INJURED,PRIMARY_RAMP,SECONDARY_RAMP,LATITUDE,LONGITUDE,COUNTY,CITY,POINT_X,POINT_Y
6837699,2015,2015-03-20,3001,2015-02-11,1342,0845,NA,3,5,7,3001,0,0,0,NA,0,0D1,WEST BROADWAY,SOUTH EUCLID ST,300,W,N,B,-,N,NA,NA,NA,NA,NA,NA,NA,NA,NA,Y,4,0,2,2,A,-,09,21804,A,N,D,C,A,A,H,-,A,D,0,NA,NA,NA,NA,Y,NA,A,07,0,0,2,0,0,0,0,0,0,-,-,NA,NA,ORANGE,ANAHEIM,-117.94247529,33.82886192
6837735,2015,2015-03-20,3001,2015-02-23,2107,2135,NA,1,5,7,3001,0,0,0,NA,0,0D3,S 9TH ST,WEST CERRITOS AV,374,S,N,A,-,N,NA,NA,NA,NA,NA,NA,NA,NA,NA,N,3,0,1,2,A,-,03,22350,NA,N,C,E,A,A,H,-,C,D,0,NA,NA,Y,NA,Y,NA,C,02,0,1,0,0,0,0,0,0,1,-,-,NA,NA,ORANGE,ANAHEIM,-117.93254786,33.80954874
6839475,2015,2015-03-19,3013,2015-02-24,1749,185,3013,2,5,3,3013,0,0,0,NA,0,00N,LOS ALAMITOS BL,BRIGGEMAN DR,0,NA,Y,A,-,N,NA,NA,NA,NA,NA,NA,NA,NA,NA,Y,3,0,1,2,D,-,00,NA,NA,N,F,C,A,A,H,-,C,A,0,NA,NA,NA,NA,Y,NA,-,-,0,1,0,0,0,0,0,0,0,-,-,NA,NA,ORANGE,LOS ALAMITOS,-118.07186004,33.80857001
6839551,2015,2015-03-13,3015,2015-02-21,1127,1045,26N,6,5,6,3015,0,0,0,NA,0,494,ROSE AV E,HIGHLAND ST N,122,W,N,A,-,N,NA,NA,NA,NA,NA,NA,NA,NA,NA,N,4,0,1,2,A,-,09,21804,A,N,D,C,A,A,H,-,A,D,0,NA,NA,NA,NA,Y,NA,A,07,0,0,1,0,0,0,0,0,0,-,-,NA,NA,ORANGE,ORANGE,-117.83239058,33.79724091
6839563,2015,2015-05-13,3015,2015-02-25,1648,1019,15,3,5,6,3015,0,0,0,NA,0,313,N ECKHOFF ST,ORANGEWOOD AV W,0,NA,Y,A,-,N,NA,NA,NA,NA,NA,NA,NA,NA,NA,Y,4,0,1,2,A,-,12,21453,A,N,D,C,A,A,H,-,A,A,0,NA,NA,NA,NA,Y,NA,A,01,0,0,1,0,0,0,0,0,0,-,-,NA,NA,ORANGE,ORANGE,-117.87374,33.79579004
6840329,2015,2016-10-12,9675,2015-03-03,1815,17773,NA,2,2,6,3026,0,1,1,NA,2,405,RT 405,REDHILL AV,528,S,N,A,-,Y,ORA,12,405,-,-,8.32,H,-,N,Y,4,0,1,2,A,-,07,21658,A,N,F,A,A,A,H,-,C,D,6,NA,NA,Y,NA,Y,NA,A,01,0,0,1,0,0,0,0,0,1,-,-,33.68646,-117.86454,ORANGE,IRVINE,-117.865068,33.68644281
6842708,2015,2015-03-26,3016,2015-03-15,1506,1231,19,7,5,5,3016,0,0,0,NA,0,002,CHAPMAN AV,MELODY LN,115,E,N,A,-,N,NA,NA,NA,NA,NA,NA,NA,NA,NA,Y,2,0,1,2,A,-,09,21801,A,N,D,C,A,A,H,-,A,A,0,NA,NA,Y,NA,Y,NA,A,08,1,0,0,0,0,0,0,0,0,-,-,NA,NA,ORANGE,PLACENTIA,-117.8762122,33.87331741
6843716,2015,2016-10-25,3010,2015-02-27,1705,2116,172,5,5,6,3010,0,0,0,NA,0,008,WARNER,RT 1,75,W,N,B,-,Y,ORA,12,1,-,-,29.89,I,6,S,Y,3,0,2,1,A,-,01,23152,A,N,B,I,A,A,H,-,A,A,0,NA,NA,Y,NA,Y,Y,C,02,0,2,0,0,0,0,0,0,2,-,-,NA,NA,ORANGE,HUNTINGTON BEACH,-118.06310472,33.71156175
6843747,2015,2015-03-18,3019,2015-02-23,0926,3197,NE,1,5,7,3019,0,0,0,NA,0,001,VAN NESS AV,EDINGER AV,100,S,N,B,-,N,NA,NA,NA,NA,NA,NA,NA,NA,NA,N,4,0,1,2,A,-,09,21801,A,N,D,C,A,A,H,-,A,D,0,NA,NA,Y,NA,Y,NA,A,01,0,0,1,0,0,0,0,0,1,-,-,NA,NA,ORANGE,SANTA ANA,-117.87354036,33.72704605
6845616,2015,2016-10-28,9690,2015-02-15,0935,18526,NA,7,1,4,3018,0,1,1,NA,2,057,RT 5,RT 74,1685,N,N,A,-,Y,ORA,12,5,-,-,9.92,H,-,S,Y,3,0,1,3,A,-,08,22107,NA,N,E,I,A,A,H,-,A,D,1,NA,NA,NA,NA,Y,NA,A,01,0,1,0,0,0,0,0,0,0,-,-,33.50697,-117.66023,ORANGE,SAN JUAN CAPISTRANO,-117.65999954,33.50673585
6846286,2015,2015-03-13,3019,2015-02-21,0936,3303,SC,6,5,7,3019,0,0,0,NA,0,004,NORTH BRISTOL ST,N HESPERIAN ST,500,N,N,A,-,N,NA,NA,NA,NA,NA,NA,NA,NA,NA,Y,3,0,3,3,A,-,03,22350,A,N,C,C,A,A,H,-,A,A,0,NA,NA,NA,NA,Y,NA,A,07,0,1,2,0,0,0,0,0,0,-,-,NA,NA,ORANGE,SANTA ANA,-117.88420571,33.77818326
6846383,2015,2016-11-01,9690,2015-01-02,1320,19279,NA,5,1,4,3018,0,1,1,NA,2,057,RT 5,SAN JUAN CREEK RD,2112,S,N,A,-,Y,ORA,12,5,-,-,8.32,H,-,N,Y,4,0,2,2,A,-,03,22350,NA,N,C,C,A,A,H,-,A,D,1,NA,NA,NA,NA,Y,NA,D,22,0,0,2,0,0,0,0,0,0,-,-,33.47309,-117.6744,ORANGE,SAN JUAN CAPISTRANO,-117.66630417,33.48558402
6846387,2015,2015-03-20,9690,2015-01-16,2040,20125,NA,5,2,9,3000,0,2,4,NA,2,037,TRABUCO CREEK RD,TRABUCO CANYON RD,2640,E,N,A,-,N,NA,NA,NA,NA,NA,NA,NA,NA,NA,Y,4,0,1,1,A,-,08,22107,NA,N,F,A,A,A,G,-,D,D,0,NA,NA,NA,NA,Y,NA,D,22,0,0,1,0,0,0,0,0,0,-,-,33.66259,-117.57319,ORANGE,UNINCORPORATED,-117.57745611,33.66080655
6847099,2015,2015-03-19,9670,2015-02-26,1430,17192,NA,4,2,9,3000,0,3,5,NA,2,005,MCFADDEN AV,VAN BUREN ST,0,NA,Y,A,-,N,NA,NA,NA,NA,NA,NA,NA,NA,NA,Y,2,0,1,2,A,-,09,21804,A,N,D,C,A,A,H,-,A,A,0,NA,NA,NA,NA,Y,NA,A,01,1,0,0,0,0,0,0,0,0,-,-,33.73741,-117.98682,ORANGE,UNINCORPORATED,-117.98686014,33.73748001
6849514,2015,2015-03-27,3000,2015-03-16,0845,1920,892D5,1,5,5,3028,0,0,0,NA,0,750,MARGUERITE PKWY,ALICIA PKWY,249,N,N,A,-,N,NA,NA,NA,NA,NA,NA,NA,NA,NA,Y,4,0,1,2,A,-,03,22350,NA,N,C,C,A,A,H,-,A,A,0,NA,NA,NA,NA,Y,NA,D,22,0,0,1,0,0,0,0,0,0,-,-,NA,NA,ORANGE,MISSION VIEJO,-117.65131276,33.62851534
6849786,2015,2015-03-24,3024,2015-02-24,1507,184,P29,2,5,5,3024,0,0,0,NA,0,EAST,BOLSA AV,WARD ST,359,W,N,A,-,N,NA,NA,NA,NA,NA,NA,NA,NA,NA,N,4,0,1,2,D,-,00,NA,NA,N,H,G,A,A,H,-,A,D,0,NA,Y,NA,NA,Y,NA,-,-,0,0,1,0,0,0,1,0,0,-,-,NA,NA,ORANGE,WESTMINSTER,-117.94731632,33.74491
6849790,2015,2015-03-24,3024,2015-02-24,1802,176,P27,2,5,5,3024,0,0,0,NA,0,EAST,BOLSA AV,CULTURAL CT,0,NA,Y,A,-,N,NA,NA,NA,NA,NA,NA,NA,NA,NA,N,3,0,1,2,A,-,10,21950,A,N,G,B,B,A,H,-,C,A,0,Y,NA,NA,NA,Y,NA,A,01,0,1,0,0,1,0,0,0,0,-,-,NA,NA,ORANGE,WESTMINSTER,-117.968299,33.744768
6850928,2015,2016-10-07,9675,2015-02-25,1507,017504,NA,3,2,7,3001,0,1,3,NA,2,093,RT 91,EAST RIVERDALE AV,1070,E,N,A,-,Y,ORA,12,91,-,R,9.01,H,-,W,Y,4,0,1,2,A,-,03,22350,NA,N,C,C,A,A,C,-,A,D,1,NA,NA,NA,NA,Y,NA,A,01,0,0,1,0,0,0,0,0,0,-,-,33.844970000000004,-117.82895,ORANGE,ANAHEIM,-117.82985272,33.84559806
6852101,2015,2015-03-20,3001,2015-02-11,1726,415,NA,3,5,7,3001,0,0,0,NA,0,0D1,W LINCOLN AV,SOUTH KNOTT AV,528,E,N,A,-,N,NA,NA,NA,NA,NA,NA,NA,NA,NA,Y,4,0,1,2,A,-,09,21801,NA,N,D,C,A,A,H,-,B,D,0,NA,NA,NA,NA,Y,NA,A,01,0,0,1,0,0,0,0,0,0,-,-,NA,NA,ORANGE,ANAHEIM,-118.00916536,33.83198732
6852569,2015,2015-03-19,3010,2015-02-28,0038,2116,158,6,5,6,3010,0,0,0,NA,0,007,SPRINGDALE,SOFTWIND,332,S,N,B,-,N,NA,NA,NA,NA,NA,NA,NA,NA,NA,Y,4,0,1,2,A,-,01,23152,A,M,B,C,A,A,H,-,C,D,0,NA,NA,NA,NA,Y,Y,A,07,0,0,1,0,0,0,0,0,0,-,-,NA,NA,ORANGE,HUNTINGTON BEACH,-118.0241483,33.72691989
6852654,2015,2016-09-19,9690,2015-01-04,1330,15713,NA,7,1,5,3017,0,1,1,NA,2,059,RT 5,AVENIDA PRESIDIO,20,S,N,A,-,Y,ORA,12,5,-,-,2.199,R,1,N,N,4,0,3,2,A,-,21,22106,NA,N,C,C,A,A,H,-,A,A,1,NA,NA,NA,NA,Y,NA,A,01,0,0,3,0,0,0,0,0,0,TO,-,33.42733,-117.60995,ORANGE,SAN CLEMENTE,-117.60934761,33.4254746
6852676,2015,2016-10-27,9690,2015-01-03,1119,15713,NA,6,1,5,3017,0,1,1,NA,2,059,RT 5,CRISTIANITOS RD,528,N,N,A,-,Y,ORA,12,5,-,-,0.1,H,-,N,Y,4,0,1,2,A,-,03,22350,NA,N,C,C,A,A,H,-,A,D,1,NA,NA,NA,NA,Y,NA,A,07,0,0,1,0,0,0,0,0,0,-,-,33.39806,-117.59456,ORANGE,SAN CLEMENTE,-117.59433371,33.39783245
6853575,2015,2016-06-28,9690,2015-01-18,2101,020623,NA,7,2,9,3000,0,1,3,NA,1,074,RT 74,HOT SPRINGS CREEK BRIDGE,2323,W,N,A,-,Y,ORA,12,74,-,-,11.9,H,-,E,Y,3,0,1,1,A,-,01,23152,A,N,E,I,A,A,H,-,D,D,0,NA,NA,NA,NA,Y,Y,A,07,0,1,0,0,0,0,0,0,0,-,-,33.58403,-117.52266,ORANGE,UNINCORPORATED,-117.52041887,33.58698414
6853579,2015,2016-10-27,9690,2015-01-28,0025,016986,NA,3,3,4,3045,0,1,1,NA,2,055,RT 5,LOS ALISOS BL,1550,N,N,A,-,Y,ORA,12,5,-,-,18.24,H,-,S,Y,3,0,1,2,A,-,08,22107,NA,F,B,C,A,A,H,-,C,D,1,NA,NA,Y,NA,Y,NA,A,01,0,1,0,0,0,0,0,0,1,-,-,33.6095,-117.7013,ORANGE,LAGUNA HILLS,-117.70194039,33.6100005
6853795,2015,2015-03-25,3001,2015-02-27,1909,415,D3,5,5,7,3001,0,0,0,NA,0,NA,EAST BALL RD,S BECHAVEN ST,30,E,N,B,-,N,NA,NA,NA,NA,NA,NA,NA,NA,NA,N,4,0,4,2,A,-,03,22350,NA,N,C,C,A,A,H,-,C,A,0,NA,NA,NA,NA,Y,Y,D,22,0,0,4,0,0,0,0,0,0,-,-,NA,NA,ORANGE,ANAHEIM,-117.885428,33.818099
6854048,2015,2017-04-25,3007,2015-02-09,1800,272,7,1,5,5,3007,0,0,0,NA,0,272,WARNER AV,MOUNT HOPE ST,16,N,N,A,-,N,NA,NA,NA,NA,NA,NA,NA,NA,NA,Y,1,1,0,2,A,-,11,21954,A,N,G,B,B,A,H,-,C,A,0,Y,NA,NA,NA,Y,NA,N,60,0,0,0,1,0,0,0,0,0,-,-,NA,NA,ORANGE,FOUNTAIN VALLEY,-117.93279,33.71661
6854339,2014,2015-04-21,3024,2014-11-01,0222,312,P36,6,5,5,3024,0,0,0,NA,0,EAST,BROOKHURST ST,MCFADDEN AV,97,N,N,C,-,N,NA,NA,NA,NA,NA,NA,NA,NA,NA,Y,1,1,0,2,A,-,11,21954,A,N,G,B,D,B,H,-,C,A,0,Y,NA,NA,NA,Y,Y,N,60,0,0,0,1,0,0,0,0,0,-,-,NA,NA,ORANGE,WESTMINSTER,-117.95485618,33.73794589
6854419,2014,2015-04-23,3015,2014-03-15,1948,1364,32E,6,5,6,3015,0,0,0,NA,0,713,S PROSPECT,E CRAIG DR,67,S,N,A,-,N,NA,NA,NA,NA,NA,NA,NA,NA,NA,N,1,1,0,2,A,-,10,21954,B,F,G,B,D,A,H,-,C,D,0,Y,NA,NA,NA,Y,NA,A,01,0,0,0,1,0,0,0,0,0,-,-,NA,NA,ORANGE,ORANGE,-117.81838,33.78203634
6854568,2014,2015-05-05,3016,2014-12-22,0751,1241,39,1,5,5,3016,0,0,0,NA,0,002,ORANGETHORPE AV,VAN BUREN ST,17,E,N,A,-,N,NA,NA,NA,NA,NA,NA,NA,NA,NA,N,1,1,0,2,A,-,11,21456,B,F,G,B,B,A,H,-,A,A,0,Y,NA,NA,NA,Y,NA,N,60,0,0,0,1,0,0,0,0,0,-,-,NA,NA,ORANGE,PLACENTIA,-117.83121442,33.86816529
6855645,2015,2016-09-12,9670,2015-03-12,1200,15587,NA,4,1,7,3001,0,1,3,NA,2,093,RT 91,RAYMOND AV,650,E,N,A,-,Y,ORA,12,91,-,-,4.04,H,-,W,N,4,0,1,3,A,-,07,21658,A,N,B,C,A,A,D,-,A,D,1,NA,NA,NA,Y,Y,NA,F,25,0,0,1,0,0,0,0,0,0,-,-,NA,NA,ORANGE,ANAHEIM,-117.91054775,33.85392967
6855796,2015,2015-03-25,3004,2015-03-05,0717,P429,19,4,5,6,3004,0,0,0,NA,0,004,HARBOR BL,GISLER AV,19,S,N,A,-,N,NA,NA,NA,NA,NA,NA,NA,NA,NA,Y,4,0,2,2,A,-,03,22350,NA,N,C,C,A,A,H,-,A,A,0,NA,NA,NA,NA,Y,NA,A,01,0,0,2,0,0,0,0,0,0,-,-,33.4113,-117.559,ORANGE,COSTA MESA,-117.91946,33.68692791
6856049,2015,2015-05-12,3009,2015-03-06,1227,4282,054,5,5,6,3009,0,0,0,NA,0,011,WESTERN AV,WESTERN AV 12712,18,N,N,A,-,N,NA,NA,NA,NA,NA,NA,NA,NA,NA,Y,4,0,1,2,A,-,03,22350,NA,N,C,C,A,A,H,-,A,D,0,NA,NA,NA,NA,Y,NA,D,22,0,0,1,0,0,0,0,0,0,-,-,NA,NA,ORANGE,GARDEN GROVE,NA,NA
6856133,2015,2016-10-25,3002,2015-03-01,1840,1643,B205,7,5,4,3002,0,0,0,NA,0,013,IMPERIAL HWY,RANDOLPH AV,0,NA,Y,B,-,Y,ORA,12,90,-,-,5.071,I,5,W,N,2,0,1,2,A,-,08,22107,NA,F,D,G,A,A,H,-,C,A,0,NA,Y,NA,NA,Y,NA,A,01,1,0,0,0,0,0,1,0,0,-,-,NA,NA,ORANGE,BREA,-117.8898518,33.91267714
6856157,2015,2015-03-24,3009,2015-03-12,1735,4049,115,4,5,6,3009,0,0,0,NA,0,2 1,TRASK AV,TAFT ST,0,NA,Y,A,-,N,NA,NA,NA,NA,NA,NA,NA,NA,NA,Y,3,0,2,2,A,-,09,21801,A,N,D,C,A,A,H,-,A,A,0,NA,NA,NA,NA,Y,NA,A,08,0,1,1,0,0,0,0,0,0,-,-,NA,NA,ORANGE,GARDEN GROVE,-117.94211005,33.76689005
6856400,2015,2015-04-03,3019,2015-03-04,1616,1925,SC,3,5,7,3019,0,0,0,NA,0,004,CENTER ST,BORCHARD AV,261,S,N,A,-,N,NA,NA,NA,NA,NA,NA,NA,NA,NA,N,3,0,1,2,D,-,00,NA,NA,N,B,G,A,A,H,-,A,D,0,NA,Y,NA,NA,Y,NA,-,-,0,1,0,0,0,0,1,0,0,-,-,NA,NA,ORANGE,SANTA ANA,-117.89815345,33.72809447
6856435,2015,2015-03-27,3002,2015-02-25,1717,1631,342X,3,5,4,3002,0,0,0,NA,0,011,CENTRAL AV,DE JUR ST,100,W,N,A,-,N,NA,NA,NA,NA,NA,NA,NA,NA,NA,N,4,0,1,2,A,-,05,21650,1,F,A,G,A,A,H,-,A,D,0,NA,Y,NA,NA,Y,NA,L,04,0,0,1,0,0,0,1,0,0,-,-,NA,NA,ORANGE,BREA,-117.9186789,33.93189
6858576,2015,2015-04-21,3000,2015-02-27,1455,1916,922A4,5,5,4,3045,0,0,0,NA,0,746,HIGHPLAINS TER,GLEN CANYON DR,237,E,N,A,-,N,NA,NA,NA,NA,NA,NA,NA,NA,NA,N,4,0,4,2,A,-,21,22106,NA,N,D,C,A,A,H,-,A,D,0,NA,NA,NA,NA,Y,NA,D,22,0,0,4,0,0,0,0,0,0,-,-,NA,NA,ORANGE,LAGUNA HILLS,-117.68083596,33.58453798
6858627,2015,2015-04-17,3000,2015-03-14,0740,2182,973B6,6,5,5,3017,0,0,0,NA,0,M73,AVENIDA VISTA HERMOSA,AVENIDA TALEGA,0,NA,Y,A,-,N,NA,NA,NA,NA,NA,NA,NA,NA,NA,Y,4,0,2,2,A,-,12,21453,A,N,D,C,A,A,H,-,A,A,0,NA,NA,NA,NA,Y,NA,D,22,0,0,2,0,0,0,0,0,0,-,-,NA,NA,ORANGE,SAN CLEMENTE,-117.59763005,33.46431006
6860532,2015,2015-04-03,3001,2015-03-07,2334,2165,D2,6,5,7,3001,0,0,0,NA,0,NA,BROOKHURST ST,LA PALMA AV,0,NA,Y,A,-,N,NA,NA,NA,NA,NA,NA,NA,NA,NA,Y,4,0,1,2,A,-,01,23152,A,N,D,C,A,A,H,-,C,A,0,NA,NA,NA,NA,Y,Y,A,01,0,0,1,0,0,0,0,0,0,-,-,NA,NA,ORANGE,ANAHEIM,-117.95914004,33.84696007
6862372,2015,2015-03-27,3008,2015-03-03,0955,1177,Z2,2,5,6,3008,0,0,0,NA,0,NA,LEMON ST,COMMONWEALTH AV,0,NA,Y,A,-,N,NA,NA,NA,NA,NA,NA,NA,NA,NA,Y,4,0,1,2,A,-,12,21453,A,N,D,C,A,A,H,-,A,A,0,NA,NA,NA,NA,Y,NA,A,01,0,0,1,0,0,0,0,0,0,-,-,NA,NA,ORANGE,FULLERTON,-117.91982005,33.87039009
6862664,2015,2015-04-22,3008,2015-03-01,1630,1457,NA,7,5,6,3008,0,0,0,NA,0,001,SOUTH GILBERT ST,W ROBERTA AV,250,S,N,B,-,N,NA,NA,NA,NA,NA,NA,NA,NA,NA,Y,4,0,1,2,A,-,08,22107,NA,N,C,E,A,A,H,-,A,D,0,NA,NA,NA,Y,Y,NA,A,01,0,0,1,0,0,0,0,0,0,-,-,NA,NA,ORANGE,FULLERTON,-117.96797685,33.85556468
6863027,2015,2016-09-19,9675,2015-03-11,1830,20746,NA,3,2,5,3022,0,1,1,NA,2,503,RT 5,RT 55,200,S,N,B,-,Y,ORA,12,5,-,-,30.17,H,-,N,N,4,0,1,2,A,-,03,22350,NA,N,C,C,A,A,H,-,A,D,1,NA,NA,NA,NA,Y,NA,A,08,0,0,1,0,0,0,0,0,0,-,-,33.74037,-117.83224,ORANGE,TUSTIN,-117.83229888,33.74023506
6863633,2015,2016-10-24,3010,2015-03-19,1643,2057,496,4,5,6,3010,0,0,0,NA,0,002,RT 1,BROOKHURST,233,N,N,A,-,Y,ORA,12,1,-,-,22.13,H,-,S,Y,4,0,2,4,A,-,01,23152,A,N,C,C,A,A,H,-,A,A,0,NA,NA,NA,NA,Y,Y,A,07,0,0,2,0,0,0,0,0,0,-,-,NA,NA,ORANGE,HUNTINGTON BEACH,-117.96472115,33.63554388
6863756,2015,2015-04-06,3022,2015-03-15,1501,1006,NA,7,5,5,3022,0,0,0,NA,0,NA,IRVINE BL,PROSPECT AV,0,NA,Y,A,-,N,NA,NA,NA,NA,NA,NA,NA,NA,NA,Y,4,0,1,2,A,-,09,21801,A,N,B,C,A,A,H,-,A,A,0,NA,NA,NA,NA,Y,NA,A,01,0,0,1,0,0,0,0,0,0,-,-,33.4454,-117.192,ORANGE,TUSTIN,-117.82239002,33.74841001
6863883,2015,2015-04-09,3019,2015-03-11,1715,2560,NE,3,5,7,3019,0,0,0,NA,0,002,N LINWOOD,17TH,0,NA,Y,A,-,N,NA,NA,NA,NA,NA,NA,NA,NA,NA,N,4,0,1,2,A,-,09,21804,A,N,D,G,A,A,H,-,A,A,0,NA,Y,NA,NA,Y,NA,L,04,0,0,1,0,0,0,1,0,0,-,-,NA,NA,ORANGE,SANTA ANA,-117.84892009,33.75992011
6864007,2015,2015-04-07,3010,2015-03-04,0831,2154,432,3,5,6,3010,0,0,0,NA,0,005,UTICA,FLORIDA,204,E,N,A,-,N,NA,NA,NA,NA,NA,NA,NA,NA,NA,N,4,0,1,2,A,-,11,21954,A,N,G,B,E,A,H,-,A,D,0,Y,NA,NA,NA,Y,NA,N,60,0,0,1,0,1,0,0,0,0,-,-,NA,NA,ORANGE,HUNTINGTON BEACH,-117.99020117,33.67579233
6864122,2015,2015-04-07,3004,2015-03-20,1716,P495,27,5,5,6,3004,0,0,0,NA,0,004,HARBOR BL,SUNFLOWER AV,50,S,N,A,-,N,NA,NA,NA,NA,NA,NA,NA,NA,NA,N,4,0,4,3,A,-,03,22350,NA,N,C,C,A,A,H,-,A,D,0,NA,NA,NA,NA,Y,NA,A,01,0,0,4,0,0,0,0,0,0,-,-,33.6956,-117.9195,ORANGE,COSTA MESA,-117.91958869,33.69552292
6864457,2015,2015-04-08,3001,2015-03-20,1615,406,NA,5,5,7,3001,0,0,0,NA,0,002,EAST ORANGETHORPE AV,N LEMON ST,1065,E,N,A,-,N,NA,NA,NA,NA,NA,NA,NA,NA,NA,N,4,0,1,2,A,-,03,22350,NA,N,C,C,A,A,H,-,A,D,0,NA,NA,NA,NA,Y,NA,D,22,0,0,1,0,0,0,0,0,0,-,-,NA,NA,ORANGE,ANAHEIM,-117.91637022,33.85951
6865526,2015,2015-04-23,3003,2015-02-22,0049,1134,77,7,5,5,3003,0,0,0,NA,0,003,POINSETTIA DR,CAMELLIA DR,55,W,N,A,-,N,NA,NA,NA,NA,NA,NA,NA,NA,NA,Y,4,0,1,3,A,-,08,22107,NA,N,C,E,A,A,H,-,C,D,0,NA,NA,NA,NA,Y,NA,D,22,0,0,1,0,0,0,0,0,0,-,-,33.8554,-117.9922,ORANGE,BUENA PARK,-117.99217073,33.85541791
6865963,2015,2016-10-24,3011,2015-03-23,1307,31387,45,1,5,4,3011,0,0,0,NA,0,003,RT 1,NYES PL,0,NA,Y,A,-,Y,ORA,12,1,-,-,7.36,H,-,S,N,4,0,1,2,A,-,03,22350,NA,N,C,C,A,A,H,-,A,A,0,NA,NA,NA,NA,Y,NA,A,01,0,0,1,0,0,0,0,0,0,-,-,NA,NA,ORANGE,LAGUNA BEACH,-117.76176678,33.52106498
6866256,2014,2015-04-09,3019,2014-11-13,0735,030,NE,4,5,7,3019,0,0,0,NA,0,223,SANTA ANA BL,GRAND AV,0,NA,Y,A,-,N,NA,NA,NA,NA,NA,NA,NA,NA,NA,Y,4,0,2,3,A,-,10,21950,A,F,G,B,B,A,H,-,A,A,0,Y,NA,NA,NA,Y,Y,-,NA,0,0,2,0,2,0,0,0,0,-,-,NA,NA,ORANGE,SANTA ANA,-117.85195008,33.75435004
6867432,2015,2016-10-21,9675,2015-03-20,2115,20712,NA,5,2,7,3001,0,1,3,NA,2,572,RT 57,BALL RD,900,N,N,A,-,Y,ORA,12,57,-,-,13.56,H,-,N,Y,3,0,2,1,A,-,08,22107,NA,N,E,I,A,A,H,-,C,D,6,NA,NA,NA,NA,Y,NA,A,01,0,1,1,0,0,0,0,0,0,-,-,33.49134,-117.52326,ORANGE,ANAHEIM,-117.87602392,33.82017425
6869313,2015,2016-11-01,9675,2015-02-01,1115,019471,NA,7,1,6,3015,0,1,1,NA,2,502,RT 5,MAIN ST,100,N,N,A,-,Y,ORA,12,5,-,-,33.207,R,1,S,Y,2,0,1,4,A,-,03,22350,NA,F,C,C,A,A,H,-,A,A,1,NA,NA,NA,NA,Y,NA,A,01,1,0,0,0,0,0,0,0,0,-,-,33.76743,-117.86774,ORANGE,ORANGE,-117.86819685,33.76859947
6870363,2015,2015-04-14,9675,2015-03-29,1300,20766,NA,7,1,9,3000,0,2,4,NA,2,034,SANTIAGO CANYON RD,GERTNER RD,2640,N,N,A,-,N,NA,NA,NA,NA,NA,NA,NA,NA,NA,Y,3,0,1,1,A,-,08,22107,NA,N,F,A,A,A,H,-,A,D,0,NA,NA,Y,NA,Y,NA,C,02,0,1,0,0,0,0,0,0,1,-,-,33.71024,-117.64475,ORANGE,UNINCORPORATED,NA,NA
6873895,2015,2016-10-03,9675,2015-03-30,1650,16944,NA,1,2,7,3019,0,1,1,NA,2,502,RT 5,GRAND AV,10,N,N,A,-,Y,ORA,12,5,-,-,31.81,H,-,N,Y,4,0,1,2,A,-,03,22350,NA,N,C,C,A,A,H,-,A,D,1,NA,NA,NA,NA,Y,NA,A,01,0,0,1,0,0,0,0,0,0,-,-,33.75509,-117.85181,ORANGE,SANTA ANA,-117.85216872,33.75526439
6874587,2015,2015-04-15,3015,2015-03-23,0458,1492,41E,1,5,6,3015,0,0,0,NA,0,114,CHAPMAN AV,N RAMPART ST,668,E,N,A,-,N,NA,NA,NA,NA,NA,NA,NA,NA,NA,Y,4,0,2,2,A,-,07,21658,A,F,A,I,A,A,H,-,C,A,0,NA,NA,NA,NA,Y,NA,A,01,0,0,2,0,0,0,0,0,0,-,-,NA,NA,ORANGE,ORANGE,-117.88471492,33.78829824
6877646,2015,2015-04-22,3008,2015-02-17,1938,1112,NA,2,5,6,3008,0,0,0,NA,0,0Z1,ORANGETHORPE AV,GILBERT ST,150,E,N,A,-,N,NA,NA,NA,NA,NA,NA,NA,NA,NA,N,3,0,1,2,A,-,05,21650,NA,N,A,G,A,A,H,-,C,D,0,NA,Y,NA,NA,Y,NA,L,04,0,1,0,0,0,0,0,0,0,-,-,NA,NA,ORANGE,FULLERTON,-117.96752708,33.85935503
6878566,2015,2016-11-19,9675,2015-04-03,1341,19407,NA,5,1,6,3026,0,1,1,NA,2,406,RT 405,HARVARD AV,310,S,N,A,-,Y,ORA,12,405,-,-,6.12,H,-,S,Y,3,0,3,3,A,-,03,22350,NA,N,C,C,A,A,H,-,A,D,6,NA,NA,NA,NA,Y,NA,A,01,0,2,1,0,0,0,0,0,0,-,-,33.67203,-117.83087,ORANGE,IRVINE,-117.83095749,33.67207089