CASE_ID,ACCIDENT_YEAR,PROC_DATE,JURIS,COLLISION_DATE,COLLISION_TIME,OFFICER_ID,REPORTING_DISTRICT,DAY_OF_WEEK,CHP_SHIFT,POPULATION,CNTY_CITY_LOC,SPECIAL_COND,BEAT_TYPE,CHP_BEAT_TYPE,CITY_DIVISION_LAPD,CHP_BEAT_CLASS,BEAT_NUMBER,PRIMARY_RD,SECONDARY_RD,DISTANCE,DIRECTION,INTERSECTION,WEATHER_1,WEATHER_2,STATE_HWY_IND,CALTRANS_COUNTY,CALTRANS_DISTRICT,STATE_ROUTE,ROUTE_SUFFIX,POSTMILE_PREFIX,POSTMILE,LOCATION_TYPE,RAMP_INTERSECTION,SIDE_OF_HWY,TOW_AWAY,COLLISION_SEVERITY,NUMBER_KILLED,NUMBER_INJURED,PARTY_COUNT,PRIMARY_COLL_FACTOR,PCF_CODE_OF_VIOL,PCF_VIOL_CATEGORY,PCF_VIOLATION,PCF_VIOL_SUBSECTION,HIT_AND_RUN,TYPE_OF_COLLISION,MVIW,PED_ACTION,ROAD_SURFACE,ROAD_COND_1,ROAD_COND_2,LIGHTING,CONTROL_DEVICE,CHP_ROAD_TYPE,PEDESTRIAN_ACCIDENT,BICYCLE_ACCIDENT,MOTORCYCLE_ACCIDENT,TRUCK_ACCIDENT,NOT_PRIVATE_PROPERTY,ALCOHOL_INVOLVED,STWD_VEHTYPE_AT_FAULT,CHP_VEHTYPE_AT_FAULT,COUNT_SEVERE_INJ,COUNT_VISIBLE_INJ,COUNT_COMPLAINT_PAIN,COUNT_PED_KILLED,COUNT_PED_INJURED,COUNT_BICYCLIST_KILLED,COUNT_BICYCLIST_INJURED,COUNT_MC_KILLED,COUNT_MC_INJURED,PRIMARY_RAMP,SECONDARY_RAMP,LATITUDE,LONGITUDE,COUNTY,CITY,POINT_X,POINT_Y
8073434,2016,2016-07-12,3014,2016-06-20,0759,1346,RD36,1,5,5,3014,0,0,0,NA,0,0A3,JAMBOREE RD,BISON AV,1450,S,N,A,-,N,NA,NA,NA,NA,NA,NA,NA,NA,NA,N,4,0,1,3,A,-,03,22350,NA,N,C,C,A,A,H,-,A,A,0,NA,NA,NA,NA,Y,NA,A,01,0,0,1,0,0,0,0,0,0,-,-,33.6363,-117.8715,ORANGE,NEWPORT BEACH,-117.87192917,33.63557104
8073683,2016,2016-07-13,3019,2016-06-19,1614,2797,SC,7,5,7,3019,0,0,0,NA,0,002,FAIRVIEW AV,WILLITS ST,0,NA,Y,A,-,N,NA,NA,NA,NA,NA,NA,NA,NA,NA,N,4,0,1,1,A,-,08,22107,NA,N,A,I,A,A,H,-,A,A,0,NA,NA,NA,NA,Y,NA,A,01,0,0,1,0,0,0,0,0,0,-,-,NA,NA,ORANGE,SANTA ANA,-117.90679011,33.74014009
8073723,2016,2016-08-02,3019,2016-06-16,1845,3325,SC,4,5,7,3019,0,0,0,NA,0,003,SEGERSTROM AV,TOWNSEND ST,0,NA,Y,A,-,N,NA,NA,NA,NA,NA,NA,NA,NA,NA,N,4,0,1,2,A,-,09,21801,A,N,D,C,A,A,H,-,A,D,0,NA,NA,NA,NA,Y,NA,A,01,0,0,1,0,0,0,0,0,0,-,-,33.70762,-117.89961,ORANGE,SANTA ANA,-117.89978008,33.70740004
8073838,2016,2016-07-15,3019,2016-06-05,1733,2322,N/E,7,5,7,3019,0,0,0,NA,0,002,WEST ORANGE RD,FERNWOOD DR,0,NA,Y,A,-,N,NA,NA,NA,NA,NA,NA,NA,NA,NA,N,4,0,1,2,A,-,12,22450,NA,F,B,C,A,A,H,-,A,D,0,NA,NA,NA,NA,Y,NA,-,99,0,0,1,0,0,0,0,0,0,-,-,NA,NA,ORANGE,SANTA ANA,-117.88122011,33.77672003
8073851,2016,2016-08-09,3001,2016-07-24,1907,A1252,NA,7,5,7,3001,0,0,0,NA,0,0D2,EAST LA PALMA AV,TOPEKA ST,86,W,N,A,-,N,NA,NA,NA,NA,NA,NA,NA,NA,NA,Y,3,0,1,2,A,-,07,21658,A,N,B,C,A,A,H,-,A,D,0,NA,NA,NA,NA,Y,NA,A,01,0,1,0,0,0,0,0,0,0,-,-,NA,NA,ORANGE,ANAHEIM,-117.91194257,33.84728
8074776,2016,2016-07-07,3000,2016-05-19,0100,1920,892 D,4,5,5,3028,0,0,0,NA,0,755,ALARCON,MONTELLANO,26,S,N,B,-,N,NA,NA,NA,NA,NA,NA,NA,NA,NA,Y,3,0,1,1,A,-,01,23152,A,N,E,I,A,A,H,-,C,D,0,NA,NA,NA,NA,Y,Y,A,01,0,1,0,0,0,0,0,0,0,-,-,NA,NA,ORANGE,MISSION VIEJO,-117.64786479,33.63983495
8075186,2016,2016-08-01,3001,2016-07-20,1736,A1825,NA,3,5,7,3001,0,0,0,NA,0,0D3,WEST KATELLA AV,SOUTH HARBOR BL,163,E,N,A,-,N,NA,NA,NA,NA,NA,NA,NA,NA,NA,N,4,0,1,2,A,-,09,21804,A,N,D,C,A,A,H,-,A,A,0,NA,NA,Y,NA,Y,NA,C,02,0,0,1,0,0,0,0,0,1,-,-,NA,NA,ORANGE,ANAHEIM,-117.91487471,33.80342
8075405,2016,2017-02-22,3000,2016-07-13,0255,2978,797S2,3,5,4,3021,0,0,0,NA,0,024,RT 39,KATELLA AV,0,NA,Y,A,-,Y,ORA,12,39,-,-,10.66,I,5,N,Y,4,0,2,2,D,-,00,NA,NA,N,D,C,A,A,H,-,C,A,0,NA,NA,NA,NA,Y,NA,-,-,0,0,2,0,0,0,0,0,0,-,-,NA,NA,ORANGE,STANTON,-117.99303644,33.80267205
8075538,2016,2016-07-11,3019,2016-06-24,2246,3322,SE,5,5,7,3019,0,0,0,NA,0,003,MCFADDEN AV,ROSS ST,15,W,N,A,-,N,NA,NA,NA,NA,NA,NA,NA,NA,NA,Y,3,0,1,2,A,-,01,23152,NA,M,C,C,A,A,H,-,C,D,0,NA,NA,NA,NA,Y,Y,A,01,0,1,0,0,0,0,0,0,0,-,-,NA,NA,ORANGE,SANTA ANA,-117.87239922,33.73452
8076084,2016,2016-07-11,3014,2016-06-28,1156,1146,RD13,2,5,5,3014,0,0,0,NA,0,0A1,WEST BALBOA BL,20TH ST,0,NA,Y,A,-,N,NA,NA,NA,NA,NA,NA,NA,NA,NA,Y,4,0,1,2,A,-,09,21801,A,N,D,C,A,A,H,-,A,A,0,NA,NA,NA,NA,Y,NA,A,07,0,0,1,0,0,0,0,0,0,-,-,33.6085,-117.9272,ORANGE,NEWPORT BEACH,-117.92722003,33.60842003
8076092,2016,2016-09-02,3014,2016-06-24,1443,1395,RD67,5,5,5,3014,0,0,0,NA,0,0A4,RT 1,NEWPORT COAST DR,396,E,N,A,-,N,NA,NA,1,NA,NA,NA,NA,NA,NA,Y,4,0,1,2,A,-,03,22350,NA,N,C,C,A,A,H,-,A,A,0,NA,NA,NA,NA,Y,NA,A,01,0,0,1,0,0,0,0,0,0,-,-,33.5822,-117.8477,ORANGE,NEWPORT BEACH,-117.84767714,33.58223283
8076759,2016,2016-07-12,3019,2016-06-03,1308,2460,NE,5,5,7,3019,0,0,0,NA,0,001,PARK LAKE,BRISTOL ST,12,W,N,A,-,N,NA,NA,NA,NA,NA,NA,NA,NA,NA,N,4,0,1,2,D,-,00,NA,NA,N,G,B,B,A,H,-,A,A,0,Y,NA,NA,NA,Y,NA,-,-,0,0,1,0,1,0,0,0,0,-,-,33.77195,-117.88465,ORANGE,SANTA ANA,-117.88489938,33.77195924
8077343,2016,2017-03-03,3001,2016-07-11,0502,1670,NA,1,5,7,3001,0,0,0,NA,0,0D1,RT 39,LYNROSE LN,129,S,N,A,-,Y,ORA,12,39,-,-,11.77,H,-,N,N,3,0,1,2,A,-,11,21954,A,N,G,B,E,A,H,-,C,D,0,Y,NA,NA,NA,Y,NA,N,60,0,1,0,0,1,0,0,0,0,-,-,NA,NA,ORANGE,ANAHEIM,-117.99320951,33.81878197
8077637,2016,2016-07-05,3009,2016-06-20,1124,3486,114,1,5,6,3009,0,0,0,NA,0,021,GARDEN GROVE BL,GROVE AV,435,W,N,A,-,N,NA,NA,NA,NA,NA,NA,NA,NA,NA,N,4,0,1,1,A,-,08,22107,NA,N,A,I,A,A,H,-,A,D,0,NA,NA,NA,NA,Y,NA,A,01,0,0,1,0,0,0,0,0,0,-,-,NA,NA,ORANGE,GARDEN GROVE,-117.94355802,33.77421
8078512,2016,2016-07-19,3009,2016-06-25,2116,3625,136,6,5,6,3009,0,0,0,NA,0,023,HARBOR,WESTMINSTER,81,N,N,A,-,N,NA,NA,NA,NA,NA,NA,NA,NA,NA,N,3,0,1,2,C,-,18,NA,NA,N,G,B,D,A,H,-,C,D,0,Y,NA,NA,NA,Y,NA,-,-,0,1,0,0,1,0,0,0,0,-,-,NA,NA,ORANGE,GARDEN GROVE,-117.92034,33.76007207
8078637,2016,2017-03-03,3011,2016-07-05,0126,31340,NA,2,5,4,3011,0,0,0,NA,0,NA,RT 1,PARK AV,50,S,N,B,-,Y,ORA,12,1,-,-,9.28,H,-,S,Y,4,0,1,2,A,-,01,23153,B,N,C,C,A,A,H,-,C,D,0,NA,NA,NA,NA,Y,Y,A,01,0,0,1,0,0,0,0,0,0,-,-,NA,NA,ORANGE,LAGUNA BEACH,-117.78326944,33.54194819
8078793,2016,2016-07-18,3004,2016-06-21,1525,P429,NA,2,5,6,3004,0,0,0,NA,0,012,VICTORIA ST,NATIONAL AV,380,W,N,A,-,N,NA,NA,NA,NA,NA,NA,NA,NA,NA,Y,4,0,3,2,A,-,03,22350,NA,N,C,C,A,A,H,-,A,D,0,NA,NA,NA,NA,Y,NA,A,01,0,0,3,0,0,0,0,0,0,-,-,33.399,-117.5617,ORANGE,COSTA MESA,-117.93819569,33.65263221
8078883,2016,2016-07-12,3019,2016-06-13,1217,3198,SE,1,5,7,3019,0,0,0,NA,0,NA,SAINT GERTRUDE PL,ROUSSELLE ST,0,NA,Y,B,-,N,NA,NA,NA,NA,NA,NA,NA,NA,NA,Y,4,0,1,2,A,-,09,21802,A,N,D,C,A,A,H,-,A,A,0,NA,NA,NA,NA,Y,NA,A,01,0,0,1,0,0,0,0,0,0,-,-,33.7198,-117.86339,ORANGE,SANTA ANA,-117.86346011,33.71964006
8079885,2016,2016-07-13,3001,2016-06-30,1758,A1825,NA,4,5,7,3001,0,0,0,NA,0,0D1,WEST ORANGE AV,SOUTH AGATE ST,0,NA,Y,A,-,N,NA,NA,NA,NA,NA,NA,NA,NA,NA,Y,4,0,1,2,A,-,12,22450,A,N,D,C,A,A,H,-,A,A,0,NA,NA,NA,NA,Y,NA,-,NA,0,0,1,0,0,0,0,0,0,-,-,NA,NA,ORANGE,ANAHEIM,-117.95198008,33.82511006
8080391,2016,2016-07-26,3019,2016-07-11,0732,1561,NE,1,5,7,3019,0,0,0,NA,0,002,GRAND AV,17TH ST,260,N,N,A,-,N,NA,NA,NA,NA,NA,NA,NA,NA,NA,N,4,0,1,2,A,-,03,22350,NA,N,C,C,A,A,A,-,A,A,0,NA,NA,NA,NA,Y,NA,A,07,0,0,1,0,0,0,0,0,0,-,-,33.75993,-117.85192,ORANGE,SANTA ANA,-117.85189964,33.76063251
8080871,2016,2016-07-11,3019,2016-06-22,1529,1561,SC,3,5,7,3019,0,0,0,NA,0,004,FAIRVIEW AV,WILLITS,331,S,N,A,-,N,NA,NA,NA,NA,NA,NA,NA,NA,NA,Y,3,0,1,2,A,-,08,22107,NA,N,A,C,A,A,H,-,A,D,0,NA,NA,NA,NA,Y,NA,D,22,0,1,0,0,0,0,0,0,0,-,-,NA,NA,ORANGE,SANTA ANA,-117.90679,33.73923255
8081229,2016,2016-08-11,3001,2016-07-29,1216,0945,NA,5,5,7,3001,0,0,0,NA,0,0D3,EAST KATELLA AV,SOUTH STATE COLLEGE BL,0,NA,Y,A,-,N,NA,NA,NA,NA,NA,NA,NA,NA,NA,N,4,0,2,2,A,-,03,22350,NA,N,C,C,A,A,H,-,A,A,0,NA,NA,NA,NA,Y,NA,D,22,0,0,2,0,0,0,0,0,0,-,-,NA,NA,ORANGE,ANAHEIM,-117.88919009,33.80336007
8081767,2016,2016-07-15,3010,2016-07-04,1251,1211,462,1,5,6,3010,0,0,0,NA,0,002,ATLANTA AV,HUNTINGTON ST,225,E,N,A,-,N,NA,NA,NA,NA,NA,NA,NA,NA,NA,N,3,0,1,1,A,-,08,22107,NA,N,E,G,A,A,H,-,A,D,0,NA,Y,NA,NA,Y,Y,L,04,0,1,0,0,0,0,1,0,0,-,-,NA,NA,ORANGE,HUNTINGTON BEACH,-117.99422229,33.65764
8081821,2016,2016-07-14,3010,2016-06-28,1356,251,189,2,5,6,3010,0,0,0,NA,0,007,GOLDENWEST,SLATER,301,S,N,A,-,N,NA,NA,NA,NA,NA,NA,NA,NA,NA,Y,3,0,1,5,A,-,03,22350,NA,N,-,C,A,A,H,-,A,A,0,NA,NA,NA,NA,Y,NA,D,22,0,1,0,0,0,0,0,0,0,-,-,NA,NA,ORANGE,HUNTINGTON BEACH,-118.00655,33.70748989
8082074,2016,2017-02-13,3024,2016-06-28,0857,155,P31,2,5,5,3024,0,0,0,NA,0,WEST,RT 39,BISHOP AV,0,NA,Y,A,-,Y,ORA,12,39,-,-,6.38,I,5,S,Y,3,0,1,3,A,-,09,21801,A,N,D,C,A,A,H,-,A,D,0,NA,NA,NA,NA,Y,NA,D,22,0,1,0,0,0,0,0,0,0,-,-,NA,NA,ORANGE,WESTMINSTER,-117.98957371,33.74094242
8082292,2016,2016-07-14,3019,2016-06-12,1546,3327,SC,7,5,7,3019,0,0,0,NA,0,004,MACARTHUR BL,TOWNER ST,0,NA,Y,A,-,N,NA,NA,NA,NA,NA,NA,NA,NA,NA,Y,4,0,1,2,D,-,00,NA,NA,N,D,C,A,A,H,-,A,A,0,NA,NA,NA,NA,Y,NA,-,-,0,0,1,0,0,0,0,0,0,-,-,33.6999,-117.87992,ORANGE,SANTA ANA,-117.87996004,33.70006003
8082311,2016,2016-07-14,3012,2016-06-19,2059,526,35,7,5,5,3012,0,0,0,NA,0,003,W IMPERIAL HWY,TOWN AND COUNTRY,112,W,N,A,-,N,NA,NA,NA,NA,NA,NA,NA,NA,NA,N,4,0,2,1,A,-,03,22350,NA,N,A,I,A,A,H,-,D,D,0,NA,NA,NA,NA,Y,NA,A,01,0,0,2,0,0,0,0,0,0,-,-,NA,NA,ORANGE,LA HABRA,-117.96203715,33.91726
8082837,2016,2016-07-14,3015,2016-06-06,0705,1421,24,1,5,6,3015,0,0,0,NA,0,003,CHAPMAN AV,N MCPHERSON ST,54,E,N,A,-,N,NA,NA,NA,NA,NA,NA,NA,NA,NA,Y,3,0,2,2,A,-,03,22350,NA,N,E,B,F,A,H,-,A,D,0,Y,NA,NA,NA,Y,NA,A,01,0,1,1,0,1,0,0,0,0,-,-,NA,NA,ORANGE,ORANGE,-117.82222271,33.7878
8083446,2016,2016-07-19,3008,2016-07-11,0745,1284,NOC,1,5,6,3008,0,0,0,NA,0,Z-2,LEOMON ST,CHAPMAN AV,126,N,N,A,-,N,NA,NA,NA,NA,NA,NA,NA,NA,NA,Y,4,0,3,3,A,-,03,22350,NA,N,C,C,A,A,H,-,A,A,0,NA,NA,NA,NA,Y,NA,A,01,0,0,3,0,0,0,0,0,0,-,-,NA,NA,ORANGE,FULLERTON,-117.9198527,33.87436543
8083482,2016,2016-07-19,3012,2016-07-04,1536,625,NA,1,5,5,3012,0,0,0,NA,0,004,LAMBERT RD,CYPRESS ST,1008,E,N,A,-,N,NA,NA,NA,NA,NA,NA,NA,NA,NA,Y,4,0,2,2,A,-,09,21804,A,N,C,C,A,A,H,-,A,D,0,NA,NA,NA,NA,Y,NA,A,01,0,0,2,0,0,0,0,0,0,-,-,NA,NA,ORANGE,LA HABRA,-117.93843524,33.92461
8083972,2016,2017-02-18,3020,2016-05-28,1302,361,NA,6,5,4,3020,0,0,0,NA,0,NA,RT 1,SEAL BEACH BL,183,W,N,A,-,Y,ORA,12,1,-,-,32.76,H,-,S,Y,4,0,1,3,A,-,03,22350,NA,N,C,C,A,A,H,-,A,A,0,NA,NA,NA,NA,Y,NA,A,NA,0,0,1,0,0,0,0,0,0,-,-,NA,NA,ORANGE,SEAL BEACH,-118.09613759,33.74108453
8084734,2016,2016-07-25,3022,2016-07-06,1457,1199,NORTH,3,5,5,3022,0,0,0,NA,0,001,CENTENNIAL WY,SECOND ST,235,S,N,A,-,N,NA,NA,NA,NA,NA,NA,NA,NA,NA,Y,3,0,1,2,A,-,09,21804,A,N,D,C,A,A,H,-,A,D,0,NA,NA,NA,NA,Y,NA,A,01,0,1,0,0,0,0,0,0,0,-,-,33.74447,-117.81878,ORANGE,TUSTIN,-117.81883,33.7438958
8084983,2016,2016-07-19,3004,2016-07-01,1551,P603,22,5,5,6,3004,0,0,0,NA,0,015,BRISTOL ST,BAKER ST,35,N,N,A,-,N,NA,NA,NA,NA,NA,NA,NA,NA,NA,Y,4,0,2,2,A,-,03,22350,NA,N,C,C,A,A,H,-,A,A,0,NA,NA,NA,NA,Y,NA,A,07,0,0,2,0,0,0,0,0,0,-,-,33.69597,-117.89397,ORANGE,COSTA MESA,-117.88572142,33.68021427
8084991,2016,2016-07-18,3004,2016-07-05,1211,P543,14,2,5,6,3004,0,0,0,NA,0,009,PLACENTIA AV,SWAN CIR,182,N,N,A,-,N,NA,NA,NA,NA,NA,NA,NA,NA,NA,Y,3,0,2,1,A,-,03,22350,NA,N,F,A,A,A,H,-,A,A,0,NA,NA,NA,NA,Y,NA,A,01,0,2,0,0,0,0,0,0,0,-,-,33.4009,-117.5614,ORANGE,COSTA MESA,-117.93729703,33.66946867
8084995,2016,2016-07-18,3004,2016-07-03,1113,P527,22,7,5,6,3004,0,0,0,NA,0,015,BEAR ST,W PAULARINO AV,0,NA,Y,A,-,N,NA,NA,NA,NA,NA,NA,NA,NA,NA,Y,3,0,2,2,A,-,12,21453,A,N,D,C,A,A,H,-,A,A,0,NA,NA,NA,NA,Y,NA,A,01,0,1,1,0,0,0,0,0,0,-,-,33.68285,-117.89236,ORANGE,COSTA MESA,-117.89239004,33.68285011
8085003,2016,2016-09-27,3004,2016-07-02,1923,P550,12,6,5,6,3004,0,0,0,NA,0,008,FAIRVIEW RD,S NEWPORT BL,153,N,N,A,-,N,NA,NA,NA,NA,NA,NA,NA,NA,NA,N,4,0,1,2,A,-,12,21453,A,N,B,C,A,A,H,-,A,A,0,NA,NA,NA,NA,Y,NA,-,-,0,0,1,0,0,0,0,0,0,-,-,33.65368,-117.90752,ORANGE,COSTA MESA,-117.90763743,33.65244958
8085738,2016,2016-07-21,3015,2016-06-20,2201,1521,51,1,5,6,3015,0,0,0,NA,0,111,WEST CHAPMAN AV,FELDNER RD,240,E,N,A,-,N,NA,NA,NA,NA,NA,NA,NA,NA,NA,N,3,0,1,2,A,-,09,21804,A,N,D,G,A,A,H,-,C,D,0,NA,Y,NA,NA,Y,NA,A,01,0,1,0,0,0,0,1,0,0,-,-,NA,NA,ORANGE,ORANGE,-117.86972202,33.7879
8085758,2016,2016-07-21,3015,2016-06-15,1808,1440,55W,3,5,6,3015,0,0,0,NA,0,321,N SHAFFER ST,EAST KATELLA AV,0,NA,Y,A,-,N,NA,NA,NA,NA,NA,NA,NA,NA,NA,Y,4,0,1,2,A,-,12,21453,A,N,D,C,A,A,H,-,A,A,0,NA,NA,NA,NA,Y,NA,A,01,0,0,1,0,0,0,0,0,0,-,-,NA,NA,ORANGE,ORANGE,-117.84877008,33.80912008
8085872,2016,2016-07-22,3010,2016-07-03,1539,1226,436,7,5,6,3010,0,0,0,NA,0,003,BROOKHURST,ADAMS,215,N,N,A,-,N,NA,NA,NA,NA,NA,NA,NA,NA,NA,Y,3,0,1,2,C,-,18,NA,NA,N,D,C,A,A,H,-,A,D,0,NA,NA,Y,NA,Y,NA,-,-,0,1,0,0,0,0,0,0,1,-,-,NA,NA,ORANGE,HUNTINGTON BEACH,-117.95397,33.67303947
8086190,2016,2016-07-27,3003,2016-06-29,0929,601,90,3,5,5,3003,0,0,0,NA,0,003,LA PALMA AV,STANTON AV,0,NA,Y,A,-,N,NA,NA,NA,NA,NA,NA,NA,NA,NA,Y,4,0,2,2,D,-,00,NA,NA,N,D,C,A,A,H,-,A,A,0,NA,NA,Y,NA,Y,NA,-,-,0,0,2,0,0,0,0,0,1,-,-,NA,NA,ORANGE,BUENA PARK,-117.99370002,33.84662008
8086202,2016,2016-07-27,3003,2016-06-20,0354,657,NA,1,5,5,3003,0,0,0,NA,0,NA,LA PALMA AV,DALE ST,324,W,N,A,-,N,NA,NA,NA,NA,NA,NA,NA,NA,NA,N,4,0,1,2,A,-,12,21453,A,N,D,C,A,A,H,-,E,A,0,NA,NA,NA,NA,Y,NA,A,01,0,0,1,0,0,0,0,0,0,-,-,NA,NA,ORANGE,BUENA PARK,-117.98616598,33.84693
8086206,2016,2016-07-27,3003,2016-06-26,2159,601,92,7,5,5,3003,0,0,0,NA,0,005,VALLEY VISTA ST,CRESCENT AV,0,NA,N,A,-,N,NA,NA,NA,NA,NA,NA,NA,NA,NA,Y,4,0,1,2,A,-,12,21453,A,N,D,C,A,A,H,-,C,A,0,NA,NA,NA,NA,Y,Y,A,01,0,0,1,0,0,0,0,0,0,-,-,NA,NA,ORANGE,BUENA PARK,-117.95786,33.83977
8086303,2016,2016-07-25,3009,2016-07-07,1526,3486,144,4,5,6,3009,0,0,0,NA,0,021,HARBOR BL,GARDEN GROVE BL,157,S,N,A,-,N,NA,NA,NA,NA,NA,NA,NA,NA,NA,N,4,0,1,1,A,-,03,22350,NA,N,A,I,A,A,H,-,A,A,0,NA,NA,Y,NA,Y,NA,C,02,0,0,1,0,0,0,0,0,1,-,-,NA,NA,ORANGE,GARDEN GROVE,-117.9204684,33.77390589
8087830,2016,2016-07-26,3019,2016-06-21,0442,2460,NE,2,5,7,3019,0,0,0,NA,0,001,BROADWAY,SANTA CLARA AV,0,NA,Y,A,-,N,NA,NA,NA,NA,NA,NA,NA,NA,NA,Y,4,0,2,2,D,-,00,NA,NA,N,D,C,A,A,H,-,C,A,0,NA,NA,NA,NA,Y,NA,-,-,0,0,2,0,0,0,0,0,0,-,-,33.76666,-117.8695,ORANGE,SANTA ANA,-117.8695301,33.76685009
8089663,2016,2016-09-29,3015,2016-08-10,1324,1364,117N,3,5,6,3015,0,0,0,NA,0,713,EAST NOHL RANCH RD,N MAPLE TREE,190,W,N,A,-,N,NA,NA,NA,NA,NA,NA,NA,NA,NA,Y,4,0,1,2,A,-,08,22107,NA,N,C,C,A,A,H,-,A,D,0,NA,NA,NA,NA,Y,NA,A,01,0,0,1,0,0,0,0,0,0,-,-,NA,NA,ORANGE,ORANGE,-117.83230382,33.83531187
8090384,2016,2017-02-22,3003,2016-07-07,1548,665,23,4,5,5,3003,0,0,0,NA,0,008,BEACH BL,9TH ST,0,NA,Y,A,-,Y,ORA,12,39,-,-,15.011,I,5,S,N,3,0,1,2,A,-,06,21755,NA,N,B,C,A,A,H,-,A,A,0,NA,NA,Y,NA,Y,NA,C,02,0,1,0,0,0,0,0,0,1,-,-,33.52,-117.5945,ORANGE,BUENA PARK,-117.99825572,33.86534067
8090964,2016,2016-07-29,3010,2016-07-14,1908,2116,242,4,5,6,3010,0,0,0,NA,0,009,CENTER,HUNTINGTON VILLAGE,172,E,N,A,-,N,NA,NA,NA,NA,NA,NA,NA,NA,NA,Y,4,0,3,2,A,-,09,21804,A,N,D,C,A,A,H,-,A,D,0,NA,NA,NA,NA,Y,NA,A,01,0,0,3,0,0,0,0,0,0,-,-,NA,NA,ORANGE,HUNTINGTON BEACH,-117.99533817,33.73393469
8092287,2016,2016-08-01,3000,2016-07-01,0630,8379,NA,5,5,2,3023,0,0,0,NA,0,214,VILLA PARK RD,CENTER DR,0,NA,Y,A,-,N,NA,NA,NA,NA,NA,NA,NA,NA,NA,Y,3,0,2,2,A,-,12,21453,A,N,D,C,A,A,H,-,A,A,0,NA,NA,NA,NA,Y,NA,A,07,0,1,1,0,0,0,0,0,0,-,-,NA,NA,ORANGE,VILLA PARK,-117.81330013,33.81065004
8093278,2016,2016-07-29,3007,2016-06-22,0514,265,37I,3,5,5,3007,0,0,0,NA,0,002,EUCLID ST,SLATER AV,0,NA,Y,B,-,N,NA,NA,NA,NA,NA,NA,NA,NA,NA,Y,4,0,4,2,A,-,09,21801,A,N,D,C,A,A,H,-,B,A,0,NA,NA,NA,NA,Y,NA,A,01,0,0,4,0,0,0,0,0,0,-,-,NA,NA,ORANGE,FOUNTAIN VALLEY,-117.93712005,33.70912003
8093531,2016,2016-08-01,3022,2016-07-07,0822,1250,SOUTH,4,5,5,3022,0,0,0,NA,0,NA,PASADENA AV,MCFADDEN AV,57,S,N,A,-,N,NA,NA,NA,NA,NA,NA,NA,NA,NA,Y,4,0,2,2,A,-,08,22107,NA,N,B,C,A,A,H,-,A,A,0,NA,NA,NA,NA,Y,NA,A,01,0,0,2,0,0,0,0,0,0,-,-,NA,NA,ORANGE,TUSTIN,-117.83180712,33.73369376
8093781,2016,2016-07-26,3000,2016-06-28,1841,1916,891G1,2,5,5,3050,0,0,0,NA,0,765,TRABUCO RD,BAKE PKWY,0,NA,Y,A,-,N,NA,NA,NA,NA,NA,NA,NA,NA,NA,Y,3,0,1,2,A,-,12,21453,A,N,D,C,A,A,H,-,A,A,0,NA,NA,NA,NA,Y,NA,A,01,0,1,0,0,0,0,0,0,0,-,-,NA,NA,ORANGE,LAKE FOREST,-117.70292001,33.65506008
8093945,2016,2016-07-26,3015,2016-06-29,1719,857,21W,3,5,6,3015,0,0,0,NA,0,00I,CITY DR SOUTH,MEDICAL CENTER,0,NA,Y,A,-,N,NA,NA,NA,NA,NA,NA,NA,NA,NA,Y,4,0,1,2,A,-,03,22350,A,N,C,C,A,A,H,-,A,A,0,NA,NA,NA,NA,Y,NA,A,01,0,0,1,0,0,0,0,0,0,-,-,NA,NA,ORANGE,ORANGE,-117.89095,33.78739
8093950,2016,2016-07-26,3000,2016-06-30,1305,10077,891G6,4,5,5,3050,0,0,0,NA,0,7A65,ROCKFIELD BL,EL TORO RD,124,S,N,A,-,N,NA,NA,NA,NA,NA,NA,NA,NA,NA,N,4,0,1,2,A,-,21,22106,NA,N,C,C,A,A,H,-,A,A,0,NA,NA,NA,NA,Y,NA,A,01,0,0,1,0,0,0,0,0,0,-,-,33.6182,-117.7031,ORANGE,LAKE FOREST,-117.70461329,33.61687662
8093970,2016,2016-07-26,3000,2016-06-30,1215,9796,972G6,4,5,5,3017,0,0,0,NA,0,775,CAMINO VERA CRUZ,CALLE SARMENTOSO,42,S,N,A,-,N,NA,NA,NA,NA,NA,NA,NA,NA,NA,Y,3,0,1,3,A,-,05,21650,NA,N,A,C,A,A,H,-,A,D,0,NA,NA,NA,NA,Y,NA,A,07,0,1,0,0,0,0,0,0,0,-,-,NA,NA,ORANGE,SAN CLEMENTE,-117.62768238,33.46576746
8094003,2016,2016-07-28,3015,2016-05-10,0210,1531,35E,2,5,6,3015,0,0,0,NA,0,NA,W COLLINS AV,N PARKER ST,150,W,N,A,-,N,NA,NA,NA,NA,NA,NA,NA,NA,NA,Y,3,0,3,1,A,-,01,23152,A,N,A,I,A,A,H,-,C,D,0,NA,NA,NA,NA,Y,Y,D,22,0,3,0,0,0,0,0,0,0,-,-,NA,NA,ORANGE,ORANGE,-117.86032257,33.80241
8094078,2016,2016-07-27,3000,2016-06-29,1455,2849,862E1,3,5,5,3050,0,0,0,NA,0,762,SANTIAGO CANYON RD,FALCON ST,1000,S,N,A,-,N,NA,NA,NA,NA,NA,NA,NA,NA,NA,Y,4,0,1,1,A,-,08,22107,NA,N,E,J,A,A,H,-,A,D,0,NA,NA,NA,NA,Y,NA,D,22,0,0,1,0,0,0,0,0,0,-,-,NA,NA,ORANGE,LAKE FOREST,-117.6385713,33.69906652
8095045,2016,2016-08-04,3009,2016-07-22,1803,3527,116,5,5,6,3009,0,0,0,NA,0,2    3,WESTMINSTER AV,FERNWOOD DR,18,E,N,A,-,N,NA,NA,NA,NA,NA,NA,NA,NA,NA,N,3,0,1,2,A,-,09,21801,A,N,D,C,A,A,H,-,A,D,0,NA,NA,NA,NA,Y,NA,A,01,0,1,0,0,0,0,0,0,0,-,-,NA,NA,ORANGE,GARDEN GROVE,-117.93934092,33.7596807
8095489,2016,2016-08-03,3001,2016-07-22,0037,415,NA,5,5,7,3001,0,0,0,NA,0,0D2,SOUTH ANAHEIM BL,EAST BALL RD,37,S,N,A,-,N,NA,NA,NA,NA,NA,NA,NA,NA,NA,N,4,0,2,2,A,-,03,22350,NA,N,C,C,A,A,H,-,C,A,0,NA,NA,NA,NA,Y,NA,A,07,0,0,2,0,0,0,0,0,0,-,-,NA,NA,ORANGE,ANAHEIM,-117.90802332,33.81797329