CASE_ID,ACCIDENT_YEAR,PROC_DATE,JURIS,COLLISION_DATE,COLLISION_TIME,OFFICER_ID,REPORTING_DISTRICT,DAY_OF_WEEK,CHP_SHIFT,POPULATION,CNTY_CITY_LOC,SPECIAL_COND,BEAT_TYPE,CHP_BEAT_TYPE,CITY_DIVISION_LAPD,CHP_BEAT_CLASS,BEAT_NUMBER,PRIMARY_RD,SECONDARY_RD,DISTANCE,DIRECTION,INTERSECTION,WEATHER_1,WEATHER_2,STATE_HWY_IND,CALTRANS_COUNTY,CALTRANS_DISTRICT,STATE_ROUTE,ROUTE_SUFFIX,POSTMILE_PREFIX,POSTMILE,LOCATION_TYPE,RAMP_INTERSECTION,SIDE_OF_HWY,TOW_AWAY,COLLISION_SEVERITY,NUMBER_KILLED,NUMBER_INJURED,PARTY_COUNT,PRIMARY_COLL_FACTOR,PCF_CODE_OF_VIOL,PCF_VIOL_CATEGORY,PCF_VIOLATION,PCF_VIOL_SUBSECTION,HIT_AND_RUN,TYPE_OF_COLLISION,MVIW,PED_ACTION,ROAD_SURFACE,ROAD_COND_1,ROAD_COND_2,LIGHTING,CONTROL_DEVICE,CHP_ROAD_TYPE,PEDESTRIAN_ACCIDENT,BICYCLE_ACCIDENT,MOTORCYCLE_ACCIDENT,TRUCK_ACCIDENT,NOT_PRIVATE_PROPERTY,ALCOHOL_INVOLVED,STWD_VEHTYPE_AT_FAULT,CHP_VEHTYPE_AT_FAULT,COUNT_SEVERE_INJ,COUNT_VISIBLE_INJ,COUNT_COMPLAINT_PAIN,COUNT_PED_KILLED,COUNT_PED_INJURED,COUNT_BICYCLIST_KILLED,COUNT_BICYCLIST_INJURED,COUNT_MC_KILLED,COUNT_MC_INJURED,PRIMARY_RAMP,SECONDARY_RAMP,LATITUDE,LONGITUDE,COUNTY,CITY,POINT_X,POINT_Y
81344601,2020,2020-11-13,3007,2020-11-09,1151,304,62,1,5,5,3007,0,0,0,NA,0,003,ELLIS,SANTA ISADORA,0,NA,Y,A,-,N,NA,NA,NA,NA,NA,NA,NA,NA,NA,Y,4,0,1,2,A,-,09,21802,A,N,D,C,A,A,H,-,A,A,0,NA,NA,NA,NA,Y,NA,A,07,0,0,1,0,0,0,0,0,0,-,-,NA,NA,ORANGE,FOUNTAIN VALLEY,-117.97850799560548,33.6939811706543
8134596,2016,2016-10-05,3001,2016-09-23,1707,2187,NA,5,5,7,3001,0,0,0,NA,0,0D1,WEST BALL RD,SOUTH WESTERN AV,0,NA,Y,A,-,N,NA,NA,NA,NA,NA,NA,NA,NA,NA,Y,4,0,2,2,A,-,09,21801,A,N,-,C,A,A,H,-,A,A,0,NA,NA,NA,NA,Y,NA,A,01,0,0,2,0,0,0,0,0,0,-,-,NA,NA,ORANGE,ANAHEIM,-118.00206006,33.81734004
81346012,2020,2020-11-16,3014,2020-10-29,0415,1484,RD11,4,5,5,3014,0,0,0,NA,0,A1,E BALBOA BLVD,MEDINA WAY,14,W,N,A,-,N,NA,NA,NA,NA,NA,NA,NA,NA,NA,Y,2,0,1,1,A,-,08,22107,NA,N,E,I,A,A,H,-,C,D,0,NA,NA,NA,NA,Y,NA,D,22,1,0,0,0,0,0,0,0,0,-,-,33.603599548339844,-117.90470123291016,ORANGE,NEWPORT BEACH,-117.90487670898438,33.6036491394043
8134742,2016,2016-10-04,3009,2016-09-23,0940,1978,153,5,5,6,3009,0,0,0,NA,0,022,HARBOR BL,CHAPMAN AV,531,S,N,A,-,N,NA,NA,NA,NA,NA,NA,NA,NA,NA,Y,3,0,2,1,A,-,08,22107,NA,N,E,I,A,A,H,-,A,A,0,NA,NA,NA,NA,Y,NA,A,08,0,1,1,0,0,0,0,0,0,-,-,NA,NA,ORANGE,GARDEN GROVE,-117.91498335,33.78744436
81349924,2020,2020-11-20,3001,2020-11-02,1204,A1404,NA,1,5,7,3001,0,0,0,NA,0,NA,LINCOLN AVENUE,LA REINA CIRCLE,27,W,N,A,-,N,NA,NA,NA,NA,NA,NA,NA,NA,NA,N,3,0,1,1,A,-,08,22107,NA,M,E,I,A,A,H,-,A,A,0,NA,NA,NA,NA,Y,NA,A,01,0,1,0,0,0,0,0,0,0,-,-,33.83224868774414,-117.97987365722656,ORANGE,ANAHEIM,-117.97966003417967,33.83224868774414
81349928,2020,2020-11-20,3001,2020-11-03,1857,A2187,D-2,2,5,7,3001,0,0,0,NA,0,D-2,BROADWAY,ANAHEIM BOULEVARD,0,NA,Y,A,-,N,NA,NA,NA,NA,NA,NA,NA,NA,NA,Y,4,0,2,2,A,-,09,21801,A,N,D,C,A,A,H,-,C,A,0,NA,NA,NA,NA,Y,NA,A,01,0,0,2,0,0,0,0,0,0,-,-,33.83208084106445,-117.91293334960938,ORANGE,ANAHEIM,-117.91317749023438,33.83332824707031
81350000,2020,2020-11-20,3001,2020-11-16,1721,A2115,NA,1,5,7,3001,0,0,0,NA,0,D-1,BROOKHURST STREET,WOODLEY AVENUE,414,S,N,A,-,N,NA,NA,NA,NA,NA,NA,NA,NA,NA,Y,3,0,3,5,A,-,03,22350,NA,N,C,C,E,A,H,-,C,D,0,Y,NA,NA,NA,Y,NA,A,01,0,2,1,0,2,0,0,0,0,-,-,33.83565139770508,-117.95922088623048,ORANGE,ANAHEIM,-117.95899200439452,33.834754943847656
81353196,2020,2020-11-25,3010,2020-11-18,1829,1243,242,3,5,6,3010,0,0,0,NA,0,009,GOTHARD ST,MCFADDEN AVE,286,S,N,A,-,N,NA,NA,NA,NA,NA,NA,NA,NA,NA,Y,4,0,1,2,A,-,07,21658,A,N,D,C,A,A,H,-,C,D,0,NA,NA,NA,NA,Y,NA,A,01,0,0,1,0,0,0,0,0,0,-,-,33.736351013183594,-117.99878692626952,ORANGE,HUNTINGTON BEACH,-117.99919128417967,33.73662567138672
81354443,2020,2020-11-27,3010,2020-11-24,2315,1243,272,2,5,6,3010,0,0,0,NA,0,006,WARNER AVE,BEACH BL - SR39,493,W,N,A,-,Y,NA,NA,NA,NA,NA,NA,NA,NA,NA,Y,4,0,1,2,A,-,01,23152,A,N,C,C,A,A,H,-,C,D,0,NA,NA,NA,NA,Y,Y,A,01,0,0,1,0,0,0,0,0,0,-,-,33.71569061279297,-117.98902893066406,ORANGE,HUNTINGTON BEACH,NA,NA
81354712,2020,2020-11-30,3001,2020-11-25,2025,A2601,NA,3,5,7,3001,0,0,0,NA,0,D-3,WAGNER AVENUE,SUNKIST STREET,1637,E,N,A,-,N,NA,NA,NA,NA,NA,NA,NA,NA,NA,Y,3,0,3,2,A,-,03,22350,NA,N,C,C,A,A,H,-,C,D,0,NA,NA,NA,NA,Y,NA,A,01,0,2,1,0,0,0,0,0,0,-,-,33.825279235839844,-117.88028717041016,ORANGE,ANAHEIM,-117.87628173828124,33.82537078857422
81360777,2020,2020-12-08,3010,2020-11-27,0910,2090,422,5,5,6,3010,0,0,0,NA,0,005,BEACH BL - SR39,YORKTOWN AVE,204,N,N,A,-,Y,NA,NA,NA,NA,NA,NA,NA,NA,NA,Y,3,0,2,3,A,-,03,22350,NA,N,C,C,A,A,H,-,A,A,0,NA,NA,NA,NA,Y,NA,A,07,0,1,1,0,0,0,0,0,0,-,-,33.67826843261719,-117.98954010009766,ORANGE,HUNTINGTON BEACH,NA,NA
81360783,2020,2020-12-08,3010,2020-12-03,0836,0147,436,4,5,6,3010,0,0,0,NA,0,003,BUSHARD ST,YORKTOWN AVE,273,N,N,A,-,N,NA,NA,NA,NA,NA,NA,NA,NA,NA,Y,4,0,1,1,A,-,08,22107,NA,N,E,I,A,A,H,-,A,D,0,NA,NA,NA,NA,Y,NA,A,01,0,0,1,0,0,0,0,0,0,-,-,33.67967987060547,-117.96250152587892,ORANGE,HUNTINGTON BEACH,-117.96265411376952,33.6803092956543
81363210,2020,2021-10-22,3007,2020-11-25,1441,280,17,3,5,5,3007,0,0,0,NA,0,002,EUCLID,EDINGER,33,S,N,A,-,N,NA,NA,NA,NA,NA,NA,NA,NA,NA,N,4,0,2,3,A,-,01,23153,B,N,D,C,A,A,H,-,A,A,0,NA,NA,NA,NA,Y,Y,A,01,0,0,2,0,0,0,0,0,0,-,-,NA,NA,ORANGE,FOUNTAIN VALLEY,-117.93737030029295,33.73088836669922
81364744,2020,2020-12-14,3024,2020-09-13,0750,437,P-14,7,5,5,3024,0,0,0,NA,0,WEST,BOLSA CHICA ROAD,WESTMINSTER AVENUE,0,NA,Y,B,-,N,NA,NA,NA,NA,NA,NA,NA,NA,NA,Y,3,0,3,2,A,-,12,21453,A,N,D,C,A,A,H,-,A,A,0,NA,NA,NA,NA,Y,NA,A,01,0,2,1,0,0,0,0,0,0,-,-,33.75944900512695,-118.04255676269533,ORANGE,WESTMINSTER,-118.04264831542967,33.75946044921875
81364832,2020,2020-12-14,3024,2020-10-30,2348,426,P-30,5,5,5,3024,0,0,0,NA,0,WEST,BOLSA AVENUE,CHESTNUT STREET,0,NA,Y,E,-,N,NA,NA,NA,NA,NA,NA,NA,NA,NA,Y,4,0,1,2,A,-,01,23152,A,N,B,C,A,A,D,-,C,A,0,NA,NA,NA,NA,Y,Y,A,01,0,0,1,0,0,0,0,0,0,-,-,33.74443054199219,-118.00260925292967,ORANGE,WESTMINSTER,-118.00267028808594,33.744590759277344
81367011,2020,2020-12-15,3001,2020-12-10,1722,A1047,NA,4,5,7,3001,0,0,0,NA,0,D-1,DALE AVENUE,TYLER AVENUE,6,S,N,A,-,N,NA,NA,NA,NA,NA,NA,NA,NA,NA,Y,3,0,1,2,A,-,03,22350,NA,N,C,D,A,A,H,-,C,D,0,NA,NA,NA,NA,Y,NA,A,07,0,1,0,0,0,0,0,0,0,-,-,33.83422088623047,-117.98500823974608,ORANGE,ANAHEIM,-117.98477935791016,33.834083557128906
81368020,2020,2020-12-16,3010,2020-12-11,2027,1015,136,5,5,6,3010,0,0,0,NA,0,009,BOLSA AVE,BOLSA CHICA ST,0,NA,Y,A,-,N,NA,NA,NA,NA,NA,NA,NA,NA,NA,Y,3,0,2,1,A,-,08,22107,NA,N,E,I,A,A,H,-,C,D,0,NA,NA,NA,NA,Y,NA,A,01,0,1,1,0,0,0,0,0,0,-,-,33.74435043334961,-118.04151153564452,ORANGE,HUNTINGTON BEACH,-118.04168701171876,33.74441909790039
81368585,2020,2020-12-16,3007,2020-11-30,1706,324,19,1,5,5,3007,0,0,0,NA,0,002,HARBOR,LILAC,540,N,N,A,-,N,NA,NA,NA,NA,NA,NA,NA,NA,NA,Y,4,0,1,2,A,-,08,22107,NA,F,C,C,A,A,H,-,C,D,0,NA,NA,Y,NA,Y,NA,A,01,0,0,1,0,0,0,0,0,1,-,-,NA,NA,ORANGE,FOUNTAIN VALLEY,-117.92000579833984,33.73247146606445
81368906,2020,2020-12-17,3001,2020-12-10,1827,A2332,D-2,4,5,7,3001,0,0,0,NA,0,D-2,MAGNOLIA AVENUE,LINCOLN AVENUE,285,N,N,A,-,N,NA,NA,NA,NA,NA,NA,NA,NA,NA,Y,4,0,3,3,A,-,01,23152,F,N,C,C,A,A,H,-,C,A,0,NA,NA,NA,NA,Y,NA,A,01,0,0,3,0,0,0,0,0,0,-,-,33.83222961425781,-117.97628021240234,ORANGE,ANAHEIM,-117.97599029541016,33.832271575927734
8137014,2016,2016-10-10,3003,2016-09-20,1435,665,23,2,5,5,3003,0,0,0,NA,0,008,CRESCENT AV,GRAND AV,26,E,N,B,-,N,NA,NA,NA,NA,NA,NA,NA,NA,NA,Y,4,0,1,3,A,-,03,22350,NA,N,C,C,A,A,H,-,A,A,0,NA,NA,NA,NA,Y,NA,A,01,0,0,1,0,0,0,0,0,0,-,-,33.8393,-117.9977,ORANGE,BUENA PARK,-117.99788457,33.83937
81371417,2020,2020-12-21,3001,2020-12-15,1635,A2382,NA,2,5,7,3001,0,0,0,NA,0,D-3,STATE COLLEGE BOULEVARD,CERRITOS AVENUE,0,NA,Y,A,-,N,NA,NA,NA,NA,NA,NA,NA,NA,NA,Y,3,0,2,3,D,-,00,NA,NA,N,D,C,A,A,H,-,C,A,0,NA,NA,NA,NA,Y,NA,-,-,0,1,1,0,0,0,0,0,0,-,-,33.81061935424805,-117.88925170898438,ORANGE,ANAHEIM,-117.88925170898438,33.810630798339844
8137252,2016,2016-10-12,3015,2016-09-02,1610,1522,24,5,5,6,3015,0,0,0,NA,0,331,CHAPMAN AV,PROSPECT ST,300,W,N,A,-,N,NA,NA,NA,NA,NA,NA,NA,NA,NA,Y,4,0,2,2,A,-,03,22350,NA,N,C,C,A,A,H,-,A,A,0,NA,NA,NA,NA,Y,NA,A,01,0,0,2,0,0,0,0,0,0,-,-,NA,NA,ORANGE,ORANGE,-117.81938492,33.7878
81376457,2020,2020-12-29,3001,2020-12-12,1706,A2505,D-3,6,5,7,3001,0,0,0,NA,0,031,WALNUT STREET,BALL ROAD,0,NA,Y,A,-,N,NA,NA,NA,NA,NA,NA,NA,NA,NA,Y,3,0,2,2,A,-,09,21801,A,N,A,C,A,A,H,-,C,A,0,NA,NA,NA,NA,Y,NA,A,07,0,1,1,0,0,0,0,0,0,-,-,33.8179817199707,-117.92816162109376,ORANGE,ANAHEIM,-117.92849731445313,33.8179817199707
81376505,2020,2020-12-29,3010,2020-12-23,1227,2090,252,3,5,6,3010,0,0,0,NA,0,007,BEACH BL - SR39,EDINGER AVE,56,N,N,A,-,Y,NA,NA,NA,NA,NA,NA,NA,NA,NA,Y,4,0,1,3,A,-,12,21453,A,N,D,C,A,B,H,-,A,A,0,NA,NA,NA,NA,Y,NA,A,01,0,0,1,0,0,0,0,0,0,-,-,33.729949951171875,-117.98925018310548,ORANGE,HUNTINGTON BEACH,NA,NA
81378421,2020,2020-12-31,3024,2020-11-24,2017,502,P-15,2,5,5,3024,0,0,0,NA,0,WEST,WESTMINSTER BOULEVARD,WILLOW LANE,0,NA,Y,A,-,N,NA,NA,NA,NA,NA,NA,NA,NA,NA,N,2,0,1,2,A,-,11,21950,B,N,G,B,B,A,H,-,C,A,0,Y,NA,NA,NA,Y,NA,N,60,1,0,0,0,1,0,0,0,0,-,-,NA,NA,ORANGE,WESTMINSTER,-118.01915740966795,33.75896072387695
81379130,2020,2021-01-01,3007,2020-11-24,1929,263,43,2,5,5,3007,0,0,0,NA,0,001,MAGNOLIA,SLATER,150,N,N,A,-,N,NA,NA,NA,NA,NA,NA,NA,NA,NA,N,4,0,2,3,A,-,03,22350,NA,N,C,C,A,A,H,-,C,D,0,NA,NA,NA,NA,Y,NA,A,01,0,0,2,0,0,0,0,0,0,-,-,NA,NA,ORANGE,FOUNTAIN VALLEY,-117.97184753417967,33.70894241333008
81384207,2020,2021-01-08,3007,2020-11-21,1640,317,34,6,5,5,3007,0,0,0,NA,0,001,WARNER AVE,BUSHARD ST,156,E,N,A,-,N,NA,NA,NA,NA,NA,NA,NA,NA,NA,N,1,1,0,1,B,-,22,NA,NA,N,H,A,A,A,H,-,A,D,0,NA,Y,NA,NA,Y,NA,L,04,0,0,0,0,0,1,0,0,0,-,-,NA,NA,ORANGE,FOUNTAIN VALLEY,-117.9626693725586,33.71611785888672
81385597,2021,2021-01-12,3001,2021-01-09,1732,A1047,NA,6,5,7,3001,0,0,0,NA,0,D-3,CRONE AVENUE,LOARA STREET,214,E,N,A,-,N,NA,NA,NA,NA,NA,NA,NA,NA,NA,N,4,0,1,2,A,-,01,23152,A,N,D,C,A,A,H,-,C,D,0,NA,NA,NA,NA,Y,Y,A,01,0,0,1,0,0,0,0,0,0,-,-,33.821781158447266,-117.936767578125,ORANGE,ANAHEIM,-117.93640899658205,33.82171630859375
8139288,2016,2016-12-22,3000,2016-11-13,0804,5805,891G5,7,5,5,3050,0,0,0,NA,0,764,MUIRLANDS BL,RIDGE ROUTE DR,56,N,N,A,-,N,NA,NA,NA,NA,NA,NA,NA,NA,NA,Y,4,0,1,2,A,-,12,21453,A,N,D,C,A,A,H,-,A,A,0,NA,NA,NA,NA,Y,NA,A,08,0,0,1,0,0,0,0,0,0,-,-,NA,NA,ORANGE,LAKE FOREST,-117.70517868,33.62865707
81392995,2020,2021-01-25,3024,2020-12-22,1420,329,P-30,2,5,5,3024,0,0,0,NA,0,WEST,GOLDENWEST STREET,GEORGETOWN AVENUE,517,S,N,A,-,N,NA,NA,NA,NA,NA,NA,NA,NA,NA,Y,3,0,3,2,A,-,09,21801,A,N,D,C,A,A,H,-,A,D,0,NA,NA,NA,NA,Y,NA,A,07,0,1,2,0,0,0,0,0,0,-,-,33.742279052734375,-118.00695037841795,ORANGE,WESTMINSTER,-118.00695037841795,33.74098205566406
81393961,2021,2021-01-26,3010,2021-01-24,1345,1225,NA,7,5,6,3010,0,0,0,NA,0,NA,BEACH SERVICE ROAD,TWIN DOLPHIN,210,S,N,A,-,N,NA,NA,NA,NA,NA,NA,NA,NA,NA,N,3,0,1,2,A,-,03,22350,NA,N,H,B,E,A,H,-,A,D,0,Y,Y,NA,NA,Y,NA,L,04,0,1,0,0,1,0,0,0,0,-,-,NA,NA,ORANGE,HUNTINGTON BEACH,NA,NA
8139539,2016,2017-03-02,3002,2016-12-03,1704,1634,425Z,6,5,4,3002,0,0,0,NA,0,014,BERRY ST,IMPERIAL HWY,20,N,N,A,-,Y,ORA,12,90,-,-,4.011,I,6,W,Y,4,0,2,3,A,-,08,22107,NA,N,D,D,A,A,H,-,C,A,0,NA,NA,NA,NA,Y,NA,A,01,0,0,2,0,0,0,0,0,0,-,-,NA,NA,ORANGE,BREA,-117.90692255,33.91743562
81398269,2021,2021-01-29,3001,2021-01-27,1043,A1068,NA,3,5,7,3001,0,0,0,NA,0,D-4,VAN BUREN STREET,LA PALMA AVENUE,52,N,N,A,-,N,NA,NA,NA,NA,NA,NA,NA,NA,NA,Y,3,0,4,1,A,-,08,22107,NA,N,E,I,A,A,H,-,A,D,0,NA,NA,NA,NA,Y,NA,A,01,0,2,2,0,0,0,0,0,0,-,-,33.8585205078125,-117.83068084716795,ORANGE,ANAHEIM,-117.83094024658205,33.858489990234375
81398323,2020,2021-01-29,3024,2020-12-20,0056,426,P-20,7,5,5,3024,0,0,0,NA,0,EAST,MAGNOLIA STREET,JENNRICH AVENUE,0,NA,Y,A,-,N,NA,NA,NA,NA,NA,NA,NA,NA,NA,Y,3,0,1,2,A,-,01,23152,A,N,D,C,A,A,H,-,C,D,0,NA,NA,NA,NA,Y,Y,A,01,0,1,0,0,0,0,0,0,0,-,-,33.75522994995117,-117.97212982177734,ORANGE,WESTMINSTER,-117.9723663330078,33.7552490234375
81401225,2021,2021-02-03,3015,2021-01-18,0721,1090,RD46,1,5,6,3015,0,0,0,NA,0,249,KATELLA AVE,RT 55 NB ONRAMP (E),145,E,N,A,-,Y,NA,NA,NA,NA,NA,NA,NA,NA,NA,N,4,0,1,2,A,-,03,22350,NA,N,C,C,A,A,H,-,A,D,0,NA,NA,NA,NA,Y,NA,A,01,0,0,1,0,0,0,0,0,0,-,-,33.81026840209961,-117.83135223388672,ORANGE,ORANGE,-117.83164215087892,33.810272216796875
81402937,2021,2021-02-05,3001,2021-01-30,1947,A1047,NA,6,5,7,3001,0,0,0,NA,0,D-2,LINCOLN AVENUE,SUNKIST STREET,284,W,N,A,-,N,NA,NA,NA,NA,NA,NA,NA,NA,NA,Y,4,0,1,3,A,-,03,22350,NA,N,C,C,A,A,H,-,C,A,0,NA,NA,NA,NA,Y,NA,D,22,0,0,1,0,0,0,0,0,0,-,-,33.836891174316406,-117.88027191162108,ORANGE,ANAHEIM,-117.88140869140624,33.83870315551758
81402939,2021,2021-02-05,3001,2021-02-01,1811,A1278,NA,1,5,7,3001,0,0,0,NA,0,D-1,KNOTT AVENUE,DANBROOK AVENUE,49,S,N,A,-,N,NA,NA,NA,NA,NA,NA,NA,NA,NA,Y,3,0,3,2,A,-,03,22350,NA,N,C,C,A,A,H,-,C,A,0,NA,NA,NA,NA,Y,NA,A,01,0,1,2,0,0,0,0,0,0,-,-,33.82786178588867,-118.01084899902344,ORANGE,ANAHEIM,-118.01091766357422,33.827606201171875
81403421,2021,2021-02-05,3014,2021-01-30,1125,1453,RD39,6,5,5,3014,0,0,0,NA,0,A3,SR-1 (E COAST HWY),AVOCADO AVE,0,NA,Y,A,-,Y,NA,NA,NA,NA,NA,NA,NA,NA,NA,Y,2,0,3,2,A,-,12,21453,A,N,D,C,A,A,H,-,A,A,0,NA,NA,NA,NA,Y,NA,A,01,1,0,2,0,0,0,0,0,0,-,-,33.605499267578125,-117.87580108642578,ORANGE,NEWPORT BEACH,-117.87600708007813,33.605648040771484
81409564,2021,2021-02-17,3010,2021-01-15,1144,1059,264,5,5,6,3010,0,0,0,NA,0,006,MAGNOLIA ST,N CLP OF RIVERBEND DR,659,N,N,A,-,N,NA,NA,NA,NA,NA,NA,NA,NA,NA,Y,3,0,1,3,A,-,12,21453,A,N,D,C,A,A,D,-,A,A,0,NA,NA,NA,NA,Y,NA,A,01,0,1,0,0,0,0,0,0,0,-,-,33.71689987182617,-117.97167205810548,ORANGE,HUNTINGTON BEACH,-117.9719696044922,33.718936920166016
8141056,2016,2016-10-11,3001,2016-09-28,0917,A1555,NA,3,5,7,3001,0,0,0,NA,0,0D2,SOUTH EAST ST,EAST SANTA ANA ST,0,NA,Y,A,-,N,NA,NA,NA,NA,NA,NA,NA,NA,NA,Y,4,0,2,2,A,-,12,21453,A,N,D,C,A,A,H,-,A,A,0,NA,NA,NA,NA,Y,NA,A,01,0,0,2,0,0,0,0,0,0,-,-,NA,NA,ORANGE,ANAHEIM,-117.90122007,33.83368005
8141190,2016,2016-10-17,3010,2016-09-27,0654,2057,329,2,5,6,3010,0,0,0,NA,0,004,GARFIELD,SADDLEBACK,170,W,N,A,-,N,NA,NA,NA,NA,NA,NA,NA,NA,NA,Y,4,0,1,2,A,-,03,22350,NA,N,C,C,A,A,H,-,A,A,0,NA,NA,NA,NA,Y,NA,A,07,0,0,1,0,0,0,0,0,0,-,-,NA,NA,ORANGE,HUNTINGTON BEACH,-118.01108754,33.68655437
81413136,2021,2021-02-23,3015,2021-02-17,1750,1240,RD77,3,5,6,3015,0,0,0,NA,0,723-M,MEATS AVE,LINCOLN ST,0,NA,Y,A,-,N,NA,NA,NA,NA,NA,NA,NA,NA,NA,N,4,0,1,2,A,-,01,23152,A,N,D,C,A,A,H,-,D,A,0,NA,NA,NA,NA,Y,Y,D,22,0,0,1,0,0,0,0,0,0,-,-,33.8220100402832,-117.8384017944336,ORANGE,ORANGE,-117.8389892578125,33.822757720947266
81413144,2021,2021-02-23,3001,2021-02-17,0523,A2619,D-2,3,5,7,3001,0,0,0,NA,0,024,ANAHEIM BOULEVARD,SOUTH STREET,36,S,N,A,-,N,NA,NA,NA,NA,NA,NA,NA,NA,NA,Y,4,0,1,2,A,-,03,22350,NA,N,C,C,A,A,H,-,B,A,0,NA,NA,NA,NA,Y,NA,A,01,0,0,1,0,0,0,0,0,0,-,-,33.82653045654297,-117.91118621826172,ORANGE,ANAHEIM,-117.91095733642578,33.82663345336914
8141322,2016,2016-10-11,3010,2016-09-28,0757,164,148,3,5,6,3010,0,0,0,NA,0,NA,EDINGER,PLYMOUTH,0,NA,Y,A,-,N,NA,NA,NA,NA,NA,NA,NA,NA,NA,Y,4,0,1,2,A,-,09,21802,A,N,D,C,A,A,H,-,A,A,0,NA,NA,NA,NA,Y,NA,A,01,0,0,1,0,0,0,0,0,0,-,-,NA,NA,ORANGE,HUNTINGTON BEACH,-118.02154002,33.72999006
8141404,2016,2016-10-12,3010,2016-09-26,1256,205,425,1,5,6,3010,0,0,0,NA,0,003,KREPP,CINDY,200,E,N,A,-,N,NA,NA,NA,NA,NA,NA,NA,NA,NA,N,4,0,1,2,A,-,08,22107,NA,N,D,C,A,A,H,-,A,D,0,NA,NA,NA,NA,Y,NA,A,07,0,0,1,0,0,0,0,0,0,-,-,NA,NA,ORANGE,HUNTINGTON BEACH,-117.96402473,33.68281427
8141564,2016,2016-10-11,3008,2016-08-20,1634,1177,NA,6,5,6,3008,0,0,0,NA,0,0Z3,CHAPMAN AV,COMMONWEALTH AV,303,NA,N,A,-,N,NA,NA,NA,NA,NA,NA,NA,NA,NA,Y,4,0,2,4,A,-,03,22350,NA,M,C,C,A,A,H,-,A,D,0,NA,NA,NA,NA,Y,NA,-,99,0,0,2,0,0,0,0,0,0,-,-,NA,NA,ORANGE,FULLERTON,-117.88424006,33.87430004
8141594,2016,2016-10-13,3026,2016-09-24,1205,557,NA,6,5,6,3026,0,0,0,NA,0,00C,IRVINE CENTER DR,RESEARCH,534,N,N,A,-,N,NA,NA,NA,NA,NA,NA,NA,NA,NA,N,4,0,1,2,A,-,03,22350,NA,N,C,C,A,A,H,-,C,A,0,NA,NA,NA,NA,Y,NA,A,01,0,0,1,0,0,0,0,0,0,-,-,NA,NA,ORANGE,IRVINE,-117.74553768,33.64568427
81416598,2021,2021-02-26,3015,2021-02-18,0948,1515,RD25,4,5,6,3015,0,0,0,NA,0,732M,BATAVIA ST,ANGUS AVE,490,S,N,A,-,N,NA,NA,NA,NA,NA,NA,NA,NA,NA,Y,3,0,2,2,A,-,09,21804,A,N,B,C,A,A,H,-,A,D,0,NA,NA,NA,NA,Y,NA,D,22,0,1,1,0,0,0,0,0,0,-,-,33.798370361328125,-117.86163330078124,ORANGE,ORANGE,-117.86183166503906,33.797454833984375
81419380,2021,2021-03-03,3022,2021-02-13,1600,1260,North,6,5,5,3022,0,0,0,NA,0,NA,JAMBOREE RD,CHAMPION WY,0,NA,Y,A,-,N,NA,NA,NA,NA,NA,NA,NA,NA,NA,N,2,0,1,2,A,-,05,21650,1,N,D,G,A,A,H,-,A,A,0,NA,Y,NA,NA,Y,NA,L,04,1,0,0,0,0,0,1,0,0,-,-,33.740478515625,-117.7744598388672,ORANGE,TUSTIN,-117.77471160888672,33.74056625366211
81420282,2021,2021-03-04,3001,2021-03-02,1413,A1158,NA,2,5,7,3001,0,0,0,NA,0,NA,BROADWAY,WEST STREET,0,NA,Y,A,-,N,NA,NA,NA,NA,NA,NA,NA,NA,NA,Y,4,0,1,2,A,-,09,21801,A,N,D,C,A,A,H,-,A,A,0,NA,NA,NA,NA,Y,NA,A,01,0,0,1,0,0,0,0,0,0,-,-,33.829200744628906,-117.9262237548828,ORANGE,ANAHEIM,-117.92636871337892,33.830299377441406
81420831,2021,2021-03-04,3014,2021-02-21,1646,1418,RD25,7,5,5,3014,0,0,0,NA,0,A2,OLD NEWPORT BLVD,CATALINA DR,110,N,N,A,-,N,NA,NA,NA,NA,NA,NA,NA,NA,NA,N,3,0,1,1,A,-,08,22107,NA,N,H,A,A,A,H,-,A,D,0,NA,Y,NA,NA,Y,Y,L,04,0,1,0,0,0,0,1,0,0,-,-,33.62369155883789,-117.92788696289063,ORANGE,NEWPORT BEACH,-117.92805480957033,33.62348937988281
81421046,2021,2021-03-05,3001,2021-03-03,1500,A1397,NA,3,5,7,3001,0,0,0,NA,0,D-1,BROOKHURST STREET,E/B SR-91 OFFRAMP,40,S,N,B,-,Y,NA,NA,NA,NA,NA,NA,NA,NA,NA,N,4,0,1,2,A,-,03,22350,NA,N,C,C,A,A,H,-,A,A,0,NA,NA,NA,NA,Y,NA,A,07,0,0,1,0,0,0,0,0,0,-,-,NA,NA,ORANGE,ANAHEIM,-117.95923614501952,33.853729248046875
81422951,2021,2021-03-09,3001,2021-03-05,2317,A1047,NA,5,5,7,3001,0,0,0,NA,0,D-1,BALL ROAD,ROANNE STREET,0,NA,Y,A,-,N,NA,NA,NA,NA,NA,NA,NA,NA,NA,Y,4,0,1,2,A,-,01,23152,A,N,C,C,A,A,H,-,C,D,0,NA,NA,NA,NA,Y,Y,A,01,0,0,1,0,0,0,0,0,0,-,-,33.81766891479492,-117.9693603515625,ORANGE,ANAHEIM,-117.96937561035156,33.81766128540039