CASE_ID,ACCIDENT_YEAR,PROC_DATE,JURIS,COLLISION_DATE,COLLISION_TIME,OFFICER_ID,REPORTING_DISTRICT,DAY_OF_WEEK,CHP_SHIFT,POPULATION,CNTY_CITY_LOC,SPECIAL_COND,BEAT_TYPE,CHP_BEAT_TYPE,CITY_DIVISION_LAPD,CHP_BEAT_CLASS,BEAT_NUMBER,PRIMARY_RD,SECONDARY_RD,DISTANCE,DIRECTION,INTERSECTION,WEATHER_1,WEATHER_2,STATE_HWY_IND,CALTRANS_COUNTY,CALTRANS_DISTRICT,STATE_ROUTE,ROUTE_SUFFIX,POSTMILE_PREFIX,POSTMILE,LOCATION_TYPE,RAMP_INTERSECTION,SIDE_OF_HWY,TOW_AWAY,COLLISION_SEVERITY,NUMBER_KILLED,NUMBER_INJURED,PARTY_COUNT,PRIMARY_COLL_FACTOR,PCF_CODE_OF_VIOL,PCF_VIOL_CATEGORY,PCF_VIOLATION,PCF_VIOL_SUBSECTION,HIT_AND_RUN,TYPE_OF_COLLISION,MVIW,PED_ACTION,ROAD_SURFACE,ROAD_COND_1,ROAD_COND_2,LIGHTING,CONTROL_DEVICE,CHP_ROAD_TYPE,PEDESTRIAN_ACCIDENT,BICYCLE_ACCIDENT,MOTORCYCLE_ACCIDENT,TRUCK_ACCIDENT,NOT_PRIVATE_PROPERTY,ALCOHOL_INVOLVED,STWD_VEHTYPE_AT_FAULT,CHP_VEHTYPE_AT_FAULT,COUNT_SEVERE_INJ,COUNT_VISIBLE_INJ,COUNT_COMPLAINT_PAIN,COUNT_PED_KILLED,COUNT_PED_INJURED,COUNT_BICYCLIST_KILLED,COUNT_BICYCLIST_INJURED,COUNT_MC_KILLED,COUNT_MC_INJURED,PRIMARY_RAMP,SECONDARY_RAMP,LATITUDE,LONGITUDE,COUNTY,CITY,POINT_X,POINT_Y
81490236,2021,2021-06-07,3022,2021-05-26,0912,1323,NA,3,5,5,3022,0,0,0,NA,0,NA,PROSPECT AV,1ST ST,0,NA,Y,A,-,N,NA,NA,NA,NA,NA,NA,NA,NA,NA,Y,3,0,1,2,A,-,01,23152,A,F,D,C,A,A,H,-,A,A,0,NA,NA,NA,NA,Y,Y,A,01,0,1,0,0,0,0,0,0,0,-,-,33.74568176269531,-117.82241058349608,ORANGE,TUSTIN,-117.82241821289063,33.745662689208984
8149233,2016,2016-10-21,3019,2016-09-28,1532,3198,WE,3,5,7,3019,0,0,0,NA,0,NA,WESTERN AV,SANTA ANA BL,0,NA,Y,A,-,N,NA,NA,NA,NA,NA,NA,NA,NA,NA,Y,4,0,2,2,A,-,09,21802,A,N,D,C,A,A,H,-,A,A,0,NA,NA,NA,NA,Y,NA,A,07,0,0,2,0,0,0,0,0,0,-,-,33.74777,-117.8914,ORANGE,SANTA ANA,-117.89146003,33.74790002
81494625,2021,2021-06-11,3019,2021-05-28,1025,3196,SE,5,5,7,3019,0,0,0,NA,0,003,GRAND AVENUE,ROUTE 55 SB OFFRAMP,12,S,N,A,-,Y,NA,NA,NA,NA,NA,NA,NA,NA,NA,N,4,0,2,2,A,-,12,21453,A,M,B,C,A,A,H,-,A,A,0,NA,NA,NA,NA,Y,NA,A,01,0,0,2,0,0,0,0,0,0,-,-,33.7103385925293,-117.85141754150392,ORANGE,SANTA ANA,NA,NA
81496211,2021,2021-06-14,3014,2021-06-13,1313,1520,RD39,7,5,5,3014,0,0,0,NA,0,A3,SR-1 (E. COAST HWY),AVOCADO AVE,62,E,N,A,-,Y,NA,NA,NA,NA,NA,NA,NA,NA,NA,N,4,0,1,2,A,-,03,22350,NA,N,C,C,A,A,H,-,A,A,0,NA,NA,NA,NA,Y,NA,A,01,0,0,1,0,0,0,0,0,0,-,-,33.605491638183594,-117.87560272216795,ORANGE,NEWPORT BEACH,-117.8758544921875,33.60554122924805
81498987,2021,2021-06-17,3019,2021-05-30,1636,3636,WE,7,5,7,3019,0,0,0,NA,0,001,FAIRVIEW STREET,HIGHLAND STREET,0,NA,Y,A,-,N,NA,NA,NA,NA,NA,NA,NA,NA,NA,N,4,0,2,2,A,-,09,21804,A,N,D,C,A,A,H,-,A,D,0,NA,NA,NA,NA,Y,NA,A,07,0,0,2,0,0,0,0,0,0,-,-,33.73711013793945,-117.9065170288086,ORANGE,SANTA ANA,-117.9067840576172,33.73707580566406
8149904,2016,2016-10-31,3019,2016-09-29,0523,3317,SC,4,5,7,3019,0,0,0,NA,0,004,WARNER AV,LINDA WY,0,NA,Y,A,-,N,NA,NA,NA,NA,NA,NA,NA,NA,NA,Y,3,0,2,2,A,-,09,21802,A,N,D,C,A,A,H,-,C,A,0,NA,NA,NA,NA,Y,NA,D,22,0,2,0,0,0,0,0,0,0,-,-,NA,NA,ORANGE,SANTA ANA,-117.89382001,33.71561007
81499272,2021,2021-06-17,3014,2021-05-23,1316,1582,RD41,7,5,5,3014,0,0,0,NA,0,A4,BAYSIDE DR,SR-1 (W. COAST HWY),115,S,N,A,-,N,NA,NA,1,NA,NA,NA,NA,NA,NA,N,3,0,1,2,A,-,08,22107,NA,N,H,G,A,A,H,-,A,D,0,NA,Y,Y,NA,Y,NA,C,02,0,1,0,0,0,0,1,0,0,-,-,33.615779876708984,-117.90049743652344,ORANGE,NEWPORT BEACH,-117.9004364013672,33.61613464355469
81500028,2021,2021-06-18,3010,2021-06-13,1223,1243,348,7,5,6,3010,0,0,0,NA,0,004,PACIFIC COAST HWY - SR1,SEAPOINT AVE,1300,S,N,A,-,Y,NA,NA,1,NA,NA,NA,NA,NA,NA,Y,3,0,1,4,A,-,03,22350,NA,N,C,C,A,A,H,-,A,D,0,NA,NA,Y,NA,Y,NA,C,02,0,1,0,0,0,0,0,0,1,-,-,33.679508209228516,-118.03296661376952,ORANGE,HUNTINGTON BEACH,-118.03241729736328,33.68016052246094
81500846,2021,2021-06-21,3010,2021-06-14,1050,1243,422,1,5,6,3010,0,0,0,NA,0,005,MAIN ST,YORKTOWN AVE,370,N,N,A,-,N,NA,NA,NA,NA,NA,NA,NA,NA,NA,Y,4,0,1,2,A,-,09,21804,A,N,D,C,A,A,H,-,A,A,0,NA,NA,NA,NA,Y,NA,A,07,0,0,1,0,0,0,0,0,0,-,-,33.67831039428711,-118.00247955322266,ORANGE,HUNTINGTON BEACH,-118.00176239013672,33.68033218383789
81507083,2021,2021-06-28,3010,2021-06-24,0820,1122,283,4,5,6,3010,0,0,0,NA,0,006,SLATER AVE,CAMERON ST,66,W,N,A,-,N,NA,NA,NA,NA,NA,NA,NA,NA,NA,Y,4,0,1,2,A,-,08,22107,NA,N,D,C,A,A,H,-,A,D,0,NA,NA,NA,NA,Y,NA,D,22,0,0,1,0,0,0,0,0,0,-,-,33.70724868774414,-117.98827362060548,ORANGE,HUNTINGTON BEACH,-117.9883041381836,33.708431243896484
81507146,2021,2021-06-28,3024,2021-05-25,1059,329,P-13,2,5,5,3024,0,0,0,NA,0,EAST,TRASK AVENUE,COAST STREET,0,NA,Y,A,-,N,NA,NA,NA,NA,NA,NA,NA,NA,NA,N,4,0,1,2,A,-,03,22350,NA,F,C,C,A,A,H,-,A,D,0,NA,NA,NA,NA,Y,NA,A,01,0,0,1,0,0,0,0,0,0,-,-,33.76628112792969,-117.9892578125,ORANGE,WESTMINSTER,-117.98940277099608,33.76654052734375
81510584,2021,2021-07-01,3002,2021-06-15,1336,1628,NA,2,5,4,3002,0,0,0,NA,0,012,IMPERIAL HY,SHOPPING MALL WY,0,NA,Y,A,-,Y,NA,NA,NA,NA,NA,NA,NA,NA,NA,Y,3,0,2,2,A,-,12,21453,A,N,D,C,A,A,H,-,A,A,0,NA,NA,NA,NA,Y,NA,A,08,0,1,1,0,0,0,0,0,0,-,-,33.91109848022461,-117.86534881591795,ORANGE,BREA,-117.8668975830078,33.91109848022461
8151075,2016,2016-10-26,3009,2016-10-13,0730,3488,144,4,5,6,3009,0,0,0,NA,0,022,HARBOR BL,PALM ST,0,NA,Y,A,-,N,NA,NA,NA,NA,NA,NA,NA,NA,NA,N,3,0,1,2,A,-,08,22107,NA,N,D,G,A,A,H,-,A,A,0,NA,Y,NA,NA,Y,NA,A,01,0,1,0,0,0,0,1,0,0,-,-,NA,NA,ORANGE,GARDEN GROVE,-117.91519999,33.77727011
8151091,2016,2016-10-26,3009,2016-10-08,1943,4432,117,6,5,6,3009,0,0,0,NA,0,023,HAZARD AV,PLEASANT ST,0,NA,Y,A,-,N,NA,NA,NA,NA,NA,NA,NA,NA,NA,Y,4,0,2,2,A,-,09,21801,A,N,D,C,A,A,H,-,C,D,0,NA,NA,NA,NA,Y,NA,A,01,0,0,2,0,0,0,0,0,0,-,-,NA,NA,ORANGE,GARDEN GROVE,-117.94291007,33.75235002
81512493,2021,2021-07-05,3010,2021-06-30,1554,1208,433,3,5,6,3010,0,0,0,NA,0,003,COLDWATER LN,YORKTOWN AVE,0,NA,Y,A,-,N,NA,NA,NA,NA,NA,NA,NA,NA,NA,Y,3,0,2,2,A,-,09,21802,A,N,D,C,A,A,H,-,A,A,0,NA,NA,NA,NA,Y,NA,A,01,0,1,1,0,0,0,0,0,0,-,-,33.6792106628418,-117.98261260986328,ORANGE,HUNTINGTON BEACH,-117.98262786865234,33.67945861816406
81512568,2021,2021-07-05,3024,2021-05-25,2359,149,P-33,2,5,5,3024,0,0,0,NA,0,EAST,MCFADDEN AVENUE,NEWLAND STREET,0,NA,Y,A,-,N,NA,NA,NA,NA,NA,NA,NA,NA,NA,Y,3,0,2,2,D,-,00,NA,NA,N,D,C,A,A,H,-,C,A,0,NA,NA,NA,NA,Y,NA,-,-,0,1,1,0,0,0,0,0,0,-,-,33.737548828125,-117.98052978515624,ORANGE,WESTMINSTER,-117.98094177246094,33.737525939941406
81512650,2021,2021-07-05,3022,2021-06-23,1537,1323,NA,3,5,5,3022,0,0,0,NA,0,NA,JAMBOREE RD,CHAMPION WY,0,NA,Y,A,-,N,NA,NA,NA,NA,NA,NA,NA,NA,NA,Y,3,0,1,2,A,-,03,22350,NA,N,C,C,A,A,H,-,A,A,0,NA,NA,NA,NA,Y,NA,A,01,0,1,0,0,0,0,0,0,0,-,-,33.740478515625,-117.7744598388672,ORANGE,TUSTIN,-117.77471160888672,33.74056625366211
81514178,2021,2021-07-07,3019,2021-06-29,0736,3752,NE,2,5,7,3019,0,0,0,NA,0,002,GRAND AVENUE,4TH STREET,125,N,N,A,-,N,NA,NA,NA,NA,NA,NA,NA,NA,NA,Y,4,0,1,2,A,-,09,21804,A,N,D,C,A,A,H,-,A,D,0,NA,NA,NA,NA,Y,NA,A,07,0,0,1,0,0,0,0,0,0,-,-,33.74808120727539,-117.85205841064452,ORANGE,SANTA ANA,-117.8518295288086,33.7484016418457
81514366,2021,2021-07-07,3014,2021-07-01,1906,1572,RD38,4,5,5,3014,0,0,0,NA,0,A3,JAMBOREE RD,FORD RD,726,S,N,A,-,N,NA,NA,NA,NA,NA,NA,NA,NA,NA,Y,3,0,1,2,A,-,08,22107,NA,M,D,A,A,A,H,-,A,A,0,NA,NA,Y,NA,Y,NA,-,99,0,1,0,0,0,0,0,0,1,-,-,33.62968826293945,-117.89618682861328,ORANGE,NEWPORT BEACH,-117.87604522705078,33.629634857177734
81516364,2021,2021-07-09,3010,2021-07-03,2052,1015,441,6,5,6,3010,0,0,0,NA,0,004,PALM AVE,12TH ST,0,NA,Y,A,-,N,NA,NA,NA,NA,NA,NA,NA,NA,NA,Y,4,0,1,2,A,-,01,23152,A,N,D,D,A,A,H,-,C,B,0,NA,NA,NA,NA,Y,Y,A,07,0,0,1,0,0,0,0,0,0,-,-,33.666019439697266,-118.00418090820313,ORANGE,HUNTINGTON BEACH,-118.00315856933594,33.667030334472656
81518561,2021,2021-07-13,3001,2021-06-06,1121,A2687,NA,7,5,7,3001,0,0,0,NA,0,NA,WEST STREET,SYCAMORE STREET,25,N,N,A,-,N,NA,NA,NA,NA,NA,NA,NA,NA,NA,N,3,0,1,2,A,-,04,21703,NA,N,C,C,A,A,H,-,A,D,0,NA,NA,NA,NA,Y,NA,A,01,0,1,0,0,0,0,0,0,0,-,-,33.83580017089844,-117.92826080322266,ORANGE,ANAHEIM,-117.92850494384766,33.836875915527344
8152038,2016,2016-10-31,3008,2016-08-19,2250,1441,NA,5,5,6,3008,0,0,0,NA,0,0Z2,CHAPMAN AV,STANFORD AV,100,E,N,A,-,N,NA,NA,NA,NA,NA,NA,NA,NA,NA,Y,4,0,2,2,A,-,07,21658,A,N,B,C,A,A,H,-,C,D,0,NA,NA,NA,NA,Y,NA,D,22,0,0,2,0,0,0,0,0,0,-,-,NA,NA,ORANGE,FULLERTON,-117.90837135,33.87408307
81520649,2021,2021-07-15,3024,2021-06-09,1036,435,P-30,3,5,5,3024,0,0,0,NA,0,WEST,GOLDENWEST STREET,GEORGETOWN AVENUE,250,N,N,A,-,N,NA,NA,NA,NA,NA,NA,NA,NA,NA,N,4,0,2,2,A,-,09,21801,A,N,D,C,A,A,H,-,A,A,0,NA,NA,NA,NA,Y,NA,A,01,0,0,2,0,0,0,0,0,0,-,-,33.742279052734375,-118.00695037841795,ORANGE,WESTMINSTER,-118.00696563720705,33.74308395385742
81520934,2021,2021-07-15,3014,2021-07-09,1152,1436,RD68,5,5,5,3014,0,0,0,NA,0,A4,SR-1,NEWPORT COAST DR,475,E,N,A,-,N,NA,NA,1,NA,NA,NA,NA,NA,NA,N,3,0,1,2,A,-,08,22107,NA,N,B,G,A,A,H,-,A,D,0,NA,Y,NA,NA,Y,NA,A,01,0,1,0,0,0,0,1,0,0,-,-,33.582279205322266,-117.8476791381836,ORANGE,NEWPORT BEACH,-117.8477020263672,33.58224868774414
81522813,2021,2021-07-19,3024,2021-06-03,1912,426,P-27,4,5,5,3024,0,0,0,NA,0,EAST,BOLSA AVENUE,MORAN STREET,0,NA,Y,A,-,N,NA,NA,NA,NA,NA,NA,NA,NA,NA,Y,4,0,1,2,A,-,12,21453,A,N,B,C,A,A,H,-,A,A,0,NA,NA,NA,NA,Y,NA,A,08,0,0,1,0,0,0,0,0,0,-,-,33.74477005004883,-117.96733856201172,ORANGE,WESTMINSTER,-117.96736145019533,33.74493408203125
8152333,2016,2016-10-31,3008,2016-09-05,0950,1470,NA,1,5,6,3008,0,0,0,NA,0,0Z2,HARBOR BL,BERKELEY AV,110,N,N,A,-,N,NA,NA,NA,NA,NA,NA,NA,NA,NA,Y,4,0,1,2,A,-,09,21801,A,N,D,C,A,A,H,-,A,A,0,NA,NA,NA,NA,Y,NA,A,01,0,0,1,0,0,0,0,0,0,-,-,NA,NA,ORANGE,FULLERTON,-117.92436685,33.87945074
81523994,2021,2021-07-20,3001,2021-07-18,0243,A1047,NA,7,5,7,3001,0,0,0,NA,0,D-3,KATELLA AVENUE,EUCLID STREET,16,E,N,A,-,N,NA,NA,NA,NA,NA,NA,NA,NA,NA,N,3,0,1,2,A,-,11,21453,D,M,G,B,B,A,H,-,C,A,0,Y,NA,NA,NA,Y,Y,N,60,0,1,0,0,1,0,0,0,0,-,-,33.80231857299805,-117.9418716430664,ORANGE,ANAHEIM,-117.94142150878906,33.80324935913086
8152605,2016,2016-10-28,3015,2016-09-12,1750,1386,77N,1,5,6,3015,0,0,0,NA,0,711,NORTH TUSTIN ST,EAST LINCOLN AV,178,S,N,A,-,N,NA,NA,NA,NA,NA,NA,NA,NA,NA,N,4,0,1,2,A,-,11,21954,A,N,G,B,D,A,H,-,A,D,0,Y,NA,NA,NA,Y,NA,N,60,0,0,1,0,1,0,0,0,0,-,-,NA,NA,ORANGE,ORANGE,-117.83624,33.83448219
81526156,2021,2021-07-22,3002,2021-06-27,0046,1676,NA,7,5,4,3002,0,0,0,NA,0,014,LAMBERT RD,BERRY ST,800,W,N,A,-,N,NA,NA,NA,NA,NA,NA,NA,NA,NA,N,4,0,1,2,A,-,07,21658,A,N,B,C,A,A,H,-,C,D,0,NA,NA,NA,Y,Y,Y,G,25,0,0,1,0,0,0,0,0,0,-,-,33.92464065551758,-117.90673828125,ORANGE,BREA,-117.90939331054688,33.92463684082031
81527054,2021,2021-07-23,3001,2021-07-19,1631,A2187,D-3,1,5,7,3001,0,0,0,NA,0,D-3,KATELLA AVENUE,STATE COLLEGE BOULEVARD,23,W,N,A,-,N,NA,NA,NA,NA,NA,NA,NA,NA,NA,Y,4,0,1,2,A,-,08,22107,NA,N,E,I,A,A,H,-,A,A,0,NA,NA,NA,NA,Y,NA,A,01,0,0,1,0,0,0,0,0,0,-,-,33.80335998535156,-117.8893585205078,ORANGE,ANAHEIM,-117.88927459716795,33.80326843261719
8152743,2016,2016-10-27,3003,2016-10-06,0808,1099,NA,4,5,5,3003,0,0,0,NA,0,NA,STAGE RD,MCCOMBER RD,0,NA,Y,A,-,N,NA,NA,NA,NA,NA,NA,NA,NA,NA,Y,4,0,1,2,A,-,09,21801,A,N,D,C,A,A,H,-,A,D,0,NA,NA,Y,NA,Y,NA,A,07,0,0,1,0,0,0,0,0,1,-,-,33.8831,-118.0017,ORANGE,BUENA PARK,-118.00200013,33.88311004
81527968,2021,2021-07-26,3015,2021-07-21,1200,1660,NA,3,5,6,3015,0,0,0,NA,0,712,TUSTIN ST,MAYFAIR AVE,34,S,N,A,-,N,NA,NA,NA,NA,NA,NA,NA,NA,NA,N,4,0,2,2,A,-,08,22107,NA,N,B,C,A,A,H,-,A,D,0,NA,NA,NA,NA,Y,NA,A,01,0,0,2,0,0,0,0,0,0,-,-,33.798988342285156,-117.8356475830078,ORANGE,ORANGE,-117.83566284179688,33.798946380615234
81528379,2021,2021-07-26,3008,2021-06-05,0548,1608,Zone,6,5,6,3008,0,0,0,NA,0,NA,YORBA LINDA BLVD,DEERPARK DR,0,NA,Y,A,-,N,NA,NA,NA,NA,NA,NA,NA,NA,NA,Y,4,0,1,2,A,-,03,22350,NA,N,D,C,A,A,H,-,A,A,0,NA,NA,NA,NA,Y,Y,A,01,0,0,1,0,0,0,0,0,0,-,-,NA,NA,ORANGE,FULLERTON,-117.87688446044922,33.88899612426758
81531191,2021,2021-07-29,3022,2021-07-07,1759,1296,North,3,5,5,3022,0,0,0,NA,0,NA,TUSTIN RANCH RD,LA COLINA DR,62,S,N,A,-,N,NA,NA,NA,NA,NA,NA,NA,NA,NA,Y,3,0,1,2,A,-,12,21453,A,N,C,C,A,A,H,-,A,A,0,NA,NA,NA,NA,Y,NA,A,01,0,1,0,0,0,0,0,0,0,-,-,33.741668701171875,-117.78922271728516,ORANGE,TUSTIN,-117.78961181640624,33.74217987060547
81531231,2021,2021-07-29,3010,2021-07-24,2039,2106,176,6,5,6,3010,0,0,0,NA,0,008,WARNER AVE,BOLSA CHICA ST,115,W,N,A,-,N,NA,NA,NA,NA,NA,NA,NA,NA,NA,Y,4,0,2,2,A,-,03,22350,NA,F,C,C,A,A,H,-,C,D,0,NA,NA,NA,NA,Y,NA,D,22,0,0,2,0,0,0,0,0,0,-,-,33.714900970458984,-118.04145050048828,ORANGE,HUNTINGTON BEACH,-118.04183959960938,33.71538162231445
81534009,2021,2021-08-02,3001,2021-07-27,0836,A1880,D-2,2,5,7,3001,0,0,0,NA,0,D-2,ANAHEIM BOULEVARD,CARL KARCHER WAY,0,NA,Y,A,-,N,NA,NA,NA,NA,NA,NA,NA,NA,NA,N,4,0,2,2,A,-,09,21802,A,N,D,C,A,A,H,-,A,A,0,NA,NA,NA,NA,Y,NA,A,01,0,0,2,0,0,0,0,0,0,-,-,33.850860595703125,-117.91973114013672,ORANGE,ANAHEIM,-117.91983795166016,33.850852966308594
81535338,2021,2021-08-03,3001,2021-07-30,2106,A2650,NA,5,5,7,3001,0,0,0,NA,0,D-4,FRONTERA STREET,GLASSELL STREET,528,E,N,A,-,N,NA,NA,NA,NA,NA,NA,NA,NA,NA,Y,4,0,2,4,A,-,05,21650,NA,N,A,C,E,A,A,-,C,D,0,Y,NA,NA,NA,Y,NA,A,01,0,0,2,0,1,0,0,0,0,-,-,33.84642028808594,-117.85479736328124,ORANGE,ANAHEIM,-117.85319519042967,33.84719467163086
81536245,2021,2021-08-04,3001,2021-07-16,1807,A2382,NA,5,5,7,3001,0,0,0,NA,0,D-2,LA PALMA AVENUE,STATE COLLEGE BOULEVARD,149,E,N,A,-,N,NA,NA,NA,NA,NA,NA,NA,NA,NA,N,4,0,1,2,A,-,03,22350,NA,N,B,G,A,A,H,-,A,D,0,NA,Y,NA,NA,Y,Y,L,04,0,0,1,0,0,0,1,0,0,-,-,33.847259521484375,-117.88919830322266,ORANGE,ANAHEIM,-117.88880920410156,33.847259521484375
81537076,2021,2021-08-05,3019,2021-07-31,2158,3656,SE,6,5,7,3019,0,0,0,NA,0,003,MACARTHUR BOULEVARD,FLOWER STREET,0,NA,Y,A,-,N,NA,NA,NA,NA,NA,NA,NA,NA,NA,Y,3,0,2,2,A,-,12,21453,A,F,D,C,A,A,H,-,C,A,0,NA,NA,NA,NA,Y,NA,A,01,0,1,1,0,0,0,0,0,0,-,-,33.69932174682617,-117.87796020507813,ORANGE,SANTA ANA,-117.87694549560548,33.69994354248047
81538369,2021,2021-08-06,3024,2021-06-23,1735,480,P-04,3,5,5,3024,0,0,0,NA,0,WEST,GOLDENWEST STREET,GARDEN GROVE BOULEVARD,19,S,N,A,-,N,NA,NA,NA,NA,NA,NA,NA,NA,NA,N,4,0,1,2,A,-,12,21453,A,N,D,C,A,A,H,-,A,A,0,NA,NA,NA,NA,Y,NA,A,01,0,0,1,0,0,0,0,0,0,-,-,33.77370834350586,-118.00742340087892,ORANGE,WESTMINSTER,-118.00649261474608,33.680965423583984
81539321,2021,2021-08-09,3019,2021-07-13,1705,3754,WE,2,5,7,3019,0,0,0,NA,0,002,HARBOR BOULEVARD,1ST STREET,660,N,N,A,-,N,NA,NA,NA,NA,NA,NA,NA,NA,NA,N,4,0,1,2,D,-,00,NA,NA,N,C,C,A,A,H,-,A,D,0,NA,NA,NA,NA,Y,NA,-,-,0,0,1,0,0,0,0,0,0,-,-,33.74504089355469,-117.92022705078124,ORANGE,SANTA ANA,-117.92018127441406,33.74515151977539
81539690,2021,2021-08-09,3022,2021-07-22,1438,1193,North,4,5,5,3022,0,0,0,NA,0,NA,NEWPORT AV,1ST ST,0,NA,Y,A,-,N,NA,NA,NA,NA,NA,NA,NA,NA,NA,Y,4,0,2,4,A,-,12,21453,A,N,D,C,A,A,H,-,A,A,0,NA,NA,NA,NA,Y,NA,A,01,0,0,2,0,0,0,0,0,0,-,-,33.74515914916992,-117.81449127197266,ORANGE,TUSTIN,-117.81478118896484,33.74546432495117
81540904,2021,2021-08-10,3001,2021-08-06,1937,A2194,NA,5,5,7,3001,0,0,0,NA,0,D-3,ANAHEIM BOULEVARD,CERRITOS AVENUE,148,N,N,A,-,N,NA,NA,NA,NA,NA,NA,NA,NA,NA,Y,4,0,4,2,A,-,03,22350,NA,M,C,C,A,A,H,-,C,D,0,NA,NA,NA,NA,Y,NA,A,01,0,0,4,0,0,0,0,0,0,-,-,33.810829162597656,-117.90608215332033,ORANGE,ANAHEIM,-117.90613555908205,33.811012268066406
81541972,2021,2021-08-11,3010,2021-08-07,1753,1015,195,6,5,6,3010,0,0,0,NA,0,004,PACIFIC COAST HWY - SR1,WARNER AVE,6177,S,N,A,-,Y,NA,NA,1,NA,NA,NA,NA,NA,NA,Y,3,0,5,2,A,-,01,23152,A,N,C,C,A,A,H,-,A,D,0,NA,NA,NA,NA,Y,Y,A,01,0,1,4,0,0,0,0,0,0,-,-,33.711490631103516,-118.06317901611328,ORANGE,HUNTINGTON BEACH,-118.06310272216795,33.7115592956543
81543043,2021,2021-08-12,3010,2021-08-07,1208,3042,423,6,5,6,3010,0,0,0,NA,0,003,GARFIELD AVE,BEACH BL - SR39,190,E,N,A,-,N,NA,NA,NA,NA,NA,NA,NA,NA,NA,Y,3,0,3,2,A,-,09,21804,A,N,D,C,A,A,H,-,A,D,0,NA,NA,NA,NA,Y,NA,A,01,0,1,2,0,0,0,0,0,0,-,-,33.686710357666016,-117.9892120361328,ORANGE,HUNTINGTON BEACH,-117.988037109375,33.68672180175781
81544009,2021,2021-08-13,3015,2021-08-08,1944,1671,65E,7,5,6,3015,0,0,0,NA,0,121,WILSON AVE,WILSON,80,E,N,A,-,N,NA,NA,NA,NA,NA,NA,NA,NA,NA,Y,3,0,1,2,A,-,03,22350,NA,N,C,E,A,A,H,-,A,D,0,NA,NA,NA,NA,Y,NA,A,01,0,1,0,0,0,0,0,0,0,-,-,NA,NA,ORANGE,ORANGE,-117.90370941162108,33.65616989135742
81544015,2021,2021-08-13,3001,2021-08-08,1904,A2505,D-3,7,5,7,3001,0,0,0,NA,0,D-3,KATELLA AVENUE,9TH STREET,25,E,N,A,-,N,NA,NA,NA,NA,NA,NA,NA,NA,NA,N,4,0,1,2,A,-,07,21658,A,N,C,C,A,A,H,-,B,D,0,NA,NA,NA,NA,Y,NA,A,01,0,0,1,0,0,0,0,0,0,-,-,33.80324172973633,-117.93273162841795,ORANGE,ANAHEIM,-117.93267059326172,33.80318069458008
81544054,2021,2021-08-13,3019,2021-05-24,1920,3602,WE,1,5,7,3019,0,0,0,NA,0,001,DAISY AVENUE,1ST STREET,4,N,N,A,-,N,NA,NA,NA,NA,NA,NA,NA,NA,NA,N,3,0,1,2,A,-,10,21950,A,N,G,B,B,A,H,-,A,D,0,Y,NA,NA,NA,Y,NA,A,01,0,1,0,0,1,0,0,0,0,-,-,33.744930267333984,-117.89495849609376,ORANGE,SANTA ANA,-117.89483642578124,33.74541091918945
81544892,2021,2021-08-16,3001,2021-08-10,1104,A1825,NA,2,5,7,3001,0,0,0,NA,0,D-2,ROMNEYA DRIVE,ROBIN STREET,196,E,N,A,-,N,NA,NA,NA,NA,NA,NA,NA,NA,NA,Y,4,0,1,4,A,-,09,21804,A,N,D,C,A,A,H,-,A,D,0,NA,NA,NA,NA,Y,NA,A,01,0,0,1,0,0,0,0,0,0,-,-,33.85091018676758,-117.93083190917967,ORANGE,ANAHEIM,-117.93034362792967,33.85078811645508
81546383,2021,2021-08-17,3019,2021-01-25,1800,3631,SC,1,5,7,3019,0,0,0,NA,0,004,FAIRVIEW STREET,POMONA STREET,0,NA,Y,A,-,N,NA,NA,NA,NA,NA,NA,NA,NA,NA,N,4,0,1,2,A,-,09,21801,A,N,D,C,A,A,H,-,C,D,0,NA,NA,NA,NA,Y,NA,A,01,0,0,1,0,0,0,0,0,0,-,-,33.725528717041016,-117.90721893310548,ORANGE,SANTA ANA,-117.9067840576172,33.72570037841797
81547494,2021,2021-08-18,3008,2021-05-27,1620,1523,Zone,4,5,6,3008,0,0,0,NA,0,NA,VICTORIA DR,NUTWOOD AVE,0,NA,Y,A,-,N,NA,NA,NA,NA,NA,NA,NA,NA,NA,N,3,0,3,3,A,-,09,21804,A,N,D,C,A,A,H,-,A,D,0,NA,NA,NA,NA,Y,NA,A,07,0,1,2,0,0,0,0,0,0,-,-,NA,NA,ORANGE,FULLERTON,-117.90065002441406,33.8778076171875
81548555,2021,2021-08-19,3001,2021-08-13,1807,A2382,NA,5,5,7,3001,0,0,0,NA,0,D-3,HASTER STREET,GENE AUTRY WAY,0,NA,Y,A,-,N,NA,NA,NA,NA,NA,NA,NA,NA,NA,Y,3,0,4,3,A,-,12,21453,A,N,D,C,A,A,H,-,A,A,0,NA,NA,NA,NA,Y,NA,D,22,0,2,2,0,0,0,0,0,0,-,-,NA,NA,ORANGE,ANAHEIM,-117.90650939941406,33.799888610839844