CASE_ID,ACCIDENT_YEAR,PROC_DATE,JURIS,COLLISION_DATE,COLLISION_TIME,OFFICER_ID,REPORTING_DISTRICT,DAY_OF_WEEK,CHP_SHIFT,POPULATION,CNTY_CITY_LOC,SPECIAL_COND,BEAT_TYPE,CHP_BEAT_TYPE,CITY_DIVISION_LAPD,CHP_BEAT_CLASS,BEAT_NUMBER,PRIMARY_RD,SECONDARY_RD,DISTANCE,DIRECTION,INTERSECTION,WEATHER_1,WEATHER_2,STATE_HWY_IND,CALTRANS_COUNTY,CALTRANS_DISTRICT,STATE_ROUTE,ROUTE_SUFFIX,POSTMILE_PREFIX,POSTMILE,LOCATION_TYPE,RAMP_INTERSECTION,SIDE_OF_HWY,TOW_AWAY,COLLISION_SEVERITY,NUMBER_KILLED,NUMBER_INJURED,PARTY_COUNT,PRIMARY_COLL_FACTOR,PCF_CODE_OF_VIOL,PCF_VIOL_CATEGORY,PCF_VIOLATION,PCF_VIOL_SUBSECTION,HIT_AND_RUN,TYPE_OF_COLLISION,MVIW,PED_ACTION,ROAD_SURFACE,ROAD_COND_1,ROAD_COND_2,LIGHTING,CONTROL_DEVICE,CHP_ROAD_TYPE,PEDESTRIAN_ACCIDENT,BICYCLE_ACCIDENT,MOTORCYCLE_ACCIDENT,TRUCK_ACCIDENT,NOT_PRIVATE_PROPERTY,ALCOHOL_INVOLVED,STWD_VEHTYPE_AT_FAULT,CHP_VEHTYPE_AT_FAULT,COUNT_SEVERE_INJ,COUNT_VISIBLE_INJ,COUNT_COMPLAINT_PAIN,COUNT_PED_KILLED,COUNT_PED_INJURED,COUNT_BICYCLIST_KILLED,COUNT_BICYCLIST_INJURED,COUNT_MC_KILLED,COUNT_MC_INJURED,PRIMARY_RAMP,SECONDARY_RAMP,LATITUDE,LONGITUDE,COUNTY,CITY,POINT_X,POINT_Y
8161392,2016,2016-11-10,3019,2016-10-26,0821,2460,SC,3,5,7,3019,0,0,0,NA,0,002,MACARTHUR BL,GREENVILLE ST,373,W,N,A,-,N,NA,NA,NA,NA,NA,NA,NA,NA,NA,Y,4,0,1,2,A,-,09,21804,A,N,D,C,A,A,H,-,A,D,0,NA,NA,NA,NA,Y,NA,A,01,0,0,1,0,0,0,0,0,0,-,-,33.70016,-117.90404,ORANGE,SANTA ANA,-117.90528339,33.70001059
81614202,2021,2021-11-03,3019,2021-09-17,1945,3615,NA,5,5,7,3019,0,0,0,NA,0,NA,1ST STREET,GRAND AVENUE,15,E,N,A,-,N,NA,NA,NA,NA,NA,NA,NA,NA,NA,N,4,0,1,2,A,-,03,22350,NA,F,C,C,A,A,H,-,C,A,0,NA,NA,NA,NA,Y,NA,D,22,0,0,1,0,0,0,0,0,0,-,-,33.74443817138672,-117.85198974609376,ORANGE,SANTA ANA,-117.85179138183594,33.7454719543457
81614310,2021,2021-11-03,3008,2021-09-17,1345,1629,NA,5,5,6,3008,0,0,0,NA,0,NA,MALVERN AVE,CROSSROADS WAY,0,NA,Y,B,-,N,NA,NA,NA,NA,NA,NA,NA,NA,NA,Y,4,0,1,2,D,-,00,NA,NA,N,D,C,A,A,H,-,A,A,0,NA,NA,NA,NA,Y,NA,-,-,0,0,1,0,0,0,0,0,0,-,-,NA,NA,ORANGE,FULLERTON,-117.96119689941406,33.877052307128906
81614314,2021,2021-11-03,3008,2021-09-21,0744,1546,NA,2,5,6,3008,0,0,0,NA,0,NA,LARK ELLEN DR,LIVE OAK AVE,440,W,N,A,-,N,NA,NA,NA,NA,NA,NA,NA,NA,NA,Y,3,0,1,2,A,-,08,22107,NA,N,C,E,A,A,H,-,A,D,0,NA,NA,NA,NA,Y,NA,A,01,0,1,0,0,0,0,0,0,0,-,-,NA,NA,ORANGE,FULLERTON,-117.89178466796876,33.90657043457031
81615397,2021,2021-11-04,3022,2021-10-12,1604,1193,South,2,5,5,3022,0,0,0,NA,0,NA,WALNUT AV,OXFORD AV (W),0,NA,Y,A,-,N,NA,NA,NA,NA,NA,NA,NA,NA,NA,Y,2,0,1,2,A,-,09,21801,A,N,D,C,A,A,H,-,A,A,0,NA,NA,Y,NA,Y,NA,A,01,1,0,0,0,0,0,0,0,1,-,-,33.7247314453125,-117.81687927246094,ORANGE,TUSTIN,-117.81678771972656,33.72505187988281
81615545,2021,2021-11-04,3019,2021-09-23,0354,3766,SE,4,5,7,3019,0,0,0,NA,0,003,ORANGE AVENUE,MCFADDEN AVENUE,0,NA,Y,-,-,N,NA,NA,NA,NA,NA,NA,NA,NA,NA,Y,4,0,1,2,A,-,12,21453,A,N,D,C,A,A,H,-,C,A,0,NA,NA,NA,NA,Y,NA,-,-,0,0,1,0,0,0,0,0,0,-,-,33.73345184326172,-117.86512756347656,ORANGE,SANTA ANA,-117.86515045166016,33.73368453979492
81615600,2021,2021-11-04,3019,2021-09-25,1900,3631,SC,6,5,7,3019,0,0,0,NA,0,004,BRISTOL STREET,SEGERSTROM AVENUE,205,N,N,A,-,N,NA,NA,NA,NA,NA,NA,NA,NA,NA,Y,4,0,1,2,A,-,09,21804,A,N,D,C,A,A,H,-,B,D,0,NA,NA,NA,NA,Y,NA,A,01,0,0,1,0,0,0,0,0,0,-,-,33.70745086669922,-117.8852996826172,ORANGE,SANTA ANA,-117.8854522705078,33.70799255371094
81615649,2021,2021-11-04,3019,2021-10-02,1029,3710,SC,6,5,7,3019,0,0,0,NA,0,004,FAIRVIEW AVENUE,EDINGER AVENUE,0,NA,Y,A,-,N,NA,NA,NA,NA,NA,NA,NA,NA,NA,Y,3,0,4,2,A,-,12,21453,A,N,D,C,A,A,H,-,A,A,0,NA,NA,NA,NA,Y,NA,A,07,0,2,2,0,0,0,0,0,0,-,-,NA,NA,ORANGE,SANTA ANA,-117.90616607666016,33.72731018066406
81616779,2021,2021-11-05,3001,2021-11-03,1615,A1047,NA,3,5,7,3001,0,0,0,NA,0,D-1,BROADWAY,NUTWOOD STREET,133,E,N,A,-,N,NA,NA,NA,NA,NA,NA,NA,NA,NA,Y,3,0,3,4,A,-,03,22350,NA,N,C,C,A,A,H,-,A,D,0,NA,NA,NA,NA,Y,NA,A,01,0,1,2,0,0,0,0,0,0,-,-,33.82814025878906,-117.94972229003906,ORANGE,ANAHEIM,-117.94937133789063,33.8288688659668
81616894,2021,2021-11-05,3019,2021-10-08,1624,3201,SC,5,5,7,3019,0,0,0,NA,0,003,MACARTHUR BOULEVARD,PLAZA DRIVE,10,W,N,A,-,N,NA,NA,NA,NA,NA,NA,NA,NA,NA,N,2,0,2,2,A,-,03,22350,NA,N,C,C,A,A,H,-,A,D,0,NA,NA,NA,NA,Y,NA,A,07,1,0,1,0,0,0,0,0,0,-,-,33.70003890991211,-117.88877868652344,ORANGE,SANTA ANA,-117.888916015625,33.69995880126953
81619568,2021,2021-11-09,3001,2021-11-05,0716,A1466,D-4,5,5,7,3001,0,0,0,NA,0,D-4,SANTA ANA CANYON ROAD,FESTIVAL DRIVE,0,NA,Y,B,E,N,NA,NA,NA,NA,NA,NA,NA,NA,NA,Y,4,0,2,2,A,-,12,21453,A,N,D,C,A,A,H,-,A,A,0,NA,NA,NA,NA,Y,NA,A,07,0,0,2,0,0,0,0,0,0,-,-,33.86825942993164,-117.75231170654295,ORANGE,ANAHEIM,-117.7524871826172,33.86851119995117
81619573,2021,2021-11-09,3001,2021-11-05,1731,A2243,D-2,5,5,7,3001,0,0,0,NA,0,D-2,LA PALMA AVENUE,BAXTER STREET,0,NA,Y,A,-,N,NA,NA,NA,NA,NA,NA,NA,NA,NA,Y,3,0,2,2,A,-,08,22107,NA,N,D,C,A,A,H,-,C,A,0,NA,NA,NA,NA,Y,NA,A,01,0,1,1,0,0,0,0,0,0,-,-,33.847328186035156,-117.89356231689452,ORANGE,ANAHEIM,-117.8935775756836,33.84727096557617
81619582,2021,2021-11-09,3001,2021-11-07,1939,A1047,NA,7,5,7,3001,0,0,0,NA,0,D-1,CRESCENT WAY,PENHALL WAY,57,N,N,B,-,N,NA,NA,NA,NA,NA,NA,NA,NA,NA,Y,3,0,3,2,A,-,08,22102,NA,N,D,C,A,A,H,-,C,D,0,NA,NA,NA,NA,Y,NA,A,01,0,2,1,0,0,0,0,0,0,-,-,NA,NA,ORANGE,ANAHEIM,-117.94734954833984,33.835357666015625
81619748,2021,2021-11-09,3024,2021-09-21,0844,374,P-30,2,5,5,3024,0,0,0,NA,0,WEST,BOLSA AVENUE,HOOVER STREET,0,NA,Y,A,-,N,NA,NA,NA,NA,NA,NA,NA,NA,NA,Y,4,0,1,2,A,-,09,21801,A,N,D,D,A,A,H,-,A,A,0,NA,NA,NA,NA,Y,NA,A,07,0,0,1,0,0,0,0,0,0,-,-,33.7447395324707,-117.9982681274414,ORANGE,WESTMINSTER,-117.9983139038086,33.7446174621582
81621123,2021,2021-11-10,3010,2021-11-03,1819,1208,422,3,5,6,3010,0,0,0,NA,0,005,BEACH BL - SR39,CLAY AVE,35,N,N,A,-,Y,NA,NA,NA,NA,NA,NA,NA,NA,NA,Y,4,0,4,3,A,-,08,22107,NA,N,C,C,A,A,H,-,C,D,0,NA,NA,NA,NA,Y,NA,A,07,0,0,4,0,0,0,0,0,0,-,-,33.682899475097656,-117.98870849609376,ORANGE,HUNTINGTON BEACH,-117.98860931396484,33.68316650390625
81621126,2021,2021-11-10,3010,2021-11-05,0707,3042,168,5,5,6,3010,0,0,0,NA,0,007,SPRINGDALE ST,WARNER AVE,175,N,N,B,-,N,NA,NA,NA,NA,NA,NA,NA,NA,NA,N,3,0,2,2,A,-,05,21650,1,N,H,G,A,B,H,-,D,D,0,NA,Y,NA,NA,Y,NA,L,04,0,2,0,0,0,0,2,0,0,-,-,33.715450286865234,-118.02381134033205,ORANGE,HUNTINGTON BEACH,-118.02397918701172,33.71586990356445
81621154,2021,2021-11-10,3019,2021-09-13,1524,3755,WE,1,5,7,3019,0,0,0,NA,0,001,EUCLID STREET,MCFADDEN AVENUE,118,N,N,A,-,N,NA,NA,NA,NA,NA,NA,NA,NA,NA,N,3,0,1,2,A,-,09,21801,A,N,D,C,A,A,H,-,A,D,0,NA,NA,Y,NA,Y,NA,C,02,0,1,0,0,0,0,0,0,1,-,-,33.73828125,-117.93766784667967,ORANGE,SANTA ANA,-117.93740081787108,33.73847198486328
81621192,2021,2021-11-10,3019,2021-10-09,2001,3592,SE,6,5,7,3019,0,0,0,NA,0,003,DYER ROAD,HALLADAY STREET (E),100,E,N,A,-,N,NA,NA,NA,NA,NA,NA,NA,NA,NA,N,3,0,1,2,A,-,05,21650,1,N,D,G,A,A,H,-,C,D,0,NA,Y,NA,NA,Y,NA,L,04,0,1,0,0,0,0,1,0,0,-,-,33.7087287902832,-117.85965728759766,ORANGE,SANTA ANA,-117.85951995849608,33.70866394042969
81621245,2021,2021-11-10,3008,2021-09-02,2200,1435,Zone,4,5,6,3008,0,0,0,NA,0,NA,HARBOR BLVD,CHAPMAN AVE,40,N,N,A,-,N,NA,NA,NA,NA,NA,NA,NA,NA,NA,Y,4,0,1,2,A,-,12,21453,A,N,D,C,A,A,H,-,C,A,0,NA,NA,NA,NA,Y,NA,A,01,0,0,1,0,0,0,0,0,0,-,-,NA,NA,ORANGE,FULLERTON,-117.9243392944336,33.87403869628906
81621248,2021,2021-11-10,3008,2021-09-18,1503,1606,Zone,6,5,6,3008,0,0,0,NA,0,NA,WASHINGTON AVE,KNEPP AVE,140,S,N,A,-,N,NA,NA,NA,NA,NA,NA,NA,NA,NA,Y,3,0,1,1,D,-,00,NA,NA,N,E,I,A,A,H,-,A,D,0,NA,NA,NA,NA,Y,NA,-,-,0,1,0,0,0,0,0,0,0,-,-,NA,NA,ORANGE,FULLERTON,-117.93789672851563,33.862064361572266
81622812,2021,2021-11-12,3001,2021-10-08,0815,A1825,NA,5,5,7,3001,0,0,0,NA,0,D-4,MIRALOMA AVENUE,TUSTIN AVENUE,0,NA,Y,B,-,N,NA,NA,NA,NA,NA,NA,NA,NA,NA,Y,3,0,2,2,A,-,12,21453,A,N,A,C,A,B,H,-,B,A,0,NA,NA,NA,NA,Y,NA,A,07,0,1,1,0,0,0,0,0,0,-,-,33.862491607666016,-117.8420181274414,ORANGE,ANAHEIM,-117.84204864501952,33.862552642822266
81624474,2021,2021-11-15,3014,2021-10-24,2253,1527,RD15,7,5,5,3014,0,0,0,NA,0,A1,BALBOA BLVD W,32ND ST,19,W,N,A,-,N,NA,NA,NA,NA,NA,NA,NA,NA,NA,Y,3,0,1,2,A,-,01,23152,A,N,D,C,A,A,H,-,C,A,0,NA,NA,NA,NA,Y,Y,A,01,0,1,0,0,0,0,0,0,0,-,-,NA,NA,ORANGE,NEWPORT BEACH,-117.93260955810548,33.614803314208984
8162569,2016,2016-11-21,3008,2016-09-16,1724,1297,NA,5,5,6,3008,0,0,0,NA,0,0Z3,ORANGETHORPE AV,STATE COLLEGE BL,0,NA,Y,A,-,N,NA,NA,NA,NA,NA,NA,NA,NA,NA,Y,4,0,1,2,A,-,09,21801,A,N,A,-,A,A,H,-,A,A,0,NA,NA,NA,NA,Y,NA,A,01,0,0,1,0,0,0,0,0,0,-,-,NA,NA,ORANGE,FULLERTON,-117.88941002,33.85964007
81626579,2021,2021-11-17,3022,2021-11-09,1649,1323,NA,2,5,5,3022,0,0,0,NA,0,NA,RED HILL AV,EL CAMINO REAL,0,NA,Y,A,-,N,NA,NA,NA,NA,NA,NA,NA,NA,NA,Y,3,0,2,2,A,-,12,21453,A,N,A,C,A,A,H,-,A,A,0,NA,NA,NA,NA,Y,NA,A,07,0,2,0,0,0,0,0,0,0,-,-,NA,NA,ORANGE,TUSTIN,-117.8146743774414,33.73426818847656
81626590,2021,2021-11-17,3001,2021-11-14,0733,A2537,D-1,7,5,7,3001,0,0,0,NA,0,D-1,BEACH BOULEVARD,ORANGE AVENUE,0,NA,Y,A,-,N,NA,NA,NA,NA,NA,NA,NA,NA,NA,Y,4,0,1,2,A,-,12,21453,A,N,D,C,A,A,H,-,A,A,0,NA,NA,NA,NA,Y,NA,A,01,0,0,1,0,0,0,0,0,0,-,-,33.82463073730469,-117.9934310913086,ORANGE,ANAHEIM,-117.99324798583984,33.824764251708984
8163176,2016,2016-11-17,3026,2016-10-15,1036,548,UNIVE,6,5,6,3026,0,0,0,NA,0,00U,HARVARD AV,MAIN ST,0,NA,Y,B,-,N,NA,NA,NA,NA,NA,NA,NA,NA,NA,Y,4,0,1,2,A,-,12,21453,A,N,D,C,A,A,H,-,A,A,0,NA,NA,NA,NA,Y,NA,A,01,0,0,1,0,0,0,0,0,0,-,-,NA,NA,ORANGE,IRVINE,-117.8312901,33.67760003
8163350,2016,2016-11-16,3026,2016-09-29,2102,335,3026,4,5,6,3026,0,0,0,NA,0,00U,BARRANCA,MILLIKAN,38,W,N,A,-,N,NA,NA,NA,NA,NA,NA,NA,NA,NA,Y,4,0,1,3,A,-,01,23152,A,N,C,C,A,A,H,-,C,A,0,NA,NA,NA,NA,Y,Y,A,07,0,0,1,0,0,0,0,0,0,-,-,NA,NA,ORANGE,IRVINE,-117.82933583,33.6957966
81633802,2021,2021-11-24,3001,2021-11-20,1146,A2461,NA,6,5,7,3001,0,0,0,NA,0,NA,CRESCENT AVENUE,HANOVER STREET,0,NA,Y,A,-,N,NA,NA,NA,NA,NA,NA,NA,NA,NA,Y,4,0,1,2,A,-,07,21658,A,N,B,C,A,A,H,-,A,D,0,NA,NA,NA,NA,Y,Y,A,08,0,0,1,0,0,0,0,0,0,-,-,NA,NA,ORANGE,ANAHEIM,-117.97471618652344,33.83955764770508
81635108,2021,2021-11-25,3015,2021-11-12,1445,1515,RD87,5,5,6,3015,0,0,0,NA,0,732M,TUSTIN ST,BRIARDALE AVE,0,NA,Y,A,-,N,NA,NA,NA,NA,NA,NA,NA,NA,NA,N,3,0,2,3,A,-,03,22350,NA,N,C,C,A,A,H,-,A,D,0,NA,NA,NA,NA,Y,NA,A,01,0,1,1,0,0,0,0,0,0,-,-,33.81747055053711,-117.83583831787108,ORANGE,ORANGE,-117.83592224121094,33.81746292114258
81635344,2021,2021-11-25,3007,2021-09-12,1145,1148,73,7,5,5,3007,0,0,0,NA,0,003,MAGNOLIA STREET,GARFIELD AVENUE,0,NA,Y,A,-,N,NA,NA,NA,NA,NA,NA,NA,NA,NA,N,3,0,1,2,A,-,12,21453,NA,N,D,G,A,A,H,-,A,A,0,NA,Y,NA,NA,Y,NA,A,07,0,1,0,0,0,0,1,0,0,-,-,NA,NA,ORANGE,FOUNTAIN VALLEY,-117.97145080566406,33.68680953979492
81635359,2021,2021-11-26,3007,2021-09-11,0621,317,15,6,5,5,3007,0,0,0,NA,0,001,EDINGER,WARD,0,NA,Y,A,-,N,NA,NA,NA,NA,NA,NA,NA,NA,NA,Y,1,1,0,2,A,-,12,21453,A,F,G,B,B,A,H,-,A,A,0,Y,NA,NA,NA,Y,NA,-,99,0,0,0,1,0,0,0,0,0,-,-,NA,NA,ORANGE,FOUNTAIN VALLEY,-117.9459991455078,33.73072052001953
81635387,2021,2021-11-26,3001,2021-11-20,1734,A2687,D-2,6,5,7,3001,0,0,0,NA,0,NA,EAST STREET,BROADWAY,0,NA,Y,A,-,N,NA,NA,NA,NA,NA,NA,NA,NA,NA,Y,4,0,1,2,A,-,09,21801,A,N,A,C,A,A,H,-,C,A,0,NA,NA,NA,NA,Y,NA,A,01,0,0,1,0,0,0,0,0,0,-,-,33.83607864379883,-117.90213775634766,ORANGE,ANAHEIM,-117.90193939208984,33.83592224121094
81636067,2021,2021-11-29,3007,2021-08-22,1238,315,45,7,5,5,3007,0,0,0,NA,0,001,BROOKHURST,SLATER,0,NA,Y,A,-,N,NA,NA,NA,NA,NA,NA,NA,NA,NA,N,4,0,2,3,A,-,12,21453,A,N,D,C,A,A,H,-,A,A,0,NA,NA,NA,NA,Y,NA,A,01,0,0,2,0,0,0,0,0,0,-,-,NA,NA,ORANGE,FOUNTAIN VALLEY,-117.95450592041016,33.709014892578125
81636216,2021,2021-11-29,3007,2021-08-13,0934,1155,55,5,5,5,3007,0,0,0,NA,0,003,BROOKHURST,I-405,0,NA,Y,A,-,Y,NA,NA,NA,NA,NA,NA,NA,NA,NA,N,4,0,2,2,A,-,12,21453,A,N,D,C,A,A,H,-,A,A,0,NA,NA,NA,Y,Y,NA,A,01,0,0,2,0,0,0,0,0,0,-,-,NA,NA,ORANGE,FOUNTAIN VALLEY,-117.95442962646484,33.705467224121094
8163725,2016,2016-11-18,3015,2016-10-21,1102,913,54W,5,5,6,3015,0,0,0,NA,0,7S1,CHAPMAN AV EAST,PROSPECT ST NORTH,207,E,N,A,-,N,NA,NA,NA,NA,NA,NA,NA,NA,NA,N,4,0,1,2,A,-,09,21801,A,N,D,C,A,A,H,-,A,D,0,NA,NA,NA,NA,Y,NA,A,01,0,0,1,0,0,0,0,0,0,-,-,NA,NA,ORANGE,ORANGE,-117.8177204,33.7878
8163780,2016,2017-02-16,3001,2016-11-07,1037,1555,NA,1,5,7,3001,0,0,0,NA,0,002,NORTH STATE COLLEGE BL,RT 91,0,NA,Y,A,-,Y,ORA,12,91,-,-,5.398,R,4,E,Y,4,0,1,2,D,-,00,NA,NA,N,D,C,A,A,H,-,A,A,0,NA,NA,NA,Y,Y,NA,-,-,0,0,1,0,0,0,0,0,0,-,EO,NA,NA,ORANGE,ANAHEIM,-117.88724709,33.8539789
81642704,2021,2021-12-06,3007,2021-07-07,1118,280,28,3,5,5,3007,0,0,0,NA,0,002,NEWHOPE ST,HEIL AVE,22,S,N,A,-,N,NA,NA,NA,NA,NA,NA,NA,NA,NA,N,3,0,2,2,A,-,12,21453,A,N,B,C,A,A,H,-,A,A,0,NA,NA,NA,NA,Y,NA,A,01,0,1,1,0,0,0,0,0,0,-,-,NA,NA,ORANGE,FOUNTAIN VALLEY,-117.92855072021484,33.72364807128906
81643309,2021,2021-12-06,3024,2021-10-30,0850,476,P-13,6,5,5,3024,0,0,0,NA,0,EAST,NEWLAND STREET,ARVILLA PLACE,99,N,N,B,-,N,NA,NA,NA,NA,NA,NA,NA,NA,NA,Y,4,0,1,2,A,-,09,21804,A,N,D,C,A,A,H,-,A,D,0,NA,NA,NA,NA,Y,NA,A,01,0,0,1,0,0,0,0,0,0,-,-,33.762210845947266,-117.98105621337892,ORANGE,WESTMINSTER,-117.9810791015625,33.76280975341797
81647045,2021,2021-12-09,3001,2021-12-05,1836,A1007,D-1,7,5,7,3001,0,0,0,NA,0,D-1,BEACH BOULEVARD,ORANGE AVENUE,0,NA,Y,A,-,N,NA,NA,NA,NA,NA,NA,NA,NA,NA,Y,4,0,3,2,A,-,09,21453,C,N,D,C,A,A,H,-,C,A,0,NA,NA,NA,NA,Y,Y,A,01,0,0,3,0,0,0,0,0,0,-,-,33.82463073730469,-117.9934310913086,ORANGE,ANAHEIM,-117.99324798583984,33.824764251708984
8164917,2016,2016-11-14,3024,2016-10-26,1623,370,P38,3,5,5,3024,0,0,0,NA,0,EAST,EDINGER AV,ORD WY,69,W,N,A,-,N,NA,NA,NA,NA,NA,NA,NA,NA,NA,Y,4,0,1,7,A,-,03,22350,NA,N,C,C,A,A,H,-,A,D,0,NA,NA,NA,NA,Y,NA,A,01,0,0,1,0,0,0,0,0,0,-,-,NA,NA,ORANGE,WESTMINSTER,-117.97933642,33.73027
81649303,2021,2021-12-13,3007,2021-05-06,0615,304,15,4,5,5,3007,0,0,0,NA,0,001,EDINGER,BROOKHURST,35,W,N,A,-,N,NA,NA,NA,NA,NA,NA,NA,NA,NA,Y,4,0,1,2,A,-,03,22350,NA,M,C,C,A,A,H,-,A,A,0,NA,NA,NA,NA,Y,NA,A,01,0,0,1,0,0,0,0,0,0,-,-,NA,NA,ORANGE,FOUNTAIN VALLEY,-117.9548568725586,33.730411529541016
81649369,2021,2021-12-13,3001,2021-12-09,1509,A1825,D-2,4,5,7,3001,0,0,0,NA,0,NA,WILSHIRE AVENUE,PEARL STREET,0,NA,Y,B,-,N,NA,NA,NA,NA,NA,NA,NA,NA,NA,Y,4,0,1,2,A,-,08,22107,NA,N,A,E,A,B,H,-,A,D,0,NA,NA,NA,NA,Y,NA,A,01,0,0,1,0,0,0,0,0,0,-,-,NA,NA,ORANGE,ANAHEIM,-117.93181610107422,33.83308792114258
81651232,2021,2021-12-14,3019,2021-12-09,1344,3768,SC,4,5,7,3019,0,0,0,NA,0,004,FLOWER STREET,EDINGER AVENUE,124,N,N,B,C,N,NA,NA,NA,NA,NA,NA,NA,NA,NA,N,4,0,1,2,A,-,21,22106,NA,N,C,C,A,B,H,-,A,D,0,NA,NA,NA,NA,Y,NA,A,01,0,0,1,0,0,0,0,0,0,-,-,33.72657012939453,-117.87705993652344,ORANGE,SANTA ANA,-117.87655639648438,33.7275505065918
81652387,2021,2021-12-15,3001,2021-12-13,1432,A1466,D-4,1,5,7,3001,0,0,0,NA,0,D-4,WEIR CANYON ROAD,SANTA ANA CANYON ROAD,920,N,N,B,-,N,NA,NA,NA,NA,NA,NA,NA,NA,NA,Y,4,0,1,2,A,-,03,22350,NA,N,C,C,A,A,H,-,A,D,0,NA,NA,NA,NA,Y,NA,A,07,0,0,1,0,0,0,0,0,0,-,-,33.867591857910156,-117.7427215576172,ORANGE,ANAHEIM,-117.744384765625,33.870033264160156
81654640,2021,2021-12-16,3007,2021-12-01,1520,322,29,3,5,5,3007,0,0,0,NA,0,002,HARBOR BOULEVARD,HEIL AVENUE,0,NA,Y,A,-,N,NA,NA,NA,NA,NA,NA,NA,NA,NA,Y,4,0,1,2,A,-,09,21801,A,N,D,C,A,A,H,-,A,A,0,NA,NA,NA,NA,Y,NA,A,07,0,0,1,0,0,0,0,0,0,-,-,NA,NA,ORANGE,FOUNTAIN VALLEY,-117.91981506347656,33.72377395629883
8165479,2016,2016-11-14,3001,2016-11-01,2100,1670,NA,2,5,7,3001,0,0,0,NA,0,0D3,SOUTH WEST ST,WEST KATELLA AV,528,S,N,A,-,N,NA,NA,NA,NA,NA,NA,NA,NA,NA,Y,4,0,1,2,A,-,09,21804,A,N,-,C,A,A,H,-,C,D,0,NA,NA,NA,NA,Y,NA,A,01,0,0,1,0,0,0,0,0,0,-,-,NA,NA,ORANGE,ANAHEIM,-117.92397724,33.80197262
81655888,2021,2021-12-20,3008,2021-10-30,2032,1624,Zone,6,5,6,3008,0,0,0,NA,0,NA,YORBA LINDA BLVD,DEERPARK DR,20,S,N,A,-,N,NA,NA,NA,NA,NA,NA,NA,NA,NA,Y,4,0,1,2,A,-,09,21801,A,N,B,C,A,A,H,-,C,A,0,NA,NA,NA,NA,Y,NA,A,01,0,0,1,0,0,0,0,0,0,-,-,NA,NA,ORANGE,FULLERTON,-117.87689208984376,33.888999938964844
81657074,2021,2021-12-21,3015,2021-11-06,1557,1673,RD21,6,5,6,3015,0,0,0,NA,0,223,THE CITY DR,DOUBLE TREE WAY,110,N,N,A,-,N,NA,NA,NA,NA,NA,NA,NA,NA,NA,Y,4,0,3,3,A,-,03,22350,NA,N,C,C,A,A,H,-,A,A,0,NA,NA,NA,NA,Y,NA,A,01,0,0,3,0,0,0,0,0,0,-,-,NA,NA,ORANGE,ORANGE,NA,NA
81657141,2021,2021-12-21,3010,2021-12-11,1906,3042,451,6,5,6,3010,0,0,0,NA,0,004,ORANGE AVE,11TH ST,0,NA,Y,A,-,N,NA,NA,NA,NA,NA,NA,NA,NA,NA,N,4,0,1,2,A,-,09,21802,A,N,D,G,A,A,H,-,C,A,0,NA,Y,NA,NA,Y,NA,D,22,0,0,1,0,0,0,1,0,0,-,-,33.66376876831055,-118.00505065917967,ORANGE,HUNTINGTON BEACH,-118.00498962402344,33.66385269165039
81659482,2021,2021-12-23,3019,2021-11-07,1757,3720,SE,7,5,7,3019,0,0,0,NA,0,003,BIRCH STREET,ORION AVENUE,0,NA,Y,A,-,N,NA,NA,NA,NA,NA,NA,NA,NA,NA,N,3,0,2,3,D,-,00,NA,NA,N,G,B,D,A,H,-,C,D,0,Y,NA,NA,NA,Y,NA,-,-,0,2,0,0,2,0,0,0,0,-,-,33.69871139526367,-117.87162017822266,ORANGE,SANTA ANA,-117.87165069580078,33.69886016845703
81660716,2021,2021-12-23,3007,2021-11-16,1204,304,2,2,5,5,3007,0,0,0,NA,0,048,WARNER,LEMONWOOD LN,7,E,N,A,-,N,NA,NA,NA,NA,NA,NA,NA,NA,NA,Y,4,0,1,1,A,-,03,22350,NA,N,E,I,A,A,H,-,A,D,0,NA,NA,NA,NA,Y,NA,A,01,0,0,1,0,0,0,0,0,0,-,-,NA,NA,ORANGE,FOUNTAIN VALLEY,NA,NA
81661748,2021,2021-12-27,3001,2021-12-17,0745,A1825,NA,5,5,7,3001,0,0,0,NA,0,NA,LA PALMA AVENUE,HANCOCK STREET,68,E,N,A,-,N,NA,NA,NA,NA,NA,NA,NA,NA,NA,N,4,0,2,2,A,-,07,21658,A,N,B,C,A,B,H,-,A,D,0,NA,NA,NA,NA,Y,NA,A,07,0,0,2,0,0,0,0,0,0,-,-,33.85945129394531,-117.81459045410156,ORANGE,ANAHEIM,-117.81448364257813,33.85945129394531
81662945,2021,2021-12-28,3010,2021-12-20,1854,2055,NA,1,5,6,3010,0,0,0,NA,0,NA,GOTHARD ST,HEIL AVE,476,S,N,A,-,N,NA,NA,NA,NA,NA,NA,NA,NA,NA,Y,4,0,1,3,A,-,03,22350,NA,N,C,C,A,A,H,-,C,A,0,NA,NA,NA,NA,Y,NA,A,07,0,0,1,0,0,0,0,0,0,-,-,33.721839904785156,-118.00007629394533,ORANGE,HUNTINGTON BEACH,-118.00013732910156,33.7215461730957
8166360,2016,2016-11-15,3014,2016-10-27,0858,1418,RD34,4,5,5,3014,0,0,0,NA,0,0A3,QUAIL ST,SPRUCE ST,0,NA,Y,A,-,N,NA,NA,NA,NA,NA,NA,NA,NA,NA,N,4,0,1,2,A,-,12,22450,A,N,D,C,A,A,H,-,A,A,0,NA,NA,NA,NA,Y,NA,A,01,0,0,1,0,0,0,0,0,0,-,-,33.6603,-117.8677,ORANGE,NEWPORT BEACH,-117.86778014,33.66037005