CASE_ID,ACCIDENT_YEAR,PROC_DATE,JURIS,COLLISION_DATE,COLLISION_TIME,OFFICER_ID,REPORTING_DISTRICT,DAY_OF_WEEK,CHP_SHIFT,POPULATION,CNTY_CITY_LOC,SPECIAL_COND,BEAT_TYPE,CHP_BEAT_TYPE,CITY_DIVISION_LAPD,CHP_BEAT_CLASS,BEAT_NUMBER,PRIMARY_RD,SECONDARY_RD,DISTANCE,DIRECTION,INTERSECTION,WEATHER_1,WEATHER_2,STATE_HWY_IND,CALTRANS_COUNTY,CALTRANS_DISTRICT,STATE_ROUTE,ROUTE_SUFFIX,POSTMILE_PREFIX,POSTMILE,LOCATION_TYPE,RAMP_INTERSECTION,SIDE_OF_HWY,TOW_AWAY,COLLISION_SEVERITY,NUMBER_KILLED,NUMBER_INJURED,PARTY_COUNT,PRIMARY_COLL_FACTOR,PCF_CODE_OF_VIOL,PCF_VIOL_CATEGORY,PCF_VIOLATION,PCF_VIOL_SUBSECTION,HIT_AND_RUN,TYPE_OF_COLLISION,MVIW,PED_ACTION,ROAD_SURFACE,ROAD_COND_1,ROAD_COND_2,LIGHTING,CONTROL_DEVICE,CHP_ROAD_TYPE,PEDESTRIAN_ACCIDENT,BICYCLE_ACCIDENT,MOTORCYCLE_ACCIDENT,TRUCK_ACCIDENT,NOT_PRIVATE_PROPERTY,ALCOHOL_INVOLVED,STWD_VEHTYPE_AT_FAULT,CHP_VEHTYPE_AT_FAULT,COUNT_SEVERE_INJ,COUNT_VISIBLE_INJ,COUNT_COMPLAINT_PAIN,COUNT_PED_KILLED,COUNT_PED_INJURED,COUNT_BICYCLIST_KILLED,COUNT_BICYCLIST_INJURED,COUNT_MC_KILLED,COUNT_MC_INJURED,PRIMARY_RAMP,SECONDARY_RAMP,LATITUDE,LONGITUDE,COUNTY,CITY,POINT_X,POINT_Y
81765963,2022,2022-05-06,3019,2022-03-31,2004,3588,WE,4,5,7,3019,0,0,0,NA,0,NA,1ST STREET,BEWLEY STREET,0,NA,Y,A,-,N,NA,NA,NA,NA,NA,NA,NA,NA,NA,N,4,0,1,2,A,-,09,21802,A,N,D,C,A,A,H,-,C,D,0,NA,NA,NA,NA,Y,NA,A,01,0,0,1,0,0,0,0,0,0,-,-,33.74502182006836,-117.91806030273438,ORANGE,SANTA ANA,-117.91793060302734,33.74519348144531
81765995,2022,2022-05-06,3019,2022-04-04,1253,2801,WE,1,5,7,3019,0,0,0,NA,0,001,WILLITS STREET,DIAMOND STREET,461,W,N,A,-,N,NA,NA,NA,NA,NA,NA,NA,NA,NA,Y,3,0,1,2,A,-,09,21801,A,N,D,C,A,A,H,-,A,D,0,NA,NA,NA,NA,Y,NA,A,01,0,1,0,0,0,0,0,0,0,-,-,33.73984909057617,-117.89958190917967,ORANGE,SANTA ANA,-117.90102386474608,33.7398681640625
81766234,2022,2022-05-06,3007,2022-04-28,2256,312,17,4,5,5,3007,0,0,0,NA,0,002,EUCLID,EDINGER,18,N,N,B,-,N,NA,NA,NA,NA,NA,NA,NA,NA,NA,N,4,0,1,2,A,-,12,21453,A,N,D,G,A,A,G,H,D,A,0,NA,Y,NA,NA,Y,NA,-,-,0,0,1,0,0,0,1,0,0,-,-,NA,NA,ORANGE,FOUNTAIN VALLEY,-117.93737030029295,33.73088836669922
81767119,2022,2022-05-09,3022,2022-05-02,1631,1312,NA,1,5,5,3022,0,0,0,NA,0,NA,17TH ST,ENDERLE CENTER DR,37,E,N,A,-,N,NA,NA,NA,NA,NA,NA,NA,NA,NA,N,4,0,2,2,A,-,03,22350,NA,N,C,C,A,A,H,-,A,A,0,NA,NA,NA,NA,Y,NA,D,22,0,0,2,0,0,0,0,0,0,-,-,33.759910583496094,-117.82701873779295,ORANGE,TUSTIN,-117.82696533203124,33.75971221923828
81768320,2022,2022-05-10,3008,2022-03-23,1346,1387,ZONE,3,5,6,3008,0,0,0,NA,0,NA,ACACIA AVE,VALENCIA DR,0,NA,Y,A,-,N,NA,NA,NA,NA,NA,NA,NA,NA,NA,Y,3,0,2,2,A,-,09,21802,A,N,A,C,A,A,H,-,A,A,0,NA,NA,NA,NA,Y,NA,A,01,0,1,1,0,0,0,0,0,0,-,-,NA,NA,ORANGE,FULLERTON,-117.89820098876952,33.86682891845703
81769213,2022,2022-05-11,3015,2022-04-22,2033,1612,RD 15,5,5,6,3015,0,0,0,NA,0,312,ORANGEWOOD AVE,RT 57 SB ONRAMP,95,W,N,A,-,N,NA,NA,NA,NA,NA,NA,NA,NA,NA,Y,4,0,1,3,A,-,01,23152,A,N,C,C,A,A,H,-,C,A,0,NA,NA,NA,NA,Y,Y,A,01,0,0,1,0,0,0,0,0,0,-,-,33.79563903808594,-117.87832641601563,ORANGE,ORANGE,-117.87831115722656,33.79574966430664
81769218,2022,2022-05-11,3015,2022-04-29,1648,1240,RD12,5,5,6,3015,0,0,0,NA,0,723M,GLASSELL ST,PALMYRA AVE,0,NA,Y,A,-,N,NA,NA,NA,NA,NA,NA,NA,NA,NA,N,4,0,1,2,A,-,17,21461,A,N,D,C,A,A,H,-,A,A,0,NA,NA,NA,NA,Y,NA,A,07,0,0,1,0,0,0,0,0,0,-,-,33.78364944458008,-117.85317993164063,ORANGE,ORANGE,-117.85311126708984,33.784217834472656
81772262,2022,2022-05-16,3024,2022-04-05,0559,435,P-20,2,5,5,3024,0,0,0,NA,0,EAST,WESTMINSTER BOULEVARD,LOMAY AVENUE,200,W,N,A,-,N,NA,NA,NA,NA,NA,NA,NA,NA,NA,Y,4,0,1,2,A,-,08,22107,NA,N,C,E,A,A,H,-,B,D,0,NA,NA,NA,NA,Y,NA,A,07,0,0,1,0,0,0,0,0,0,-,-,33.75939178466797,-117.97209167480467,ORANGE,WESTMINSTER,NA,NA
81772266,2022,2022-05-16,3024,2022-04-08,0638,329,P-24,5,5,5,3024,0,0,0,NA,0,WEST,BEACH BOULEVARD (SR39),BOLSA AVENUE,0,NA,Y,A,-,Y,NA,NA,NA,NA,NA,NA,NA,NA,NA,Y,4,0,1,2,A,-,07,21658,A,N,C,C,A,A,H,-,A,A,0,NA,NA,NA,Y,Y,NA,A,01,0,0,1,0,0,0,0,0,0,-,-,NA,NA,ORANGE,WESTMINSTER,-117.98938751220705,33.74470901489258
8177227,2016,2016-12-02,3013,2016-11-08,1044,161,NA,2,5,3,3013,0,0,0,NA,0,NA,FLORISTA ST,CHESTNUT ST,0,NA,Y,A,-,N,NA,NA,NA,NA,NA,NA,NA,NA,NA,N,4,0,1,2,A,-,12,22450,A,N,D,C,A,A,H,-,A,A,0,NA,NA,NA,NA,Y,NA,D,22,0,0,1,0,0,0,0,0,0,-,-,NA,NA,ORANGE,LOS ALAMITOS,-118.07317001,33.8049301
8177286,2016,2016-12-01,3014,2016-11-22,1240,1179,RD34,2,5,5,3014,0,0,0,NA,0,0A2,BRISTOL ST S,BIRCH ST,0,NA,Y,A,-,N,NA,NA,NA,NA,NA,NA,NA,NA,NA,Y,3,0,2,2,A,-,12,21453,A,N,D,C,A,A,H,-,A,A,0,NA,NA,NA,NA,Y,NA,-,-,0,1,1,0,0,0,0,0,0,-,-,33.66032,-117.8747,ORANGE,NEWPORT BEACH,-117.8737,33.66074003
81774545,2022,2022-05-18,3015,2022-05-14,1137,1530,54W,6,5,6,3015,0,0,0,NA,0,733M,CHAPMAN AVE,PROSPECT ST,802,E,N,A,-,N,NA,NA,NA,NA,NA,NA,NA,NA,NA,Y,3,0,2,2,A,-,09,21801,A,N,D,C,A,A,H,-,A,D,0,NA,NA,NA,NA,Y,NA,A,01,0,2,0,0,0,0,0,0,0,-,-,NA,NA,ORANGE,ORANGE,-117.81576538085938,33.78779983520508
81775510,2022,2022-05-19,3015,2022-05-13,1314,1250,RD35,5,5,6,3015,0,0,0,NA,0,711M,KATELLA AVE,GLASSELL ST,50,W,N,A,-,N,NA,NA,NA,NA,NA,NA,NA,NA,NA,N,4,0,1,2,A,-,03,22350,NA,M,C,C,A,A,H,-,A,A,0,NA,NA,NA,NA,Y,NA,A,07,0,0,1,0,0,0,0,0,0,-,-,33.80849838256836,-117.85260772705078,ORANGE,ORANGE,-117.85318756103516,33.80908966064453
81775520,2022,2022-05-19,3001,2022-05-17,0531,A1666,D-3,2,5,7,3001,0,0,0,NA,0,032,HARBOR BOULEVARD,KATELLA AVENUE,0,NA,Y,A,-,N,NA,NA,NA,NA,NA,NA,NA,NA,NA,Y,4,0,1,2,A,-,12,21453,A,N,D,C,A,A,H,-,A,A,0,NA,NA,NA,NA,Y,NA,A,01,0,0,1,0,0,0,0,0,0,-,-,33.80213165283203,-117.91575622558594,ORANGE,ANAHEIM,-117.9154052734375,33.803253173828125
81782832,2022,2022-05-27,3001,2022-05-24,1512,A2187,D-2,2,5,7,3001,0,0,0,NA,0,NA,STATE COLLEGE BOULEVARD,LINCOLN AVENUE,0,NA,Y,A,-,N,NA,NA,NA,NA,NA,NA,NA,NA,NA,N,4,0,3,2,A,-,12,21453,A,N,D,C,A,A,H,-,A,A,0,NA,NA,NA,NA,Y,NA,-,-,0,0,3,0,0,0,0,0,0,-,-,NA,NA,ORANGE,ANAHEIM,-117.88932800292967,33.84001922607422
81782834,2022,2022-05-27,3001,2022-05-25,0852,A1825,D-2,3,5,7,3001,0,0,0,NA,0,D-2,EAST STREET,WILHELMINA STREET (S),0,NA,Y,A,-,N,NA,NA,NA,NA,NA,NA,NA,NA,NA,Y,3,0,1,2,A,-,09,21802,A,N,A,C,A,A,H,-,A,A,0,NA,NA,NA,NA,Y,NA,A,01,0,1,0,0,0,0,0,0,0,-,-,NA,NA,ORANGE,ANAHEIM,-117.90496826171876,33.84513854980469
81782951,2022,2022-05-27,3024,2022-04-21,1301,312,P-19,4,5,5,3024,0,0,0,NA,0,EAST,13TH STREET,BEACH BOULEVARD (SR 39),13,E,N,A,-,Y,ORA,NA,39,NA,NA,7.367,H,NA,R,N,3,0,1,2,B,-,22,NA,NA,N,G,B,B,A,H,-,A,A,0,Y,NA,NA,NA,Y,NA,A,07,0,1,0,0,1,0,0,0,0,-,-,33.755611419677734,-117.9893798828125,ORANGE,WESTMINSTER,-117.98951721191406,33.75560760498047
81783655,2022,2022-05-30,3015,2022-05-06,1808,1240,RD55,5,5,6,3015,0,0,0,NA,0,723M,KATELLA AVE,CAMBRIDGE ST,121,W,N,A,-,N,NA,NA,NA,NA,NA,NA,NA,NA,NA,Y,3,0,2,2,A,-,09,21804,A,N,D,C,A,A,H,-,A,D,0,NA,NA,NA,NA,Y,NA,A,01,0,2,0,0,0,0,0,0,0,-,-,33.80842971801758,-117.8440170288086,ORANGE,ORANGE,-117.84479522705078,33.809139251708984
81784408,2022,2022-05-31,3001,2022-05-27,2221,A1047,NA,5,5,7,3001,0,0,0,NA,0,D-2,LINCOLN AVENUE,STATE COLLEGE BOULEVARD,49,W,N,A,-,N,NA,NA,NA,NA,NA,NA,NA,NA,NA,N,4,0,1,2,A,-,03,22350,NA,M,C,C,A,A,H,-,C,A,0,NA,NA,NA,NA,Y,NA,A,01,0,0,1,0,0,0,0,0,0,-,-,NA,NA,ORANGE,ANAHEIM,-117.88948822021484,33.84004211425781
81784527,2022,2022-05-31,3024,2022-04-26,2239,307,P-14,2,5,5,3024,0,0,0,NA,0,WEST,BOLSA CHICA ROAD,WESTMINSTER AVENUE,0,NA,Y,A,-,N,NA,NA,NA,NA,NA,NA,NA,NA,NA,Y,4,0,2,2,A,-,12,21457,A,N,D,C,A,A,D,-,C,B,0,NA,NA,NA,NA,Y,NA,A,07,0,0,2,0,0,0,0,0,0,-,-,33.75944900512695,-118.04255676269533,ORANGE,WESTMINSTER,-118.04264831542967,33.75946044921875
81785490,2022,2022-06-01,3010,2022-05-27,0743,1208,413,5,5,6,3010,0,0,0,NA,0,005,ELLIS AVE,NEWLAND ST,0,NA,Y,B,-,N,NA,NA,NA,NA,NA,NA,NA,NA,NA,Y,3,0,4,2,A,-,12,21453,A,N,D,C,A,A,H,-,A,A,0,NA,NA,NA,NA,Y,NA,A,07,0,2,2,0,0,0,0,0,0,-,-,33.69269943237305,-117.98075103759766,ORANGE,HUNTINGTON BEACH,-117.980224609375,33.693965911865234
8178746,2016,2017-03-04,3024,2016-11-17,1625,329,P37,4,5,5,3024,0,0,0,NA,0,EAST,RT 39,MCFADDEN AV,0,NA,Y,A,-,Y,ORA,12,39,-,-,6.141,I,5,N,Y,3,0,2,2,A,-,12,21453,A,N,D,C,A,A,H,-,B,A,0,NA,NA,Y,NA,Y,NA,A,01,0,1,1,0,0,0,0,0,1,-,-,NA,NA,ORANGE,WESTMINSTER,-117.98930965,33.7374508
81788417,2022,2022-06-06,3008,2022-04-01,2057,1605,ZONE,5,5,6,3008,0,0,0,NA,0,NA,ORANGETHORPE AVE,HARBOR BLVD,554,W,N,A,-,N,NA,NA,NA,NA,NA,NA,NA,NA,NA,N,3,0,1,2,A,-,09,21804,A,N,H,A,A,A,H,-,C,D,0,NA,NA,Y,NA,Y,NA,A,01,0,1,0,0,0,0,0,0,0,-,-,NA,NA,ORANGE,FULLERTON,-117.92619323730467,33.85948181152344
8179263,2016,2016-12-08,3001,2016-11-22,0955,2115,NA,2,5,7,3001,0,0,0,NA,0,0D3,SOUTH MAGNOLIA AV,W WINSTON RD,30,N,N,A,-,N,NA,NA,NA,NA,NA,NA,NA,NA,NA,Y,4,0,1,2,A,-,03,22350,NA,N,C,C,A,A,H,-,A,A,0,NA,NA,NA,NA,Y,NA,A,01,0,0,1,0,0,0,0,0,0,-,-,NA,NA,ORANGE,ANAHEIM,-117.97581,33.81403225
81793213,2022,2022-06-13,3010,2022-06-07,1612,2100,139,2,5,6,3010,0,0,0,NA,0,009,EDWARDS ST,HALIFAX DR,30,S,N,A,-,N,NA,NA,NA,NA,NA,NA,NA,NA,NA,Y,3,0,2,2,A,-,08,22107,NA,F,H,A,A,A,H,-,A,D,0,NA,NA,NA,NA,Y,NA,A,07,0,1,1,0,0,0,0,0,0,-,-,33.7392692565918,-118.01573944091795,ORANGE,HUNTINGTON BEACH,-118.0156478881836,33.73932647705078
81793491,2022,2022-06-13,3024,2022-05-03,1640,503,P-34,2,5,5,3024,0,0,0,NA,0,EAST,BOLSA AVENUE,MAGNOLIA STREET,217,E,N,A,-,N,NA,NA,NA,NA,NA,NA,NA,NA,NA,N,4,0,1,2,A,-,03,22350,NA,N,C,C,A,A,H,-,A,D,0,NA,NA,NA,NA,Y,NA,A,01,0,0,1,0,0,0,0,0,0,-,-,NA,NA,ORANGE,WESTMINSTER,-117.9715576171875,33.7447509765625
81794150,2022,2022-06-13,3014,2022-05-08,1827,1602,RD68,7,5,5,3014,0,0,0,NA,0,A4,CRYSTAL HEIGHTS DR,COAST HWY E,0,NA,Y,A,-,N,NA,NA,NA,NA,NA,NA,NA,NA,NA,N,3,0,1,2,A,-,08,22107,NA,N,B,C,A,A,H,-,A,A,0,NA,NA,NA,NA,Y,NA,A,01,0,1,0,0,0,0,0,0,0,-,-,33.57099151611328,-117.83599090576172,ORANGE,NEWPORT BEACH,-117.8359603881836,33.57107162475586
81794285,2022,2022-06-13,3014,2022-05-30,1138,1527,RD15,1,5,5,3014,0,0,0,NA,0,A1,W BALBOA BLVD,28TH ST,0,NA,Y,A,-,N,NA,NA,NA,NA,NA,NA,NA,NA,NA,N,4,0,1,2,A,-,10,21950,A,N,G,B,B,A,H,-,A,A,0,Y,NA,NA,NA,Y,NA,A,07,0,0,1,0,1,0,0,0,0,-,-,33.61259841918945,-117.93058776855467,ORANGE,NEWPORT BEACH,-117.93063354492188,33.6125602722168
81795531,2022,2022-06-15,3019,2022-05-15,1634,3201,WE,7,5,7,3019,0,0,0,NA,0,001,1ST STREET,JACKSON STREET,0,NA,Y,A,-,N,NA,NA,NA,NA,NA,NA,NA,NA,NA,Y,4,0,1,2,A,-,09,21801,A,N,D,C,A,A,H,-,A,A,0,NA,NA,NA,NA,Y,NA,A,07,0,0,1,0,0,0,0,0,0,-,-,33.745391845703125,-117.91574096679688,ORANGE,SANTA ANA,-117.91580200195313,33.74519348144531
81795536,2022,2022-06-15,3019,2022-05-21,2255,3699,WE,6,5,7,3019,0,0,0,NA,0,001,1ST STREET,JACKSON STREET,0,NA,Y,-,-,N,NA,NA,NA,NA,NA,NA,NA,NA,NA,Y,3,0,3,2,A,-,01,23152,A,N,D,C,A,A,H,-,C,A,0,NA,NA,NA,NA,Y,Y,A,01,0,2,1,0,0,0,0,0,0,-,-,33.745391845703125,-117.91574096679688,ORANGE,SANTA ANA,-117.91580200195313,33.74519348144531
81795542,2022,2022-06-15,3008,2022-04-14,1420,1387,ZONE,4,5,6,3008,0,0,0,NA,0,NA,VALENCIA DR,LEMON ST,156,W,N,A,-,N,NA,NA,NA,NA,NA,NA,NA,NA,NA,N,3,0,1,3,A,-,11,21954,A,N,G,B,D,A,H,-,A,A,0,Y,NA,NA,NA,Y,NA,N,60,0,1,0,0,1,0,0,0,0,-,-,NA,NA,ORANGE,FULLERTON,-117.92040252685548,33.866214752197266
8179625,2016,2016-12-13,3004,2016-11-07,0913,P462,13,1,5,6,3004,0,0,0,NA,0,012,VICTORIA ST,DOCTORS CIR,150,W,N,A,-,N,NA,NA,NA,NA,NA,NA,NA,NA,NA,Y,4,0,1,2,A,-,06,21755,A,N,D,C,A,A,H,-,A,D,0,NA,NA,Y,NA,Y,NA,C,02,0,0,1,0,0,0,0,0,1,-,-,33.6526,-117.91112,ORANGE,COSTA MESA,-117.91339169,33.65261415
81797166,2022,2022-06-17,3001,2022-06-15,1731,A1047,NA,3,5,7,3001,0,0,0,NA,0,D-1,LA PALMA AVENUE,GILBERT STREET,267,W,N,A,-,N,NA,NA,NA,NA,NA,NA,NA,NA,NA,Y,4,0,2,2,A,-,09,21804,A,N,D,C,A,A,H,-,A,D,0,NA,NA,NA,NA,Y,NA,A,07,0,0,2,0,0,0,0,0,0,-,-,NA,NA,ORANGE,ANAHEIM,-117.9687271118164,33.84689712524414
81797348,2022,2022-06-17,3024,2022-04-17,1706,503,P-21,7,5,5,3024,0,0,0,NA,0,EAST,OASIS AVENUE,BEDFORD LANE,0,NA,Y,A,-,N,NA,NA,NA,NA,NA,NA,NA,NA,NA,N,4,0,3,2,A,-,08,22107,NA,N,B,C,A,A,H,-,A,D,0,NA,NA,NA,NA,Y,NA,A,01,0,0,3,0,0,0,0,0,0,-,-,33.75634002685547,-117.9712371826172,ORANGE,WESTMINSTER,-117.97153472900392,33.7563362121582
81798359,2022,2022-06-20,3007,2022-06-13,0143,316,46,1,5,5,3007,0,0,0,NA,0,003,EUCLID,SLATER,0,NA,Y,A,-,N,NA,NA,NA,NA,NA,NA,NA,NA,NA,Y,4,0,3,2,A,-,01,23152,A,N,A,C,A,A,H,-,C,A,0,NA,NA,NA,NA,Y,Y,A,01,0,0,3,0,0,0,0,0,0,-,-,NA,NA,ORANGE,FOUNTAIN VALLEY,-117.93711853027344,33.70912170410156
81798433,2022,2022-06-20,3015,2022-06-13,0835,1530,65E,1,5,6,3015,0,0,0,NA,0,733M,ADAMS AVE,SHATTUCK ST,0,NA,Y,B,-,N,NA,NA,NA,NA,NA,NA,NA,NA,NA,Y,4,0,1,2,A,-,09,21802,A,N,D,C,A,B,H,-,A,A,0,NA,NA,NA,NA,Y,NA,A,01,0,0,1,0,0,0,0,0,0,-,-,NA,NA,ORANGE,ORANGE,-117.83730316162108,33.806663513183594
81799746,2022,2022-06-21,3014,2022-06-15,1201,1520,RD44,3,5,5,3014,0,0,0,NA,0,A4,SR-1 (E. COAST HWY),FERNLEAF AVE,88,W,N,A,-,Y,NA,NA,NA,NA,NA,NA,NA,NA,NA,N,4,0,1,2,D,-,00,NA,NA,N,C,C,A,A,H,-,A,D,0,NA,NA,NA,NA,Y,NA,-,-,0,0,1,0,0,0,0,0,0,-,-,33.60198974609375,-117.8730926513672,ORANGE,NEWPORT BEACH,-117.8731689453125,33.60232162475586
81801733,2022,2022-06-23,3014,2022-06-18,0012,1586,RD61,6,5,5,3014,0,0,0,NA,0,A4,NEWPORT COAST DR,SAGE HILL,582,N,N,A,-,N,NA,NA,NA,NA,NA,NA,NA,NA,NA,Y,3,0,1,1,A,-,08,22107,NA,N,E,I,A,A,H,-,C,D,0,NA,NA,NA,NA,Y,NA,-,-,0,1,0,0,0,0,0,0,0,-,-,33.618560791015625,-117.82614135742188,ORANGE,NEWPORT BEACH,-117.8261947631836,33.618492126464844
81804505,2022,2022-06-28,3022,2022-06-21,0835,1193,NORTH,2,5,5,3022,0,0,0,NA,0,NA,ROBINSON DR,JAMBOREE RD,853,W,N,A,-,N,NA,NA,NA,NA,NA,NA,NA,NA,NA,N,3,0,1,2,A,-,09,21804,A,N,D,C,A,A,H,-,A,A,0,NA,NA,NA,NA,Y,NA,A,01,0,1,0,0,0,0,0,0,0,-,-,33.73374938964844,-117.78228759765624,ORANGE,TUSTIN,-117.78409576416016,33.735511779785156
8180547,2016,2017-03-04,3000,2016-11-13,1102,1644,921G5,7,5,4,3045,0,0,0,NA,0,6M47,MOULTON PKWY,RT 73,0,NA,Y,A,-,Y,ORA,12,73,-,-,13.385,R,4,N,Y,4,0,1,2,A,-,08,22107,NA,N,B,C,A,A,H,-,A,D,0,NA,NA,NA,NA,Y,NA,A,07,0,0,1,0,0,0,0,0,0,-,NO,NA,NA,ORANGE,LAGUNA HILLS,-117.70589821,33.57364183
8180626,2016,2016-12-07,3004,2016-11-10,1450,P542,16,4,5,6,3004,0,0,0,NA,0,004,HARBOR BL,PONDEROSA,17,S,N,A,-,N,NA,NA,NA,NA,NA,NA,NA,NA,NA,Y,3,0,2,3,A,-,03,22350,NA,N,C,C,A,A,H,-,A,D,0,NA,NA,NA,NA,Y,NA,A,01,0,1,1,0,0,0,0,0,0,-,-,33.6749,-117.9191,ORANGE,COSTA MESA,-117.91936,33.67519339
8180628,2016,2016-12-22,3016,2016-11-17,1222,1241,16,4,5,5,3016,0,0,0,NA,0,001,ROSE DR,IMPERIAL HWY,344,N,N,A,-,N,NA,NA,NA,NA,NA,NA,NA,NA,NA,N,3,0,1,2,A,-,05,21650,1,N,H,G,A,A,H,-,A,D,0,NA,Y,NA,NA,Y,NA,L,04,0,1,0,0,0,0,1,0,0,-,-,33.90466,-117.84231,ORANGE,PLACENTIA,-117.8422,33.90530281
81808419,2022,2022-07-01,3001,2022-06-28,1637,A2755,D-3,2,5,7,3001,0,0,0,NA,0,D-3,BALL ROAD,EAST STREET,403,E,N,A,-,N,NA,NA,NA,NA,NA,NA,NA,NA,NA,N,4,0,1,3,A,-,03,22350,NA,N,C,C,A,A,H,-,A,A,0,NA,NA,NA,NA,Y,NA,A,01,0,0,1,0,0,0,0,0,0,-,-,33.8166389465332,-117.89607238769533,ORANGE,ANAHEIM,-117.8947982788086,33.81809997558594
8180870,2016,2016-12-05,3004,2016-11-20,1031,P603,18,7,5,6,3004,0,0,0,NA,0,004,HARBOR BL,W BAKER ST,0,NA,Y,A,-,N,NA,NA,NA,NA,NA,NA,NA,NA,NA,Y,4,0,1,2,A,-,09,21453,C,N,D,C,A,A,H,-,A,A,0,NA,NA,NA,NA,Y,NA,A,07,0,0,1,0,0,0,0,0,0,-,-,33.68006,-117.91943,ORANGE,COSTA MESA,-117.91944002,33.68001003
81808777,2022,2022-07-01,3016,2022-01-21,1656,1293,21,5,5,5,3016,0,0,0,NA,0,002,LA JOLLA STREET,PLACENTIA AVENUE,183,E,N,A,-,N,NA,NA,NA,NA,NA,NA,NA,NA,NA,N,4,0,1,2,A,-,03,22350,NA,F,C,C,A,A,H,-,B,A,0,NA,NA,NA,NA,Y,NA,A,01,0,0,1,0,0,0,0,0,0,-,-,33.85572814941406,-117.88424682617188,ORANGE,PLACENTIA,-117.88370513916016,33.85580825805664
81808895,2022,2022-07-01,3016,2022-05-20,1102,1262,21,5,5,5,3016,0,0,0,NA,0,002,ORANGETHORPE AVENUE,ROUTE 57 NB OFFRAMP,0,NA,Y,A,-,N,NA,NA,NA,NA,NA,NA,NA,NA,NA,Y,4,0,1,2,A,-,12,21453,A,N,D,C,A,A,H,-,A,A,0,NA,NA,NA,NA,Y,NA,I,11,0,0,1,0,0,0,0,0,0,-,-,33.861549377441406,-117.87654876708984,ORANGE,PLACENTIA,NA,NA
81813811,2022,2022-07-11,3010,2022-07-07,1457,0147,273,4,5,6,3010,0,0,0,NA,0,006,WARNER AVE,NEWLAND ST,44,W,N,A,-,N,NA,NA,NA,NA,NA,NA,NA,NA,NA,N,3,0,2,2,A,-,03,22350,NA,N,C,C,A,A,H,-,A,A,0,NA,NA,NA,NA,Y,NA,A,01,0,1,1,0,0,0,0,0,0,-,-,33.71445083618164,-117.98061370849608,ORANGE,HUNTINGTON BEACH,-117.98072052001952,33.715675354003906
81814732,2022,2022-07-12,3001,2022-07-10,0005,A2596,D-2,7,5,7,3001,0,0,0,NA,0,D-2,EAST STREET,BALSAM AVENUE,4,S,N,A,-,N,NA,NA,NA,NA,NA,NA,NA,NA,NA,Y,2,0,2,1,A,-,01,23152,A,N,E,I,A,A,H,-,C,D,0,NA,NA,NA,NA,Y,Y,A,01,1,0,1,0,0,0,0,0,0,-,-,33.85049057006836,-117.9066162109375,ORANGE,ANAHEIM,-117.90665435791016,33.85023880004883
81815596,2022,2022-07-13,3001,2022-07-03,2155,A2698,D-2,7,5,7,3001,0,0,0,NA,0,D-2,EUCLID STREET,ROMNEYA DRIVE,0,NA,Y,A,-,N,NA,NA,NA,NA,NA,NA,NA,NA,NA,N,3,0,1,2,A,-,10,21950,A,N,G,B,B,A,H,-,C,A,0,Y,NA,NA,NA,Y,NA,A,01,0,1,0,0,1,0,0,0,0,-,-,33.85100173950195,-117.94161224365234,ORANGE,ANAHEIM,-117.94178009033205,33.85067367553711
81816098,2022,2022-07-13,3014,2022-07-06,2302,1471,RD54,3,5,5,3014,0,0,0,NA,0,A4,SAN JOAQUIN HILLS DR,MACARTHUR BLVD,10,W,N,A,-,N,NA,NA,NA,NA,NA,NA,NA,NA,NA,Y,3,0,1,2,A,-,01,23152,NA,N,C,C,A,A,H,-,C,A,0,NA,NA,NA,NA,Y,Y,A,07,0,1,0,0,0,0,0,0,0,-,-,33.61479949951172,-117.8671875,ORANGE,NEWPORT BEACH,-117.86708831787108,33.61469268798828
81816697,2022,2022-07-14,3019,2022-05-19,1713,3716,WE,4,5,7,3019,0,0,0,NA,0,001,FAIRVIEW STREET,5TH STREET,607,S,N,B,-,N,NA,NA,NA,NA,NA,NA,NA,NA,NA,N,4,0,2,2,A,-,09,21801,A,F,D,C,A,A,H,-,A,D,0,NA,NA,NA,NA,Y,NA,A,01,0,0,2,0,0,0,0,0,0,-,-,33.74848175048828,-117.90489959716795,ORANGE,SANTA ANA,-117.90538024902344,33.747188568115234
8181761,2016,2016-12-06,3008,2016-09-28,1805,1297,NA,3,5,6,3008,0,0,0,NA,0,0Z3,COMMONWEALTH AV,RAYMOND AV,462,E,N,A,-,N,NA,NA,NA,NA,NA,NA,NA,NA,NA,Y,3,0,2,2,A,-,09,21804,A,N,D,C,A,A,H,-,B,D,0,NA,NA,Y,NA,Y,NA,A,01,0,2,0,0,0,0,0,0,1,-,-,NA,NA,ORANGE,FULLERTON,-117.90545162,33.87050437
8181765,2016,2016-12-06,3008,2016-09-29,2209,1177,NA,4,5,6,3008,0,0,0,NA,0,0Z2,CHAPMAN AV,RICHMAN AV,64,W,N,A,-,N,NA,NA,NA,NA,NA,NA,NA,NA,NA,Y,3,0,1,1,A,-,08,22107,NA,N,A,I,A,-,H,-,C,D,0,NA,NA,NA,NA,Y,NA,A,01,0,1,0,0,0,0,0,0,0,-,-,NA,NA,ORANGE,FULLERTON,-117.93331035,33.87382