CASE_ID,ACCIDENT_YEAR,PROC_DATE,JURIS,COLLISION_DATE,COLLISION_TIME,OFFICER_ID,REPORTING_DISTRICT,DAY_OF_WEEK,CHP_SHIFT,POPULATION,CNTY_CITY_LOC,SPECIAL_COND,BEAT_TYPE,CHP_BEAT_TYPE,CITY_DIVISION_LAPD,CHP_BEAT_CLASS,BEAT_NUMBER,PRIMARY_RD,SECONDARY_RD,DISTANCE,DIRECTION,INTERSECTION,WEATHER_1,WEATHER_2,STATE_HWY_IND,CALTRANS_COUNTY,CALTRANS_DISTRICT,STATE_ROUTE,ROUTE_SUFFIX,POSTMILE_PREFIX,POSTMILE,LOCATION_TYPE,RAMP_INTERSECTION,SIDE_OF_HWY,TOW_AWAY,COLLISION_SEVERITY,NUMBER_KILLED,NUMBER_INJURED,PARTY_COUNT,PRIMARY_COLL_FACTOR,PCF_CODE_OF_VIOL,PCF_VIOL_CATEGORY,PCF_VIOLATION,PCF_VIOL_SUBSECTION,HIT_AND_RUN,TYPE_OF_COLLISION,MVIW,PED_ACTION,ROAD_SURFACE,ROAD_COND_1,ROAD_COND_2,LIGHTING,CONTROL_DEVICE,CHP_ROAD_TYPE,PEDESTRIAN_ACCIDENT,BICYCLE_ACCIDENT,MOTORCYCLE_ACCIDENT,TRUCK_ACCIDENT,NOT_PRIVATE_PROPERTY,ALCOHOL_INVOLVED,STWD_VEHTYPE_AT_FAULT,CHP_VEHTYPE_AT_FAULT,COUNT_SEVERE_INJ,COUNT_VISIBLE_INJ,COUNT_COMPLAINT_PAIN,COUNT_PED_KILLED,COUNT_PED_INJURED,COUNT_BICYCLIST_KILLED,COUNT_BICYCLIST_INJURED,COUNT_MC_KILLED,COUNT_MC_INJURED,PRIMARY_RAMP,SECONDARY_RAMP,LATITUDE,LONGITUDE,COUNTY,CITY,POINT_X,POINT_Y
8418756,2017,2017-08-02,3007,2017-07-03,1813,244,62,1,5,5,3007,0,0,0,NA,0,003,MAGNOLIA,ELLIS,24,N,N,A,-,N,NA,NA,NA,NA,NA,NA,NA,NA,NA,Y,4,0,1,1,A,-,07,21658,A,N,-,I,A,A,H,-,A,A,0,NA,NA,NA,NA,Y,Y,A,01,0,0,1,0,0,0,0,0,0,-,-,NA,NA,ORANGE,FOUNTAIN VALLEY,-117.97162137,33.69408579
8420473,2017,2017-08-09,3026,2017-07-03,0058,558,NA,1,5,6,3026,0,0,0,NA,0,00C,WILDWOOD,EASTMONT,0,NA,Y,B,-,N,NA,NA,NA,NA,NA,NA,NA,NA,NA,Y,4,0,1,2,A,-,01,23152,A,N,D,E,A,A,H,-,C,D,0,NA,NA,NA,NA,Y,NA,A,01,0,0,1,0,0,0,0,0,0,-,-,NA,NA,ORANGE,IRVINE,-117.78533001,33.68202011
8420566,2017,2018-04-23,3000,2017-05-24,1245,2861,797J5,3,5,4,3021,0,0,0,NA,0,023,BEACH BL,PARK PLZ,9,N,N,A,-,Y,ORA,12,39,-,-,9.54,H,-,N,N,3,0,1,2,A,-,11,21954,A,N,G,B,D,A,H,-,A,D,0,Y,NA,NA,NA,Y,NA,N,60,0,1,0,0,1,0,0,0,0,-,-,NA,NA,ORANGE,STANTON,-117.99284485,33.78637609
8420684,2017,2018-05-22,3011,2017-07-04,1508,31340,1,2,5,4,3011,0,0,0,NA,0,NA,RT 1,WEST ST,145,N,N,A,-,Y,ORA,12,1,-,-,6.03,H,-,N,Y,3,0,1,2,A,-,21,22106,NA,N,D,C,A,A,H,-,A,D,0,NA,NA,NA,NA,Y,NA,A,01,0,1,0,0,0,0,0,0,0,-,-,NA,NA,ORANGE,LAGUNA BEACH,-117.7469871,33.50555744
8422337,2017,2017-08-09,3024,2017-07-24,1745,418,P21,1,5,5,3024,0,0,0,NA,0,EAST,MAGNOLIA ST,WESTMINSTER BL,122,S,N,A,-,N,NA,NA,NA,NA,NA,NA,NA,NA,NA,N,3,0,1,2,A,-,03,22350,NA,N,C,C,A,A,H,-,A,A,0,NA,NA,NA,NA,Y,NA,A,01,0,1,0,0,0,0,0,0,0,-,-,33.75939,-117.97209,ORANGE,WESTMINSTER,-117.97241257,33.75907557
8423060,2017,2017-08-11,3001,2017-07-20,0712,1410,NA,4,5,7,3001,0,0,0,NA,0,101,WEST BALL RD,SOUTH KNOTT AV,538,W,N,A,-,N,NA,NA,NA,NA,NA,NA,NA,NA,NA,Y,3,0,2,2,A,-,05,21460,A,N,D,C,A,A,H,-,A,D,0,NA,NA,NA,NA,Y,NA,A,01,0,1,1,0,0,0,0,0,0,-,-,NA,NA,ORANGE,ANAHEIM,-118.01256717,33.81723446
8423108,2017,2017-08-11,3001,2017-07-21,1609,1825,NA,5,5,7,3001,0,0,0,NA,0,0D3,SOUTH LEWIS ST,EAST KATELLA AV,216,N,N,A,-,N,NA,NA,NA,NA,NA,NA,NA,NA,NA,Y,4,0,1,2,A,-,09,21804,A,N,D,C,A,A,H,-,A,D,0,NA,NA,NA,NA,Y,NA,A,08,0,0,1,0,0,0,0,0,0,-,-,NA,NA,ORANGE,ANAHEIM,-117.89792226,33.80394216
8423285,2017,2017-08-17,3020,2017-07-21,1125,429,NA,5,5,4,3020,0,0,0,NA,0,NORTH,WESTMINSTER AV,SAINT KITTS,4046,E,N,A,-,N,NA,NA,NA,NA,NA,NA,NA,NA,NA,N,4,0,1,3,A,-,03,22350,NA,N,C,C,A,A,H,-,A,A,0,NA,NA,NA,NA,Y,NA,D,NA,0,0,1,0,0,0,0,0,0,-,-,NA,NA,ORANGE,SEAL BEACH,NA,NA
8423576,2017,2018-06-11,3000,2017-06-26,0725,2731,797J3,1,5,4,3021,0,0,0,NA,0,024,ORANGEWOOD AV,BEACH BL,29,E,N,A,-,Y,ORA,12,39,-,-,10.171,I,6,N,N,4,0,1,2,A,-,03,22350,NA,F,D,C,A,A,H,-,A,A,0,NA,NA,NA,NA,Y,NA,A,01,0,0,1,0,0,0,0,0,0,-,-,NA,NA,ORANGE,STANTON,-117.99291229,33.79557565
8423674,2017,2017-08-09,3026,2017-07-23,1626,554,4,7,5,6,3026,0,0,0,NA,0,00C,JAMBOREE RD,MICHELLE,38,S,N,A,-,N,NA,NA,NA,NA,NA,NA,NA,NA,NA,Y,4,0,2,2,A,-,03,22350,NA,N,C,C,A,A,H,-,A,A,0,NA,NA,NA,NA,Y,NA,A,01,0,0,2,0,0,0,0,0,0,-,-,NA,NA,ORANGE,IRVINE,-117.79747259,33.71735532
8424335,2017,2017-08-17,3001,2017-08-01,1637,A1252,NA,2,5,7,3001,0,0,0,NA,0,D-3,SOUTH STATE COLLEGE BL,HOWELL AV,55,S,N,B,-,N,NA,NA,NA,NA,NA,NA,NA,NA,NA,N,4,0,1,2,A,-,03,22350,NA,M,C,C,A,A,H,-,A,A,0,NA,NA,NA,NA,Y,NA,A,01,0,0,1,0,0,0,0,0,0,-,-,NA,NA,ORANGE,ANAHEIM,-117.88922757,33.80681923
8425560,2017,2017-08-14,3001,2017-07-14,1718,2227,NA,5,5,7,3001,0,0,0,NA,0,0D1,NORTH MAGNOLIA AV,W WOODLAND DR,0,NA,Y,A,-,N,NA,NA,NA,NA,NA,NA,NA,NA,NA,Y,3,0,2,2,A,-,09,21801,A,N,D,C,A,A,H,-,A,A,0,NA,NA,NA,NA,Y,NA,-,NA,0,1,1,0,0,0,0,0,0,-,-,NA,NA,ORANGE,ANAHEIM,-117.97617005,33.84933007
8425646,2017,2017-08-15,3000,2017-04-30,2244,9154,798B1,7,5,4,3021,0,0,0,NA,0,022,MAGNOLIA AV,CERRITOS AV,0,NA,Y,A,-,N,NA,NA,NA,NA,NA,NA,NA,NA,NA,Y,2,0,3,2,A,-,12,21453,A,N,D,C,A,A,H,-,C,A,0,NA,NA,NA,NA,Y,NA,A,01,3,0,0,0,0,0,0,0,0,-,-,NA,NA,ORANGE,STANTON,-117.97576001,33.8103701
8426081,2017,2017-08-23,3019,2017-07-13,1638,3450,NE,4,5,7,3019,0,0,0,NA,0,001,1ST ST,ELK LN,0,NA,Y,A,-,N,NA,NA,NA,NA,NA,NA,NA,NA,NA,N,4,0,1,2,A,-,12,21453,A,M,D,C,A,A,H,-,A,A,0,NA,NA,NA,NA,Y,NA,A,01,0,0,1,0,0,0,0,0,0,-,-,NA,NA,ORANGE,SANTA ANA,-117.84379011,33.74546003
8426289,2017,2017-08-21,3019,2017-07-26,1749,2776,SE,3,5,7,3019,0,0,0,NA,0,003,LYON ST,1ST ST,246,S,N,A,-,N,NA,NA,NA,NA,NA,NA,NA,NA,NA,N,3,0,1,2,A,-,09,21801,A,N,H,G,A,A,H,-,A,D,0,NA,Y,NA,NA,Y,NA,L,04,0,1,0,0,0,0,1,0,0,-,-,33.74545,-117.84522,ORANGE,SANTA ANA,-117.84499,33.7456
8426839,2017,2017-08-14,3026,2017-07-31,1519,7094,UNIVE,1,5,6,3026,0,0,0,NA,0,003,TURTLE RIDGE DR,NEWPORT COAST DR,20,N,N,A,-,N,NA,NA,NA,NA,NA,NA,NA,NA,NA,Y,3,0,1,1,A,-,08,22107,NA,N,E,I,A,A,H,-,A,A,0,NA,NA,NA,NA,Y,NA,A,01,0,1,0,0,0,0,0,0,0,-,-,33.6281,-117.93295,ORANGE,IRVINE,-117.832564,33.627783
8426843,2017,2017-08-14,3026,2017-07-27,1546,6352,NA,4,5,6,3026,0,0,0,NA,0,NA,MAIN ST,GILLETTE AV,0,NA,Y,A,-,N,NA,NA,NA,NA,NA,NA,NA,NA,NA,Y,4,0,1,2,A,-,12,21453,A,N,D,C,A,A,H,-,A,A,0,NA,NA,NA,NA,Y,NA,A,01,0,0,1,0,0,0,0,0,0,-,-,NA,NA,ORANGE,IRVINE,-117.85017009,33.68458003
8426857,2017,2017-08-14,3004,2017-07-13,1427,P631,15,4,5,6,3004,0,0,0,NA,0,004,HARBOR BL,MERRIMAC WY,0,NA,Y,A,-,N,NA,NA,NA,NA,NA,NA,NA,NA,NA,Y,4,0,1,2,D,-,00,NA,NA,N,D,C,A,A,H,-,A,A,0,NA,NA,NA,NA,Y,NA,-,-,0,0,1,0,0,0,0,0,0,-,-,33.6684,-117.9193,ORANGE,COSTA MESA,-117.91931002,33.66838012
8427263,2017,2017-08-15,3012,2017-07-23,1724,629,22,7,5,5,3012,0,0,0,NA,0,002,HARBOR,ARBOLITA,78,N,N,A,-,N,NA,NA,NA,NA,NA,NA,NA,NA,NA,N,4,0,1,1,A,-,03,22350,NA,N,A,J,A,A,H,-,A,D,0,NA,NA,NA,NA,Y,NA,A,01,0,0,1,0,0,0,0,0,0,-,-,NA,NA,ORANGE,LA HABRA,-117.93293166,33.94433077
8427614,2017,2017-08-17,3000,2017-07-13,1415,2182,992H1,4,5,5,3017,0,0,0,NA,0,M73,AVENIDA VISTA HERMOSA,VIA TURQUEZA,85,W,N,A,-,N,NA,NA,NA,NA,NA,NA,NA,NA,NA,Y,2,0,4,1,A,-,08,22107,NA,N,E,I,A,A,H,-,A,D,0,NA,NA,NA,NA,Y,NA,A,07,1,1,2,0,0,0,0,0,0,-,-,NA,NA,ORANGE,SAN CLEMENTE,-117.62211022,33.45233016
8427991,2017,2017-08-16,3015,2017-07-20,2028,1563,33,4,5,6,3015,0,0,0,NA,0,331,S TUSTIN ST,E FAIRHAVEN AV,0,NA,Y,A,-,N,NA,NA,NA,NA,NA,NA,NA,NA,NA,Y,4,0,1,2,A,-,03,22350,NA,M,C,C,A,A,H,-,C,A,0,NA,NA,NA,NA,Y,NA,A,01,0,0,1,0,0,0,0,0,0,-,-,NA,NA,ORANGE,ORANGE,-117.83576002,33.77327008
8428494,2017,2017-08-18,3019,2017-07-14,0832,3196,NE,5,5,7,3019,0,0,0,NA,0,002,4TH ST,CABRILLO PARK DR,160,W,N,A,-,N,NA,NA,NA,NA,NA,NA,NA,NA,NA,N,4,0,2,2,A,-,03,22350,NA,N,C,C,A,A,H,-,A,D,0,NA,NA,NA,NA,Y,NA,A,01,0,0,2,0,0,0,0,0,0,-,-,33.748,-117.84081,ORANGE,SANTA ANA,-117.84119499,33.74823331
8429970,2017,2017-08-24,3019,2017-07-28,1500,3488,SC,5,5,7,3019,0,0,0,NA,0,004,WILLITS ST,FAIRVIEW ST,0,NA,Y,A,-,N,NA,NA,NA,NA,NA,NA,NA,NA,NA,N,3,0,1,2,A,-,05,21650,NA,N,D,G,A,A,H,-,A,A,0,NA,Y,NA,NA,Y,NA,L,04,0,1,0,0,0,0,1,0,0,-,-,33.74022,-117.90679,ORANGE,SANTA ANA,-117.90679011,33.74014009
8431112,2017,2017-08-18,3019,2017-07-12,2205,3518,SE,3,5,7,3019,0,0,0,NA,0,003,1ST ST,ELK LN,0,NA,Y,A,-,N,NA,NA,NA,NA,NA,NA,NA,NA,NA,Y,4,0,2,2,A,-,12,21453,A,N,D,C,A,A,H,-,C,A,0,NA,NA,NA,NA,Y,NA,A,01,0,0,2,0,0,0,0,0,0,-,-,NA,NA,ORANGE,SANTA ANA,-117.84379011,33.74546003
8433248,2017,2018-06-08,3010,2017-07-29,1547,1118,194,6,5,6,3010,0,0,0,NA,0,004,RT 1,ECOLOGY,350,N,N,A,-,Y,ORA,12,1,-,-,28.51,H,-,S,Y,4,0,1,4,A,-,03,22350,NA,N,C,C,A,A,H,-,A,D,0,NA,NA,NA,NA,Y,NA,D,22,0,0,1,0,0,0,0,0,0,-,-,NA,NA,ORANGE,HUNTINGTON BEACH,-118.04788467,33.69629222
8433683,2017,2017-08-25,3024,2017-08-01,1530,418,P28,2,5,5,3024,0,0,0,NA,0,EAST,BOLSA AV,PAGODA ST,0,NA,Y,A,-,N,NA,NA,NA,NA,NA,NA,NA,NA,NA,Y,4,0,2,2,D,-,00,NA,NA,N,D,C,A,A,H,-,A,A,0,NA,NA,NA,NA,Y,NA,-,-,0,0,2,0,0,0,0,0,0,-,-,NA,NA,ORANGE,WESTMINSTER,-117.960625,33.744823
8433734,2017,2017-08-25,3019,2017-07-19,1640,3412,NE,3,5,7,3019,0,0,0,NA,0,002,CYCAMORE ST,1ST ST,160,N,N,A,-,N,NA,NA,NA,NA,NA,NA,NA,NA,NA,N,4,0,1,2,A,-,08,22107,NA,M,D,C,A,A,H,-,A,D,0,NA,NA,NA,NA,Y,NA,A,07,0,0,1,0,0,0,0,0,0,-,-,NA,NA,ORANGE,SANTA ANA,-117.868703,33.745943
8434273,2017,2018-05-22,3010,2017-06-07,2118,1221,461,3,5,6,3010,0,0,0,NA,0,461,RT 1,MAIN ST,0,NA,Y,A,-,Y,ORA,12,1,-,-,24.721,I,5,N,N,4,0,1,2,A,-,11,21456,B,N,G,B,B,A,H,-,C,A,0,Y,NA,NA,NA,Y,NA,N,60,0,0,1,0,1,0,0,0,0,-,-,NA,NA,ORANGE,HUNTINGTON BEACH,-118.00189997,33.65714125
8434332,2017,2018-04-09,3010,2017-08-09,1905,1019,432,3,5,6,3010,0,0,0,NA,0,005,RT 39,OWEN AV,154,S,N,A,-,Y,ORA,12,39,-,-,2.23,H,-,S,Y,3,0,1,2,C,-,18,NA,NA,N,C,E,A,A,H,-,B,-,0,NA,NA,NA,NA,Y,NA,-,-,0,1,0,0,0,0,0,0,0,-,-,NA,NA,ORANGE,HUNTINGTON BEACH,-117.98880011,33.68073291
8434704,2017,2017-08-24,3004,2017-08-10,1626,P462,13,4,5,6,3004,0,0,0,NA,0,013,WILSON ST,HARBOR BL,42,W,N,A,-,N,NA,NA,NA,NA,NA,NA,NA,NA,NA,N,4,0,1,2,A,-,03,22350,NA,N,C,C,A,A,H,-,A,A,0,NA,NA,NA,NA,Y,NA,A,01,0,0,1,0,0,0,0,0,0,-,-,33.65615,-117.91926,ORANGE,COSTA MESA,-117.91925769,33.65615
8434724,2017,2017-08-23,3010,2017-08-05,1807,1109,242,6,5,6,3010,0,0,0,NA,0,009,GOTHARD,CENTER AV,165,S,N,A,-,N,NA,NA,NA,NA,NA,NA,NA,NA,NA,N,3,0,1,1,C,-,18,NA,NA,N,H,H,A,A,H,-,A,-,0,NA,NA,Y,NA,Y,NA,-,-,0,1,0,0,0,0,0,0,1,-,-,NA,NA,ORANGE,HUNTINGTON BEACH,-118.0003586,33.7332977
8434805,2017,2017-08-24,3001,2017-08-07,1913,1397,4,1,5,7,3001,0,0,0,NA,0,041,S RIO VISTA ST,E ALDEN PL,64,S,N,A,-,N,NA,NA,NA,NA,NA,NA,NA,NA,NA,Y,3,0,1,1,A,-,08,22107,NA,N,E,I,A,A,H,-,A,D,0,NA,NA,NA,NA,Y,NA,A,07,0,1,0,0,0,0,0,0,0,-,-,NA,NA,ORANGE,ANAHEIM,-117.87167373,33.83364458
84354647,2024,2024-08-14,3014,2024-08-04,1127,1527,NA,7,5,5,3014,0,0,0,NA,0,A2,TUSTIN AVE,SR-1 (W COAST HWY),160,N,N,A,-,Y,NA,NA,NA,NA,NA,NA,NA,NA,NA,N,3,0,1,2,A,-,11,21954,A,N,G,B,E,A,H,-,A,D,0,Y,NA,NA,NA,Y,NA,N,60,0,1,0,0,1,0,0,0,0,-,-,33.62009811401367,-117.92259979248048,ORANGE,NEWPORT BEACH,-117.92267608642578,33.62009811401367
84354794,2024,2024-08-15,3019,2024-08-13,1832,3491,NA,2,5,7,3019,0,0,0,NA,0,004,KELLER AVENUE,LOWELL STREET,50,W,N,A,-,N,NA,NA,NA,NA,NA,NA,NA,NA,NA,N,4,0,1,2,A,-,03,22350,NA,N,C,E,A,A,H,-,A,D,0,NA,NA,NA,NA,Y,NA,A,01,0,0,1,0,0,0,0,0,0,-,-,33.69609069824219,-117.88027191162108,ORANGE,SANTA ANA,-117.87935638427734,33.696720123291016
84355823,2024,2024-08-15,3014,2024-07-31,2220,1561,NA,3,5,5,3014,0,0,0,NA,0,A4,SR-1,MARGUERITE AVE,21,W,N,A,-,Y,NA,NA,NA,NA,NA,NA,NA,NA,NA,N,4,0,1,2,A,-,10,21950,A,N,G,B,B,A,H,-,C,A,0,Y,NA,NA,NA,Y,NA,A,01,0,0,1,0,1,0,0,0,0,-,-,33.59648895263672,-117.87079620361328,ORANGE,NEWPORT BEACH,-117.87094879150392,33.5963249206543
84356482,2024,2024-08-16,3016,2024-06-28,2005,1304,NA,5,5,5,3016,0,0,0,NA,0,001,BASTANCHURY ROAD,KRAEMER BOULEVARD,32,W,N,A,-,N,NA,NA,NA,NA,NA,NA,NA,NA,NA,N,3,0,1,2,A,-,08,22107,NA,M,B,G,A,A,H,-,B,A,0,NA,Y,NA,NA,Y,NA,M,91,0,1,0,0,0,0,0,0,0,-,-,33.89657974243164,-117.86338043212892,ORANGE,PLACENTIA,-117.86382293701172,33.89640808105469
84359106,2024,2024-08-19,3008,2024-06-05,135,1616,NA,3,5,6,3008,0,0,0,NA,0,NA,CASA BLANCA DR,BARRIS DR,330,S,N,A,-,N,NA,NA,NA,NA,NA,NA,NA,NA,NA,Y,4,0,1,2,A,-,01,23152,A,M,C,E,A,A,H,-,C,A,0,NA,NA,NA,NA,Y,Y,A,01,0,0,1,0,0,0,0,0,0,-,-,33.87889862060547,-117.94116973876952,ORANGE,FULLERTON,-117.94104766845705,33.87807846069336
84361063,2024,2024-08-20,3010,2024-08-13,15,2151,NA,2,5,6,3010,0,0,0,NA,0,008,BOLSA CHICA ST,PEARCE DR,0,NA,Y,A,-,N,NA,NA,NA,NA,NA,NA,NA,NA,NA,Y,3,0,3,2,A,-,04,21703,NA,N,C,C,A,A,H,-,C,A,0,NA,NA,NA,NA,Y,NA,A,07,0,1,2,0,0,0,0,0,0,-,-,33.718528747558594,-118.04142761230467,ORANGE,HUNTINGTON BEACH,-118.0415267944336,33.71895980834961
8436253,2017,2017-09-18,3008,2017-03-20,1536,1482,NA,1,5,6,3008,0,0,0,NA,0,Z-2,RAYMOND AV,CENTRAL AV,0,NA,Y,A,-,N,NA,NA,NA,NA,NA,NA,NA,NA,NA,N,4,0,2,2,A,-,00,22103,A,N,D,C,A,A,H,-,A,D,0,NA,NA,NA,NA,Y,NA,A,01,0,0,2,0,0,0,0,0,0,-,-,NA,NA,ORANGE,FULLERTON,-117.90706001,33.87490008
8436266,2017,2017-09-29,3004,2017-08-29,0834,P429,09,2,5,6,3004,0,0,0,NA,0,015,POMONA AV,STERLING AV,205,S,N,A,-,N,NA,NA,NA,NA,NA,NA,NA,NA,NA,N,4,0,1,2,A,-,09,21804,A,N,D,C,A,A,H,-,A,D,0,NA,NA,NA,NA,Y,NA,A,01,0,0,1,0,0,0,0,0,0,-,-,33.3853,-117.5539,ORANGE,COSTA MESA,-117.92772633,33.64801797
84363036,2024,2024-08-21,3019,2024-08-05,1531,3514,NA,1,5,7,3019,0,0,0,NA,0,003,EDINGER AVENUE,LYON STREET,0,NA,Y,A,-,N,NA,NA,NA,NA,NA,NA,NA,NA,NA,Y,4,0,1,3,A,-,12,21453,A,N,D,C,A,A,H,-,A,A,0,NA,NA,NA,NA,Y,NA,A,01,0,0,1,0,0,0,0,0,0,-,-,33.72663116455078,-117.844970703125,ORANGE,SANTA ANA,-117.84516143798828,33.7266731262207
84366672,2024,2024-08-23,3001,2024-08-07,1232,A2755,NA,3,5,7,3001,0,0,0,NA,0,D-2,CYPRESS STREET,BUSH STREET,0,NA,Y,B,-,N,NA,NA,NA,NA,NA,NA,NA,NA,NA,Y,3,0,2,2,A,-,09,21801,A,N,D,C,A,A,H,-,A,A,0,NA,NA,NA,NA,Y,NA,A,07,0,1,1,0,0,0,0,0,0,-,-,NA,NA,ORANGE,ANAHEIM,-117.90526580810548,33.83980941772461
8436883,2017,2017-09-19,3000,2017-08-21,1240,5036,952B2,1,5,5,3028,0,0,0,NA,0,750,MARGUERITE PKWY,VIA ESCOLAR,663,N,N,A,-,N,NA,NA,NA,NA,NA,NA,NA,NA,NA,Y,3,0,1,1,A,-,03,22350,NA,N,E,I,A,A,H,-,A,D,0,NA,NA,NA,NA,Y,NA,A,01,0,1,0,0,0,0,0,0,0,-,-,NA,NA,ORANGE,MISSION VIEJO,-117.67289197,33.54431335
8437133,2017,2017-09-20,3001,2017-09-10,1916,1397,NA,7,5,7,3001,0,0,0,NA,0,0D4,EAST MIRALOMA AV,NORTH BLUE GUM ST,0,NA,Y,A,-,N,NA,NA,NA,NA,NA,NA,NA,NA,NA,Y,3,0,3,2,A,-,09,21801,A,N,D,C,A,A,H,-,C,A,0,NA,NA,NA,NA,Y,NA,A,01,0,1,2,0,0,0,0,0,0,-,-,NA,NA,ORANGE,ANAHEIM,-117.87225011,33.85489001
84372409,2024,2024-08-27,3026,2024-08-16,954,8929,NA,5,5,6,3026,0,0,0,NA,0,008,IRVINE BLVD,SAND CANYON AVE,0,NA,Y,A,-,N,NA,NA,NA,NA,NA,NA,NA,NA,NA,Y,4,0,1,2,A,-,09,21453,C,N,D,C,A,A,H,-,A,A,0,NA,NA,NA,NA,Y,NA,A,01,0,0,1,0,0,0,0,0,0,-,-,33.697269439697266,-117.73748016357422,ORANGE,IRVINE,-117.73843383789063,33.69857406616211
84372634,2024,2024-08-28,3008,2024-07-11,1739,1688,NA,4,5,6,3008,0,0,0,NA,0,NA,HARBOR BLVD,BASTANCHURY RD,2163,N,N,A,-,N,NA,NA,NA,NA,NA,NA,NA,NA,NA,Y,4,0,1,2,A,-,09,21804,A,N,D,C,A,A,H,-,A,D,0,NA,NA,NA,NA,Y,NA,A,01,0,0,1,0,0,0,0,0,0,-,-,33.894989013671875,-117.92825317382813,ORANGE,FULLERTON,-117.92923736572266,33.901527404785156
84374414,2024,2024-08-29,3019,2024-08-22,611,3737,NA,4,5,7,3019,0,0,0,NA,0,004,MCFADDEN AVENUE,MANTLE LANE,20,E,N,A,-,N,NA,NA,NA,NA,NA,NA,NA,NA,NA,Y,4,0,1,3,A,-,03,22350,NA,N,C,C,A,A,H,-,A,D,0,NA,NA,NA,NA,Y,Y,-,-,0,0,1,0,0,0,0,0,0,-,-,33.733619689941406,-117.84236907958984,ORANGE,SANTA ANA,-117.84264373779295,33.73377990722656
84376114,2024,2024-08-30,3001,2024-08-19,1458,A2687,NA,1,5,7,3001,0,0,0,NA,0,NA,CRESCENT AVENUE,BROOKHURST STREET,0,S,Y,A,-,N,NA,NA,NA,NA,NA,NA,NA,NA,NA,N,4,0,1,2,A,-,09,21801,A,N,D,C,A,A,H,-,A,A,0,NA,NA,Y,NA,Y,NA,A,01,0,0,1,0,0,0,0,0,1,-,-,NA,NA,ORANGE,ANAHEIM,-117.95904541015624,33.839820861816406
84376162,2024,2024-08-30,3001,2024-08-27,742,A2382,NA,2,5,7,3001,0,0,0,NA,0,D-1,BALL ROAD,BROOKHURST STREET,145,W,N,A,-,N,NA,NA,NA,NA,NA,NA,NA,NA,NA,Y,3,0,2,2,A,-,09,21804,A,N,D,C,A,A,H,-,A,D,0,NA,NA,NA,NA,Y,NA,D,22,0,1,1,0,0,0,0,0,0,-,-,NA,NA,ORANGE,ANAHEIM,-117.95941925048828,33.817779541015625
84378284,2024,2024-09-02,3008,2024-07-19,1645,1666,NA,5,5,6,3008,0,0,0,NA,0,NA,STATE COLLEGE BLVD,KIMBERLY AVE,0,NA,Y,A,-,N,NA,NA,NA,NA,NA,NA,NA,NA,NA,Y,4,0,1,2,A,-,08,22107,NA,N,D,C,A,A,H,-,A,A,0,NA,NA,NA,NA,Y,NA,A,01,0,0,1,0,0,0,0,0,0,-,-,33.86299133300781,-117.8893814086914,ORANGE,FULLERTON,-117.8894500732422,33.86322784423828
84380362,2024,2024-09-04,3001,2024-08-15,1922,A2994,NA,4,5,7,3001,0,0,0,NA,0,D-1,MAGNOLIA AVENUE,GREENLEAF AVENUE,108,N,N,A,-,N,NA,NA,NA,NA,NA,NA,NA,NA,NA,N,4,0,1,2,A,-,03,22350,NA,N,C,C,A,A,H,-,B,D,0,NA,NA,NA,NA,Y,NA,A,01,0,0,1,0,0,0,0,0,0,-,-,33.8424186706543,-117.97618103027344,ORANGE,ANAHEIM,-117.97610473632813,33.84262466430664
84380373,2024,2024-09-04,3001,2024-08-31,2336,A2783,NA,6,5,7,3001,0,0,0,NA,0,013,MAGNOLIA AVENUE,WESTHAVEN DRIVE,390,S,N,A,-,N,NA,NA,NA,NA,NA,NA,NA,NA,NA,Y,2,0,1,3,A,-,01,23152,A,N,C,E,A,A,H,-,C,D,0,NA,NA,NA,NA,Y,NA,A,01,1,0,0,0,0,0,0,0,0,-,-,33.823970794677734,-117.97579956054688,ORANGE,ANAHEIM,-117.97589111328124,33.82276916503906
84380421,2024,2024-09-04,3010,2024-08-23,1554,1107,NA,5,5,6,3010,0,0,0,NA,0,006,SLATER AVE,BEACH BL - SR39 BLVD,190,W,N,A,-,Y,ORA,NA,39,NA,NA,4.132,H,NA,R,Y,4,0,2,3,A,-,03,22350,NA,N,C,C,A,A,H,-,A,D,0,NA,NA,NA,NA,Y,NA,A,01,0,0,2,0,0,0,0,0,0,-,-,33.708431243896484,-117.98908233642578,ORANGE,HUNTINGTON BEACH,-117.98910522460938,33.708431243896484
84383305,2024,2024-09-06,3001,2024-09-03,1505,A2484,NA,2,5,7,3001,0,0,0,NA,0,NA,WEIR CANYON ROAD,RT 91 EBOFF/R,0,NA,Y,A,-,N,NA,NA,NA,NA,NA,NA,NA,NA,NA,Y,4,0,3,3,A,-,03,22350,NA,N,C,C,A,A,H,-,A,D,0,NA,NA,NA,NA,Y,NA,A,01,0,0,3,0,0,0,0,0,0,-,-,33.869110107421875,-117.74372100830078,ORANGE,ANAHEIM,-117.74453735351563,33.8702507019043
84385030,2024,2024-09-09,3015,2024-09-03,1101,1536,NA,2,5,6,3015,0,0,0,NA,0,494,CHAPMAN AVE,THE CITY DR,280,W,N,A,-,N,NA,NA,NA,NA,NA,NA,NA,NA,NA,N,3,0,1,2,A,-,08,22107,NA,N,B,C,A,A,H,-,A,D,0,NA,NA,NA,Y,Y,NA,A,07,0,1,0,0,0,0,0,0,0,-,-,33.78886032104492,-117.89080810546876,ORANGE,ORANGE,-117.8918685913086,33.78904724121094
8439371,2017,2017-09-14,3014,2017-08-23,1553,1179,RD16,3,5,5,3014,0,0,0,NA,0,0A1,BALBOA BL,38TH ST,0,NA,Y,A,-,N,NA,NA,NA,NA,NA,NA,NA,NA,NA,N,3,0,1,2,A,-,12,22450,A,N,H,G,A,A,H,-,A,D,0,NA,Y,NA,NA,Y,NA,D,22,0,1,0,0,0,0,1,0,0,-,-,33.61786,-117.93523,ORANGE,NEWPORT BEACH,-117.93536009,33.61779002