CASE_ID,ACCIDENT_YEAR,PROC_DATE,JURIS,COLLISION_DATE,COLLISION_TIME,OFFICER_ID,REPORTING_DISTRICT,DAY_OF_WEEK,CHP_SHIFT,POPULATION,CNTY_CITY_LOC,SPECIAL_COND,BEAT_TYPE,CHP_BEAT_TYPE,CITY_DIVISION_LAPD,CHP_BEAT_CLASS,BEAT_NUMBER,PRIMARY_RD,SECONDARY_RD,DISTANCE,DIRECTION,INTERSECTION,WEATHER_1,WEATHER_2,STATE_HWY_IND,CALTRANS_COUNTY,CALTRANS_DISTRICT,STATE_ROUTE,ROUTE_SUFFIX,POSTMILE_PREFIX,POSTMILE,LOCATION_TYPE,RAMP_INTERSECTION,SIDE_OF_HWY,TOW_AWAY,COLLISION_SEVERITY,NUMBER_KILLED,NUMBER_INJURED,PARTY_COUNT,PRIMARY_COLL_FACTOR,PCF_CODE_OF_VIOL,PCF_VIOL_CATEGORY,PCF_VIOLATION,PCF_VIOL_SUBSECTION,HIT_AND_RUN,TYPE_OF_COLLISION,MVIW,PED_ACTION,ROAD_SURFACE,ROAD_COND_1,ROAD_COND_2,LIGHTING,CONTROL_DEVICE,CHP_ROAD_TYPE,PEDESTRIAN_ACCIDENT,BICYCLE_ACCIDENT,MOTORCYCLE_ACCIDENT,TRUCK_ACCIDENT,NOT_PRIVATE_PROPERTY,ALCOHOL_INVOLVED,STWD_VEHTYPE_AT_FAULT,CHP_VEHTYPE_AT_FAULT,COUNT_SEVERE_INJ,COUNT_VISIBLE_INJ,COUNT_COMPLAINT_PAIN,COUNT_PED_KILLED,COUNT_PED_INJURED,COUNT_BICYCLIST_KILLED,COUNT_BICYCLIST_INJURED,COUNT_MC_KILLED,COUNT_MC_INJURED,PRIMARY_RAMP,SECONDARY_RAMP,LATITUDE,LONGITUDE,COUNTY,CITY,POINT_X,POINT_Y
84789275,2025,2025-08-05,3019,2025-07-11,2056,3965,NA,5,5,7,3019,0,0,0,NA,0,004,PACIFIC AVENUE,WILLITS STREET,100,N,N,A,-,N,NA,NA,NA,NA,NA,NA,NA,NA,NA,Y,3,0,2,3,A,-,03,22350,NA,N,A,E,A,A,H,-,C,D,0,NA,NA,NA,NA,Y,NA,A,07,0,1,1,0,0,0,0,0,0,-,-,33.74007034301758,-117.887939453125,ORANGE,SANTA ANA,-117.88810729980467,33.74019241333008
84789278,2025,2025-08-05,3019,2025-07-13,1528,3677,NA,7,5,7,3019,0,0,0,NA,0,003,1ST STREET,HICKORY STREET,40,W,N,A,-,N,NA,NA,NA,NA,NA,NA,NA,NA,NA,Y,4,0,1,1,A,-,08,22107,NA,N,E,I,A,A,H,-,A,D,0,NA,NA,NA,NA,Y,NA,A,01,0,0,1,0,0,0,0,0,0,-,-,33.74563980102539,-117.86118316650392,ORANGE,SANTA ANA,-117.86109924316406,33.74545669555664
84789308,2025,2025-08-05,3019,2025-07-16,2043,3727,NA,3,5,7,3019,0,0,0,NA,0,004,BRISTOL STREET,BRISTOL PLAZA,15,S,N,A,-,N,NA,NA,NA,NA,NA,NA,NA,NA,NA,Y,3,0,1,1,A,-,08,22107,NA,N,E,I,A,A,H,-,C,D,0,NA,NA,NA,NA,Y,NA,A,07,0,1,0,0,0,0,0,0,0,-,-,33.70204162597656,-117.88546752929688,ORANGE,SANTA ANA,-117.88514709472656,33.74543380737305
84789337,2025,2025-08-05,3019,2025-07-18,805,3201,NA,5,5,7,3019,0,0,0,NA,0,004,MACARTHUR BOULEVARD,HARBOR BOULEVARD,0,NA,Y,A,-,N,NA,NA,NA,NA,NA,NA,NA,NA,NA,N,2,0,1,2,A,-,10,21950,A,N,G,B,B,A,H,-,A,D,0,Y,NA,NA,NA,Y,NA,A,01,1,0,0,0,1,0,0,0,0,-,-,33.70188903808594,-117.92054748535156,ORANGE,SANTA ANA,-117.91947174072266,33.70195770263672
84790766,2025,2025-08-06,3001,2025-08-04,1845,A2540,NA,1,5,7,3001,0,0,0,NA,0,NA,PHILADELPHIA STREET,SUSANNE STREET,40,N,N,A,-,N,NA,NA,NA,NA,NA,NA,NA,NA,NA,N,3,0,1,4,A,-,01,23152,A,M,B,E,A,A,H,-,A,D,0,NA,NA,NA,NA,Y,Y,A,01,0,1,0,0,0,0,0,0,0,-,-,33.82284927368164,-117.90592956542967,ORANGE,ANAHEIM,-117.90615081787108,33.822696685791016
84792517,2025,2025-08-08,3001,2025-07-24,1052,A2813,NA,4,5,7,3001,0,0,0,NA,0,D-3,HOWELL AVENUE,LEWIS STREET,624,E,N,A,-,N,NA,NA,NA,NA,NA,NA,NA,NA,NA,N,4,0,1,2,A,-,09,21804,A,N,D,C,A,A,H,-,A,D,0,NA,NA,NA,NA,Y,NA,M,44,0,0,1,0,0,0,0,0,0,-,-,NA,NA,ORANGE,ANAHEIM,-117.89588928222656,33.806861877441406
84792745,2025,2025-08-07,3019,2025-07-15,1607,3737,NA,2,5,7,3019,0,0,0,NA,0,004,FAIRVIEW STREET,EDINGER AVENUE,0,NA,Y,A,-,N,NA,NA,NA,NA,NA,NA,NA,NA,NA,N,4,0,3,2,A,-,12,21453,A,M,D,C,A,A,H,-,A,A,0,NA,NA,NA,NA,Y,NA,-,99,0,0,3,0,0,0,0,0,0,-,-,33.72732162475586,-117.90615844726563,ORANGE,SANTA ANA,-117.90616607666016,33.72731018066406
8479439,2017,2017-11-07,3010,2017-09-23,0536,1224,292,6,5,6,3010,0,0,0,NA,0,005,FLORIDA,CLAY,123,S,N,A,-,N,NA,NA,NA,NA,NA,NA,NA,NA,NA,Y,4,0,1,3,A,-,01,23152,A,N,A,E,A,A,H,-,C,D,0,NA,NA,NA,NA,Y,Y,D,22,0,0,1,0,0,0,0,0,0,-,-,NA,NA,ORANGE,HUNTINGTON BEACH,-117.99095,33.68271276
84795758,2025,2025-08-11,3001,2025-06-22,1425,A2953,NA,7,5,7,3001,0,0,0,NA,0,D-1,KNOTT AVENUE,BALL ROAD,3,N,N,A,-,N,NA,NA,NA,NA,NA,NA,NA,NA,NA,Y,4,0,1,2,A,-,04,21703,NA,N,C,C,A,A,H,-,A,A,0,NA,NA,NA,NA,Y,NA,A,01,0,0,1,0,0,0,0,0,0,-,-,33.8173713684082,-118.01094818115234,ORANGE,ANAHEIM,-118.01080322265624,33.817256927490234
84796165,2025,2025-08-11,3001,2025-06-30,1615,A2348,NA,1,5,7,3001,0,0,0,NA,0,D-1,DALE AVENUE,CRESCENT AVENUE,0,NA,Y,-,-,N,NA,NA,NA,NA,NA,NA,NA,NA,NA,Y,3,0,3,2,A,-,12,21453,A,N,D,C,A,A,H,-,A,A,0,NA,NA,NA,NA,Y,NA,-,-,0,1,2,0,0,0,0,0,0,-,-,NA,NA,ORANGE,ANAHEIM,-117.9848175048828,33.8394775390625
84798402,2025,2025-08-12,3019,2025-07-30,1734,3716,NA,3,5,7,3019,0,0,0,NA,0,003,MAIN STREET,EDINGER AVENUE,89,N,N,A,-,N,NA,NA,NA,NA,NA,NA,NA,NA,NA,N,4,0,1,2,A,-,03,22350,NA,M,C,C,A,A,H,-,A,D,0,NA,NA,NA,NA,Y,NA,A,01,0,0,1,0,0,0,0,0,0,-,-,33.727081298828125,-117.867919921875,ORANGE,SANTA ANA,-117.86779022216795,33.727394104003906
84798413,2025,2025-08-12,3019,2025-08-02,1548,2676,NA,6,5,7,3019,0,0,0,NA,0,001,EUCLID STREET,WESTMINSTER AVENUE,368,N,N,A,-,N,NA,NA,NA,NA,NA,NA,NA,NA,NA,N,4,0,2,2,D,-,00,NA,NA,M,C,C,A,A,H,-,A,D,0,NA,NA,NA,NA,Y,NA,-,-,0,0,2,0,0,0,0,0,0,-,-,33.759769439697266,-117.9374771118164,ORANGE,SANTA ANA,-117.93757629394533,33.76058578491211
8479868,2017,2017-12-04,3007,2017-10-04,0744,246,65,3,5,5,3007,0,0,0,NA,0,001,ELLIS,BROOKHURST,371,W,N,A,-,N,NA,NA,NA,NA,NA,NA,NA,NA,NA,N,4,0,1,2,A,-,09,21804,A,N,D,C,A,A,H,-,A,A,0,NA,NA,NA,NA,Y,NA,D,22,0,0,1,0,0,0,0,0,0,-,-,NA,NA,ORANGE,FOUNTAIN VALLEY,-117.95548667,33.69412426
84802090,2025,2025-08-14,3010,2025-08-08,1122,6142,NA,5,5,6,3010,0,0,0,NA,0,002,HAMILTON AVE,BUSHARD ST,174,E,N,A,-,N,NA,NA,NA,NA,NA,NA,NA,NA,NA,N,4,0,1,2,A,-,09,21804,A,N,D,C,A,A,H,-,A,D,0,NA,NA,NA,NA,Y,NA,A,07,0,0,1,0,0,0,0,0,0,-,-,33.65031814575195,-117.96205902099608,ORANGE,HUNTINGTON BEACH,-117.9616928100586,33.65054702758789
8480263,2017,2017-11-09,3004,2017-10-17,1017,P542,07,2,5,6,3004,0,0,0,NA,0,015,E 20TH ST,FULLERTON AV,0,NA,Y,A,-,N,NA,NA,NA,NA,NA,NA,NA,NA,NA,Y,4,0,1,2,A,-,12,22450,A,N,D,C,A,A,H,-,A,A,0,NA,NA,NA,NA,Y,NA,D,22,0,0,1,0,0,0,0,0,0,-,-,33.6449,-117.9121,ORANGE,COSTA MESA,-117.91206001,33.64492011
8480287,2017,2018-06-26,3003,2017-10-03,0928,1056,NA,2,5,5,3003,0,0,0,NA,0,NA,AUTO CENTER DR,RT 5,0,NA,Y,A,-,Y,ORA,12,5,-,-,43.531,R,1,N,N,4,0,1,2,A,-,11,21456,B,N,G,C,D,A,H,-,A,A,0,Y,NA,NA,NA,Y,NA,N,60,0,0,1,0,1,0,0,0,0,-,NF,NA,NA,ORANGE,BUENA PARK,-117.99965084,33.86735379
84803832,2025,2025-08-15,3019,2025-08-13,1344,3884,NA,3,5,7,3019,0,0,0,NA,0,003,FLOWER STREET,SAINT GERTRUDE PLACE,0,NA,Y,A,-,N,NA,NA,NA,NA,NA,NA,NA,NA,NA,N,4,0,2,2,A,-,09,21802,A,N,D,C,A,A,H,-,A,A,0,NA,NA,NA,NA,Y,NA,-,-,0,0,2,0,0,0,0,0,0,-,-,33.719791412353516,-117.87686157226563,ORANGE,SANTA ANA,-117.87660217285156,33.71976852416992
8480401,2017,2017-11-20,3024,2017-10-10,2035,149,P38,2,5,5,3024,0,0,0,NA,0,EAST,MCFADDEN AV,MAGNOLIA ST,0,NA,Y,A,-,N,NA,NA,NA,NA,NA,NA,NA,NA,NA,N,4,0,2,2,A,-,08,22100,A,F,D,C,A,A,H,-,C,D,0,NA,NA,NA,NA,Y,NA,A,01,0,0,2,0,0,0,0,0,0,-,-,33.73756,-117.97228,ORANGE,WESTMINSTER,-117.97216003,33.73757006
84805992,2025,2025-08-18,3026,2025-08-14,1100,12434,NA,4,5,6,3026,0,0,0,NA,0,002,RED HILL AVE,MAIN ST,28,S,N,A,-,N,NA,NA,NA,NA,NA,NA,NA,NA,NA,N,3,0,1,2,A,-,03,22350,NA,N,C,C,A,A,H,-,A,A,0,NA,NA,NA,NA,Y,NA,A,07,0,1,0,0,0,0,0,0,0,-,-,33.68967056274414,-117.86456298828124,ORANGE,IRVINE,-117.86466979980467,33.68926239013672
84808071,2025,2025-08-19,3019,2025-08-12,1547,3550,NA,2,5,7,3019,0,0,0,NA,0,001,MAIN STREET,1ST STREET,0,NA,Y,A,-,N,NA,NA,NA,NA,NA,NA,NA,NA,NA,Y,3,0,3,3,A,-,12,21453,A,N,D,C,A,A,H,-,A,A,0,NA,NA,NA,NA,Y,NA,A,01,0,1,2,0,0,0,0,0,0,-,-,33.744659423828125,-117.86779022216795,ORANGE,SANTA ANA,-117.8676528930664,33.745418548583984
84811757,2025,2025-08-21,3010,2025-07-30,1838,2126,NA,3,5,6,3010,0,0,0,NA,0,004,YORKTOWN AVE,GOLDENWEST ST,793,E,N,A,-,N,NA,NA,NA,NA,NA,NA,NA,NA,NA,N,3,0,1,2,A,-,08,22107,NA,N,H,G,A,A,H,-,A,D,0,NA,Y,NA,NA,Y,NA,M,91,0,1,0,0,0,0,1,0,0,-,-,33.6793212890625,-118.00373077392578,ORANGE,HUNTINGTON BEACH,-118.00379180908205,33.679298400878906
8481206,2017,2017-11-17,3004,2017-10-18,1458,P542,13,3,5,6,3004,0,0,0,NA,0,013,W WILSON ST,COLLEGE AV,0,NA,Y,A,-,N,NA,NA,NA,NA,NA,NA,NA,NA,NA,Y,4,0,1,2,A,-,09,21802,A,N,D,C,A,A,H,-,A,D,0,NA,NA,NA,NA,Y,NA,A,01,0,0,1,0,0,0,0,0,0,-,-,33.6562,-117.9162,ORANGE,COSTA MESA,-117.91632012,33.65619007
8481255,2017,2017-11-14,3003,2017-10-24,1726,665,23,2,5,5,3003,0,0,0,NA,0,008,ARTESIA BL,STANTON AV,0,NA,Y,A,-,N,NA,NA,NA,NA,NA,NA,NA,NA,NA,N,4,0,1,2,A,-,08,22107,NA,N,B,B,B,A,H,-,A,A,0,Y,NA,NA,NA,Y,NA,A,01,0,0,1,0,1,0,0,0,0,-,-,33.8735,-117.9939,ORANGE,BUENA PARK,-117.99389006,33.87349001
8481269,2017,2017-11-14,3022,2017-10-13,1939,1284,NORTH,5,5,5,3022,0,0,0,NA,0,NA,TUSTIN RANCH RD,AUTO CENTER DR,0,NA,Y,A,-,N,NA,NA,NA,NA,NA,NA,NA,NA,NA,N,4,0,1,2,A,-,11,21456,B,N,G,B,B,A,H,-,C,A,0,Y,NA,NA,NA,Y,NA,N,60,0,0,1,0,1,0,0,0,0,-,-,33.72795,-117.80177,ORANGE,TUSTIN,-117.80170008,33.72802009
84813263,2025,2025-08-25,3001,2025-07-03,1207,A2303,NA,4,5,7,3001,0,0,0,NA,0,D-2,EUCLID STREET,BEACON AVENUE,68,S,N,A,-,N,NA,NA,NA,NA,NA,NA,NA,NA,NA,N,4,0,1,2,A,-,09,21804,A,N,D,D,A,A,A,-,A,D,0,NA,NA,NA,NA,Y,NA,A,01,0,0,1,0,0,0,0,0,0,-,-,NA,NA,ORANGE,ANAHEIM,-117.9414291381836,33.81999206542969
84814698,2025,2025-08-25,3001,2025-07-09,852,A2303,NA,3,5,7,3001,0,0,0,NA,0,D-1,LINCOLN AVENUE,KNOTT AVENUE,717,E,N,A,-,N,NA,NA,NA,NA,NA,NA,NA,NA,NA,N,3,0,1,2,A,-,03,22350,NA,M,D,G,A,A,H,-,A,D,0,NA,Y,NA,NA,Y,NA,L,04,0,1,0,0,0,0,1,0,0,-,-,33.83203125,-118.01081085205078,ORANGE,ANAHEIM,-118.008544921875,33.83198928833008
84817256,2025,2025-08-26,3001,2025-08-23,2214,A3044,NA,6,5,7,3001,0,0,0,NA,0,D-2,SANTA ANA STREET,WEST STREET,0,NA,Y,A,-,N,NA,NA,NA,NA,NA,NA,NA,NA,NA,Y,2,0,2,2,A,-,01,23153,A,N,C,C,A,A,H,-,C,A,0,NA,NA,NA,NA,Y,Y,A,01,1,0,1,0,0,0,0,0,0,-,-,33.828060150146484,-117.92578887939452,ORANGE,ANAHEIM,-117.92560577392578,33.828094482421875
84817467,2025,2025-08-26,3019,2025-07-25,1827,3991,NA,5,5,7,3019,0,0,0,NA,0,001,1ST STREET,JACKSON STREET,5,W,N,A,-,N,NA,NA,NA,NA,NA,NA,NA,NA,NA,N,4,0,1,2,A,-,03,22350,NA,F,C,C,A,A,H,-,A,A,0,NA,NA,NA,NA,Y,Y,A,01,0,0,1,0,0,0,0,0,0,-,-,33.745391845703125,-117.91574096679688,ORANGE,SANTA ANA,-117.9158172607422,33.74518966674805
84817511,2025,2025-08-26,3019,2025-08-02,1530,3970,NA,6,5,7,3019,0,0,0,NA,0,004,BAKER STREET,EDINGER AVENUE,300,N,N,A,-,N,NA,NA,NA,NA,NA,NA,NA,NA,NA,N,4,0,1,2,D,-,00,NA,NA,M,H,C,A,A,A,-,A,D,0,NA,NA,NA,NA,Y,NA,-,-,0,0,1,0,0,0,0,0,0,-,-,33.727359771728516,-117.8831024169922,ORANGE,SANTA ANA,-117.88300323486328,33.72804260253906
84817603,2025,2025-08-26,3019,2025-08-17,2023,3756,NA,7,5,7,3019,0,0,0,NA,0,004,EDINGER AVENUE,BRISTOL STREET,30,W,N,A,-,N,NA,NA,NA,NA,NA,NA,NA,NA,NA,N,4,0,1,2,A,-,03,22350,NA,M,C,C,A,A,H,-,C,A,0,NA,NA,NA,NA,Y,NA,A,01,0,0,1,0,0,0,0,0,0,-,-,33.72727966308594,-117.88524627685548,ORANGE,SANTA ANA,-117.8852310180664,33.727169036865234
84818590,2025,2025-08-26,3014,2025-08-18,1020,1532,NA,1,5,5,3014,0,0,0,NA,0,A4,BONITA CANYON DR,MACARTHUR BLVD,5,E,N,A,-,N,NA,NA,NA,NA,NA,NA,NA,NA,NA,N,3,0,1,2,A,-,08,22107,NA,N,H,G,A,A,H,-,A,D,0,NA,Y,NA,NA,Y,NA,A,07,0,1,0,0,0,0,1,0,0,-,-,33.62950134277344,-117.86229705810548,ORANGE,NEWPORT BEACH,-117.86244201660156,33.62942123413086
84819185,2025,2025-08-27,3001,2025-07-15,1109,A2576,NA,2,5,7,3001,0,0,0,NA,0,043,LAKE VIEW AVENUE,W/B 91 OFF-RAMP,5,S,N,A,-,N,NA,NA,NA,NA,NA,NA,NA,NA,NA,N,4,0,1,2,A,-,12,21453,A,N,D,C,A,A,H,-,A,A,0,NA,NA,NA,NA,Y,NA,-,-,0,0,1,0,0,0,0,0,0,-,-,NA,NA,ORANGE,ANAHEIM,NA,NA
84824633,2025,2025-09-15,3008,2025-06-29,1621,1678,NA,7,5,6,3008,0,0,0,NA,0,ZONE 3,ACACIA AVE,COMMONWEALTH AVE,0,NA,Y,A,-,N,NA,NA,NA,NA,NA,NA,NA,NA,NA,Y,4,0,1,2,A,-,12,21453,A,N,D,C,A,A,H,-,A,A,0,NA,NA,NA,NA,Y,NA,A,01,0,0,1,0,0,0,0,0,0,-,-,33.870399475097656,-117.89806365966795,ORANGE,FULLERTON,-117.89826202392578,33.87052917480469
84831170,2025,2025-09-05,3019,2025-08-10,2318,3781,NA,7,5,7,3019,0,0,0,NA,0,004,MCFADDEN AVENUE,BRISTOL STREET,30,W,N,A,-,N,NA,NA,NA,NA,NA,NA,NA,NA,NA,Y,4,0,1,2,A,-,01,23152,G,N,C,C,A,A,H,-,C,D,0,NA,NA,NA,NA,Y,Y,A,07,0,0,1,0,0,0,0,0,0,-,-,33.733890533447266,-117.8854522705078,ORANGE,SANTA ANA,-117.8852996826172,33.73446273803711
84832730,2025,2025-09-08,3002,2025-07-24,1848,1734,NA,4,5,4,3002,0,0,0,NA,0,002,STATE COLLEGE BL,CLIFFWOOD AV,0,NA,Y,A,-,N,NA,NA,NA,NA,NA,NA,NA,NA,NA,Y,3,0,5,2,A,-,12,21453,A,N,D,C,A,A,H,-,A,A,0,NA,NA,NA,NA,Y,NA,A,07,0,2,3,0,0,0,0,0,0,-,-,33.92797088623047,-117.8894271850586,ORANGE,BREA,-117.88997650146484,33.928314208984375
8483285,2017,2017-11-20,3001,2017-10-28,1925,2187,NA,6,5,7,3001,0,0,0,NA,0,0D1,SOUTH DALE AV,W SAVOY PL,0,NA,N,A,-,N,NA,NA,NA,NA,NA,NA,NA,NA,NA,Y,3,0,2,2,A,-,09,21801,A,N,D,C,A,A,H,-,C,D,0,NA,NA,NA,NA,Y,NA,D,22,0,1,1,0,0,0,0,0,0,-,-,NA,NA,ORANGE,ANAHEIM,-117.98470006,33.82681012
84838121,2025,2025-09-10,3001,2025-08-15,1447,A2348,NA,5,5,7,3001,0,0,0,NA,0,D-1,CAMBRIA PLACE,RAINBOW AVENUE,139,N,N,A,-,N,NA,NA,NA,NA,NA,NA,NA,NA,NA,N,4,0,1,2,A,-,09,21804,A,N,D,C,A,A,H,-,A,D,0,NA,NA,NA,NA,Y,NA,A,01,0,0,1,0,0,0,0,0,0,-,-,33.84537124633789,-117.97128295898438,ORANGE,ANAHEIM,-117.97126007080078,33.84579086303711
84838129,2025,2025-09-10,3001,2025-08-18,1724,A1278,NA,1,5,7,3001,0,0,0,NA,0,D-1,LINCOLN AVENUE,BEL AIR STREET,222,W,N,A,-,N,NA,NA,NA,NA,NA,NA,NA,NA,NA,N,4,0,2,3,A,-,09,21804,A,N,D,C,A,A,H,-,A,D,0,NA,NA,NA,NA,Y,NA,A,07,0,0,2,0,0,0,0,0,0,-,-,33.8319091796875,-117.98887634277344,ORANGE,ANAHEIM,-117.98974609375,33.83216857910156
84838336,2025,2025-09-22,3008,2025-07-06,940,1574,NA,7,5,6,3008,0,0,0,NA,0,NA,ROSECRANS AVE,PARKS RD,0,NA,Y,A,-,N,NA,NA,NA,NA,NA,NA,NA,NA,NA,N,4,0,1,2,A,-,12,21453,A,N,D,G,A,A,H,-,A,A,0,NA,Y,NA,NA,Y,NA,L,04,0,0,1,0,0,0,1,0,0,-,-,33.89276885986328,-117.95387268066406,ORANGE,FULLERTON,-117.95403289794922,33.892704010009766
84841659,2025,2025-09-12,3001,2025-08-19,1511,A2494,NA,2,5,7,3001,0,0,0,NA,0,D-3,HASTER STREET,ORANGEWOOD AVENUE,304,N,N,A,-,N,NA,NA,NA,NA,NA,NA,NA,NA,NA,Y,4,0,3,2,A,-,09,21804,A,N,A,C,A,A,H,-,A,D,0,NA,NA,NA,NA,Y,NA,A,01,0,0,3,0,0,0,0,0,0,-,-,NA,NA,ORANGE,ANAHEIM,-117.90642547607422,33.79695129394531
84841860,2025,2025-09-12,3019,2025-09-08,1459,3716,NA,1,5,7,3019,0,0,0,NA,0,001,BAKER STREET,17TH STREET (W),56,N,N,A,-,N,NA,NA,NA,NA,NA,NA,NA,NA,NA,N,4,0,2,2,A,-,21,22106,NA,M,H,C,A,A,H,-,A,D,0,NA,NA,NA,NA,Y,NA,D,22,0,0,2,0,0,0,0,0,0,-,-,33.75941848754883,-117.88253021240234,ORANGE,SANTA ANA,-117.88268280029295,33.75996017456055
8484272,2017,2017-11-17,3014,2017-11-01,1551,1146,RD24,3,5,5,3014,0,0,0,NA,0,0A2,WEST 16TH ST,BABCOCK ST,224,E,N,A,-,N,NA,NA,NA,NA,NA,NA,NA,NA,NA,Y,4,0,1,3,A,-,09,21804,A,N,D,C,A,A,H,-,A,D,0,NA,NA,NA,NA,Y,NA,A,07,0,0,1,0,0,0,0,0,0,-,-,33.6324,-117.9332,ORANGE,NEWPORT BEACH,-117.93330593,33.63246011
84843979,2025,2025-09-15,3026,2025-09-02,1249,12434,NA,2,5,6,3026,0,0,0,NA,0,002,VON KARMAN AVE,DUPONT DR,0,NA,Y,A,-,N,NA,NA,NA,NA,NA,NA,NA,NA,NA,N,3,0,1,2,A,-,11,21954,A,N,G,B,B,A,H,-,A,A,0,Y,NA,NA,NA,Y,NA,N,60,0,1,0,0,1,0,0,0,0,-,-,33.672821044921875,-117.85652160644533,ORANGE,IRVINE,-117.8563995361328,33.672508239746094
84844019,2025,2025-09-16,3001,2025-08-14,2312,A2768,NA,4,5,7,3001,0,0,0,NA,0,D-3,HARBOR BOULEVARD,CHAPMAN AVENUE,78,N,N,A,-,N,NA,NA,NA,NA,NA,NA,NA,NA,NA,N,3,0,2,2,A,-,03,22350,NA,N,B,C,A,A,H,-,C,A,0,NA,NA,Y,NA,Y,Y,C,02,0,2,0,0,0,0,0,0,2,-,-,33.78860855102539,-117.91519165039063,ORANGE,ANAHEIM,-117.91480255126952,33.78911209106445
8484500,2017,2017-12-19,3007,2017-11-03,1400,1134,45,5,5,5,3007,0,0,0,NA,0,001,BROOKHURST AV,EL CORAZON,0,NA,Y,A,-,N,NA,NA,NA,NA,NA,NA,NA,NA,NA,N,4,0,1,2,A,-,09,21801,A,N,D,C,A,A,H,-,A,D,0,NA,NA,NA,NA,Y,NA,-,NA,0,0,1,0,0,0,0,0,0,-,-,NA,NA,ORANGE,FOUNTAIN VALLEY,-117.95452006,33.71032003
84845366,2025,2025-09-24,3014,2025-08-10,2159,1589,NA,7,5,5,3014,0,0,0,NA,0,A2,SR-1 (W. COAST HWY),ORANGE AVE,204.8,W,N,A,-,Y,ORA,NA,1,NA,NA,21.299,H,NA,R,Y,3,0,1,2,A,-,03,22350,NA,N,B,C,A,A,H,-,C,D,0,NA,NA,NA,NA,Y,NA,A,01,0,1,0,0,0,0,0,0,0,-,-,33.62858963012695,-117.9530029296875,ORANGE,NEWPORT BEACH,-117.95295715332033,33.62863540649414
84855607,2025,2025-09-23,3010,2025-09-21,1841,6045,NA,7,5,6,3010,0,0,0,NA,0,007,BEACH BL - SR39 BLVD,MACDONALD DR,0,NA,Y,A,-,Y,ORA,NA,39,NA,NA,5.211,H,NA,R,Y,4,0,2,2,A,-,12,21453,A,N,D,C,A,A,H,-,A,A,0,NA,NA,NA,NA,Y,NA,A,01,0,0,2,0,0,0,0,0,0,-,-,33.72407150268555,-117.9892120361328,ORANGE,HUNTINGTON BEACH,-117.98912811279295,33.72407150268555
8485573,2017,2018-07-10,3010,2017-10-02,1732,251,242,1,5,6,3010,0,0,0,NA,0,008,RT 39,EDINGER,87,N,N,A,-,Y,ORA,12,39,-,-,5.66,H,-,S,N,4,0,2,2,A,-,04,21703,NA,N,C,C,A,A,H,-,A,A,0,NA,NA,NA,NA,Y,NA,A,07,0,0,2,0,0,0,0,0,0,-,-,NA,NA,ORANGE,HUNTINGTON BEACH,-117.98944102,33.73052368
84859163,2025,2025-09-29,3010,2025-09-17,2200,6067,NA,3,5,6,3010,0,0,0,NA,0,007,BEACH BL - SR39 BLVD,EDINGER AVE,0,NA,Y,A,-,Y,ORA,NA,39,NA,NA,5.62,H,NA,R,N,4,0,1,2,A,-,12,21453,A,N,D,C,A,A,H,-,C,A,0,NA,NA,NA,NA,Y,NA,A,01,0,0,1,0,0,0,0,0,0,-,-,33.729949951171875,-117.98925018310548,ORANGE,HUNTINGTON BEACH,-117.98922729492188,33.729949951171875
84860868,2025,2025-09-26,3019,2025-08-04,2106,3728,NA,1,5,7,3019,0,0,0,NA,0,001,1ST STREET,NEWHOPE STREET,20,W,N,A,-,Y,NA,NA,NA,NA,NA,NA,NA,NA,NA,N,4,0,1,2,A,-,11,21954,A,N,G,B,B,A,H,-,C,A,0,Y,NA,NA,NA,Y,Y,N,60,0,0,1,0,1,0,0,0,0,-,-,33.74509811401367,-117.9289321899414,ORANGE,SANTA ANA,-117.92882537841795,33.74509811401367
84865277,2025,2025-09-30,3026,2025-09-25,1130,14173,NA,4,5,6,3026,0,0,0,NA,0,001,MAIN ST,SAN MATEO,810,E,N,B,-,N,NA,NA,NA,NA,NA,NA,NA,NA,NA,N,3,0,1,1,A,-,08,22107,NA,N,F,A,A,A,H,-,A,D,0,NA,NA,Y,NA,Y,NA,C,02,0,1,0,0,0,0,0,0,1,-,-,33.67744827270508,-117.82610321044922,ORANGE,IRVINE,-117.82381439208984,33.67861557006836
84865324,2025,2025-09-30,3001,2025-09-22,1611,A1278,NA,1,5,7,3001,0,0,0,NA,0,D-3,ANAHEIM WAY,ANAHEIM BLVD,237,E,N,A,-,N,NA,NA,NA,NA,NA,NA,NA,NA,NA,Y,4,0,1,2,A,-,21,22106,NA,N,C,C,A,A,H,-,A,A,0,NA,NA,NA,NA,Y,NA,A,01,0,0,1,0,0,0,0,0,0,-,-,NA,NA,ORANGE,ANAHEIM,-117.90544128417967,33.80673599243164
84865549,2025,2025-09-30,3019,2025-09-24,1224,3737,NA,3,5,7,3019,0,0,0,NA,0,002,FAIRHAVEN AVENUE,PONDEROSA STREET,0,NA,Y,A,-,N,NA,NA,NA,NA,NA,NA,NA,NA,NA,Y,4,0,4,3,A,-,09,21802,A,N,D,C,A,A,H,-,A,A,0,NA,NA,NA,NA,Y,NA,A,07,0,0,4,0,0,0,0,0,0,-,-,33.77201843261719,-117.83357238769533,ORANGE,SANTA ANA,-117.83399963378906,33.77325439453125