CASE_ID,ACCIDENT_YEAR,PROC_DATE,JURIS,COLLISION_DATE,COLLISION_TIME,OFFICER_ID,REPORTING_DISTRICT,DAY_OF_WEEK,CHP_SHIFT,POPULATION,CNTY_CITY_LOC,SPECIAL_COND,BEAT_TYPE,CHP_BEAT_TYPE,CITY_DIVISION_LAPD,CHP_BEAT_CLASS,BEAT_NUMBER,PRIMARY_RD,SECONDARY_RD,DISTANCE,DIRECTION,INTERSECTION,WEATHER_1,WEATHER_2,STATE_HWY_IND,CALTRANS_COUNTY,CALTRANS_DISTRICT,STATE_ROUTE,ROUTE_SUFFIX,POSTMILE_PREFIX,POSTMILE,LOCATION_TYPE,RAMP_INTERSECTION,SIDE_OF_HWY,TOW_AWAY,COLLISION_SEVERITY,NUMBER_KILLED,NUMBER_INJURED,PARTY_COUNT,PRIMARY_COLL_FACTOR,PCF_CODE_OF_VIOL,PCF_VIOL_CATEGORY,PCF_VIOLATION,PCF_VIOL_SUBSECTION,HIT_AND_RUN,TYPE_OF_COLLISION,MVIW,PED_ACTION,ROAD_SURFACE,ROAD_COND_1,ROAD_COND_2,LIGHTING,CONTROL_DEVICE,CHP_ROAD_TYPE,PEDESTRIAN_ACCIDENT,BICYCLE_ACCIDENT,MOTORCYCLE_ACCIDENT,TRUCK_ACCIDENT,NOT_PRIVATE_PROPERTY,ALCOHOL_INVOLVED,STWD_VEHTYPE_AT_FAULT,CHP_VEHTYPE_AT_FAULT,COUNT_SEVERE_INJ,COUNT_VISIBLE_INJ,COUNT_COMPLAINT_PAIN,COUNT_PED_KILLED,COUNT_PED_INJURED,COUNT_BICYCLIST_KILLED,COUNT_BICYCLIST_INJURED,COUNT_MC_KILLED,COUNT_MC_INJURED,PRIMARY_RAMP,SECONDARY_RAMP,LATITUDE,LONGITUDE,COUNTY,CITY,POINT_X,POINT_Y
8535467,2017,2018-01-27,3019,2017-12-20,1907,3491,WE,3,5,7,3019,0,0,0,NA,0,001,HARBOR BL,WASHINGTON AV,556,N,N,A,-,N,NA,NA,NA,NA,NA,NA,NA,NA,NA,Y,4,0,1,3,A,-,03,22350,NA,N,C,C,A,A,H,-,C,D,0,NA,NA,NA,NA,Y,NA,A,01,0,0,1,0,0,0,0,0,0,-,-,33.75605,-117.92014,ORANGE,SANTA ANA,-117.92032,33.75768421
8535615,2017,2018-01-29,3019,2017-12-16,1341,3457,WE,6,5,7,3019,0,0,0,NA,0,001,1ST ST,HARBOR BL,347,W,N,A,-,N,NA,NA,NA,NA,NA,NA,NA,NA,NA,Y,4,0,3,3,A,-,03,22350,NA,N,C,C,A,A,H,-,A,D,0,NA,NA,NA,NA,Y,NA,A,01,0,0,3,0,0,0,0,0,0,-,-,33.74504,-117.92023,ORANGE,SANTA ANA,-117.92131877999999,33.74515
8535682,2018,2018-01-29,3005,2018-01-09,1239,8125,C35,2,5,4,3005,0,0,0,NA,0,003,VALLEY VIEW ST,CORPORATE AV,0,NA,Y,C,-,N,NA,NA,NA,NA,NA,NA,NA,NA,NA,Y,4,0,2,2,A,-,12,21453,A,N,D,C,A,B,G,-,A,A,0,NA,NA,NA,NA,Y,NA,A,07,0,0,2,0,0,0,0,0,0,-,-,NA,NA,ORANGE,CYPRESS,-118.02838897705078,33.807960510253906
8535752,2018,2018-02-01,3012,2018-01-03,1623,288,49,3,5,5,3012,0,0,0,NA,0,S/E,HARBOR BL,LAS PALMAS DR,44,S,N,A,-,N,NA,NA,NA,NA,NA,NA,NA,NA,NA,N,4,0,1,2,A,-,03,22350,NA,N,C,C,A,A,H,-,B,A,0,NA,NA,NA,NA,Y,NA,A,01,0,0,1,0,0,0,0,0,0,-,-,NA,NA,ORANGE,LA HABRA,-117.9313735961914,33.911922454833984
8535753,2018,2018-01-29,3005,2018-01-05,0931,8202,C34,5,5,4,3005,0,0,0,NA,0,003,CORPORATE AV,CAMDEN DR,0,NA,Y,A,-,N,NA,NA,NA,NA,NA,NA,NA,NA,NA,Y,4,0,2,2,A,-,09,21802,A,N,D,C,A,A,H,-,A,A,0,NA,NA,NA,NA,Y,NA,A,01,0,0,2,0,0,0,0,0,0,-,-,NA,NA,ORANGE,CYPRESS,-118.03131103515624,33.80799865722656
8535955,2017,2018-05-22,3010,2017-08-26,1201,1131,473,6,5,6,3010,0,0,0,NA,0,002,RT 1,NEWLAND ST,102,E,N,A,-,Y,ORA,12,1,-,-,23.25,H,-,N,Y,2,0,2,3,A,-,01,23152,A,F,B,G,A,A,H,-,A,D,0,NA,Y,NA,NA,Y,Y,M,59,1,0,1,0,0,0,2,0,0,-,-,NA,NA,ORANGE,HUNTINGTON BEACH,-117.98088512,33.64418286
8536594,2017,2018-01-22,3015,2017-12-21,1720,1563,12,4,5,6,3015,0,0,0,NA,0,312,WEST TOWN AND COUNTRY RD,SOUTH PARKER ST,0,NA,Y,A,-,N,NA,NA,NA,NA,NA,NA,NA,NA,NA,Y,4,0,2,2,A,-,09,21801,A,N,D,C,A,A,H,-,B,A,0,NA,NA,NA,NA,Y,NA,A,07,0,0,2,0,0,0,0,0,0,-,-,NA,NA,ORANGE,ORANGE,-117.85962004,33.77666007
8536611,2017,2018-01-30,3015,2017-12-01,1242,1440,127N,5,5,6,3015,0,0,0,NA,0,716,E MEATS AV,N TUSTIN,325,N,N,A,-,N,NA,NA,NA,NA,NA,NA,NA,NA,NA,Y,4,0,2,3,A,-,09,21804,A,N,A,C,A,A,H,-,A,D,0,NA,NA,NA,NA,Y,NA,A,01,0,0,2,0,0,0,0,0,0,-,-,NA,NA,ORANGE,ORANGE,-117.83603,33.82291
8536677,2017,2018-01-22,3001,2017-11-29,0756,1410,NA,3,5,7,3001,0,0,0,NA,0,0D2,EAST VERMONT AV,S WAYSIDE ST,253,E,N,A,-,N,NA,NA,NA,NA,NA,NA,NA,NA,NA,N,3,0,4,2,A,-,04,21703,NA,N,C,C,A,A,H,-,A,D,0,NA,NA,NA,NA,Y,NA,A,01,0,1,3,0,0,0,0,0,0,-,-,NA,NA,ORANGE,ANAHEIM,-117.89132775,33.82743098
8536701,2017,2018-01-26,3001,2017-11-15,1301,0705,NA,3,5,7,3001,0,0,0,NA,0,0D4,NOHL RANCH RD,ROYAL GROVE DR,0,NA,Y,A,-,N,NA,NA,NA,NA,NA,NA,NA,NA,NA,Y,3,0,1,2,A,-,12,21453,A,N,A,C,A,A,H,-,A,A,0,NA,NA,NA,NA,Y,NA,A,01,0,1,0,0,0,0,0,0,0,-,-,NA,NA,ORANGE,ANAHEIM,-117.80099,33.84445
8537615,2017,2018-01-23,3001,2017-12-16,0459,A2286,D1,6,5,7,3001,0,0,0,NA,0,0D1,N BROOKHURST ST,WEST CRESCENT AV,0,NA,Y,A,-,N,NA,NA,NA,NA,NA,NA,NA,NA,NA,Y,4,0,1,2,A,-,12,21453,A,F,D,C,A,A,H,-,C,A,0,NA,NA,NA,NA,Y,NA,-,NA,0,0,1,0,0,0,0,0,0,-,-,NA,NA,ORANGE,ANAHEIM,-117.95905001,33.8398201
8538293,2018,2018-01-29,3000,2018-01-03,0509,1802,861J6,3,5,5,3050,0,0,0,NA,0,18164,BAKE PKWY,BAFFIN BAY,0,NA,Y,A,-,N,NA,NA,NA,NA,NA,NA,NA,NA,NA,Y,4,0,1,2,A,-,09,21802,A,N,D,C,A,A,H,-,C,A,0,NA,NA,NA,Y,Y,NA,G,25,0,0,1,0,0,0,0,0,0,-,-,NA,NA,ORANGE,LAKE FOREST,-117.68180084228516,33.66788101196289
8539124,2018,2018-02-26,3000,2018-01-15,1520,5051,921E7,1,5,4,3049,0,0,0,NA,0,6M82,ALISO CREEK,LOMA CANTE,0,NA,Y,A,-,N,NA,NA,NA,NA,NA,NA,NA,NA,NA,Y,4,0,1,2,A,-,12,21453,A,N,D,C,A,A,H,-,A,A,0,NA,NA,NA,NA,Y,NA,A,07,0,0,1,0,0,0,0,0,0,-,-,NA,NA,ORANGE,ALISO VIEJO,-117.72590637207033,33.561241149902344
8540011,2017,2018-01-27,3001,2017-11-29,1451,1825,NA,3,5,7,3001,0,0,0,NA,0,0D3,EAST BALL RD,SOUTH STATE COLLEGE BL,224,E,N,A,-,N,NA,NA,NA,NA,NA,NA,NA,NA,NA,N,4,0,1,2,A,-,09,21804,A,N,D,C,A,A,H,-,A,D,0,NA,NA,NA,NA,Y,NA,A,01,0,0,1,0,0,0,0,0,0,-,-,NA,NA,ORANGE,ANAHEIM,-117.88865435,33.81809765
8541139,2018,2018-02-01,3024,2018-01-12,1417,420,P-17,5,5,5,3024,0,0,0,NA,0,WEST,MAPLE ST,GOLDENWEST ST,293,E,N,A,-,N,NA,NA,NA,NA,NA,NA,NA,NA,NA,Y,3,0,2,2,A,-,08,22103,NA,N,D,C,A,A,H,-,A,A,0,NA,NA,NA,NA,Y,NA,A,07,0,1,1,0,0,0,0,0,0,-,-,33.753658294677734,-118.00721740722656,ORANGE,WESTMINSTER,-118.00614166259766,33.75368118286133
8541573,2017,2018-02-05,3026,2017-12-26,1731,313,NA,2,5,6,3026,0,0,0,NA,0,NA,BARRANCA PKWY,LAGUNA CANYON RD,0,NA,Y,A,-,N,NA,NA,NA,NA,NA,NA,NA,NA,NA,Y,2,0,2,2,A,-,09,21453,C,N,D,C,A,A,H,-,C,A,0,NA,NA,NA,NA,Y,NA,A,07,1,0,1,0,0,0,0,0,0,-,-,33.6617,-117.76659,ORANGE,IRVINE,-117.76681008,33.66166004
8541757,2018,2018-02-06,3026,2018-01-19,1231,6352,NA,5,5,6,3026,0,0,0,NA,0,NA,SPRING VALLEY,MODESTO,0,NA,Y,B,-,N,NA,NA,NA,NA,NA,NA,NA,NA,NA,Y,3,0,1,2,A,-,12,22450,A,N,D,C,A,A,H,-,A,A,0,NA,NA,NA,NA,Y,NA,A,01,0,1,0,0,0,0,0,0,0,-,-,33.7340087890625,-117.76841735839844,ORANGE,IRVINE,-117.76862335205078,33.7340202331543
8541944,2018,2018-06-28,3004,2018-01-27,0336,P651,12,6,5,6,3004,0,0,0,NA,0,015,NEWPORT BL,23RD ST,67,N,N,A,-,N,NA,NA,55,NA,NA,NA,NA,NA,NA,Y,4,0,1,1,A,-,01,23152,A,M,E,I,A,A,H,-,C,A,0,NA,NA,NA,NA,Y,Y,D,22,0,0,1,0,0,0,0,0,0,-,-,33.65467071533203,-117.9052734375,ORANGE,COSTA MESA,-117.9056396484375,33.65501403808594
8542174,2018,2018-02-01,3004,2018-01-13,1227,P629,11,6,5,6,3004,0,0,0,NA,0,007,WEST 19TH ST,HARBOR BL,99,W,N,A,-,N,NA,NA,NA,NA,NA,NA,NA,NA,NA,N,3,0,2,4,A,-,03,22350,NA,N,E,I,A,A,H,-,A,A,0,NA,NA,NA,NA,Y,NA,A,07,0,2,0,0,0,0,0,0,0,-,-,33.6432991027832,-117.91951751708984,ORANGE,COSTA MESA,-117.91929626464844,33.643497467041016
8542631,2018,2018-02-02,3012,2018-01-08,1652,571,27,1,5,5,3012,0,0,0,NA,0,002,PALM ST,LA HABRA BL,0,NA,Y,C,-,N,NA,NA,NA,NA,NA,NA,NA,NA,NA,Y,4,0,1,2,A,-,12,21453,A,N,A,C,A,B,H,-,C,A,0,NA,NA,NA,NA,Y,NA,A,01,0,0,1,0,0,0,0,0,0,-,-,NA,NA,ORANGE,LA HABRA,-117.92440795898438,33.93186950683594
8542870,2018,2018-02-09,3003,2018-01-17,0605,1200,NA,3,5,5,3003,0,0,0,NA,0,004,ORANGETHORPE AV,VALLEY VIEW ST,0,NA,Y,A,-,N,NA,NA,NA,NA,NA,NA,NA,NA,NA,Y,4,0,1,3,A,-,12,21453,A,N,D,C,A,A,H,-,C,A,0,NA,NA,NA,NA,Y,NA,A,01,0,0,1,0,0,0,0,0,0,-,-,33.85850143432617,-118.02839660644533,ORANGE,BUENA PARK,-118.0287628173828,33.85887908935547
8543965,2018,2018-07-26,3001,2018-01-10,0541,A1555,NA,3,5,7,3001,0,0,0,NA,0,0D4,NORTH LAKEVIEW AV,MCKINNON DR,532,S,N,B,-,Y,ORA,12,91,-,R,10.139,R,4,W,Y,4,0,1,2,A,-,03,22350,NA,N,C,C,A,A,H,-,C,D,0,NA,NA,NA,NA,Y,NA,A,01,0,0,1,0,0,0,0,0,0,-,-,NA,NA,ORANGE,ANAHEIM,-117.81386566162108,33.85155487060547
8543983,2017,2018-07-05,3000,2017-12-27,1315,2731,797J4,3,5,4,3021,0,0,0,NA,0,024,BEACH BL,CHAPMAN AV,290,N,N,A,-,Y,ORA,12,39,-,-,9.78,H,-,S,Y,4,0,3,5,A,-,08,22107,NA,N,B,D,A,A,H,-,A,D,0,NA,NA,NA,NA,Y,NA,A,08,0,0,3,0,0,0,0,0,0,-,-,NA,NA,ORANGE,STANTON,-117.99308015,33.78986447
8546375,2018,2018-02-08,3001,2018-01-22,1942,2187,NA,1,5,7,3001,0,0,0,NA,0,0D1,WEST ORANGE AV,SOUTH GILBERT ST,70,W,N,A,-,N,NA,NA,NA,NA,NA,NA,NA,NA,NA,Y,4,0,2,2,A,-,01,23152,F,N,C,E,A,A,H,-,C,D,0,NA,NA,NA,NA,Y,NA,A,01,0,0,2,0,0,0,0,0,0,-,-,NA,NA,ORANGE,ANAHEIM,-117.96782684326172,33.82495880126953
8546805,2018,2018-02-09,3010,2018-01-23,1309,1208,272,2,5,6,3010,0,0,0,NA,0,006,KEELSON,SLATER,0,NA,Y,A,-,N,NA,NA,NA,NA,NA,NA,NA,NA,NA,N,3,0,1,2,A,-,09,21804,A,N,D,C,A,A,H,-,A,A,0,NA,NA,Y,NA,Y,NA,A,01,0,1,0,0,0,0,0,0,1,-,-,NA,NA,ORANGE,HUNTINGTON BEACH,-117.9907684326172,33.70840072631836
8547239,2018,2018-02-12,3026,2018-01-20,0109,574,NA,6,5,6,3026,0,0,0,NA,0,00U,RED HILL,DYER,0,NA,Y,A,-,N,NA,NA,NA,NA,NA,NA,NA,NA,NA,Y,4,0,1,2,A,-,12,21453,A,N,D,C,A,A,H,-,C,A,0,NA,NA,NA,NA,Y,NA,-,NA,0,0,1,0,0,0,0,0,0,-,-,NA,NA,ORANGE,IRVINE,-117.84332275390624,33.70553970336914
8547968,2017,2018-02-09,3019,2017-12-28,1123,3316,NE,4,5,7,3019,0,0,0,NA,0,002,MAIN ST,11TH ST,0,NA,Y,A,-,N,NA,NA,NA,NA,NA,NA,NA,NA,NA,Y,2,0,1,2,A,-,09,21802,A,N,D,C,A,A,H,-,A,A,0,NA,NA,Y,NA,Y,NA,A,01,1,0,0,0,0,0,0,0,1,-,-,33.7545,-117.86773,ORANGE,SANTA ANA,-117.8676,33.75427001
8547982,2017,2018-02-12,3019,2017-12-25,1652,3388,NE,1,5,7,3019,0,0,0,NA,0,001,17TH ST,LINCOLN AV,152,W,N,A,-,N,NA,NA,NA,NA,NA,NA,NA,NA,NA,Y,4,0,2,2,A,-,03,22350,NA,N,D,C,A,A,H,-,A,A,0,NA,NA,NA,NA,Y,Y,A,01,0,0,2,0,0,0,0,0,0,-,-,NA,NA,ORANGE,SANTA ANA,-117.85667887,33.76001357
8548238,2018,2018-02-08,3001,2018-01-04,1530,A1740,NA,4,5,7,3001,0,0,0,NA,0,0D1,WEST BALL RD,SOUTH DALE AV,360,W,N,A,-,N,NA,NA,NA,NA,NA,NA,NA,NA,NA,Y,4,0,1,2,A,-,09,21804,A,N,D,C,A,A,H,-,A,D,0,NA,NA,NA,NA,Y,NA,A,01,0,0,1,0,0,0,0,0,0,-,-,NA,NA,ORANGE,ANAHEIM,-117.98573303222656,33.8175048828125
8549271,2018,2018-03-05,3026,2018-01-29,1043,548,UNIVE,1,5,6,3026,0,0,0,NA,0,003,TURTLE ROCK DR,EDGEHILL DR,0,NA,Y,A,-,N,NA,NA,NA,NA,NA,NA,NA,NA,NA,Y,4,0,1,2,A,-,03,22350,NA,N,C,C,A,A,H,-,A,D,0,NA,NA,NA,NA,Y,NA,I,11,0,0,1,0,0,0,0,0,0,-,-,33.641151428222656,-117.81996154785156,ORANGE,IRVINE,-117.81990814208984,33.64094161987305
8549521,2017,2018-02-13,3008,2017-09-11,1640,1341,Z 2,1,5,6,3008,0,0,0,NA,0,001,LEMON ST,VALLEY VIEW DR,0,NA,Y,A,-,N,NA,NA,NA,NA,NA,NA,NA,NA,NA,Y,4,0,1,2,A,-,09,21804,A,M,F,A,A,A,H,-,A,D,0,NA,NA,Y,NA,Y,NA,A,01,0,0,1,0,0,0,0,0,1,-,-,NA,NA,ORANGE,FULLERTON,-117.91995001,33.88123002
8551906,2018,2018-02-16,3009,2018-01-31,1537,3972,115,3,5,6,3009,0,0,0,NA,0,2 1,GARDEN GROVE BL,EUCLID ST,50,W,N,A,-,N,NA,NA,NA,NA,NA,NA,NA,NA,NA,Y,4,0,1,2,A,-,03,22350,NA,N,C,C,A,A,H,-,A,D,0,NA,NA,NA,NA,Y,NA,A,01,0,0,1,0,0,0,0,0,0,-,-,NA,NA,ORANGE,GARDEN GROVE,-117.93817138671876,33.77428436279297
8552260,2018,2018-02-15,3001,2018-01-31,1240,1410,NA,3,5,7,3001,0,0,0,NA,0,0D1,N BROOKHURST ST,WEST ORANGE AV,0,NA,Y,A,-,N,NA,NA,NA,NA,NA,NA,NA,NA,NA,Y,4,0,2,2,A,-,12,21453,A,N,D,C,A,A,H,-,A,A,0,NA,NA,NA,NA,Y,NA,A,01,0,0,2,0,0,0,0,0,0,-,-,NA,NA,ORANGE,ANAHEIM,-117.9589385986328,33.82503128051758
8552722,2017,2018-02-21,3000,2017-12-16,1915,5805,891A3,6,5,5,3050,0,0,0,NA,0,765,EL TORO RD,TRABUCO RD,49,E,N,A,-,N,NA,NA,NA,NA,NA,NA,NA,NA,NA,Y,3,0,1,2,A,-,01,23152,A,N,C,C,A,A,H,-,C,A,0,NA,NA,Y,NA,Y,Y,C,02,0,1,0,0,0,0,0,0,1,-,-,NA,NA,ORANGE,LAKE FOREST,-117.68010631,33.63708563
8553848,2018,2018-02-21,3019,2018-02-02,0045,3155,NE,5,5,7,3019,0,0,0,NA,0,002,17TH ST,PENN WY,126,W,N,A,-,N,NA,NA,NA,NA,NA,NA,NA,NA,NA,Y,4,0,2,2,A,-,08,22101,D,N,B,C,A,A,H,-,C,A,0,NA,NA,Y,NA,Y,NA,A,01,0,0,2,0,0,0,0,0,2,-,-,33.76015853881836,-117.86312103271484,ORANGE,SANTA ANA,-117.86355590820313,33.760074615478516
8553966,2017,2018-07-09,3008,2017-11-15,1403,1520,NA,3,5,6,3008,0,0,0,NA,0,0Z2,IMPERIAL HWY,PALM ST,260,W,N,A,-,Y,ORA,12,90,-,-,2.96,H,-,W,Y,4,0,5,4,A,-,03,22350,A,N,C,C,A,A,H,-,A,D,0,NA,NA,NA,NA,Y,NA,A,01,0,0,5,0,0,0,0,0,0,-,-,NA,NA,ORANGE,FULLERTON,-117.92519133,33.91746073
8554156,2017,2018-07-09,3010,2017-11-14,1855,1160,262,2,5,6,3010,0,0,0,NA,0,007,BEACH BL,CHRYSLER,109,N,N,A,-,Y,ORA,12,39,-,-,5.02,H,-,S,Y,4,0,2,3,A,-,03,22350,NA,N,C,C,A,A,H,-,C,D,0,NA,NA,NA,NA,Y,NA,A,01,0,0,2,0,0,0,0,0,0,-,-,NA,NA,ORANGE,HUNTINGTON BEACH,-117.98931164,33.7213033
8555342,2018,2018-02-15,3019,2018-01-05,1212,3531,WE,5,5,7,3019,0,0,0,NA,0,001,EUCLID ST,WESTMINSTER AV,60,S,N,A,-,N,NA,NA,NA,NA,NA,NA,NA,NA,NA,N,4,0,2,1,A,-,-,NA,NA,N,C,C,A,A,H,-,A,A,0,NA,NA,NA,NA,Y,NA,A,01,0,0,2,0,0,0,0,0,0,-,-,33.759761810302734,-117.9374771118164,ORANGE,SANTA ANA,-117.93762969970705,33.75942611694336
8557244,2018,2018-02-20,3022,2018-01-31,1414,1154,NORTH,3,5,5,3022,0,0,0,NA,0,NA,ORANGE AV,BONITA ST,19,S,N,A,-,N,NA,NA,NA,NA,NA,NA,NA,NA,NA,N,3,0,1,2,A,-,11,21954,A,N,G,B,D,A,H,-,A,D,0,Y,NA,NA,NA,Y,NA,N,60,0,1,0,0,1,0,0,0,0,-,-,33.73789978027344,-117.81954956054688,ORANGE,TUSTIN,-117.81951904296876,33.737918853759766
8557327,2017,2018-02-21,3008,2017-07-14,1900,1530,NA,5,5,6,3008,0,0,0,NA,0,0Z1,VALENCIA AV,JENSEN WY,27,S,N,A,-,N,NA,NA,NA,NA,NA,NA,NA,NA,NA,N,4,0,3,2,A,-,09,21804,A,N,D,C,A,A,H,-,B,D,0,NA,NA,NA,NA,Y,NA,A,01,0,0,3,0,0,0,0,0,0,-,-,NA,NA,ORANGE,FULLERTON,-117.97053,33.86644
8557339,2017,2018-02-21,3008,2017-08-08,1731,1458,NA,2,5,6,3008,0,0,0,NA,0,003,HERMOSA DR,HARBOR BL,1005,E,N,A,-,N,NA,NA,NA,NA,NA,NA,NA,NA,NA,N,3,0,1,1,A,-,08,22107,NA,N,E,I,A,A,H,-,A,D,0,NA,NA,Y,NA,Y,NA,C,02,0,1,0,0,0,0,0,0,1,-,-,NA,NA,ORANGE,FULLERTON,-117.93082,33.90948
8557654,2018,2018-08-10,3001,2018-03-25,0151,415,NA,7,5,7,3001,0,0,0,NA,0,0D1,BEACH BL,STONYBROOK DR,42,N,N,A,-,Y,ORA,12,39,-,-,11.96,H,-,N,Y,3,0,1,1,A,-,01,23152,A,N,E,I,A,A,H,-,C,D,0,NA,NA,NA,NA,Y,Y,A,01,0,1,0,0,0,0,0,0,0,-,-,NA,NA,ORANGE,ANAHEIM,-117.99323272705078,33.82154083251953
8558728,2018,2018-02-20,3014,2018-01-29,1916,1463,RD24,1,5,5,3014,0,0,0,NA,0,0A2,SUPERIOR AV,HOSPITAL RD,0,NA,Y,A,-,N,NA,NA,NA,NA,NA,NA,NA,NA,NA,Y,3,0,2,2,A,-,09,21801,A,N,D,C,A,A,H,-,C,A,0,NA,NA,NA,NA,Y,NA,A,01,0,1,1,0,0,0,0,0,0,-,-,33.37540054321289,-117.5540008544922,ORANGE,NEWPORT BEACH,-117.93377685546876,33.62588882446289
8559070,2017,2018-02-22,3009,2017-01-27,0919,4330,54,5,5,6,3009,0,0,0,NA,0,1-1,LAMPSON AV,WESTERN AV,0,NA,Y,A,-,N,NA,NA,NA,NA,NA,NA,NA,NA,NA,Y,4,0,2,2,A,-,12,21453,A,N,-,C,A,A,H,-,A,A,0,NA,NA,NA,NA,Y,NA,A,07,0,0,2,0,0,0,0,0,0,-,-,NA,NA,ORANGE,GARDEN GROVE,-118.00146004,33.78106003
8559183,2018,2018-02-26,3019,2018-02-10,0410,3467,WE,6,5,7,3019,0,0,0,NA,0,001,FAIRVIEW AV,DOWNIE PL,200,N,N,A,-,N,NA,NA,NA,NA,NA,NA,NA,NA,NA,Y,3,0,1,1,A,-,01,23152,A,N,E,I,A,A,H,-,C,D,0,NA,NA,NA,NA,Y,Y,A,01,0,1,0,0,0,0,0,0,0,-,-,NA,NA,ORANGE,SANTA ANA,-117.90296936035156,33.77130889892578
8559305,2018,2018-02-26,3019,2018-01-20,1443,3327,SE,6,5,7,3019,0,0,0,NA,0,NA,MCFADDEN AV,SYCAMORE ST,0,NA,Y,A,-,N,NA,NA,NA,NA,NA,NA,NA,NA,NA,Y,4,0,3,3,A,-,03,22350,NA,N,C,C,A,A,H,-,A,D,0,NA,NA,NA,Y,Y,NA,A,08,0,0,3,0,0,0,0,0,0,-,-,33.73439025878906,-117.86875915527344,ORANGE,SANTA ANA,-117.86879730224608,33.734519958496094
8559519,2018,2018-02-23,3019,2018-01-26,1741,3199,SE,5,5,7,3019,0,0,0,NA,0,002,ORANGE AV,MCFADDEN AV,150,S,N,A,-,N,NA,NA,NA,NA,NA,NA,NA,NA,NA,N,4,0,2,4,A,-,03,22350,NA,M,C,C,A,A,H,-,C,D,0,NA,NA,NA,NA,Y,NA,A,07,0,0,2,0,0,0,0,0,0,-,-,33.73345184326172,-117.86512756347656,ORANGE,SANTA ANA,-117.86515045166016,33.73326873779297
8561002,2017,2018-03-02,3008,2017-06-22,1533,1296,NA,4,5,6,3008,0,0,0,NA,0,0Z2,HARBOR BL,AMERIGE AV,0,NA,Y,A,-,N,NA,NA,NA,NA,NA,NA,NA,NA,NA,Y,3,0,1,2,A,-,09,21801,A,N,D,C,A,A,H,-,A,A,0,NA,NA,NA,NA,Y,NA,A,01,0,1,0,0,0,0,0,0,0,-,-,NA,NA,ORANGE,FULLERTON,-117.92438006,33.87138008
8561057,2018,2018-03-06,3012,2018-02-14,0528,621,41,3,5,5,3012,0,0,0,NA,0,004,OLIVE AV,EUCLID ST,9,W,N,B,-,N,NA,NA,NA,NA,NA,NA,NA,NA,NA,N,4,0,1,2,A,-,10,21950,A,N,G,B,-,A,H,-,C,D,0,Y,NA,NA,NA,Y,NA,D,22,0,0,1,0,1,0,0,0,0,-,-,NA,NA,ORANGE,LA HABRA,-117.94612121582033,33.92717742919922
8562019,2018,2018-08-09,3007,2018-02-01,1212,1140,66,4,5,5,3007,0,0,0,NA,0,003,ELLIS,RT 405,0,NA,Y,A,-,Y,ORA,12,405,-,-,12.707,R,4,S,Y,4,0,1,2,D,-,00,NA,NA,N,D,C,A,A,H,-,A,A,0,NA,NA,NA,NA,Y,NA,-,-,0,0,1,0,0,0,0,0,0,-,-,NA,NA,ORANGE,FOUNTAIN VALLEY,-117.93869018554688,33.696990966796875
8562779,2018,2018-03-02,3003,2018-02-15,1557,1080,3003,4,5,5,3003,0,0,0,NA,0,003,ORANGETHORPE AV,STANTON AV,0,NA,Y,A,-,N,NA,NA,NA,NA,NA,NA,NA,NA,NA,Y,4,0,2,2,A,-,12,21453,A,N,D,C,A,A,H,-,A,A,0,NA,NA,NA,NA,Y,NA,A,01,0,0,2,0,0,0,0,0,0,-,-,NA,NA,ORANGE,BUENA PARK,-117.99375152587892,33.859031677246094
8562787,2018,2018-03-02,3003,2018-02-10,1651,1218,NA,6,5,5,3003,0,0,0,NA,0,001,MALVERN AV,COUNTRY CLUB DR,0,NA,Y,B,-,N,NA,NA,NA,NA,NA,NA,NA,NA,NA,Y,4,0,2,2,A,-,12,21453,A,N,A,C,A,A,H,-,A,A,0,NA,NA,NA,NA,Y,NA,A,01,0,0,2,0,0,0,0,0,0,-,-,33.88180160522461,-117.99250030517578,ORANGE,BUENA PARK,-117.9926528930664,33.881771087646484
8563006,2018,2018-03-02,3019,2018-01-19,1126,3322,SE,5,5,7,3019,0,0,0,NA,0,NA,HALLADAY ST,ANAHURST PL,0,NA,Y,A,-,N,NA,NA,NA,NA,NA,NA,NA,NA,NA,Y,4,0,1,2,A,-,12,22450,A,F,D,C,A,A,H,-,A,A,0,NA,NA,NA,NA,Y,NA,A,01,0,0,1,0,0,0,0,0,0,-,-,NA,NA,ORANGE,SANTA ANA,-117.85983276367188,33.71778106689453
8563016,2018,2019-01-07,3019,2018-01-19,1200,3460,SC,5,5,7,3019,0,0,0,NA,0,NA,MAIN ST,SAINT ANDREW PL,15,S,N,A,-,N,NA,NA,NA,NA,NA,NA,NA,NA,NA,N,4,0,1,2,A,-,03,22350,NA,N,C,C,A,A,H,-,A,A,0,NA,NA,NA,Y,Y,NA,F,21,0,0,1,0,0,0,0,0,0,-,-,33.722328186035156,-117.86807250976563,ORANGE,SANTA ANA,-117.86785125732422,33.72237014770508
8563672,2018,2018-03-02,3001,2018-02-01,2154,1047,D3,4,5,7,3001,0,0,0,NA,0,NA,EAST BALL RD,PHOENIX CLUB DR,405,E,N,A,-,N,NA,NA,NA,NA,NA,NA,NA,NA,NA,Y,4,0,3,4,A,-,03,22350,NA,N,C,C,A,A,H,-,C,A,0,NA,NA,NA,NA,Y,NA,A,01,0,0,3,0,0,0,0,0,0,-,-,NA,NA,ORANGE,ANAHEIM,-117.87217712402344,33.817569732666016
8563700,2018,2018-03-02,3001,2018-01-24,1732,1851,D1,3,5,7,3001,0,0,0,NA,0,NA,SOUTH BEACH BL,WEST ORANGE AV,334,N,N,A,-,N,NA,NA,NA,NA,NA,NA,NA,NA,NA,N,4,0,1,2,B,-,22,NA,NA,N,D,C,A,A,H,-,C,D,0,NA,NA,NA,NA,Y,NA,A,01,0,0,1,0,0,0,0,0,0,-,-,NA,NA,ORANGE,ANAHEIM,-117.99346160888672,33.82567596435547