CASE_ID,ACCIDENT_YEAR,PROC_DATE,JURIS,COLLISION_DATE,COLLISION_TIME,OFFICER_ID,REPORTING_DISTRICT,DAY_OF_WEEK,CHP_SHIFT,POPULATION,CNTY_CITY_LOC,SPECIAL_COND,BEAT_TYPE,CHP_BEAT_TYPE,CITY_DIVISION_LAPD,CHP_BEAT_CLASS,BEAT_NUMBER,PRIMARY_RD,SECONDARY_RD,DISTANCE,DIRECTION,INTERSECTION,WEATHER_1,WEATHER_2,STATE_HWY_IND,CALTRANS_COUNTY,CALTRANS_DISTRICT,STATE_ROUTE,ROUTE_SUFFIX,POSTMILE_PREFIX,POSTMILE,LOCATION_TYPE,RAMP_INTERSECTION,SIDE_OF_HWY,TOW_AWAY,COLLISION_SEVERITY,NUMBER_KILLED,NUMBER_INJURED,PARTY_COUNT,PRIMARY_COLL_FACTOR,PCF_CODE_OF_VIOL,PCF_VIOL_CATEGORY,PCF_VIOLATION,PCF_VIOL_SUBSECTION,HIT_AND_RUN,TYPE_OF_COLLISION,MVIW,PED_ACTION,ROAD_SURFACE,ROAD_COND_1,ROAD_COND_2,LIGHTING,CONTROL_DEVICE,CHP_ROAD_TYPE,PEDESTRIAN_ACCIDENT,BICYCLE_ACCIDENT,MOTORCYCLE_ACCIDENT,TRUCK_ACCIDENT,NOT_PRIVATE_PROPERTY,ALCOHOL_INVOLVED,STWD_VEHTYPE_AT_FAULT,CHP_VEHTYPE_AT_FAULT,COUNT_SEVERE_INJ,COUNT_VISIBLE_INJ,COUNT_COMPLAINT_PAIN,COUNT_PED_KILLED,COUNT_PED_INJURED,COUNT_BICYCLIST_KILLED,COUNT_BICYCLIST_INJURED,COUNT_MC_KILLED,COUNT_MC_INJURED,PRIMARY_RAMP,SECONDARY_RAMP,LATITUDE,LONGITUDE,COUNTY,CITY,POINT_X,POINT_Y
8601915,2018,2018-05-16,3019,2018-04-23,1500,3295,SC,1,5,7,3019,0,0,0,NA,0,002,HARVARD ST,FAIRVIEW ST,0,NA,Y,A,-,N,NA,NA,NA,NA,NA,NA,NA,NA,NA,N,4,0,2,3,A,-,12,21453,A,N,D,C,A,A,H,-,A,A,0,NA,NA,NA,NA,Y,NA,A,07,0,0,2,0,0,0,0,0,0,-,-,33.72024154663086,-117.90865325927734,ORANGE,SANTA ANA,-117.90852355957033,33.72024154663086
8601998,2018,2018-05-14,3019,2018-04-09,0822,2460,SE,1,5,7,3019,0,0,0,NA,0,003,4TH ST,TUSTIN AV,185,E,N,A,-,N,NA,NA,NA,NA,NA,NA,NA,NA,NA,N,4,0,1,2,D,-,00,NA,NA,M,C,C,A,A,H,-,A,D,0,NA,NA,NA,NA,Y,NA,-,-,0,0,1,0,0,0,0,0,0,-,-,33.74797821044922,-117.83438110351563,ORANGE,SANTA ANA,-117.83352661132813,33.7482795715332
8602439,2018,2018-05-17,3000,2018-05-02,2032,6717,891J2,3,5,5,3050,0,0,0,NA,0,18760,LAKE FOREST DR,SERRANO RD,38,W,N,B,-,N,NA,NA,NA,NA,NA,NA,NA,NA,NA,N,4,0,1,2,A,-,04,21703,NA,N,C,C,A,A,H,-,C,A,0,NA,NA,NA,NA,Y,NA,A,07,0,0,1,0,0,0,0,0,0,-,-,33.38431930541992,-117.412109375,ORANGE,LAKE FOREST,-117.6891860961914,33.645477294921875
8603966,2018,2018-08-24,3003,2018-04-25,2218,1187,53,3,5,5,3003,0,0,0,NA,0,004,VALLEYVIEW ST,RT 91,0,NA,Y,A,-,Y,ORA,12,91,-,R,1.015,R,4,W,Y,4,0,2,2,A,-,03,22350,NA,N,C,C,A,A,H,-,C,A,0,NA,NA,NA,NA,Y,NA,A,01,0,0,2,0,0,0,0,0,0,-,WF,33.85810089111328,-118.02870178222656,ORANGE,BUENA PARK,-118.02580261230467,33.856204986572266
8604316,2018,2018-05-08,3019,2018-04-14,1657,3514,WE,6,5,7,3019,0,0,0,NA,0,001,CIVIC CENTER DR,BAKER ST,40,W,N,A,-,N,NA,NA,NA,NA,NA,NA,NA,NA,NA,N,4,0,1,2,A,-,03,22350,NA,N,C,C,A,A,H,-,A,A,0,NA,NA,NA,NA,Y,NA,A,07,0,0,1,0,0,0,0,0,0,-,-,33.751468658447266,-117.883056640625,ORANGE,SANTA ANA,-117.88291931152344,33.75151062011719
8604330,2018,2018-05-15,3004,2018-04-06,1324,P640,34,5,5,6,3004,0,0,0,NA,0,015,SOUTH COAST DR,BEAR ST,0,NA,Y,A,-,N,NA,NA,NA,NA,NA,NA,NA,NA,NA,N,4,0,1,2,A,-,09,21453,B,N,G,B,B,A,H,-,A,A,0,Y,NA,NA,NA,Y,NA,A,01,0,0,1,0,1,0,0,0,0,-,-,33.690399169921875,-117.89230346679688,ORANGE,COSTA MESA,-117.89224243164063,33.690589904785156
8604742,2018,2018-05-10,3005,2018-04-19,1514,8235,C17,4,5,4,3005,0,0,0,NA,0,002,ORANGE AV,HOLDER ST,0,NA,Y,A,-,N,NA,NA,NA,NA,NA,NA,NA,NA,NA,N,4,0,1,2,A,-,09,21801,A,N,D,C,A,A,H,-,A,A,0,NA,NA,NA,NA,Y,NA,A,01,0,0,1,0,0,0,0,0,0,-,-,NA,NA,ORANGE,CYPRESS,-118.01960754394533,33.824501037597656
8605968,2018,2018-05-14,3022,2018-04-13,0924,1297,NA,5,5,5,3022,0,0,0,NA,0,NA,RED HILL AV,VALENCIA AV,0,NA,Y,A,-,N,NA,NA,NA,NA,NA,NA,NA,NA,NA,Y,4,0,1,2,A,-,09,21801,A,N,D,C,A,A,D,-,A,A,0,NA,NA,NA,NA,Y,NA,A,01,0,0,1,0,0,0,0,0,0,-,-,33.716800689697266,-117.83202362060548,ORANGE,TUSTIN,-117.83213043212892,33.71677017211914
8606000,2018,2018-05-11,3026,2018-04-03,0940,519,UNIVE,2,5,6,3026,0,0,0,NA,0,003,UNIVERSITY DR,CALIFORNIA AV,0,NA,Y,A,-,N,NA,NA,NA,NA,NA,NA,NA,NA,NA,Y,4,0,2,2,A,-,09,21800,D,N,D,C,A,A,D,-,A,B,0,NA,NA,NA,NA,Y,NA,A,01,0,0,2,0,0,0,0,0,0,-,-,33.650901794433594,-117.8534698486328,ORANGE,IRVINE,-117.8535385131836,33.650840759277344
8607198,2018,2018-05-16,3009,2018-04-29,1923,4087,135,7,5,6,3009,0,0,0,NA,0,2-3,BANNER ST,DAPPLEGREY,100,W,N,A,-,N,NA,NA,NA,NA,NA,NA,NA,NA,NA,N,4,0,1,3,A,-,08,22107,NA,N,B,E,A,A,H,-,B,A,0,NA,NA,NA,NA,Y,NA,A,01,0,0,1,0,0,0,0,0,0,-,-,NA,NA,ORANGE,GARDEN GROVE,-117.9237060546875,33.769248962402344
8607508,2018,2018-08-17,3010,2018-04-20,1639,1019,412,5,5,6,3010,0,0,0,NA,0,005,GARFIELD,RT 39,180,W,N,A,-,Y,ORA,12,39,-,-,2.651,I,6,S,Y,3,0,1,2,A,-,07,21658,A,N,D,C,A,A,H,-,A,D,0,NA,NA,Y,NA,Y,NA,-,-,0,1,0,0,0,0,0,0,1,-,-,NA,NA,ORANGE,HUNTINGTON BEACH,-117.9888916015625,33.6868896484375
8607836,2018,2018-05-18,3024,2018-05-04,1521,422,P11,5,5,5,3024,0,0,0,NA,0,WEST,TRASK AV,IOWA ST,60,E,N,A,-,N,NA,NA,NA,NA,NA,NA,NA,NA,NA,Y,3,0,3,3,A,-,03,22350,NA,N,C,C,A,A,H,-,A,D,0,NA,NA,NA,NA,Y,NA,A,07,0,2,1,0,0,0,0,0,0,-,-,NA,NA,ORANGE,WESTMINSTER,-117.999755859375,33.766441345214844
8607856,2018,2018-05-24,3010,2018-04-25,1632,1109,148,3,5,6,3010,0,0,0,NA,0,009,EDINGER,PLYMOUTH,0,NA,Y,A,-,N,NA,NA,NA,NA,NA,NA,NA,NA,NA,Y,3,0,1,2,A,-,01,23152,A,N,D,C,A,A,H,-,A,D,0,NA,NA,NA,NA,Y,Y,A,01,0,1,0,0,0,0,0,0,0,-,-,NA,NA,ORANGE,HUNTINGTON BEACH,-118.02153778076172,33.7299919128418
8609598,2018,2018-04-30,3002,2018-03-18,1100,9196,740E4,7,5,5,3025,0,0,0,NA,0,002,YORBA LINDA BL,FAIRMONT BL,0,NA,Y,A,-,N,NA,NA,NA,NA,NA,NA,NA,NA,NA,Y,3,0,2,2,A,-,12,21453,A,N,D,C,A,A,H,-,A,A,0,NA,NA,NA,NA,Y,Y,A,01,0,2,0,0,0,0,0,0,0,-,-,NA,NA,ORANGE,YORBA LINDA,-117.7905502319336,33.88875961303711
8610228,2018,2018-05-07,3000,2018-04-22,1207,9315,952A1,7,5,5,3040,0,0,0,NA,0,1A44,CROWN VALLEY PKWY,CABOT RD,90,W,N,A,-,N,NA,NA,NA,NA,NA,NA,NA,NA,NA,N,3,0,1,2,D,-,00,NA,NA,F,C,C,A,A,H,-,A,A,0,NA,NA,NA,NA,Y,NA,-,-,0,1,0,0,0,0,0,0,0,-,-,NA,NA,ORANGE,LAGUNA NIGUEL,-117.67935943603516,33.55702209472656
8610257,2018,2018-05-03,3012,2018-04-05,1447,620,35,4,5,5,3012,0,0,0,NA,0,003,WHITEBOOK DR,SHEFFIELD DR,0,NA,Y,A,-,N,NA,NA,NA,NA,NA,NA,NA,NA,NA,N,4,0,1,2,A,-,09,21801,A,N,D,C,A,A,H,-,A,D,0,NA,NA,NA,NA,Y,Y,A,01,0,0,1,0,0,0,0,0,0,-,-,NA,NA,ORANGE,LA HABRA,-117.96248626708984,33.9216194152832
8610304,2018,2018-05-04,3009,2018-04-21,1708,4435,104,6,5,6,3009,0,0,0,NA,0,012,BROOKHURST ST,GARDEN GROVE BL,518,N,N,A,-,N,NA,NA,NA,NA,NA,NA,NA,NA,NA,Y,4,0,1,1,A,-,07,21658,A,N,E,I,A,A,H,-,A,D,0,NA,NA,NA,NA,Y,NA,A,01,0,0,1,0,0,0,0,0,0,-,-,33.77540969848633,-117.95551300048828,ORANGE,GARDEN GROVE,-117.95580291748048,33.775333404541016
8610494,2018,2018-05-16,3010,2018-04-20,0826,1243,261,5,5,6,3010,0,0,0,NA,0,007,WARNER,GOLDENWEST,0,NA,N,A,-,N,NA,NA,NA,NA,NA,NA,NA,NA,NA,N,4,0,1,3,A,-,03,22350,NA,N,C,C,A,A,H,-,A,D,0,NA,NA,NA,NA,Y,NA,A,07,0,0,1,0,0,0,0,0,0,-,-,NA,NA,ORANGE,HUNTINGTON BEACH,-118.00666809082033,33.71548843383789
8610977,2018,2018-05-11,3008,2018-04-16,1728,1551,2,1,5,6,3008,0,0,0,NA,0,NA,HIGHLAND AV,VALENCIA AV,105,S,N,A,-,N,NA,NA,NA,NA,NA,NA,NA,NA,NA,Y,3,0,1,3,A,-,08,22100,B,N,D,C,A,A,H,-,B,A,0,NA,NA,NA,NA,Y,NA,A,01,0,1,0,0,0,0,0,0,0,-,-,NA,NA,ORANGE,FULLERTON,-117.92868041992188,33.86586380004883
8611384,2018,2018-04-23,3026,2018-03-22,0052,561,PORTO,4,5,6,3026,0,0,0,NA,0,00P,SABLE,EMBERGLOW,0,NA,Y,B,-,N,NA,NA,NA,NA,NA,NA,NA,NA,NA,Y,4,0,1,1,A,-,03,22350,NA,M,E,I,A,B,H,-,C,D,0,NA,NA,NA,NA,Y,NA,A,01,0,0,1,0,0,0,0,0,0,-,-,NA,NA,ORANGE,IRVINE,-117.74163055419922,33.69068908691406
8612209,2018,2018-05-07,3000,2018-02-01,1501,8926,971H5,4,5,4,3029,0,0,0,NA,0,734,ST OF THE GOLDEN LANTERN,SELVA RD,51,S,N,A,-,N,NA,NA,NA,NA,NA,NA,NA,NA,NA,N,4,0,1,3,A,-,03,22350,NA,N,C,C,A,A,H,-,A,A,0,NA,NA,NA,NA,Y,NA,A,01,0,0,1,0,0,0,0,0,0,-,-,NA,NA,ORANGE,DANA POINT,-117.69784,33.472688
8612273,2018,2018-04-27,3005,2018-04-08,1508,8233,C32,7,5,4,3005,0,0,0,NA,0,003,CERRITOS AV,MOODY ST,51,W,N,B,-,N,NA,NA,NA,NA,NA,NA,NA,NA,NA,Y,4,0,1,2,A,-,03,22350,NA,N,C,C,A,A,H,-,A,A,0,NA,NA,NA,NA,Y,NA,A,08,0,0,1,0,0,0,0,0,0,-,-,NA,NA,ORANGE,CYPRESS,-118.04589080810548,33.810272216796875
8612500,2018,2018-05-10,3015,2018-04-04,1703,1372,84S,3,5,6,3015,0,0,0,NA,0,732,EAST STILLWATER AV,NORTH SINGINGWOOD ST,527,N,N,A,-,N,NA,NA,NA,NA,NA,NA,NA,NA,NA,N,3,0,1,2,A,-,03,22350,NA,M,C,C,A,A,H,-,A,D,0,NA,NA,NA,NA,Y,NA,A,01,0,1,0,0,0,0,0,0,0,-,-,NA,NA,ORANGE,ORANGE,-117.79261779785156,33.79017639160156
8613057,2018,2018-05-11,3015,2018-04-25,1755,1386,26N,3,5,6,3015,0,0,0,NA,0,711,WALNUT AV,WAYFIELD ST,0,NA,Y,A,-,N,NA,NA,NA,NA,NA,NA,NA,NA,NA,Y,3,0,2,2,A,-,09,21802,A,N,D,C,A,A,H,-,A,D,0,NA,NA,NA,NA,Y,NA,A,01,0,1,1,0,0,0,0,0,0,-,-,NA,NA,ORANGE,ORANGE,-117.83393096923828,33.795040130615234
8613097,2018,2018-05-07,3019,2018-04-17,0548,3548,NE,2,5,7,3019,0,0,0,NA,0,002,TUSTIN AV,FRUIT ST,18,N,N,A,-,N,NA,NA,NA,NA,NA,NA,NA,NA,NA,Y,4,0,1,2,A,-,08,22100,A,N,D,C,A,A,H,-,A,A,0,NA,NA,NA,NA,Y,NA,A,07,0,0,1,0,0,0,0,0,0,-,-,33.752601623535156,-117.83432769775392,ORANGE,SANTA ANA,-117.83421325683594,33.752830505371094
8614018,2018,2018-04-27,3009,2018-04-06,1405,4429,106,5,5,6,3009,0,0,0,NA,0,013,WESTMINSTER AV,BOWEN ST,0,NA,Y,A,-,N,NA,NA,NA,NA,NA,NA,NA,NA,NA,Y,4,0,1,2,A,-,12,21453,A,N,D,C,A,A,H,-,A,A,0,NA,NA,NA,NA,Y,NA,A,01,0,0,1,0,0,0,0,0,0,-,-,NA,NA,ORANGE,GARDEN GROVE,-117.94757843017578,33.75965118408203
8615712,2018,2018-08-23,3010,2018-04-09,1234,1059,472,1,5,6,3010,0,0,0,NA,0,002,RT 1,RT 39,84,N,N,A,-,Y,ORA,12,1,-,-,23.75,H,-,N,N,4,0,1,2,A,-,03,22350,NA,N,C,C,A,A,H,-,A,D,0,NA,NA,NA,NA,Y,NA,A,07,0,0,1,0,0,0,0,0,0,-,-,NA,NA,ORANGE,HUNTINGTON BEACH,-117.98836517333984,33.64875030517578
8615975,2018,2018-08-10,3012,2018-03-23,1614,288,26,5,5,5,3012,0,0,0,NA,0,N/E,WHITTIER BL,HARBOR BL,921,W,N,B,-,Y,ORA,12,39,-,-,22.49,H,-,N,Y,4,0,1,3,A,-,03,22350,NA,N,C,C,A,A,H,-,A,A,0,NA,NA,NA,NA,Y,NA,A,01,0,0,1,0,0,0,0,0,0,-,-,NA,NA,ORANGE,LA HABRA,-117.93662261962892,33.93904495239258
8616900,2018,2018-05-18,3010,2018-05-05,1120,1243,153,6,5,6,3010,0,0,0,NA,0,008,TRINIDAD LN,AQUARIUS,450,N,N,A,-,N,NA,NA,NA,NA,NA,NA,NA,NA,NA,Y,3,0,1,1,A,-,07,21658,A,N,E,I,A,A,H,-,A,D,0,NA,NA,NA,NA,Y,NA,A,01,0,1,0,0,0,0,0,0,0,-,-,NA,NA,ORANGE,HUNTINGTON BEACH,-118.06524658203124,33.72691345214844
8616965,2018,2018-08-01,3004,2018-04-10,2058,P627,11,2,5,6,3004,0,0,0,NA,0,003,HARBOR BL,VICTORIA ST,100,N,N,A,-,N,NA,NA,NA,NA,NA,NA,NA,NA,NA,N,4,0,1,2,A,-,03,22350,NA,M,C,C,A,A,H,-,C,A,0,NA,NA,NA,NA,Y,NA,A,01,0,0,1,0,0,0,0,0,0,-,-,33.652000427246094,-117.91880035400392,ORANGE,COSTA MESA,-117.91908264160156,33.65280532836914
8617109,2018,2018-05-23,3015,2018-04-18,0823,1364,35W,3,5,6,3015,0,0,0,NA,0,713,N BATAVIA,W STRUCK AV,120,S,N,A,-,N,NA,NA,NA,NA,NA,NA,NA,NA,NA,Y,3,0,1,2,A,-,08,22107,NA,N,D,C,A,A,H,-,A,D,0,NA,NA,NA,Y,Y,NA,G,25,0,1,0,0,0,0,0,0,0,-,-,NA,NA,ORANGE,ORANGE,-117.86174011230467,33.80569076538086
8617925,2018,2018-05-25,3009,2018-05-12,1601,4438,043,6,5,6,3009,0,0,0,NA,0,1-1,KNOTT ST,LAMPSON AV,686,N,N,B,-,N,NA,NA,NA,NA,NA,NA,NA,NA,NA,Y,4,0,1,1,A,-,08,22107,NA,N,E,I,A,A,H,-,A,D,0,NA,NA,NA,NA,Y,NA,A,01,0,0,1,0,0,0,0,0,0,-,-,33.788299560546875,-118.01113128662108,ORANGE,GARDEN GROVE,-118.01116180419922,33.78289031982422
8618802,2018,2018-05-21,3019,2018-04-25,0457,3198,NE,3,5,7,3019,0,0,0,NA,0,002,TUSTIN AV,CATALINA AV,563,S,N,A,-,N,NA,NA,NA,NA,NA,NA,NA,NA,NA,Y,2,0,1,1,A,-,08,22107,NA,N,E,I,A,A,H,-,C,D,0,NA,NA,NA,NA,Y,NA,A,01,1,0,0,0,0,0,0,0,0,-,-,33.76441955566406,-117.83567810058594,ORANGE,SANTA ANA,-117.83556365966795,33.76314163208008
8618870,2018,2018-05-18,3016,2018-03-25,2204,1259,42,7,5,5,3016,0,0,0,NA,0,002,ORANGETHORPE AV,RICHFIELD RD,0,NA,Y,A,-,N,NA,NA,NA,NA,NA,NA,NA,NA,NA,Y,3,0,2,2,A,-,03,22350,NA,F,D,C,A,A,H,-,C,A,0,NA,NA,NA,NA,Y,NA,A,01,0,1,1,0,0,0,0,0,0,-,-,33.867679595947266,-117.82573699951172,ORANGE,PLACENTIA,-117.82598876953124,33.86759948730469
8619188,2018,2018-05-30,3000,2018-04-13,1857,1916,922A2,5,5,4,3045,0,0,0,NA,0,746,CABOT RD,LA PAZ RD,192,S,N,A,-,N,NA,NA,NA,NA,NA,NA,NA,NA,NA,Y,3,0,2,3,C,-,18,NA,NA,N,E,I,A,A,H,-,B,A,0,NA,NA,NA,NA,Y,Y,-,-,0,1,1,0,0,0,0,0,0,-,-,NA,NA,ORANGE,LAGUNA HILLS,-117.6767578125,33.5965576171875
8620149,2018,2018-05-23,3026,2018-05-04,2253,593,NA,5,5,6,3026,0,0,0,NA,0,00C,CULVER DR,ALTON PKWY,0,NA,Y,A,-,N,NA,NA,NA,NA,NA,NA,NA,NA,NA,Y,4,0,2,2,A,-,03,22350,NA,N,C,C,A,A,H,-,C,A,0,NA,NA,NA,NA,Y,NA,A,07,0,0,2,0,0,0,0,0,0,-,-,NA,NA,ORANGE,IRVINE,-117.81159973144533,33.680870056152344
8620652,2018,2018-05-18,3014,2018-04-20,2310,1494,RD38,5,5,5,3014,0,0,0,NA,0,0A3,JAMBOREE RD,EASTBLUFF DR SOUTH,24,N,N,A,-,N,NA,NA,NA,NA,NA,NA,NA,NA,NA,Y,4,0,1,2,A,-,08,22100,A,N,B,C,A,A,H,-,C,A,0,NA,NA,NA,NA,Y,NA,A,01,0,0,1,0,0,0,0,0,0,-,-,33.63100051879883,-117.8740005493164,ORANGE,NEWPORT BEACH,-117.8744888305664,33.63128662109375
8620757,2018,2018-05-18,3015,2018-04-28,1756,1487,21E,6,5,6,3015,0,0,0,NA,0,312,CITY DR SOUTH,W DAWN WY,16,S,N,A,-,N,NA,NA,NA,NA,NA,NA,NA,NA,NA,N,3,0,1,2,A,-,11,21456,C,N,D,G,A,A,H,-,A,A,0,NA,Y,NA,NA,Y,NA,L,04,0,1,0,0,0,0,1,0,0,-,-,NA,NA,ORANGE,ORANGE,-117.890739,33.785691
8620875,2018,2018-08-20,3014,2018-05-02,2210,1179,RD41,3,5,5,3014,0,0,0,NA,0,0A3,RT 1,PROMONTORY DR,124,E,N,A,-,Y,ORA,12,1,-,-,17.6,H,-,N,Y,4,0,2,4,A,-,01,23152,A,N,C,C,A,A,H,-,C,A,0,NA,NA,NA,NA,Y,Y,A,01,0,0,2,0,0,0,0,0,0,-,-,33.61336898803711,-117.89330291748048,ORANGE,NEWPORT BEACH,-117.8933563232422,33.61335372924805
8621992,2018,2018-05-25,3016,2018-05-05,1340,2163,10,6,5,5,3016,0,0,0,NA,0,001,YORBA LINDA BL,VALENCIA AV,0,NA,Y,A,-,N,NA,NA,NA,NA,NA,NA,NA,NA,NA,Y,3,0,1,2,A,-,08,22107,NA,N,D,C,A,A,H,-,A,A,0,NA,NA,NA,NA,Y,NA,A,08,0,1,0,0,0,0,0,0,0,-,-,33.889320373535156,-117.8549575805664,ORANGE,PLACENTIA,-117.85485076904295,33.889339447021484
8623079,2018,2018-05-31,3010,2018-04-28,1109,1243,241,6,5,6,3010,0,0,0,NA,0,009,GOLDENWEST,EDINGER,381,N,N,A,-,N,NA,NA,NA,NA,NA,NA,NA,NA,NA,N,4,0,1,2,A,-,04,21703,NA,N,C,C,A,A,H,-,A,D,0,NA,NA,NA,NA,Y,NA,A,01,0,0,1,0,0,0,0,0,0,-,-,NA,NA,ORANGE,HUNTINGTON BEACH,-118.0067901611328,33.731143951416016
8623182,2018,2018-05-31,3008,2018-03-22,1706,1364,NA,4,5,6,3008,0,0,0,NA,0,Z-3,YORBA LINDA BL,SAPPHIRE RD,470,E,N,B,-,N,NA,NA,NA,NA,NA,NA,NA,NA,NA,N,4,0,1,2,A,-,09,21804,A,N,G,B,F,A,H,-,A,D,0,Y,NA,NA,NA,Y,NA,A,07,0,0,1,0,1,0,0,0,0,-,-,NA,NA,ORANGE,FULLERTON,-117.86856079101563,33.8885498046875
8623755,2018,2018-05-30,3019,2018-05-05,1015,3475,SE,6,5,7,3019,0,0,0,NA,0,003,MACARTHUR BL,MACARTHUR PL,0,NA,Y,A,-,N,NA,NA,NA,NA,NA,NA,NA,NA,NA,Y,4,0,1,2,A,-,12,21453,A,N,D,C,A,A,H,-,A,A,0,NA,NA,NA,NA,Y,NA,A,01,0,0,1,0,0,0,0,0,0,-,-,NA,NA,ORANGE,SANTA ANA,-117.86576080322266,33.70008850097656
8623853,2018,2018-08-21,3024,2018-04-26,2138,411,P18,4,5,5,3024,0,0,0,NA,0,WEST,RT 39,12TH ST,0,NA,Y,A,-,Y,ORA,12,39,-,-,7.311,I,5,S,Y,3,0,1,2,A,-,09,21803,A,N,D,C,A,A,H,-,C,D,0,NA,NA,NA,NA,Y,NA,A,01,0,1,0,0,0,0,0,0,0,-,-,33.75469970703125,-117.98938751220705,ORANGE,WESTMINSTER,-117.98973846435548,33.75453186035156
8624300,2018,2018-06-01,3015,2018-05-21,0014,1254,33,1,5,6,3015,0,0,0,NA,0,003,TUSTIN ST,ROCK CREEK DR,425,N,N,C,-,N,NA,NA,NA,NA,NA,NA,NA,NA,NA,Y,3,0,1,1,A,-,01,23152,A,N,E,I,A,B,H,-,C,D,0,NA,NA,NA,NA,Y,Y,A,01,0,1,0,0,0,0,0,0,0,-,-,NA,NA,ORANGE,ORANGE,-117.83574676513672,33.78071594238281
8625546,2018,2018-05-30,3019,2018-05-04,1441,2776,NE,5,5,7,3019,0,0,0,NA,0,002,BROADWAY,SANTA ANA BL,22,N,N,A,-,N,NA,NA,NA,NA,NA,NA,NA,NA,NA,Y,4,0,1,2,A,-,03,22350,NA,N,C,C,A,A,H,-,A,A,0,NA,NA,NA,NA,Y,NA,A,01,0,0,1,0,0,0,0,0,0,-,-,33.749629974365234,-117.8694076538086,ORANGE,SANTA ANA,-117.86968994140624,33.74980163574219
8625977,2018,2018-05-31,3022,2018-05-16,0850,1305,NA,3,5,5,3022,0,0,0,NA,0,NA,IRVINE BL,RED HILL AV,466,W,N,A,-,N,NA,NA,NA,NA,NA,NA,NA,NA,NA,Y,4,0,1,2,A,-,03,22350,NA,N,C,C,A,A,H,-,A,D,0,NA,NA,NA,NA,Y,NA,A,01,0,0,1,0,0,0,0,0,0,-,-,33.74470901489258,-117.80432891845705,ORANGE,TUSTIN,-117.8054656982422,33.745521545410156
8626577,2018,2018-06-05,3026,2018-05-14,1548,7094,CROSS,1,5,6,3026,0,0,0,NA,0,005,ALTON PKWY,CREEK,14,E,N,A,-,N,NA,NA,NA,NA,NA,NA,NA,NA,NA,N,3,0,1,2,A,-,09,21453,B,N,H,G,A,A,H,-,A,A,0,NA,Y,NA,NA,Y,NA,A,01,0,1,0,0,0,0,1,0,0,-,-,33.673309326171875,-117.80020141601563,ORANGE,IRVINE,-117.80027770996094,33.67310333251953
8627718,2018,2018-06-21,3022,2018-06-04,1506,1169,NA,1,5,5,3022,0,0,0,NA,0,NA,TUSTIN RANCH RD,TOWNSHIP DR,0,NA,Y,A,-,N,NA,NA,NA,NA,NA,NA,NA,NA,NA,N,3,0,1,2,A,-,09,21453,C,N,D,C,A,A,H,-,A,A,0,NA,NA,Y,NA,Y,NA,C,02,0,1,0,0,0,0,0,0,1,-,-,33.74386978149414,-117.78594207763672,ORANGE,TUSTIN,-117.78614044189452,33.74391174316406
8627757,2018,2018-06-19,3024,2018-05-27,0241,224,P05,7,5,5,3024,0,0,0,NA,0,WEST,CEDAR ST,NATAL DR,339,S,N,B,-,N,NA,NA,NA,NA,NA,NA,NA,NA,NA,Y,4,0,1,2,A,-,01,23152,A,M,C,E,A,A,H,-,C,D,0,NA,NA,NA,NA,Y,Y,A,01,0,0,1,0,0,0,0,0,0,-,-,33.77151107788086,-118.0033721923828,ORANGE,WESTMINSTER,-118.00374603271484,33.77070617675781
8628032,2018,2018-06-08,3019,2018-05-20,0515,3155,NE,7,5,7,3019,0,0,0,NA,0,NA,17TH ST,GRAND AV,125,W,N,A,-,N,NA,NA,NA,NA,NA,NA,NA,NA,NA,Y,4,0,1,2,A,-,01,23152,A,N,D,E,A,A,H,-,B,A,0,NA,NA,NA,NA,Y,Y,A,01,0,0,1,0,0,0,0,0,0,-,-,33.75992965698242,-117.85192108154295,ORANGE,SANTA ANA,-117.8523178100586,33.759849548339844
8628055,2018,2018-06-07,3009,2018-05-10,0740,3927,071,4,5,6,3009,0,0,0,NA,0,1-2,ORANGEWOOD AV,MAC ST,304,W,N,A,-,N,NA,NA,NA,NA,NA,NA,NA,NA,NA,N,4,0,1,2,A,-,05,21650,1,N,D,G,A,A,H,-,A,D,0,NA,Y,NA,NA,Y,NA,L,04,0,0,1,0,0,0,1,0,0,-,-,33.79621887207031,-117.98056793212892,ORANGE,GARDEN GROVE,-117.98037719726563,33.795719146728516
8628709,2018,2018-06-13,3002,2018-05-21,0230,3893,740F5,1,5,5,3025,0,0,0,NA,0,003,FAIRMONT BL,BIG SPRING DR,44,S,N,B,-,N,NA,NA,NA,NA,NA,NA,NA,NA,NA,Y,4,0,1,1,A,-,01,23152,A,N,E,J,A,B,H,-,C,D,0,NA,NA,NA,NA,Y,Y,A,07,0,0,1,0,0,0,0,0,0,-,-,NA,NA,ORANGE,YORBA LINDA,-117.78427886962892,33.87625503540039
8629184,2018,2018-06-21,3012,2018-05-25,1358,623,36,5,5,5,3012,0,0,0,NA,0,003,IDAHO ST,AUBURN WY,0,NA,Y,A,-,N,NA,NA,NA,NA,NA,NA,NA,NA,NA,N,4,0,1,2,A,-,04,21703,NA,M,C,C,A,A,H,-,A,D,0,NA,NA,NA,NA,Y,NA,A,01,0,0,1,0,0,0,0,0,0,-,-,NA,NA,ORANGE,LA HABRA,-117.95921325683594,33.91896057128906
8629192,2018,2018-06-25,3022,2018-05-30,1424,1109,NORTH,3,5,5,3022,0,0,0,NA,0,001,NEWPORT AV,6TH ST,0,NA,Y,B,-,N,NA,NA,NA,NA,NA,NA,NA,NA,NA,Y,3,0,2,2,A,-,12,21453,NA,N,D,C,A,A,H,-,A,A,0,NA,NA,NA,NA,Y,NA,-,-,0,1,1,0,0,0,0,0,0,-,-,33.739990234375,-117.82028198242188,ORANGE,TUSTIN,-117.82032012939452,33.74005126953125