CASE_ID,ACCIDENT_YEAR,PROC_DATE,JURIS,COLLISION_DATE,COLLISION_TIME,OFFICER_ID,REPORTING_DISTRICT,DAY_OF_WEEK,CHP_SHIFT,POPULATION,CNTY_CITY_LOC,SPECIAL_COND,BEAT_TYPE,CHP_BEAT_TYPE,CITY_DIVISION_LAPD,CHP_BEAT_CLASS,BEAT_NUMBER,PRIMARY_RD,SECONDARY_RD,DISTANCE,DIRECTION,INTERSECTION,WEATHER_1,WEATHER_2,STATE_HWY_IND,CALTRANS_COUNTY,CALTRANS_DISTRICT,STATE_ROUTE,ROUTE_SUFFIX,POSTMILE_PREFIX,POSTMILE,LOCATION_TYPE,RAMP_INTERSECTION,SIDE_OF_HWY,TOW_AWAY,COLLISION_SEVERITY,NUMBER_KILLED,NUMBER_INJURED,PARTY_COUNT,PRIMARY_COLL_FACTOR,PCF_CODE_OF_VIOL,PCF_VIOL_CATEGORY,PCF_VIOLATION,PCF_VIOL_SUBSECTION,HIT_AND_RUN,TYPE_OF_COLLISION,MVIW,PED_ACTION,ROAD_SURFACE,ROAD_COND_1,ROAD_COND_2,LIGHTING,CONTROL_DEVICE,CHP_ROAD_TYPE,PEDESTRIAN_ACCIDENT,BICYCLE_ACCIDENT,MOTORCYCLE_ACCIDENT,TRUCK_ACCIDENT,NOT_PRIVATE_PROPERTY,ALCOHOL_INVOLVED,STWD_VEHTYPE_AT_FAULT,CHP_VEHTYPE_AT_FAULT,COUNT_SEVERE_INJ,COUNT_VISIBLE_INJ,COUNT_COMPLAINT_PAIN,COUNT_PED_KILLED,COUNT_PED_INJURED,COUNT_BICYCLIST_KILLED,COUNT_BICYCLIST_INJURED,COUNT_MC_KILLED,COUNT_MC_INJURED,PRIMARY_RAMP,SECONDARY_RAMP,LATITUDE,LONGITUDE,COUNTY,CITY,POINT_X,POINT_Y
8662209,2018,2018-07-25,3008,2018-06-21,1530,1544,NA,4,5,6,3008,0,0,0,NA,0,Z 1,BASTANCHURY RD,EUCLID ST,10,E,N,A,-,N,NA,NA,NA,NA,NA,NA,NA,NA,NA,N,4,0,1,2,A,-,03,22350,NA,M,C,C,A,A,H,-,A,A,0,NA,NA,NA,NA,Y,NA,-,99,0,0,1,0,0,0,0,0,0,-,-,NA,NA,ORANGE,FULLERTON,-117.94255828857422,33.88901901245117
8662234,2018,2018-07-27,3000,2018-06-18,1644,5805,891G7,1,5,5,3050,0,0,0,NA,0,765,BELGREEN PL,GEMWOOD DR,53,S,N,A,-,N,NA,NA,NA,NA,NA,NA,NA,NA,NA,N,2,0,1,2,A,-,11,21954,A,N,G,B,D,A,H,-,A,D,0,Y,NA,NA,NA,Y,NA,N,60,1,0,0,0,1,0,0,0,0,-,-,NA,NA,ORANGE,LAKE FOREST,-117.701594,33.615466
8663535,2018,2018-07-23,3001,2018-05-25,1753,H15,NA,5,5,7,3001,0,0,0,NA,0,0D4,RIO VISTA AV,SOUTH ST,0,NA,Y,A,-,N,NA,NA,NA,NA,NA,NA,NA,NA,NA,Y,4,0,1,2,A,-,12,22450,A,N,D,C,A,A,H,-,A,A,0,NA,NA,NA,NA,Y,NA,D,22,0,0,1,0,0,0,0,0,0,-,-,NA,NA,ORANGE,ANAHEIM,-117.87168884277344,33.83266067504883
8663737,2018,2018-07-19,3001,2018-06-03,0813,1410,NA,7,5,7,3001,0,0,0,NA,0,0D3,WEST BALL RD,SOUTH HARBOR BL,57,E,N,B,-,N,NA,NA,NA,NA,NA,NA,NA,NA,NA,N,4,0,1,2,A,-,03,22350,NA,N,C,C,A,A,H,-,A,A,0,NA,NA,NA,NA,Y,NA,A,07,0,0,1,0,0,0,0,0,0,-,-,NA,NA,ORANGE,ANAHEIM,-117.91531372070313,33.818031311035156
8663745,2018,2018-07-19,3001,2018-06-30,2033,415,NA,6,5,7,3001,0,0,0,NA,0,0D3,SOUTH SUNKIST ST,E PALADIN DR,6,N,N,A,-,N,NA,NA,NA,NA,NA,NA,NA,NA,NA,Y,3,0,2,2,A,-,09,21801,A,N,D,C,A,A,H,-,C,D,0,NA,NA,NA,NA,Y,NA,A,01,0,1,1,0,0,0,0,0,0,-,-,NA,NA,ORANGE,ANAHEIM,-117.88053894042967,33.822147369384766
8664344,2018,2018-07-30,3013,2018-06-25,1603,194,L04,1,5,3,3013,0,0,0,NA,0,005,KATELLA AV,WALNUT ST,0,NA,Y,A,-,N,NA,NA,NA,NA,NA,NA,NA,NA,NA,N,4,0,1,2,A,-,12,21453,A,N,D,C,A,A,H,-,A,A,0,NA,NA,NA,NA,Y,NA,A,01,0,0,1,0,0,0,0,0,0,-,-,NA,NA,ORANGE,LOS ALAMITOS,-118.07449340820313,33.80316162109375
8665044,2017,2018-11-20,3004,2017-06-06,0648,P618,02,2,5,6,3004,0,0,0,NA,0,001,NEWPORT BL,17TH ST,112,S,N,A,-,N,NA,NA,55,NA,NA,NA,NA,NA,NA,Y,2,0,1,2,A,-,07,21658,A,N,B,C,A,A,H,-,A,A,0,NA,NA,Y,NA,Y,NA,-,-,1,0,0,0,0,0,0,0,1,-,-,33.6359,-117.9223,ORANGE,COSTA MESA,-117.92217593,33.63587748
8665078,2018,2019-02-19,3003,2018-05-14,0504,665,23,1,5,5,3003,0,0,0,NA,0,008,RT 91,KNOTT AV,0,NA,Y,A,-,Y,ORA,12,91,-,R,1.673,R,4,E,N,4,0,1,2,A,-,10,21950,A,N,D,G,A,A,H,-,B,A,0,NA,Y,NA,NA,Y,NA,A,07,0,0,1,0,0,0,1,0,0,EF,-,33.854400634765625,-118.01129913330078,ORANGE,BUENA PARK,-118.01438903808594,33.855873107910156
8665280,2018,2018-09-12,3015,2018-07-08,1455,1419,NA,7,5,6,3015,0,0,0,NA,0,722,TOWN AND COUNTRY RD,W TOWN AND COUNTRY RD 1235,0,NA,-,A,-,N,NA,NA,NA,NA,NA,NA,NA,NA,NA,Y,3,0,3,2,A,-,12,21453,A,N,D,C,A,A,H,-,A,A,0,NA,NA,NA,NA,Y,NA,-,NA,0,1,2,0,0,0,0,0,0,-,-,NA,NA,ORANGE,ORANGE,-117.865256,33.776669
8665322,2018,2018-08-06,3000,2018-07-06,0945,5348,972F6,5,5,5,3017,0,0,0,NA,0,6M75,CAMINO DE LOS MARES,CALLE NUEVO,0,NA,Y,A,-,N,NA,NA,NA,NA,NA,NA,NA,NA,NA,Y,3,0,1,3,A,-,09,21801,A,N,D,C,A,A,H,-,A,A,0,NA,NA,NA,NA,Y,NA,A,07,0,1,0,0,0,0,0,0,0,-,-,NA,NA,ORANGE,SAN CLEMENTE,-117.64002227783205,33.46548843383789
8666067,2018,2018-09-05,3014,2018-07-17,1651,1146,RD54,2,5,5,3014,0,0,0,NA,0,0A4,MACARTHUR BL,VILAGGIO,35,N,N,A,-,N,NA,NA,NA,NA,NA,NA,NA,NA,NA,Y,4,0,3,3,A,-,03,22350,NA,N,C,C,A,A,H,-,A,A,0,NA,NA,NA,NA,Y,NA,A,01,0,0,3,0,0,0,0,0,0,-,-,33.6338996887207,-117.86280059814452,ORANGE,NEWPORT BEACH,-117.86309051513672,33.63382339477539
8666413,2018,2019-02-28,3024,2018-07-14,1341,418,P11,6,5,5,3024,0,0,0,NA,0,WEST,21ST ST,CHERRY ST,0,NA,Y,A,-,N,NA,NA,NA,NA,NA,NA,NA,NA,NA,Y,1,1,1,2,A,-,09,21802,A,N,D,C,A,A,H,-,A,D,0,NA,NA,NA,NA,Y,NA,A,01,0,0,1,0,0,0,0,0,0,-,-,33.76272964477539,-118.00331878662108,ORANGE,WESTMINSTER,-118.00337982177734,33.76279067993164
8666462,2018,2018-07-31,3001,2018-07-10,1240,2318,D3,2,5,7,3001,0,0,0,NA,0,033,EAST ORANGEWOOD AV,JETTY DR,0,NA,Y,A,-,N,NA,NA,NA,NA,NA,NA,NA,NA,NA,Y,3,0,2,2,A,-,09,21802,A,N,B,C,A,A,H,-,A,A,0,NA,NA,NA,NA,Y,NA,A,01,0,2,0,0,0,0,0,0,0,-,-,NA,NA,ORANGE,ANAHEIM,-117.9014892578125,33.7961311340332
8666726,2018,2018-07-26,3007,2018-06-27,1427,1139,19,3,5,5,3007,0,0,0,NA,0,002,HARBOR,LILAC,0,NA,Y,A,-,N,NA,NA,NA,NA,NA,NA,NA,NA,NA,N,4,0,2,2,A,-,09,21801,A,N,D,C,A,A,H,-,A,A,0,NA,NA,NA,NA,Y,NA,A,01,0,0,2,0,0,0,0,0,0,-,-,NA,NA,ORANGE,FOUNTAIN VALLEY,-117.91998291015624,33.73099136352539
8667355,2018,2019-01-07,3010,2018-07-20,2050,1118,272,5,5,6,3010,0,0,0,NA,0,006,RT 39,SLATER,140,N,N,A,-,Y,ORA,12,39,-,-,4.16,H,-,S,N,4,0,1,2,A,-,03,22350,A,F,F,I,A,A,H,-,C,D,0,NA,Y,NA,NA,Y,Y,L,04,0,0,1,0,0,0,1,0,0,-,-,NA,NA,ORANGE,HUNTINGTON BEACH,-117.98927307128906,33.70891571044922
8668085,2018,2018-07-31,3005,2018-06-27,1806,7920,C15,3,5,4,3005,0,0,0,NA,0,001,ORANGE AV,GRINDLAY ST,220,W,N,A,-,N,NA,NA,NA,NA,NA,NA,NA,NA,NA,Y,4,0,1,2,A,-,03,22350,NA,N,C,C,A,A,H,-,A,D,0,NA,NA,NA,NA,Y,NA,A,01,0,0,1,0,0,0,0,0,0,-,-,NA,NA,ORANGE,CYPRESS,-118.0420150756836,33.82429122924805
8668176,2018,2018-08-07,3024,2018-07-10,1804,400,P 35,2,5,5,3024,0,0,0,NA,0,EAST,MCFADDEN AV,BELGRADE ST,0,NA,Y,A,-,N,NA,NA,NA,NA,NA,NA,NA,NA,NA,Y,3,0,3,2,A,-,12,22450,A,N,D,C,A,A,H,-,A,A,0,NA,NA,NA,NA,Y,Y,A,07,0,1,2,0,0,0,0,0,0,-,-,33.737709045410156,-117.95755004882813,ORANGE,WESTMINSTER,-117.95760345458984,33.73765182495117
8669223,2018,2018-08-14,3001,2018-07-06,1710,1830,NA,5,5,7,3001,0,0,0,NA,0,0D3,SOUTH STATE COLLEGE BL,EAST CERRITOS AV,0,NA,Y,A,-,N,NA,NA,NA,NA,NA,NA,NA,NA,NA,Y,3,0,1,2,D,-,00,NA,NA,N,D,C,A,A,H,-,A,A,0,NA,NA,NA,NA,Y,NA,-,-,0,1,0,0,0,0,0,0,0,-,-,NA,NA,ORANGE,ANAHEIM,-117.88925170898438,33.810630798339844
8670418,2018,2018-09-04,3014,2018-07-22,0826,1395,RD29,7,5,5,3014,0,0,0,NA,0,0A2,POLARIS DR,WHITE CLIFFS DR,60,S,N,A,-,N,NA,NA,NA,NA,NA,NA,NA,NA,NA,N,3,0,1,1,A,-,03,22350,NA,N,H,A,A,A,H,-,A,D,0,NA,Y,NA,NA,Y,NA,L,04,0,1,0,0,0,0,1,0,0,-,-,33.624698638916016,-117.89620208740234,ORANGE,NEWPORT BEACH,-117.896267,33.624732
8670420,2018,2018-08-29,3007,2018-07-18,1809,310,WOJ,3,5,5,3007,0,0,0,NA,0,NA,EUCLID,CONDOR,1011,S,N,A,-,N,NA,NA,NA,NA,NA,NA,NA,NA,NA,N,3,0,1,1,A,-,07,21658,A,N,E,I,A,A,H,-,A,A,0,NA,NA,Y,NA,Y,NA,C,02,0,1,0,0,0,0,0,0,1,-,-,NA,NA,ORANGE,FOUNTAIN VALLEY,-117.93492889404295,33.69628143310547
8671031,2018,2018-10-08,3001,2018-08-01,1253,2187,NA,3,5,7,3001,0,0,0,NA,0,0D2,EAST ST,ROMNEYA DR,40,N,N,A,-,N,NA,NA,NA,NA,NA,NA,NA,NA,NA,Y,4,0,1,2,A,-,03,22350,NA,N,C,C,A,A,H,-,A,A,0,NA,NA,NA,NA,Y,NA,A,01,0,0,1,0,0,0,0,0,0,-,-,NA,NA,ORANGE,ANAHEIM,-117.90670013427734,33.85102844238281
8672242,2018,2018-08-20,3001,2018-07-15,1303,A1252,NA,7,5,7,3001,0,0,0,NA,0,001,SOUTH MAGNOLIA AV,ORANGE AV,148,S,N,A,-,N,NA,NA,NA,NA,NA,NA,NA,NA,NA,Y,4,0,1,2,A,-,07,21658,A,N,B,C,A,A,H,-,A,A,0,NA,NA,NA,NA,Y,NA,A,01,0,0,1,0,0,0,0,0,0,-,-,NA,NA,ORANGE,ANAHEIM,-117.97592163085938,33.824485778808594
8672654,2018,2018-10-26,3014,2018-07-07,0749,1046,RD44,6,5,5,3014,0,0,0,NA,0,0A4,RT 1,GOLDENROD AV,115,E,N,A,-,N,NA,NA,NA,NA,NA,NA,NA,NA,NA,Y,4,0,1,3,-,-,-,NA,NA,N,D,C,A,A,H,-,A,D,0,NA,NA,NA,NA,Y,NA,-,-,0,0,1,0,0,0,0,0,0,-,-,33.60049819946289,-117.87259674072266,ORANGE,NEWPORT BEACH,-117.87420654296876,33.59897232055664
8672857,2018,2018-08-13,3026,2018-07-06,1153,6352,NA,5,5,6,3026,0,0,0,NA,0,00U,MAIN ST,MAC ARTHUR BL,20,E,N,A,-,N,NA,NA,NA,NA,NA,NA,NA,NA,NA,N,4,0,1,2,D,-,00,NA,NA,M,B,C,A,A,H,-,A,A,0,NA,NA,NA,NA,Y,NA,-,-,0,0,1,0,0,0,0,0,0,-,-,NA,NA,ORANGE,IRVINE,-117.85547637939452,33.685523986816406
8673222,2018,2018-08-03,3010,2018-07-14,1638,2137,441,6,5,6,3010,0,0,0,NA,0,004,MAIN ST,11TH ST,15,N,N,A,-,N,NA,NA,NA,NA,NA,NA,NA,NA,NA,Y,3,0,1,2,A,-,09,21802,A,M,F,A,A,A,H,-,A,D,0,NA,NA,Y,NA,Y,NA,-,99,0,1,0,0,0,0,0,0,0,-,-,NA,NA,ORANGE,HUNTINGTON BEACH,-118.00058746337892,33.668128967285156
8673759,2018,2018-08-31,3000,2018-07-11,1203,5013,862F2,3,5,5,3050,0,0,0,NA,0,7P63,SANTIAGO CANYON RD,MODJESKA GRADE RD,0,NA,Y,A,-,N,NA,NA,NA,NA,NA,NA,NA,NA,NA,Y,3,0,2,2,A,-,09,21802,A,N,D,C,A,A,H,-,A,A,0,NA,NA,NA,NA,Y,NA,A,01,0,1,1,0,0,0,0,0,0,-,-,NA,NA,ORANGE,LAKE FOREST,-117.63324737548828,33.69694137573242
8673833,2018,2018-10-11,3001,2018-06-26,1221,2470,D4,2,5,7,3001,0,0,0,NA,0,NA,NORTH TUSTIN AV,MIRA LOMA AV,165,N,N,A,-,N,NA,NA,NA,NA,NA,NA,NA,NA,NA,N,4,0,1,2,A,-,08,22102,NA,N,D,C,A,A,H,-,A,A,0,NA,NA,NA,NA,Y,NA,A,01,0,0,1,0,0,0,0,0,0,-,-,NA,NA,ORANGE,ANAHEIM,-117.84215545654295,33.86299133300781
8674107,2018,2018-08-21,3001,2018-07-07,0140,415,D1,6,5,7,3001,0,0,0,NA,0,NA,SOUTH BROOKHURST ST,WEST ORANGE AV,0,NA,Y,A,-,N,NA,NA,NA,NA,NA,NA,NA,NA,NA,Y,4,0,2,2,D,-,00,NA,NA,N,A,C,A,A,H,-,C,A,0,NA,NA,NA,NA,Y,NA,-,-,0,0,2,0,0,0,0,0,0,-,-,NA,NA,ORANGE,ANAHEIM,-117.9589385986328,33.82503128051758
8674115,2018,2018-08-21,3001,2018-07-13,0508,1410,D3,5,5,7,3001,0,0,0,NA,0,033,SOUTH ANAHEIM BL,SOUTH ANAHEIM WY,325,N,N,A,-,N,NA,NA,NA,NA,NA,NA,NA,NA,NA,Y,4,0,1,1,A,-,08,22107,NA,N,E,I,A,A,H,-,B,D,0,NA,NA,NA,NA,Y,NA,D,22,0,0,1,0,0,0,0,0,0,-,-,NA,NA,ORANGE,ANAHEIM,-117.90593719482422,33.808067321777344
8674512,2017,2018-08-16,3008,2017-10-28,1039,1531,NA,6,5,6,3008,0,0,0,NA,0,Z 1,VALENCIA DR,MAGNOLIA AV,141,W,N,A,-,N,NA,NA,NA,NA,NA,NA,NA,NA,NA,Y,3,0,1,2,A,-,08,22107,NA,N,B,C,A,A,H,-,A,D,0,NA,NA,NA,NA,Y,NA,A,01,0,1,0,0,0,0,0,0,0,-,-,NA,NA,ORANGE,FULLERTON,-117.97679289,33.86639149
8674759,2017,2018-08-21,3008,2017-12-15,0957,1436,NA,5,5,6,3008,0,0,0,NA,0,NA,HARBOR BL,ORANGEFAIR MALL,0,NA,Y,A,-,N,NA,NA,NA,NA,NA,NA,NA,NA,NA,Y,4,0,1,2,A,-,12,21453,A,N,D,C,A,A,H,-,A,A,0,NA,NA,NA,NA,Y,NA,A,07,0,0,1,0,0,0,0,0,0,-,-,NA,NA,ORANGE,FULLERTON,-117.92436005,33.85631007
8675505,2017,2018-10-30,3008,2017-11-08,0819,1158,NA,3,5,6,3008,0,0,0,NA,0,002,BREA BL,LEMON ST,0,NA,Y,A,-,N,NA,NA,NA,NA,NA,NA,NA,NA,NA,N,4,0,1,2,A,-,05,21650,1,N,D,G,A,A,H,-,A,A,0,NA,Y,NA,NA,Y,NA,L,04,0,0,1,0,0,0,1,0,0,-,-,NA,NA,ORANGE,FULLERTON,-117.92072002,33.88668007
8675684,2018,2018-08-29,3009,2018-07-28,1919,3972,71,6,5,6,3009,0,0,0,NA,0,012,MAGNOLIA ST,KATELLA AV,207,S,N,A,-,N,NA,NA,NA,NA,NA,NA,NA,NA,NA,Y,2,0,1,2,A,-,09,21804,A,N,D,C,A,A,H,-,B,D,0,NA,NA,Y,NA,Y,NA,A,07,1,0,0,0,0,0,0,0,1,-,-,33.80308151245117,-117.97564697265624,ORANGE,GARDEN GROVE,-117.97563934326172,33.802513122558594
8675704,2018,2018-08-29,3024,2018-07-07,1105,411,P22,6,5,5,3024,0,0,0,NA,0,WEST,BOLSA AV,VICTORIA LN,38,E,N,A,-,N,NA,NA,NA,NA,NA,NA,NA,NA,NA,Y,4,0,1,5,A,-,03,22350,NA,N,C,C,A,A,H,-,A,A,0,NA,NA,NA,NA,Y,NA,A,01,0,0,1,0,0,0,0,0,0,-,-,33.744388580322266,-118.01132965087892,ORANGE,WESTMINSTER,-118.01132202148438,33.74448013305664
8675709,2018,2018-08-23,3008,2018-07-03,1431,1158,NA,2,5,6,3008,0,0,0,NA,0,III,ORANGETHORPE AV,STATE COLLEGE BL,0,NA,Y,A,-,N,NA,NA,NA,NA,NA,NA,NA,NA,NA,Y,4,0,2,2,A,-,12,21453,A,N,D,C,A,A,H,-,A,A,0,NA,NA,NA,NA,Y,NA,A,07,0,0,2,0,0,0,0,0,0,-,-,NA,NA,ORANGE,FULLERTON,-117.88941192626952,33.85963821411133
8675991,2018,2018-08-20,3008,2018-06-25,0744,1484,NA,1,5,6,3008,0,0,0,NA,0,001,SOUTH GILBERT ST,WEST COMMONWEALTH AV,0,NA,Y,A,-,N,NA,NA,NA,NA,NA,NA,NA,NA,NA,Y,4,0,1,2,A,-,12,21453,A,N,D,C,A,A,H,-,A,A,0,NA,NA,NA,NA,Y,NA,A,01,0,0,1,0,0,0,0,0,0,-,-,NA,NA,ORANGE,FULLERTON,-117.96822357177734,33.87004852294922
8676475,2018,2018-10-26,3014,2018-07-24,0531,1395,RD39,2,5,5,3014,0,0,0,NA,0,0A3,RT 1,AVOCADO AV,180,E,N,A,-,N,NA,NA,NA,NA,NA,NA,NA,NA,NA,Y,2,0,1,2,A,-,03,22350,NA,N,C,E,A,A,H,-,B,A,0,NA,NA,NA,NA,Y,NA,A,01,1,0,0,0,0,0,0,0,0,-,-,33.60540008544922,-117.87509918212892,ORANGE,NEWPORT BEACH,-117.875345,33.605419
8676626,2018,2018-10-18,3022,2018-07-27,1330,1225,NA,5,5,5,3022,0,0,0,NA,0,NA,NEWPORT AV,EL CAMINO REAL,165,S,N,A,-,N,NA,NA,NA,NA,NA,NA,NA,NA,NA,N,4,0,4,3,A,-,03,22350,NA,N,C,C,A,A,H,-,A,A,0,NA,NA,NA,NA,Y,NA,A,07,0,0,4,0,0,0,0,0,0,-,-,33.73807144165039,-117.82225799560548,ORANGE,TUSTIN,-117.82256317138672,33.73778533935547
8676759,2018,2018-10-25,3012,2018-07-27,1540,288,21,5,5,5,3012,0,0,0,NA,0,0NE,WHITTIER BL,EUCLID ST,372,E,N,A,-,Y,ORA,12,39,-,-,22.04,H,-,N,N,4,0,4,3,A,-,03,22350,NA,N,C,C,A,A,H,-,A,A,0,NA,NA,NA,NA,Y,NA,A,01,0,0,4,0,0,0,0,0,0,-,-,NA,NA,ORANGE,LA HABRA,-117.94500732421876,33.93903732299805
8676945,2018,2019-01-07,3011,2018-07-22,1014,31407,86,7,5,4,3011,0,0,0,NA,0,003,RT 1,VISTA DEL SOL,1659,N,N,A,-,Y,ORA,12,1,-,-,5.21,H,-,S,Y,3,0,1,2,A,-,03,22350,NA,N,C,C,A,A,H,-,A,D,0,NA,NA,Y,NA,Y,NA,C,02,0,1,0,0,0,0,0,0,1,-,-,NA,NA,ORANGE,LAGUNA BEACH,-117.73846435546876,33.49626159667969
8677812,2018,2018-10-09,3014,2018-08-03,1226,1395,RD61,5,5,5,3014,0,0,0,NA,0,0A4,NEWPORT COAST DR,PELICAN HILL RD,45,N,N,A,-,N,NA,NA,NA,NA,NA,NA,NA,NA,NA,N,4,0,2,2,A,-,03,22350,NA,N,C,C,A,A,H,-,A,A,0,NA,NA,NA,NA,Y,NA,A,07,0,0,2,0,0,0,0,0,0,-,-,33.598899841308594,-117.8354034423828,ORANGE,NEWPORT BEACH,-117.84384155273438,33.584529876708984
8677824,2018,2018-10-09,3014,2018-08-04,2050,1453,RD26,6,5,5,3014,0,0,0,NA,0,0A2,WESTCLIFF DR,DOVER DR,91,W,N,A,-,N,NA,NA,NA,NA,NA,NA,NA,NA,NA,N,3,0,1,1,A,-,03,22350,NA,N,H,A,A,B,H,-,D,D,0,NA,Y,NA,NA,Y,Y,L,04,0,1,0,0,0,0,1,0,0,-,-,33.6254997253418,-117.9031982421875,ORANGE,NEWPORT BEACH,-117.90444183349608,33.6253662109375
8678537,2018,2018-09-13,3015,2018-08-10,1312,1098,15,5,5,6,3015,0,0,0,NA,0,731,NORTH ECKHOFF ST,WEST SEQUOIA AV,30,S,N,A,-,N,NA,NA,NA,NA,NA,NA,NA,NA,NA,N,4,0,1,2,A,-,03,22350,NA,N,C,C,A,A,H,-,A,A,0,NA,NA,NA,NA,Y,NA,A,01,0,0,1,0,0,0,0,0,0,-,-,NA,NA,ORANGE,ORANGE,-117.873779296875,33.79835891723633
8681435,2018,2018-08-31,3004,2018-07-20,0945,P510,27,5,5,6,3004,0,0,0,NA,0,004,HARBOR BL,SOUTH COAST DR,75,S,N,A,-,N,NA,NA,NA,NA,NA,NA,NA,NA,NA,Y,4,0,2,3,A,-,03,22350,NA,N,C,C,A,A,H,-,A,A,0,NA,NA,NA,NA,Y,NA,A,01,0,0,2,0,0,0,0,0,0,-,-,33.691200256347656,-117.91950225830078,ORANGE,COSTA MESA,-117.91954040527344,33.69141387939453
8682768,2018,2018-09-19,3001,2018-06-16,1239,1278,NA,6,5,7,3001,0,0,0,NA,0,0D1,WEST BALL RD,SOUTH LOARA ST,0,NA,Y,B,-,N,NA,NA,NA,NA,NA,NA,NA,NA,NA,Y,3,0,1,3,A,-,01,23152,A,N,D,C,A,-,H,-,A,A,0,NA,NA,NA,NA,Y,Y,A,07,0,1,0,0,0,0,0,0,0,-,-,NA,NA,ORANGE,ANAHEIM,-117.93765258789063,33.81800842285156
8682906,2018,2018-10-03,3024,2018-08-28,1905,454,P05,2,5,5,3024,0,0,0,NA,0,WEST,TRASK AV,GOLDENWEST ST,0,NA,Y,A,-,N,NA,NA,NA,NA,NA,NA,NA,NA,NA,N,4,0,1,2,A,-,08,22107,NA,N,H,G,A,A,H,-,B,A,0,NA,Y,NA,NA,Y,NA,A,01,0,0,1,0,0,0,1,0,0,-,-,NA,NA,ORANGE,WESTMINSTER,-118.00724792480467,33.7663688659668
8683322,2018,2018-10-08,3024,2018-08-13,1303,465,P11,1,5,5,3024,0,0,0,NA,0,WEST,HOOVER ST,21ST ST,120,N,N,A,-,N,NA,NA,NA,NA,NA,NA,NA,NA,NA,N,4,0,1,2,A,-,08,22107,NA,F,B,C,A,A,H,-,A,A,0,NA,NA,NA,NA,Y,NA,A,01,0,0,1,0,0,0,0,0,0,-,-,NA,NA,ORANGE,WESTMINSTER,-117.99845886230467,33.76314926147461
8683544,2018,2018-10-08,3026,2018-08-04,0906,8929,PORTO,6,5,6,3026,0,0,0,NA,0,008,SAND CANYON AV,SPRING MEADOW,180,S,N,A,-,N,NA,NA,NA,NA,NA,NA,NA,NA,NA,N,4,0,1,2,A,-,08,22107,NA,N,B,C,A,A,H,-,A,D,0,NA,NA,Y,NA,Y,NA,C,02,0,0,1,0,0,0,0,0,1,-,-,33.70048904418945,-117.74443817138672,ORANGE,IRVINE,-117.73600006103516,33.700477600097656
8683929,2018,2018-08-31,3001,2018-06-05,1309,1252,NA,2,5,7,3001,0,0,0,NA,0,D 3,SOUTH SUNKIST ST,HILDA ST,60,S,N,B,-,N,NA,NA,NA,NA,NA,NA,NA,NA,NA,Y,4,0,1,2,A,-,07,21658,A,N,D,C,A,A,H,-,A,A,0,NA,NA,NA,NA,Y,NA,A,08,0,0,1,0,0,0,0,0,0,-,-,NA,NA,ORANGE,ANAHEIM,-117.88054656982422,33.81908416748047
8684615,2018,2018-09-18,3022,2018-08-22,1720,1225,NA,3,5,5,3022,0,0,0,NA,0,NA,RED HILL AV,MITCHELL AV,355,S,N,A,-,N,NA,NA,NA,NA,NA,NA,NA,NA,NA,N,4,0,1,2,A,-,09,21804,A,N,A,C,A,A,H,-,A,D,0,NA,NA,NA,NA,Y,NA,A,01,0,0,1,0,0,0,0,0,0,-,-,33.730709075927734,-117.8181381225586,ORANGE,TUSTIN,-117.81894683837892,33.7299919128418
8685003,2018,2018-08-23,3001,2018-06-01,2114,A2000,D2,5,5,7,3001,0,0,0,NA,0,025,N ACACIA ST,EAST ROMNEYA DR,0,NA,Y,A,-,N,NA,NA,NA,NA,NA,NA,NA,NA,NA,N,4,0,1,2,A,-,10,21950,A,N,G,B,B,A,H,-,C,D,0,Y,NA,NA,NA,Y,NA,A,01,0,0,1,0,1,0,0,0,0,-,-,NA,NA,ORANGE,ANAHEIM,-117.89795684814452,33.85089111328125
8685443,2018,2018-08-29,3007,2018-08-05,1852,302,57,7,5,5,3007,0,0,0,NA,0,002,NEWHOPE,SOUTHPARK,0,NA,Y,A,-,N,NA,NA,NA,NA,NA,NA,NA,NA,NA,N,3,0,1,2,A,-,09,21801,A,N,A,G,A,A,H,-,A,A,0,NA,Y,NA,NA,Y,NA,A,01,0,1,0,0,0,0,1,0,0,-,-,NA,NA,ORANGE,FOUNTAIN VALLEY,-117.93451690673828,33.70370864868164
8686403,2018,2018-08-29,3015,2018-07-30,1814,1540,22E,1,5,6,3015,0,0,0,NA,0,312,WEST CHAPMAN AV,S CYPRESS ST,0,NA,Y,A,-,N,NA,NA,NA,NA,NA,NA,NA,NA,NA,Y,3,0,3,2,A,-,09,21802,A,N,D,C,A,A,H,-,A,D,0,NA,NA,NA,NA,Y,NA,A,01,0,3,0,0,0,0,0,0,0,-,-,NA,NA,ORANGE,ORANGE,-117.85639190673828,33.787879943847656
8686640,2018,2018-10-26,3015,2018-07-03,1850,1602,67N,2,5,6,3015,0,0,0,NA,0,113,EAST LINCOLN AV,ORANGE OLIVE ST,262,W,N,A,-,N,NA,NA,NA,NA,NA,NA,NA,NA,NA,Y,3,0,1,2,A,-,09,21801,A,N,-,C,A,A,H,-,A,D,0,NA,NA,NA,NA,Y,NA,A,01,0,1,0,0,0,0,0,0,0,-,-,NA,NA,ORANGE,ORANGE,-117.84715270996094,33.83618927001953
8687443,2018,2018-08-30,3000,2018-07-14,1910,9704,922B1,6,5,5,3028,0,0,0,NA,0,754,CHRISANTA DR,LA PAZ RD,275,N,N,A,-,N,NA,NA,NA,NA,NA,NA,NA,NA,NA,N,3,0,1,1,A,-,08,22107,NA,N,E,I,A,A,H,-,A,D,0,NA,NA,NA,NA,Y,NA,A,01,0,1,0,0,0,0,0,0,0,-,-,NA,NA,ORANGE,MISSION VIEJO,-117.67206573486328,33.599891662597656