CASE_ID,ACCIDENT_YEAR,PROC_DATE,JURIS,COLLISION_DATE,COLLISION_TIME,OFFICER_ID,REPORTING_DISTRICT,DAY_OF_WEEK,CHP_SHIFT,POPULATION,CNTY_CITY_LOC,SPECIAL_COND,BEAT_TYPE,CHP_BEAT_TYPE,CITY_DIVISION_LAPD,CHP_BEAT_CLASS,BEAT_NUMBER,PRIMARY_RD,SECONDARY_RD,DISTANCE,DIRECTION,INTERSECTION,WEATHER_1,WEATHER_2,STATE_HWY_IND,CALTRANS_COUNTY,CALTRANS_DISTRICT,STATE_ROUTE,ROUTE_SUFFIX,POSTMILE_PREFIX,POSTMILE,LOCATION_TYPE,RAMP_INTERSECTION,SIDE_OF_HWY,TOW_AWAY,COLLISION_SEVERITY,NUMBER_KILLED,NUMBER_INJURED,PARTY_COUNT,PRIMARY_COLL_FACTOR,PCF_CODE_OF_VIOL,PCF_VIOL_CATEGORY,PCF_VIOLATION,PCF_VIOL_SUBSECTION,HIT_AND_RUN,TYPE_OF_COLLISION,MVIW,PED_ACTION,ROAD_SURFACE,ROAD_COND_1,ROAD_COND_2,LIGHTING,CONTROL_DEVICE,CHP_ROAD_TYPE,PEDESTRIAN_ACCIDENT,BICYCLE_ACCIDENT,MOTORCYCLE_ACCIDENT,TRUCK_ACCIDENT,NOT_PRIVATE_PROPERTY,ALCOHOL_INVOLVED,STWD_VEHTYPE_AT_FAULT,CHP_VEHTYPE_AT_FAULT,COUNT_SEVERE_INJ,COUNT_VISIBLE_INJ,COUNT_COMPLAINT_PAIN,COUNT_PED_KILLED,COUNT_PED_INJURED,COUNT_BICYCLIST_KILLED,COUNT_BICYCLIST_INJURED,COUNT_MC_KILLED,COUNT_MC_INJURED,PRIMARY_RAMP,SECONDARY_RAMP,LATITUDE,LONGITUDE,COUNTY,CITY,POINT_X,POINT_Y
8906087,2019,2019-08-20,3003,2019-07-22,0900,1093,NA,1,5,5,3003,0,0,0,NA,0,NA,ORANGETHORPE AV,VALLEY VIEW ST,165,E,N,A,-,N,NA,NA,NA,NA,NA,NA,NA,NA,NA,Y,4,0,1,2,A,-,09,21804,A,N,B,D,A,A,H,-,A,D,0,NA,NA,NA,NA,Y,NA,D,22,0,0,1,0,0,0,0,0,0,-,-,33.51335906982422,-118.01468658447266,ORANGE,BUENA PARK,-118.0288314819336,33.858741760253906
8907002,2019,2019-08-09,3024,2019-07-23,1043,195,P-12,2,5,5,3024,0,0,0,NA,0,WEST,HOOVER ST,21ST ST,0,NA,Y,A,-,N,NA,NA,NA,NA,NA,NA,NA,NA,NA,Y,3,0,1,2,A,-,12,22450,A,N,D,C,A,A,H,-,A,A,0,NA,NA,NA,NA,Y,NA,A,07,0,1,0,0,0,0,0,0,0,-,-,33.76271057128906,-117.99839019775392,ORANGE,WESTMINSTER,-117.99845886230467,33.762821197509766
8907744,2019,2019-08-20,3006,2019-07-27,1129,331,27,6,5,3,3006,0,0,0,NA,0,002,LA PALMA AV,WALKER ST,318,W,N,A,-,N,NA,NA,NA,NA,NA,NA,NA,NA,NA,Y,4,0,3,3,A,-,09,21801,A,N,D,C,A,A,H,-,A,D,0,NA,NA,NA,NA,Y,NA,A,08,0,0,3,0,0,0,0,0,0,-,-,NA,NA,ORANGE,LA PALMA,-118.0382843017578,33.84640121459961
8907880,2019,2019-08-16,3006,2019-07-24,1747,329,24,3,5,3,3006,0,0,0,NA,0,002,LA PALMA,MOODY,0,NA,Y,A,-,N,NA,NA,NA,NA,NA,NA,NA,NA,NA,Y,3,0,1,1,A,-,03,22350,NA,N,-,I,A,A,H,-,A,A,0,NA,NA,NA,NA,Y,NA,A,01,0,1,0,0,0,0,0,0,0,-,-,NA,NA,ORANGE,LA PALMA,-118.04608917236328,33.846351623535156
8907962,2019,2019-09-06,3005,2019-08-04,0433,8235,C22,7,5,4,3005,0,0,0,NA,0,002,BALL RD,CABRILLO,241,W,N,A,-,N,NA,NA,NA,NA,NA,NA,NA,NA,NA,Y,3,0,1,2,A,-,08,22107,NA,N,B,E,A,A,H,-,C,D,0,NA,NA,NA,NA,Y,NA,A,01,0,1,0,0,0,0,0,0,0,-,-,NA,NA,ORANGE,CYPRESS,-118.033203125,33.81709289550781
8908609,2019,2019-08-09,3003,2019-07-20,1403,1226,NA,6,5,5,3003,0,0,0,NA,0,001,ARTESIA BL,INDIANA AV,0,NA,Y,A,-,N,NA,NA,NA,NA,NA,NA,NA,NA,NA,N,3,0,3,2,A,-,09,21801,A,N,D,C,A,A,H,-,A,A,0,NA,NA,NA,NA,Y,NA,A,01,0,1,2,0,0,0,0,0,0,-,-,NA,NA,ORANGE,BUENA PARK,-117.98992919921876,33.87351989746094
8909199,2019,2020-09-18,3001,2019-07-01,0513,A1555,NA,1,5,7,3001,0,0,0,NA,0,D-4,KRAEMER BL,RT 91,0,NA,Y,A,-,Y,ORA,12,91,-,-,7.538,R,4,W,N,3,0,1,2,A,-,09,21453,B,N,D,G,A,A,H,-,B,A,0,NA,Y,NA,NA,Y,NA,D,22,0,1,0,0,0,0,1,0,0,-,EF,NA,NA,ORANGE,ANAHEIM,-117.85246276855467,33.84879684448242
8910463,2019,2020-02-06,3011,2019-08-03,1242,31334,41,6,5,4,3011,0,0,0,NA,0,002,RT 1,CLEO ST,9,N,N,A,-,Y,ORA,12,1,-,-,8.93,H,-,N,Y,4,0,1,2,A,-,09,21801,A,N,C,C,A,A,H,-,A,A,0,NA,NA,NA,NA,Y,NA,A,01,0,0,1,0,0,0,0,0,0,-,-,NA,NA,ORANGE,LAGUNA BEACH,-117.77970886230467,33.537776947021484
8910497,2019,2021-05-28,3000,2019-08-07,2213,2872,797-J,3,5,4,3021,0,0,0,NA,0,023,BEACH BL,GARDEN GROVE BL,339,N,N,A,-,Y,ORA,12,39,-,-,8.74,H,-,S,Y,1,1,2,5,A,-,01,23152,A,N,C,C,D,A,H,-,C,A,0,Y,NA,NA,NA,Y,Y,A,01,1,0,1,1,1,0,0,0,0,-,-,33.77484893798828,-117.99292755126952,ORANGE,STANTON,-117.99292755126952,33.77472686767578
8910798,2019,2019-09-03,3007,2019-08-13,1740,280,35,2,5,5,3007,0,0,0,NA,0,001,BROOKHURST,HEIL,590,S,N,A,-,N,NA,NA,NA,NA,NA,NA,NA,NA,NA,N,4,0,1,3,A,-,03,22350,NA,N,C,C,A,A,H,-,A,D,0,NA,NA,NA,NA,Y,NA,D,22,0,0,1,0,0,0,0,0,0,-,-,NA,NA,ORANGE,FOUNTAIN VALLEY,-117.95464324951172,33.721923828125
8911192,2019,2021-05-25,3000,2019-04-21,1930,2872,891-G,7,5,5,3050,0,0,0,NA,0,060,MUIRLANDS BL,ENTRADOS DR,0,NA,Y,A,-,N,NA,NA,NA,NA,NA,NA,NA,NA,NA,Y,1,1,1,3,A,-,01,23152,A,N,D,C,A,A,H,-,B,A,0,NA,NA,NA,NA,Y,Y,A,07,0,1,0,0,0,0,0,0,0,-,-,33.62675857543945,-117.70191192626952,ORANGE,LAKE FOREST,-117.70195770263672,33.62670135498047
8911243,2019,2021-06-02,3019,2019-06-28,2237,3317,SC,5,5,7,3019,0,0,0,NA,0,004,1ST ST,TOWNSEND ST,12,W,N,A,-,N,NA,NA,NA,NA,NA,NA,NA,NA,NA,N,1,1,0,2,A,-,11,21456,B,F,G,B,B,A,H,-,C,A,0,Y,NA,NA,NA,Y,NA,N,60,0,0,0,1,0,0,0,0,0,-,-,33.74528884887695,-117.89598083496094,ORANGE,SANTA ANA,-117.89602661132813,33.74538040161133
8911245,2019,2020-06-23,3000,2019-10-17,1345,3331,922D2,4,5,5,3028,0,0,0,NA,0,017,LA PAZ RD,OLYMPIAD RD,0,NA,Y,A,-,N,NA,NA,NA,NA,NA,NA,NA,NA,NA,Y,1,1,3,4,A,-,01,23152,A,N,D,C,A,A,H,-,A,A,0,NA,NA,NA,NA,Y,Y,A,08,0,3,0,0,0,0,0,0,0,-,-,33.602909088134766,-117.63458251953124,ORANGE,MISSION VIEJO,-117.63446044921876,33.60295104980469
8911409,2020,2022-06-14,3010,2020-01-02,2309,2083,484,4,5,6,3010,0,0,0,NA,0,002,RT 1,NEWLAND ST,930,S,N,B,-,Y,ORA,12,1,-,-,23.09,H,-,N,Y,1,1,0,2,A,-,11,21956,A,N,G,B,E,A,H,-,D,D,0,Y,NA,NA,NA,Y,NA,N,60,0,0,0,1,0,0,0,0,0,-,-,NA,NA,ORANGE,HUNTINGTON BEACH,-117.97861480712892,33.64283752441406
8911564,2020,2020-10-22,3000,2020-08-19,2235,3331,791F5,3,5,4,3029,0,0,0,NA,0,017,RT 1,SELVA RD,0,NA,Y,A,-,N,NA,NA,1,NA,NA,NA,NA,NA,NA,Y,1,1,3,2,A,-,01,23152,F,N,D,C,A,A,H,-,C,A,0,NA,NA,NA,NA,Y,NA,A,01,2,0,1,0,0,0,0,0,0,-,-,33.47058868408203,-117.7131805419922,ORANGE,DANA POINT,-117.71314239501952,33.47061538696289
8911718,2020,2020-10-21,3000,2020-02-15,1950,8796,971J5,6,5,4,3029,0,0,0,NA,0,638,SELVA RD,CALLE LA PRIMAVERA,154,W,N,A,-,N,NA,NA,NA,NA,NA,NA,NA,NA,NA,Y,1,1,0,1,A,-,01,23152,G,N,E,I,A,A,H,-,C,D,0,NA,NA,Y,NA,Y,Y,C,02,0,0,0,0,0,0,0,1,0,-,-,NA,NA,ORANGE,DANA POINT,-117.69351959228516,33.47282791137695
8911743,2019,2021-06-02,3026,2019-12-17,1932,6352,NA,2,5,6,3026,0,0,0,NA,0,00C,ALTON PKWY,ENTERPRISE,28,W,N,A,-,N,NA,NA,NA,NA,NA,NA,NA,NA,NA,Y,1,1,0,2,A,-,11,21461,5,F,G,B,D,A,H,-,C,A,0,Y,NA,NA,NA,Y,Y,N,60,0,0,0,1,0,0,0,0,0,-,-,NA,NA,ORANGE,IRVINE,-117.74493408203124,33.6555061340332
8911955,2020,2021-01-07,3010,2020-08-23,0050,1192,148,7,5,6,3010,0,0,0,NA,0,009,SPRINGDALE,MCFADDEN,922,S,N,A,-,N,NA,NA,NA,NA,NA,NA,NA,NA,NA,Y,1,1,1,1,A,-,01,23152,G,N,B,I,A,A,H,-,C,A,0,NA,NA,NA,NA,Y,Y,A,01,0,0,1,0,0,0,0,0,0,-,-,NA,NA,ORANGE,HUNTINGTON BEACH,-118.0241241455078,33.73472595214844
8913400,2019,2020-02-24,3010,2019-07-29,0954,1251,292,1,5,6,3010,0,0,0,NA,0,005,RT 39,TALBERT AV,25,S,N,B,-,Y,ORA,12,39,-,-,3.6,H,-,N,Y,3,0,1,1,A,-,03,22350,NA,N,H,I,A,A,H,-,A,A,0,NA,NA,Y,NA,Y,NA,C,02,0,1,0,0,0,0,0,0,1,-,-,NA,NA,ORANGE,HUNTINGTON BEACH,-117.98905181884766,33.70075225830078
8916497,2019,2019-08-20,3014,2019-07-13,1505,1462,RD42,6,5,5,3014,0,0,0,NA,0,0A3,BAYSIDE DR,JAMBOREE DR,1016,W,N,A,-,N,NA,NA,1,NA,NA,NA,NA,NA,NA,N,4,0,1,2,A,-,03,22350,NA,N,H,B,B,A,H,-,A,D,0,Y,Y,NA,NA,Y,NA,L,04,0,0,1,0,1,0,0,0,0,-,-,33.61309814453125,-117.8939971923828,ORANGE,NEWPORT BEACH,-117.89398193359376,33.61320114135742
8920077,2019,2019-09-20,3015,2019-08-02,0044,1603,16E,5,5,6,3015,0,0,0,NA,0,121,COLLINS AV,LINCOLN ST,170,W,N,A,-,N,NA,NA,NA,NA,NA,NA,NA,NA,NA,Y,4,0,1,2,A,-,08,22107,NA,N,C,E,A,A,H,-,C,A,0,NA,NA,NA,NA,Y,NA,A,01,0,0,1,0,0,0,0,0,0,-,-,NA,NA,ORANGE,ORANGE,-117.83901977539063,33.80232620239258
8920262,2019,2019-08-30,3007,2019-07-26,1311,1148,65,5,5,5,3007,0,0,0,NA,0,003,ADOBE RIVER AV,BROOKHURST ST,58,E,N,A,-,N,NA,NA,NA,NA,NA,NA,NA,NA,NA,Y,4,0,1,2,A,-,03,22350,NA,N,C,E,A,A,H,-,A,D,0,NA,NA,NA,NA,Y,NA,A,01,0,0,1,0,0,0,0,0,0,-,-,NA,NA,ORANGE,FOUNTAIN VALLEY,-117.9541473388672,33.6986083984375
8920710,2019,2019-09-05,3007,2019-08-06,1219,320,54,2,5,5,3007,0,0,0,NA,0,003,BROOKHURST,SLATER,1112,S,N,A,-,N,NA,NA,NA,NA,NA,NA,NA,NA,NA,Y,4,0,1,2,A,-,03,22350,NA,N,C,C,A,A,H,-,A,D,0,NA,NA,NA,NA,Y,NA,A,01,0,0,1,0,0,0,0,0,0,-,-,NA,NA,ORANGE,FOUNTAIN VALLEY,-117.95443725585938,33.705963134765625
8920797,2019,2019-08-27,3026,2019-07-09,0738,4779,U,2,5,6,3026,0,0,0,NA,0,00U,MACARTHUR BL,FAIRCHILD,0,NA,Y,B,-,N,NA,NA,NA,NA,NA,NA,NA,NA,NA,N,4,0,1,3,A,-,09,21453,C,N,C,C,A,A,H,-,A,A,0,NA,NA,NA,NA,Y,NA,A,01,0,0,1,0,0,0,0,0,0,-,-,NA,NA,ORANGE,IRVINE,-117.8615264892578,33.654109954833984
8922401,2019,2019-09-09,3001,2019-08-15,0959,A1410,NA,4,5,7,3001,0,0,0,NA,0,D-3,BALL RD,STATE COLLEGE BL,60,E,N,A,-,N,NA,NA,NA,NA,NA,NA,NA,NA,NA,N,4,0,1,2,A,-,03,22350,NA,N,C,C,A,A,H,-,A,A,0,NA,NA,NA,NA,Y,NA,D,22,0,0,1,0,0,0,0,0,0,-,-,33.818111419677734,-117.88915252685548,ORANGE,ANAHEIM,-117.88919067382813,33.81808853149414
8924465,2019,2020-01-13,3026,2019-08-02,0052,593,NA,5,5,6,3026,0,0,0,NA,0,00C,ALTON PKWY,EAST YALE LOOP,0,NA,Y,A,-,N,NA,NA,NA,NA,NA,NA,NA,NA,NA,Y,4,0,1,2,A,-,12,21453,A,N,-,C,A,A,H,-,C,A,0,NA,NA,NA,NA,Y,NA,A,01,0,0,1,0,0,0,0,0,0,-,-,NA,NA,ORANGE,IRVINE,-117.7915267944336,33.671329498291016
8924582,2019,2019-10-16,3022,2019-07-24,0909,1323,NORTH,3,5,5,3022,0,0,0,NA,0,NA,MYFORD RD,HERITAGE WY,0,NA,Y,A,-,N,NA,NA,NA,NA,NA,NA,NA,NA,NA,Y,4,0,1,2,A,-,09,21801,A,N,D,C,A,A,H,-,A,A,0,NA,NA,NA,NA,Y,NA,A,01,0,0,1,0,0,0,0,0,0,-,-,33.73075866699219,-117.79251861572266,ORANGE,TUSTIN,-117.7925033569336,33.7305908203125
8924589,2019,2019-11-25,3008,2019-07-02,1531,1467,ZONE2,2,5,6,3008,0,0,0,NA,0,NA,HIGHLAND AV,BROOKDALE PL,0,NA,Y,A,-,N,NA,NA,NA,NA,NA,NA,NA,NA,NA,NA,4,0,1,2,A,-,09,21804,A,N,D,C,A,A,H,-,A,D,0,NA,NA,NA,NA,Y,NA,A,01,0,0,1,0,0,0,0,0,0,-,-,NA,NA,ORANGE,FULLERTON,-117.92874145507813,33.876380920410156
8924601,2019,2019-10-17,3008,2019-07-05,1200,1544,ZONE2,5,5,6,3008,0,0,0,NA,0,NA,LEMON ST,VALENCIA DR,0,NA,Y,A,-,N,NA,NA,NA,NA,NA,NA,NA,NA,NA,Y,3,0,1,2,A,-,12,21453,A,N,D,C,A,A,H,-,A,A,0,NA,NA,NA,NA,Y,NA,A,01,0,1,0,0,0,0,0,0,0,-,-,NA,NA,ORANGE,FULLERTON,-117.91989135742188,33.8662109375
8925552,2019,2019-09-09,3024,2019-08-14,0312,472,P-34,3,5,5,3024,0,0,0,NA,0,EAST,MAGNOLIA ST,BISHOP PL,181,N,N,A,-,N,NA,NA,NA,NA,NA,NA,NA,NA,NA,Y,4,0,1,5,A,-,01,23152,A,N,B,E,A,A,H,-,C,D,0,NA,NA,NA,NA,Y,Y,A,01,0,0,1,0,0,0,0,0,0,-,-,33.7411994934082,-117.97225189208984,ORANGE,WESTMINSTER,-117.97223663330078,33.74171447753906
8928686,2019,2019-09-09,3015,2019-08-14,0630,1364,RD27,3,5,6,3015,0,0,0,NA,0,713M,GLASSELL ST,TAFT AV,0,NA,Y,A,-,N,NA,NA,NA,NA,NA,NA,NA,NA,NA,Y,4,0,2,3,A,-,12,21453,A,N,D,C,A,A,H,-,A,A,0,NA,NA,NA,NA,Y,NA,A,01,0,0,2,0,0,0,0,0,0,-,-,33.81515121459961,-117.85240173339844,ORANGE,ORANGE,-117.85295104980467,33.815731048583984
8928998,2019,2019-09-11,3015,2019-08-15,1319,1612,47E,4,5,6,3015,0,0,0,NA,0,711,N COTTONWOOD ST,E LINCOLN AV,500,N,N,A,-,N,NA,NA,NA,NA,NA,NA,NA,NA,NA,Y,3,0,2,4,A,-,03,22350,NA,N,C,E,A,A,H,-,A,D,0,NA,NA,NA,NA,Y,NA,A,07,0,2,0,0,0,0,0,0,0,-,-,NA,NA,ORANGE,ORANGE,-117.84864044189452,33.837093353271484
8929091,2019,2019-09-09,3002,2019-07-17,1243,1395,NA,3,5,4,3002,0,0,0,NA,0,012,SANTA FE RD,VALLEY CROSSING RD,0,NA,Y,A,-,N,NA,NA,NA,NA,NA,NA,NA,NA,NA,Y,4,0,1,2,A,-,12,22450,A,N,D,C,A,A,H,-,A,A,0,NA,NA,NA,NA,Y,NA,A,01,0,0,1,0,0,0,0,0,0,-,-,33.925559997558594,-117.84072113037108,ORANGE,BREA,-117.84089660644533,33.92652130126953
8929093,2019,2019-09-10,3000,2019-05-14,1215,9456,921B1,2,5,3,3051,0,0,0,NA,0,1A83,EL TORO,CALLE CORTA,27,W,N,A,-,N,NA,NA,NA,NA,NA,NA,NA,NA,NA,Y,3,0,2,2,A,-,12,21453,NA,N,D,C,A,A,H,-,A,A,0,NA,NA,NA,NA,Y,NA,A,01,0,1,1,0,0,0,0,0,0,EO,-,NA,NA,ORANGE,LAGUNA WOODS,-117.74449920654295,33.601783752441406
8929473,2019,2019-09-26,3001,2019-08-21,1609,1830,NA,3,5,7,3001,0,0,0,NA,0,0D3,EAST BALL RD,S PHOENIX CLUB DR,0,NA,Y,A,-,N,NA,NA,NA,NA,NA,NA,NA,NA,NA,Y,3,0,2,2,A,-,12,21453,A,N,D,C,A,A,H,-,A,A,0,NA,NA,NA,NA,Y,NA,-,-,0,1,1,0,0,0,0,0,0,-,-,NA,NA,ORANGE,ANAHEIM,-117.87217712402344,33.817569732666016
8929600,2019,2019-09-11,3026,2019-08-13,1742,7094,NA,2,5,6,3026,0,0,0,NA,0,00U,MICHELSON DR,MACARTHUR BL,80,E,N,A,-,N,NA,NA,NA,NA,NA,NA,NA,NA,NA,N,4,0,1,2,A,-,03,22350,NA,N,C,C,A,A,H,-,A,A,0,NA,NA,NA,NA,Y,NA,A,07,0,0,1,0,0,0,0,0,0,-,-,NA,NA,ORANGE,IRVINE,-117.86016845703124,33.67752456665039
8930351,2019,2019-09-09,3024,2019-08-16,2231,475,P-11,5,5,5,3024,0,0,0,NA,0,WEST,HOOVER ST,21ST ST,0,NA,Y,A,-,N,NA,NA,NA,NA,NA,NA,NA,NA,NA,NA,4,0,1,2,A,-,12,22450,A,N,D,D,A,A,H,-,C,A,0,NA,NA,NA,NA,Y,NA,A,01,0,0,1,0,0,0,0,0,0,-,-,33.76226043701172,-118.00096893310548,ORANGE,WESTMINSTER,-117.99845886230467,33.762821197509766
8930649,2019,2019-09-04,3008,2019-06-13,2215,1435,NA,4,5,6,3008,0,0,0,NA,0,001,BROOKHURST ST,COMMONWEALTH AV,355,S,N,B,-,N,NA,NA,NA,NA,NA,NA,NA,NA,NA,N,3,0,1,2,A,-,03,22350,A,F,D,G,A,A,H,-,C,D,0,NA,Y,NA,NA,Y,NA,-,99,0,1,0,0,0,0,1,0,0,-,-,NA,NA,ORANGE,FULLERTON,-117.95941162109376,33.8701286315918
8931907,2019,2019-09-12,3007,2019-08-29,0850,1140,66,4,5,5,3007,0,0,0,NA,0,003,TALBERT,EUCLID,350,W,N,A,-,N,NA,NA,NA,NA,NA,NA,NA,NA,NA,N,4,0,1,2,A,-,03,22350,NA,N,C,C,A,A,H,-,A,A,0,NA,NA,NA,NA,Y,NA,A,08,0,0,1,0,0,0,0,0,0,-,-,NA,NA,ORANGE,FOUNTAIN VALLEY,-117.93817901611328,33.701927185058594
8934625,2019,2019-12-28,3015,2019-06-25,1541,1507,RD22,2,5,6,3015,0,0,0,NA,0,721M,GLASSELL ST,LA VETA AV,355,N,N,B,-,N,NA,NA,NA,NA,NA,NA,NA,NA,NA,N,4,0,1,2,A,-,05,21650,NA,N,A,C,A,A,H,-,A,D,0,NA,NA,NA,NA,Y,NA,A,07,0,0,1,0,0,0,0,0,0,-,-,33.78065872192383,-117.85321807861328,ORANGE,ORANGE,-117.85312652587892,33.781593322753906
8934708,2019,2019-10-28,3024,2019-08-16,1231,329,P-18,5,5,5,3024,0,0,0,NA,0,WEST,HAZARD AV,CEDARWOOD AV,3,W,N,A,-,N,NA,NA,NA,NA,NA,NA,NA,NA,NA,Y,3,0,2,2,A,-,09,21801,A,N,A,C,A,A,H,-,A,D,0,NA,NA,NA,NA,Y,NA,A,01,0,1,1,0,0,0,0,0,0,-,-,33.751468658447266,-117.99678802490234,ORANGE,WESTMINSTER,-117.99405670166016,33.752079010009766
8935361,2019,2019-09-27,3008,2019-08-05,1222,1511,ZONE3,1,5,6,3008,0,0,0,NA,0,NA,ACACIA AV,VALENCIA DR,526,S,N,A,-,N,NA,NA,NA,NA,NA,NA,NA,NA,NA,Y,4,0,1,2,A,-,03,22350,NA,N,D,C,A,A,H,-,A,D,0,NA,NA,NA,Y,Y,NA,A,01,0,0,1,0,0,0,0,0,0,-,-,NA,NA,ORANGE,FULLERTON,-117.89817810058594,33.865386962890625
8935437,2019,2019-09-25,3008,2019-08-14,1744,1381,NA,3,5,6,3008,0,0,0,NA,0,NA,STATE COLLEGE BL,KIMBERLY AV,0,NA,Y,A,-,N,NA,NA,NA,NA,NA,NA,NA,NA,NA,Y,4,0,2,2,A,-,12,22450,A,N,D,C,A,A,H,-,A,A,0,NA,NA,NA,NA,Y,NA,I,11,0,0,2,0,0,0,0,0,0,-,-,NA,NA,ORANGE,FULLERTON,-117.8894500732422,33.86323165893555
8936387,2019,2019-12-19,3010,2019-08-20,1811,1160,171,2,5,6,3010,0,0,0,NA,0,008,PCH,BROADWAY,150,N,N,A,-,Y,ORA,12,1,-,-,9.44,H,-,N,Y,4,0,1,2,A,-,08,22107,NA,N,D,C,A,A,H,-,A,D,0,NA,NA,NA,NA,Y,NA,A,07,0,0,1,0,0,0,0,0,0,-,-,NA,NA,ORANGE,HUNTINGTON BEACH,-117.7856674194336,33.54291534423828
8937639,2019,2020-01-28,3003,2019-08-22,0847,1093,NA,4,5,5,3003,0,0,0,NA,0,NA,RT 39,9TH ST,0,NA,Y,A,-,Y,ORA,12,39,-,-,15.011,I,5,N,N,4,0,1,2,A,-,12,21453,A,N,D,D,A,A,H,-,A,A,0,NA,NA,NA,NA,Y,NA,A,08,0,0,1,0,0,0,0,0,0,-,-,33.51570129394531,-117.59529876708984,ORANGE,BUENA PARK,-117.9980697631836,33.86534118652344
8937735,2019,2019-09-20,3003,2019-08-20,1635,1093,NA,2,5,5,3003,0,0,0,NA,0,NA,5TH ST,WESTERN AV,0,NA,Y,A,-,N,NA,NA,NA,NA,NA,NA,NA,NA,NA,N,4,0,1,2,A,-,05,21650,NA,N,D,G,A,A,H,-,A,D,0,NA,Y,NA,NA,Y,NA,L,04,0,0,1,0,0,0,1,0,0,-,-,33.52130126953125,-118.08000183105467,ORANGE,BUENA PARK,-118.00260925292967,33.870460510253906
8938394,2019,2019-09-24,3010,2019-09-14,1256,2263,425,6,5,6,3010,0,0,0,NA,0,003,GARFIELD AV,PAULINE LN,18,W,N,A,-,N,NA,NA,NA,NA,NA,NA,NA,NA,NA,Y,3,0,1,2,A,-,09,21804,A,N,D,C,A,A,H,-,A,D,0,NA,NA,NA,NA,Y,NA,A,01,0,1,0,0,0,0,0,0,0,-,-,NA,NA,ORANGE,HUNTINGTON BEACH,-117.96572113037108,33.686851501464844
8939490,2019,2020-01-21,3019,2019-07-13,2033,3479,SC,6,5,7,3019,0,0,0,NA,0,004,FAIRVIEW AV,EDINGER AV,5,N,N,A,-,N,NA,NA,NA,NA,NA,NA,NA,NA,NA,N,1,1,0,2,A,-,17,21451,A,N,G,B,B,A,H,-,B,D,0,Y,NA,NA,NA,Y,Y,A,01,0,0,0,1,0,0,0,0,0,-,-,NA,NA,ORANGE,SANTA ANA,-117.90617370605467,33.727325439453125
8939692,2023,2025-06-28,3000,2023-08-28,1650,8972,797J2,1,5,4,3021,0,0,0,NA,0,231,KATELLA AV,DATE ST,9,E,N,A,-,N,NA,NA,NA,NA,NA,NA,NA,NA,NA,N,1,1,0,2,A,-,11,21954,A,N,G,B,D,A,H,-,B,D,0,Y,NA,NA,NA,Y,NA,N,60,0,0,0,1,0,0,0,0,0,-,-,33.80289077758789,-117.99855041503906,ORANGE,STANTON,-117.99861907958984,33.802921295166016
8941524,2019,2019-10-08,3000,2019-09-12,1040,1056,922B4,4,5,5,3028,0,0,0,NA,0,751,CABOT RD,OSO PKWY,1485,S,N,A,-,N,NA,NA,NA,NA,NA,NA,NA,NA,NA,N,3,0,1,1,A,-,08,22107,NA,N,E,I,A,A,H,-,A,D,0,NA,Y,NA,NA,Y,NA,L,04,0,1,0,0,0,0,1,0,0,-,-,33.58005905151367,-117.67311096191406,ORANGE,MISSION VIEJO,-117.67448425292967,33.57632827758789
8941603,2019,2019-10-02,3005,2019-09-09,1350,8263,NA,1,5,4,3005,0,0,0,NA,0,002,BALL RD,VALLEY VIEW ST,345,E,N,A,-,N,NA,NA,NA,NA,NA,NA,NA,NA,NA,N,3,0,2,2,A,-,09,21804,A,N,D,C,A,A,H,-,A,A,0,NA,NA,NA,NA,Y,NA,A,07,0,2,0,0,0,0,0,0,0,-,-,NA,NA,ORANGE,CYPRESS,-118.02718353271484,33.817161560058594
8943763,2019,2019-09-26,3009,2019-08-11,0958,1610,122,7,5,6,3009,0,0,0,NA,0,2-1,CHAPMAN AV,9TH ST,120,E,N,A,-,N,NA,NA,NA,NA,NA,NA,NA,NA,NA,Y,4,0,1,1,A,-,08,22107,NA,N,E,I,A,A,H,-,A,A,0,NA,NA,NA,NA,Y,NA,A,01,0,0,1,0,0,0,0,0,0,-,-,NA,NA,ORANGE,GARDEN GROVE,-117.9320831298828,33.78873825073242
8944340,2019,2019-10-04,3002,2019-08-13,1038,1628,NA,2,5,4,3002,0,0,0,NA,0,012,VALENCIA AV,LA ENTRADA DR,30,N,N,A,-,N,NA,NA,NA,NA,NA,NA,NA,NA,NA,N,3,0,1,2,A,-,03,22350,NA,N,C,C,A,A,H,-,A,A,0,NA,NA,NA,Y,Y,NA,F,27,0,1,0,0,0,0,0,0,0,-,-,NA,NA,ORANGE,BREA,NA,NA
8945928,2019,2020-02-20,3004,2019-09-07,0201,P653,16,6,5,6,3004,0,0,0,NA,0,011,ADAMS AV,HARBOR BL,217,E,N,A,-,N,NA,NA,NA,NA,NA,NA,NA,NA,NA,Y,3,0,1,1,A,-,01,23152,A,N,E,I,A,A,H,-,C,A,0,NA,NA,NA,NA,Y,Y,A,07,0,1,0,0,0,0,0,0,0,-,-,33.67348098754883,-117.91835021972656,ORANGE,COSTA MESA,-117.91864776611328,33.67323684692383
8945955,2019,2019-10-03,3004,2019-08-03,2240,P673,10,6,5,6,3004,0,0,0,NA,0,015,VICTORIA PL,PACIFIC AV,261,E,N,A,-,N,NA,NA,NA,NA,NA,NA,NA,NA,NA,N,4,0,1,3,A,-,08,22107,NA,N,A,C,A,A,H,-,-,A,0,NA,NA,NA,NA,Y,NA,A,07,0,0,1,0,0,0,0,0,0,-,-,33.65237045288086,-117.94538116455078,ORANGE,COSTA MESA,-117.94548034667967,33.65232849121094