CASE_ID,ACCIDENT_YEAR,PROC_DATE,JURIS,COLLISION_DATE,COLLISION_TIME,OFFICER_ID,REPORTING_DISTRICT,DAY_OF_WEEK,CHP_SHIFT,POPULATION,CNTY_CITY_LOC,SPECIAL_COND,BEAT_TYPE,CHP_BEAT_TYPE,CITY_DIVISION_LAPD,CHP_BEAT_CLASS,BEAT_NUMBER,PRIMARY_RD,SECONDARY_RD,DISTANCE,DIRECTION,INTERSECTION,WEATHER_1,WEATHER_2,STATE_HWY_IND,CALTRANS_COUNTY,CALTRANS_DISTRICT,STATE_ROUTE,ROUTE_SUFFIX,POSTMILE_PREFIX,POSTMILE,LOCATION_TYPE,RAMP_INTERSECTION,SIDE_OF_HWY,TOW_AWAY,COLLISION_SEVERITY,NUMBER_KILLED,NUMBER_INJURED,PARTY_COUNT,PRIMARY_COLL_FACTOR,PCF_CODE_OF_VIOL,PCF_VIOL_CATEGORY,PCF_VIOLATION,PCF_VIOL_SUBSECTION,HIT_AND_RUN,TYPE_OF_COLLISION,MVIW,PED_ACTION,ROAD_SURFACE,ROAD_COND_1,ROAD_COND_2,LIGHTING,CONTROL_DEVICE,CHP_ROAD_TYPE,PEDESTRIAN_ACCIDENT,BICYCLE_ACCIDENT,MOTORCYCLE_ACCIDENT,TRUCK_ACCIDENT,NOT_PRIVATE_PROPERTY,ALCOHOL_INVOLVED,STWD_VEHTYPE_AT_FAULT,CHP_VEHTYPE_AT_FAULT,COUNT_SEVERE_INJ,COUNT_VISIBLE_INJ,COUNT_COMPLAINT_PAIN,COUNT_PED_KILLED,COUNT_PED_INJURED,COUNT_BICYCLIST_KILLED,COUNT_BICYCLIST_INJURED,COUNT_MC_KILLED,COUNT_MC_INJURED,PRIMARY_RAMP,SECONDARY_RAMP,LATITUDE,LONGITUDE,COUNTY,CITY,POINT_X,POINT_Y
90642275,2018,2018-01-18,9675,2018-01-08,1545,021435,NA,1,2,7,3019,0,1,3,NA,2,222,SR-22 WESTBOUND TO I-5 NORTHBOUND,LA VETA AVE,50,E,N,C,-,Y,NA,NA,22,NA,NA,NA,R,NA,W,Y,4,0,1,3,A,-,08,22107,NA,N,E,I,A,B,H,-,A,D,0,NA,NA,NA,NA,Y,NA,A,01,0,0,1,0,0,0,0,0,0,-,-,33.78010177612305,-117.8757095336914,ORANGE,SANTA ANA,-117.8757095336914,33.78010177612305
9064398,2020,2020-03-19,3005,2020-03-03,1614,8237,C26,2,5,4,3005,0,0,0,NA,0,003,MOODY ST,CERRITOS AV,35,N,N,A,-,N,NA,NA,NA,NA,NA,NA,NA,NA,NA,N,3,0,1,2,A,-,03,22350,NA,N,C,C,A,A,H,-,A,D,0,NA,NA,NA,NA,Y,NA,A,01,0,1,0,0,0,0,0,0,0,-,-,NA,NA,ORANGE,CYPRESS,-118.04572296142578,33.810367584228516
90644379,2018,2018-01-22,9675,2018-01-12,1458,021801,NA,5,2,7,3019,0,1,3,NA,2,551,STATE ROUTE 55 SOUTHBOUND,17TH STREET,320,S,N,A,-,Y,NA,NA,NA,NA,NA,NA,NA,NA,NA,Y,4,0,1,2,C,-,18,NA,NA,N,B,C,A,A,H,-,A,D,0,NA,NA,NA,NA,Y,NA,-,-,0,0,1,0,0,0,0,0,0,-,-,33.758880615234375,-117.83223724365234,ORANGE,SANTA ANA,NA,NA
90644723,2018,2018-01-22,9670,2018-01-17,0825,018757,NA,3,1,5,3024,0,1,1,NA,2,043,I-405 S/B,WESTMINSTER BLVD,100,S,N,A,-,Y,NA,NA,405,NA,NA,NA,NA,NA,S,N,4,0,1,2,A,-,03,22350,NA,N,C,C,A,A,H,-,A,D,0,NA,NA,NA,NA,Y,NA,A,01,0,0,1,0,0,0,0,0,0,-,-,33.75870895385742,-118.02165985107422,ORANGE,WESTMINSTER,-118.02171325683594,33.75865173339844
90644872,2018,2018-01-22,9690,2018-01-12,1230,020463,NA,5,1,9,3000,0,3,5,NA,2,004,CROWN VALLEY PKWY,CECIL PASTURE RD,1110,W,N,A,-,N,NA,NA,NA,NA,NA,NA,NA,NA,NA,N,3,0,1,1,A,-,03,22350,NA,N,E,J,A,A,H,-,A,D,0,NA,Y,NA,NA,Y,NA,L,04,0,1,0,0,0,0,1,0,0,-,-,33.56288146972656,-117.65215301513672,ORANGE,UNINCORPORATED,-117.6519775390625,33.56291580200195
90645279,2018,2018-01-23,9675,2018-01-16,1730,020694,NA,2,2,6,3026,0,1,1,NA,2,504,I-5 NORTHBOUND,BARRANCA PKWY,500,S,N,A,-,Y,NA,NA,5,NA,NA,NA,NA,NA,N,Y,4,0,2,3,A,-,03,22350,NA,N,C,C,A,A,H,-,D,D,0,NA,NA,NA,NA,Y,NA,D,22,0,0,2,0,0,0,0,0,0,-,-,33.65945816040039,-117.74649047851563,ORANGE,IRVINE,-117.74655151367188,33.6594123840332
90646239,2018,2018-01-24,9675,2018-01-15,0920,018929,NA,1,1,7,3001,0,1,3,NA,2,572,SR-57 NORTHBOUND,LINCOLN AVE,300,S,N,A,-,Y,NA,NA,57,NA,NA,NA,NA,NA,N,N,4,0,1,2,A,-,08,22107,NA,N,B,C,A,A,H,-,A,D,0,NA,NA,NA,Y,Y,NA,G,25,0,0,1,0,0,0,0,0,0,-,-,33.8401985168457,-117.87570190429688,ORANGE,ANAHEIM,-117.8759536743164,33.84019470214844
90646683,2018,2018-03-13,9675,2018-01-18,1325,018929,NA,4,1,7,3019,0,1,3,NA,2,552,SR-55 NORTHBOUND,DYER RD,500,S,N,A,-,Y,NA,NA,55,NA,NA,NA,NA,NA,N,Y,4,0,2,2,A,-,03,22350,NA,N,C,C,A,A,H,-,A,D,0,NA,NA,NA,NA,Y,NA,A,01,0,0,2,0,0,0,0,0,0,-,-,33.70610046386719,-117.85410308837892,ORANGE,SANTA ANA,-117.85417938232422,33.7061767578125
90646716,2018,2018-01-24,9675,2018-01-18,1558,018832,NA,4,2,7,3001,0,1,3,NA,2,092,SR-91 E/B,TUSTIN AVE,900,W,N,A,-,Y,NA,NA,91,NA,NA,NA,NA,NA,E,N,4,0,1,2,A,-,03,22350,NA,N,C,C,A,A,H,-,A,D,0,NA,NA,NA,NA,Y,NA,D,22,0,0,1,0,0,0,0,0,0,-,-,33.85042953491211,-117.84461975097656,ORANGE,ANAHEIM,-117.84465026855467,33.85055160522461
90648982,2018,2018-01-26,9675,2018-01-09,0323,018017,NA,2,3,7,3001,0,1,3,NA,2,194,SR-91 WESTBOUND,LAKEVIEW AVE,1000,E,N,C,-,Y,NA,NA,91,NA,NA,NA,NA,NA,W,Y,3,0,2,3,A,-,03,22350,NA,F,E,I,A,B,H,-,C,D,0,NA,NA,NA,NA,Y,NA,A,01,0,2,0,0,0,0,0,0,0,-,-,33.85459899902344,-117.80729675292967,ORANGE,ANAHEIM,-117.80729675292967,33.85459518432617
90650012,2018,2018-01-29,9675,2018-01-19,1930,021749,NA,5,2,5,3022,0,1,3,NA,2,551,SR-55 NORTHBOUND,17TH ST,1200,S,N,A,-,Y,NA,NA,55,NA,NA,NA,NA,NA,N,Y,4,0,1,4,A,-,03,22350,NA,N,C,C,A,A,H,-,C,D,0,NA,NA,NA,NA,Y,NA,A,07,0,0,1,0,0,0,0,0,0,-,-,33.755008697509766,-117.83126831054688,ORANGE,TUSTIN,-117.83132934570313,33.7550163269043
90651815,2018,2018-01-31,9670,2018-01-22,1240,021733,NA,1,1,6,3008,0,1,3,NA,2,093,SR-91 W/B,EUCLID ST,2640,E,N,A,-,Y,NA,NA,91,NA,NA,NA,NA,NA,W,Y,3,0,1,2,A,-,03,22350,NA,N,C,C,A,A,H,-,A,D,0,NA,NA,NA,Y,Y,NA,A,07,0,1,0,0,0,0,0,0,0,-,-,33.85374069213867,-117.9653778076172,ORANGE,FULLERTON,-117.96531677246094,33.85405731201172
90652441,2018,2018-01-31,9675,2018-01-26,1245,020027,NA,5,1,6,3026,0,1,1,NA,2,406,I-405 NORTHBOUND,MACARTHUR BLVD,750,S,N,A,-,Y,NA,NA,405,NA,NA,NA,NA,NA,N,Y,4,0,3,2,A,-,03,22350,NA,N,C,C,A,A,H,-,A,D,0,NA,NA,NA,NA,Y,NA,A,01,0,0,3,0,0,0,0,0,0,-,-,33.682411193847656,-117.85559844970705,ORANGE,IRVINE,-117.85565185546876,33.68229675292969
90652966,2018,2018-02-01,9675,2018-01-26,0826,021962,NA,5,1,7,3019,0,1,3,NA,2,551,SR-55 S/B,MCFADDEN AVE,320,N,N,A,-,Y,NA,NA,55,NA,NA,NA,NA,NA,S,Y,4,0,1,3,A,-,03,22350,NA,M,C,C,A,A,H,-,A,D,0,NA,NA,NA,NA,Y,NA,D,22,0,0,1,0,0,0,0,0,0,-,-,33.73537063598633,-117.83412933349608,ORANGE,SANTA ANA,-117.83402252197266,33.73536682128906
90654900,2018,2018-02-05,9675,2018-01-27,1800,021749,NA,6,2,5,3022,0,1,1,NA,2,530,I-5 NORTHBOUND,NEWPORT AVE,100,N,N,A,-,Y,NA,NA,5,NA,NA,NA,NA,NA,N,Y,3,0,2,3,A,-,03,22350,NA,N,C,C,A,A,H,-,C,D,0,NA,NA,NA,NA,Y,NA,A,01,0,1,1,0,0,0,0,0,0,-,-,33.73731994628906,-117.82325744628906,ORANGE,TUSTIN,-117.8232650756836,33.7373161315918
90655061,2018,2018-02-05,9670,2018-01-31,0904,021861,NA,3,1,3,3006,0,1,3,NA,2,092,SR-91 E/B,ORANGETHORPE AVE,500,W,N,A,-,Y,NA,NA,91,NA,NA,NA,NA,NA,E,Y,4,0,1,3,A,-,03,22350,NA,N,C,C,A,A,H,-,A,D,0,NA,NA,NA,NA,Y,NA,A,01,0,0,1,0,0,0,0,0,0,-,-,33.85783004760742,-118.0316925048828,ORANGE,LA PALMA,-118.03170776367188,33.857784271240234
90655220,2018,2018-02-05,9675,2018-01-31,1815,021435,NA,3,2,6,3015,0,1,3,NA,2,551,SR-55 N/B,FAIRHAVEN AVE,200,S,N,A,-,Y,NA,NA,55,NA,NA,NA,NA,NA,N,Y,4,0,1,2,A,-,03,22350,NA,N,C,C,A,A,H,-,B,D,0,NA,NA,NA,NA,Y,NA,D,22,0,0,1,0,0,0,0,0,0,-,-,33.77265930175781,-117.830810546875,ORANGE,ORANGE,-117.8308563232422,33.77265930175781
90656329,2018,2018-02-06,9690,2018-01-05,0130,020629,NA,5,3,4,3018,0,1,1,NA,2,057,I-5 N/B (SAN DIEGO FRWY),EL HORNO ST.,530,N,N,A,-,Y,NA,NA,5,NA,NA,NA,NA,NA,N,Y,4,0,1,2,A,-,07,21658,A,M,B,C,A,A,H,-,C,D,0,NA,NA,NA,NA,Y,NA,-,99,0,0,1,0,0,0,0,0,0,-,-,33.50979995727539,-117.6610107421875,ORANGE,SAN JUAN CAPISTRANO,-117.66098022460938,33.50981521606445
90657771,2018,2018-02-08,9670,2018-02-07,2140,021755,NA,3,2,5,3007,0,1,1,NA,2,040,I-405 N/B,BROOKHURST ST,528,S,N,A,-,Y,NA,NA,405,NA,NA,NA,NA,NA,N,Y,4,0,1,4,A,-,03,22350,NA,N,C,C,A,A,H,-,C,D,0,NA,NA,NA,NA,Y,NA,A,01,0,0,1,0,0,0,0,0,0,-,-,33.704288482666016,-117.95295715332033,ORANGE,FOUNTAIN VALLEY,-117.95295715332033,33.70429229736328
90659692,2018,2018-02-12,9690,2018-01-26,1625,020366,NA,5,2,9,3000,0,1,3,NA,2,073,SR 73 N/B (SAN JOAQUIN HILLS TRANS COR),NEWPORT COAST DR,10560,S,N,A,-,Y,NA,NA,73,NA,NA,NA,NA,NA,N,Y,3,0,2,2,A,-,03,22350,NA,N,C,C,A,A,H,-,A,D,0,NA,NA,NA,NA,Y,NA,A,07,0,2,0,0,0,0,0,0,0,-,-,33.60681915283203,-117.79892730712892,ORANGE,UNINCORPORATED,-117.7988739013672,33.606971740722656
90659907,2018,2018-02-12,9690,2018-02-04,2040,020637,NA,7,2,4,3018,0,1,1,NA,2,057,I-5 N/B (SAN DIEGO FRWY),SAN JUAN CREEK RD,175,S,N,A,-,Y,NA,NA,5,NA,NA,NA,NA,NA,N,Y,2,0,2,1,A,-,08,22107,NA,N,E,J,A,A,C,-,D,D,0,NA,NA,NA,NA,Y,NA,A,01,1,1,0,0,0,0,0,0,0,-,-,33.49106979370117,-117.6622314453125,ORANGE,SAN JUAN CAPISTRANO,-117.66217041015624,33.49102020263672
90661954,2018,2018-02-15,9690,2018-02-07,1145,016430,NA,3,1,5,3028,0,1,1,NA,2,056,I-5 S/B (SAN DIEGO FRWY),OSO CREEK BRIDGE,88,S,N,A,-,Y,NA,NA,5,NA,NA,NA,NA,NA,S,Y,3,0,2,2,A,-,03,22350,NA,N,C,C,A,A,H,-,A,D,0,NA,NA,NA,Y,Y,NA,F,55,0,2,0,0,0,0,0,0,0,-,-,33.57434844970703,-117.67196655273438,ORANGE,MISSION VIEJO,-117.67201232910156,33.5743522644043
9066212,2020,2020-07-17,3015,2020-03-12,0812,1364,25E,4,5,6,3015,0,0,0,NA,0,713M,OLIVE ST,COLLINS AV,275,S,N,B,-,N,NA,NA,NA,NA,NA,NA,NA,NA,NA,NA,4,0,1,2,A,-,21,22106,NA,N,B,D,A,A,H,-,A,D,0,NA,NA,NA,NA,Y,NA,A,01,0,0,1,0,0,0,0,0,0,-,-,33.80181121826172,-117.85389709472656,ORANGE,ORANGE,-117.85417175292967,33.8016357421875
90663249,2018,2018-02-16,9675,2018-02-09,1529,021914,NA,5,2,7,3001,0,1,3,NA,2,240,SR-241 NORTHBOUND,WINDY RIDGE TOLL PLAZA,1584,S,N,A,-,Y,NA,NA,NA,NA,NA,NA,NA,NA,NA,Y,3,0,1,2,A,-,03,22350,NA,N,C,C,A,A,H,-,A,D,0,NA,NA,NA,NA,Y,NA,D,22,0,1,0,0,0,0,0,0,0,-,-,33.818660736083984,-117.71749877929688,ORANGE,ANAHEIM,NA,NA
90664952,2018,2018-02-20,9670,2018-02-15,1014,017022,NA,4,1,9,3000,0,3,5,NA,2,004,GILBERT STREET,CERRITOS AVENUE,0,NA,Y,A,-,N,NA,NA,NA,NA,NA,NA,NA,NA,NA,Y,3,0,5,2,A,-,12,21453,A,N,D,C,A,A,H,-,A,A,0,NA,NA,NA,NA,Y,NA,A,07,0,1,4,0,0,0,0,0,0,-,-,33.81037902832031,-117.96758270263672,ORANGE,UNINCORPORATED,-117.96758270263672,33.810401916503906
9066596,2020,2020-11-16,3001,2020-05-01,1316,A1555,D3,5,5,7,3001,0,0,0,NA,0,0D3,BALL RD,LEWIS ST,38,E,N,A,-,N,NA,NA,NA,NA,NA,NA,NA,NA,NA,N,4,0,1,2,A,-,03,22350,NA,N,C,C,A,A,H,-,A,A,0,NA,NA,NA,NA,Y,NA,A,08,0,0,1,0,0,0,0,0,0,-,-,33.81666946411133,-117.89813232421876,ORANGE,ANAHEIM,-117.89783477783205,33.81809997558594
9066702,2020,2020-05-26,3009,2020-02-21,2236,4654,065,5,5,6,3009,0,0,0,NA,0,1-1,GARDEN GROVE BL,DALE ST,0,NA,Y,A,-,N,NA,NA,NA,NA,NA,NA,NA,NA,NA,Y,4,0,1,2,A,-,09,21801,A,N,A,C,A,A,H,-,C,A,0,NA,NA,NA,NA,Y,NA,A,01,0,0,1,0,0,0,0,0,0,-,-,NA,NA,ORANGE,GARDEN GROVE,-117.98400115966795,33.773929595947266
90670269,2018,2018-02-27,9675,2018-02-26,0230,021297,NA,1,3,7,3001,0,1,3,NA,2,093,SR-91 EASTBOUND,SR-55 SOUTHBOUND,200,W,N,A,-,Y,NA,NA,NA,NA,NA,NA,NA,NA,NA,Y,2,0,1,2,A,-,01,23152,A,N,A,C,A,A,H,-,C,D,0,NA,NA,Y,NA,Y,Y,A,01,1,0,0,0,0,0,0,0,1,-,-,33.84339904785156,-117.82894897460938,ORANGE,ANAHEIM,-117.82557678222656,33.84418487548828
90674460,2018,2018-03-05,9675,2018-02-23,1611,021716,NA,5,2,7,3001,0,1,3,NA,2,572,SR-57 SOUTHBOUND,BALL RD,3100,N,N,A,-,Y,NA,NA,NA,NA,NA,NA,NA,NA,NA,N,4,0,1,2,A,-,03,22350,NA,N,C,C,A,A,H,-,A,D,0,NA,NA,NA,NA,Y,NA,A,01,0,0,1,0,0,0,0,0,0,-,-,33.49394989013672,-117.52349090576172,ORANGE,ANAHEIM,-117.87628173828124,33.82537078857422
90674815,2018,2018-03-05,9675,2018-02-21,0803,021962,NA,3,1,6,3015,0,1,3,NA,2,550,SR-55 SOUTHBOUND,WALNUT AVE,10,S,N,A,-,Y,NA,NA,55,NA,NA,NA,NA,NA,S,Y,3,0,4,3,A,-,03,22350,NA,N,C,C,A,A,H,-,A,D,0,NA,NA,NA,NA,Y,NA,A,01,0,2,2,0,0,0,0,0,0,-,-,33.794551849365234,-117.8311767578125,ORANGE,ORANGE,-117.8310775756836,33.794551849365234
90675466,2018,2018-03-06,9670,2018-03-04,1200,021733,NA,7,1,9,3000,0,3,5,NA,2,003,"RUTH ELAINE DR, 3000 BLOCK",WALLINGSFORD RD,50,W,N,A,-,Y,NA,NA,NA,NA,NA,NA,NA,NA,NA,Y,4,0,1,2,A,-,21,22106,NA,N,B,C,A,A,H,-,A,D,0,NA,NA,NA,NA,Y,NA,A,01,0,0,1,0,0,0,0,0,0,-,-,33.802520751953125,-118.07453155517578,ORANGE,UNINCORPORATED,-118.07453155517578,33.80247116088867
90676441,2018,2018-03-07,9670,2018-02-22,0310,018664,NA,4,3,6,3008,0,1,1,NA,2,500,I-5 N/B TO SR-91 W/B,MAGNOLIA AVE,715,S,N,A,-,Y,NA,NA,5,NA,NA,NA,R,NA,N,Y,2,0,1,1,A,-,01,23152,A,N,E,I,A,A,H,-,C,D,0,NA,NA,NA,NA,Y,Y,A,01,1,0,0,0,0,0,0,0,0,-,-,33.85409927368164,-117.97440338134766,ORANGE,FULLERTON,-117.97440338134766,33.85409927368164
90678247,2018,2018-03-08,9670,2018-02-27,1353,019290,NA,2,1,5,3003,0,1,3,NA,2,092,SR-91 E/B (RIVERSIDE FWY),KNOTT AVE,528,W,N,B,-,Y,NA,NA,NA,NA,NA,NA,NA,NA,NA,Y,4,0,1,1,A,-,01,23152,A,N,E,I,A,A,H,-,A,D,0,NA,NA,NA,NA,Y,Y,D,22,0,0,1,0,0,0,0,0,0,-,-,33.88557052612305,-118.01313018798828,ORANGE,BUENA PARK,-118.01300811767578,33.855892181396484
90678611,2018,2018-03-09,9675,2018-03-03,0415,021225,NA,6,3,9,3000,0,1,3,NA,2,570,SR-57 NORTHBOUND,TONNER CYN RD,211,S,N,C,-,Y,NA,NA,NA,NA,NA,NA,NA,NA,NA,Y,4,0,1,2,A,-,08,22107,NA,N,C,C,A,B,H,-,D,D,0,NA,NA,NA,Y,Y,NA,A,01,0,0,1,0,0,0,0,0,0,-,-,33.93330001831055,-117.87877655029295,ORANGE,UNINCORPORATED,-117.87726593017578,33.93798065185547
90678626,2018,2018-03-09,9690,2018-02-20,0735,020463,NA,2,1,9,3000,0,1,3,NA,1,074,NICHOLS INSTITUTE,SR-74 (ORTEGA HWY),17,S,N,A,-,N,NA,NA,NA,NA,NA,NA,NA,NA,NA,Y,3,0,1,1,A,-,21,22106,NA,N,E,I,A,A,H,-,A,D,0,NA,NA,NA,NA,Y,NA,A,01,0,1,0,0,0,0,0,0,0,-,-,33.56277847290039,-117.54633331298828,ORANGE,UNINCORPORATED,-117.54633331298828,33.56277847290039
90678647,2018,2018-03-09,9690,2018-02-18,0440,019199,NA,7,3,5,3028,0,1,1,NA,2,057,I-5 S/B (SAN DIEGO FRWY),JUNIPERO SERRA RD,1056,N,N,A,-,Y,NA,NA,NA,NA,NA,NA,NA,NA,NA,Y,4,0,2,2,A,-,01,23152,A,N,B,C,A,A,H,-,D,D,0,NA,NA,NA,NA,Y,Y,A,01,0,0,2,0,0,0,0,0,0,-,-,33.52526092529297,-117.6679916381836,ORANGE,MISSION VIEJO,NA,NA
90680521,2018,2018-03-13,9675,2018-03-05,0742,021984,NA,1,1,4,3002,0,1,3,NA,2,070,SR-57 SOUTHBOUND,LAMBERT RD,300,N,N,A,-,Y,NA,NA,57,NA,NA,NA,NA,NA,S,Y,4,0,2,2,A,-,07,21658,A,F,C,C,A,A,H,-,A,D,0,NA,NA,NA,NA,Y,NA,-,99,0,0,2,0,0,0,0,0,0,-,-,33.932430267333984,-117.87953948974608,ORANGE,BREA,-117.87943267822266,33.93239212036133
90680988,2018,2018-03-13,9675,2018-03-07,1224,021962,NA,3,1,7,3019,0,1,3,NA,2,552,SR-55 SOUTHBOUND,MACARTHUR BLVD,400,N,N,B,-,Y,NA,NA,55,NA,NA,NA,NA,NA,S,Y,3,0,1,2,A,-,03,22350,NA,N,C,C,A,A,H,-,A,D,0,NA,NA,NA,NA,Y,NA,D,22,0,1,0,0,0,0,0,0,0,-,-,33.699790954589844,-117.86078643798828,ORANGE,SANTA ANA,-117.86058044433594,33.699588775634766
90681113,2018,2018-03-13,9670,2018-03-10,1911,021071,NA,6,2,7,3001,0,1,1,NA,2,503,I-5 S/B,HARBOR BLVD,40,W,N,B,C,Y,NA,NA,5,NA,NA,NA,NA,NA,S,Y,4,0,3,2,A,-,03,22350,NA,N,D,C,A,B,H,-,C,D,0,NA,NA,NA,NA,Y,NA,A,08,0,0,3,0,0,0,0,0,0,-,-,33.814918518066406,-117.91496276855467,ORANGE,ANAHEIM,-117.91503143310548,33.81484603881836
90682228,2018,2018-03-14,9690,2018-03-05,0855,014849,NA,1,1,4,3029,0,1,1,NA,2,058,I-5 N/B (SAN DIEGO FRWY),LAS RAMBLAS/PCH,200,N,N,A,-,Y,NA,NA,5,NA,NA,NA,NA,NA,N,N,4,0,1,2,A,-,03,22350,NA,N,C,C,A,A,H,-,A,D,0,NA,NA,NA,NA,Y,NA,A,01,0,0,1,0,0,0,0,0,0,-,-,33.4681510925293,-117.6718292236328,ORANGE,DANA POINT,-117.67185974121094,33.468101501464844
90682621,2018,2018-03-15,9675,2018-03-13,2357,020732,NA,2,3,6,3015,0,1,3,NA,2,550,SR-55 NORTHBOUND,MEATS AVE,1000,S,N,B,C,Y,NA,NA,55,NA,NA,NA,NA,NA,N,Y,3,0,1,1,A,-,01,23152,A,N,E,I,A,B,H,-,C,D,0,NA,NA,NA,NA,Y,Y,A,07,0,1,0,0,0,0,0,0,0,-,-,33.81972885131836,-117.83197784423828,ORANGE,ORANGE,-117.83186340332033,33.81972885131836
90683718,2018,2018-03-16,9670,2018-03-08,0146,020809,NA,4,3,6,3009,0,1,3,NA,2,025,SR-22 W/B,HARBOR BLVD,1584,W,N,A,-,Y,NA,NA,22,NA,NA,NA,NA,NA,W,Y,4,0,1,1,A,-,03,22350,NA,N,E,I,A,A,H,-,D,D,0,NA,NA,NA,NA,Y,NA,A,01,0,0,1,0,0,0,0,0,0,-,-,33.76628112792969,-117.9251708984375,ORANGE,GARDEN GROVE,-117.92518615722656,33.76636505126953
90684837,2018,2018-03-19,9675,2018-03-15,0955,021941,NA,4,1,6,3004,0,1,1,NA,2,405,I-405 S/B FROM HARBOR BLVD.,HARBOR BLVD,50,N,N,A,-,Y,NA,NA,405,NA,NA,NA,R,NA,S,Y,3,0,1,2,A,-,03,22350,NA,N,C,C,A,A,H,-,A,D,0,NA,NA,NA,NA,Y,NA,A,01,0,1,0,0,0,0,0,0,0,-,-,33.68867111206055,-117.9189682006836,ORANGE,COSTA MESA,-117.9189682006836,33.68867111206055
90688566,2018,2018-03-23,9670,2018-03-21,0847,016194,NA,3,1,6,3010,0,1,1,NA,2,410,I-405 S/B,MAGNOLIA ST.,1056,N,N,A,-,Y,NA,NA,405,NA,NA,NA,NA,NA,S,Y,4,0,1,2,A,-,03,22350,NA,N,C,C,A,A,H,-,A,D,0,NA,NA,Y,NA,Y,NA,C,02,0,0,1,0,0,0,0,0,1,-,-,33.722618103027344,-117.9751205444336,ORANGE,HUNTINGTON BEACH,-117.97518157958984,33.72254943847656
90688769,2018,2018-03-23,9670,2018-03-22,1600,021719,NA,4,2,7,3001,0,1,1,NA,2,503,I-5 S/B,STATE COLLEGE BLVD,1000,N,N,B,-,Y,NA,NA,5,NA,NA,NA,NA,NA,S,N,4,0,1,3,A,-,07,21658,A,F,B,C,A,B,H,-,A,D,0,NA,NA,NA,NA,Y,NA,-,99,0,0,1,0,0,0,0,0,0,-,-,33.79389190673828,-117.89260864257813,ORANGE,ANAHEIM,-117.89266967773438,33.793827056884766
90689767,2018,2018-03-26,9690,2018-03-11,1735,020637,NA,7,2,4,3045,0,1,1,NA,2,055,I-5 S/B (SAN DIEGO FRWY),ALICIA PKWY,2000,N,N,A,-,Y,NA,NA,5,NA,NA,NA,NA,NA,S,N,4,0,2,2,A,-,03,22350,NA,N,C,C,A,A,H,-,A,D,0,NA,NA,NA,NA,Y,NA,A,01,0,0,2,0,0,0,0,0,0,-,-,33.60744857788086,-117.69628143310548,ORANGE,LAGUNA HILLS,-117.69628143310548,33.60745620727539
9069182,2020,2020-10-09,3026,2020-03-13,1730,8929,NA,5,5,6,3026,0,0,0,NA,0,009,ALTON PKWY,RT 5,0,NA,Y,A,-,Y,ORA,12,5,-,-,21.991,R,4,N,Y,4,0,2,2,A,-,09,21453,B,N,D,C,A,A,H,-,A,A,0,NA,NA,NA,NA,Y,NA,A,01,0,0,2,0,0,0,0,0,0,-,NF,33.6561393737793,-117.74172973632813,ORANGE,IRVINE,-117.74158477783205,33.65302658081055
9069524,2020,2020-07-14,3000,2020-03-01,0215,9315,798B1,7,5,4,3021,0,0,0,NA,0,422,MAGNOLIA AV,CERRITOS AV,256,S,N,A,-,N,NA,NA,NA,NA,NA,NA,NA,NA,NA,N,4,0,1,2,A,-,09,21804,A,N,D,C,A,A,H,-,C,D,0,NA,NA,NA,NA,Y,NA,A,01,0,0,1,0,0,0,0,0,0,-,-,NA,NA,ORANGE,STANTON,-117.97574615478516,33.809669494628906
90696841,2018,2018-04-02,9670,2018-03-26,1720,018867,NA,1,2,6,3009,0,1,3,NA,2,024,SR-22 E/B,HARBOR BLVD,200,E,N,A,-,Y,NA,NA,22,NA,NA,NA,NA,NA,E,Y,4,0,1,2,A,-,03,22350,NA,N,C,C,A,A,H,-,A,D,0,NA,NA,NA,NA,Y,NA,A,01,0,0,1,0,0,0,0,0,0,-,-,33.76890182495117,-117.9169921875,ORANGE,GARDEN GROVE,-117.91699981689452,33.7689323425293
90697169,2018,2018-04-03,9675,2018-03-27,1520,020240,NA,2,2,7,3001,0,1,3,NA,2,095,SR-91 EASTBOUND,WEIR CYN RD,1320,E,N,A,-,Y,NA,NA,91,NA,NA,NA,NA,NA,E,N,4,0,1,2,A,-,03,22350,NA,N,C,C,A,A,H,-,A,D,0,NA,NA,NA,NA,Y,NA,A,07,0,0,1,0,0,0,0,0,0,-,-,33.8708610534668,-117.7397232055664,ORANGE,ANAHEIM,-117.7397232055664,33.87082290649414
90697232,2018,2018-04-03,9670,2018-03-30,1250,017022,NA,5,1,4,3020,0,1,1,NA,2,450,I-405 S/B (SAN DIEGO FREEWAY),SEAL BEACH BOULEVARD,2751,S,N,A,-,Y,NA,NA,405,NA,NA,NA,NA,NA,S,N,4,0,1,3,A,-,03,22350,NA,M,C,C,A,A,H,-,A,D,0,NA,NA,NA,NA,Y,NA,-,99,0,0,1,0,0,0,0,0,0,-,-,33.774261474609375,-118.06575012207033,ORANGE,SEAL BEACH,-118.06575012207033,33.774227142333984