CASE_ID,ACCIDENT_YEAR,PROC_DATE,JURIS,COLLISION_DATE,COLLISION_TIME,OFFICER_ID,REPORTING_DISTRICT,DAY_OF_WEEK,CHP_SHIFT,POPULATION,CNTY_CITY_LOC,SPECIAL_COND,BEAT_TYPE,CHP_BEAT_TYPE,CITY_DIVISION_LAPD,CHP_BEAT_CLASS,BEAT_NUMBER,PRIMARY_RD,SECONDARY_RD,DISTANCE,DIRECTION,INTERSECTION,WEATHER_1,WEATHER_2,STATE_HWY_IND,CALTRANS_COUNTY,CALTRANS_DISTRICT,STATE_ROUTE,ROUTE_SUFFIX,POSTMILE_PREFIX,POSTMILE,LOCATION_TYPE,RAMP_INTERSECTION,SIDE_OF_HWY,TOW_AWAY,COLLISION_SEVERITY,NUMBER_KILLED,NUMBER_INJURED,PARTY_COUNT,PRIMARY_COLL_FACTOR,PCF_CODE_OF_VIOL,PCF_VIOL_CATEGORY,PCF_VIOLATION,PCF_VIOL_SUBSECTION,HIT_AND_RUN,TYPE_OF_COLLISION,MVIW,PED_ACTION,ROAD_SURFACE,ROAD_COND_1,ROAD_COND_2,LIGHTING,CONTROL_DEVICE,CHP_ROAD_TYPE,PEDESTRIAN_ACCIDENT,BICYCLE_ACCIDENT,MOTORCYCLE_ACCIDENT,TRUCK_ACCIDENT,NOT_PRIVATE_PROPERTY,ALCOHOL_INVOLVED,STWD_VEHTYPE_AT_FAULT,CHP_VEHTYPE_AT_FAULT,COUNT_SEVERE_INJ,COUNT_VISIBLE_INJ,COUNT_COMPLAINT_PAIN,COUNT_PED_KILLED,COUNT_PED_INJURED,COUNT_BICYCLIST_KILLED,COUNT_BICYCLIST_INJURED,COUNT_MC_KILLED,COUNT_MC_INJURED,PRIMARY_RAMP,SECONDARY_RAMP,LATITUDE,LONGITUDE,COUNTY,CITY,POINT_X,POINT_Y
90934300,2019,2019-02-26,9675,2019-02-19,1703,019804,NA,2,2,6,3026,0,1,1,NA,2,406,I-405 SOUTHBOUND,MACARTHUR BLVD,1000,S,N,A,-,Y,NA,NA,405,NA,NA,NA,NA,NA,S,Y,4,0,1,2,A,-,03,22350,NA,N,C,C,A,A,H,-,A,D,0,NA,NA,NA,NA,Y,NA,A,01,0,0,1,0,0,0,0,0,0,-,-,33.68022918701172,-117.85328674316406,ORANGE,IRVINE,-117.85302734375,33.680824279785156
90934964,2019,2019-02-27,9670,2019-02-19,2050,019290,NA,2,2,5,3024,0,1,1,NA,2,043,I-405 S/B (SAN DIEGO FWY),NEWLAND ST,1056,S,N,A,-,Y,NA,NA,405,NA,NA,NA,NA,NA,S,Y,4,0,1,2,A,-,03,22350,NA,N,C,C,A,A,H,-,D,D,0,NA,NA,NA,NA,Y,NA,A,01,0,0,1,0,0,0,0,0,0,-,-,33.725650787353516,-117.97959899902344,ORANGE,WESTMINSTER,-117.97954559326172,33.725730895996094
90939030,2019,2019-03-04,9675,2019-02-25,0701,017043,NA,1,1,6,3004,0,1,3,NA,2,553,SR-55 S/B,MACARTHUR BLVD,245,S,N,A,-,Y,NA,NA,55,NA,NA,NA,NA,NA,S,Y,3,0,1,3,A,-,16,29003,C,N,B,C,A,A,H,-,B,D,0,NA,NA,NA,Y,Y,NA,F,26,0,1,0,0,0,0,0,0,0,-,-,33.691749572753906,-117.8684310913086,ORANGE,COSTA MESA,-117.86823272705078,33.691558837890625
90939961,2019,2019-03-05,9670,2019-02-28,1340,019138,NA,4,1,6,3009,0,1,3,NA,2,024,SR-22 EB (GARDEN GROVE FREEWAY),HARBOR BLVD,1000,E,N,A,-,Y,NA,NA,22,NA,NA,NA,NA,NA,E,Y,3,0,2,4,A,-,03,22350,NA,N,C,C,A,A,H,-,A,D,0,NA,NA,NA,NA,Y,NA,A,01,0,1,1,0,0,0,0,0,0,-,-,33.768798828125,-117.91716766357422,ORANGE,GARDEN GROVE,-117.9171905517578,33.76886749267578
9094205,2020,2020-06-15,3009,2020-02-28,0810,3967,142,5,5,6,3009,0,0,0,NA,0,2-2,CLIFFWOOD ST,WEST ST,8,E,N,A,-,N,NA,NA,NA,NA,NA,NA,NA,NA,NA,N,4,0,2,2,A,-,21,22106,NA,N,H,C,A,A,H,-,A,D,0,NA,NA,NA,NA,Y,NA,A,01,0,0,2,0,0,0,0,0,0,-,-,NA,NA,ORANGE,GARDEN GROVE,-117.92384338378906,33.794620513916016
90942910,2019,2019-03-11,9675,2019-03-02,2125,021914,NA,6,2,6,3026,0,1,1,NA,2,503,I-5 NORTHBOUND,JAMBOREE RD,1800,S,N,C,-,Y,NA,NA,5,NA,NA,NA,NA,NA,N,Y,4,0,1,1,A,-,03,22350,NA,N,E,I,A,B,H,-,D,D,0,NA,NA,NA,NA,Y,NA,A,01,0,0,1,0,0,0,0,0,0,-,-,33.71492004394531,-117.78855895996094,ORANGE,IRVINE,-117.78842163085938,33.71511459350586
90942955,2019,2019-03-11,9675,2019-03-02,1714,021809,NA,6,2,7,3019,0,1,1,NA,2,503,I-5 N/B,NEWPORT AVE,1000,N,N,C,-,Y,NA,NA,NA,NA,NA,NA,NA,NA,NA,Y,4,0,1,2,A,-,03,22350,NA,N,D,C,A,B,H,-,A,D,0,NA,NA,NA,NA,Y,NA,D,22,0,0,1,0,0,0,0,0,0,-,-,33.739498138427734,-117.83135986328124,ORANGE,SANTA ANA,-117.82615661621094,33.738216400146484
90944289,2019,2019-03-12,9690,2019-03-04,1442,018349,NA,1,2,9,3000,0,1,3,NA,1,074,SR 74 W/B (ORTEGA HWY),RANCHO CARILLO,93,E,N,B,-,N,NA,NA,NA,NA,NA,NA,NA,NA,NA,Y,4,0,1,2,A,-,03,22350,NA,N,C,C,A,A,H,-,A,D,0,NA,NA,NA,NA,Y,NA,A,01,0,0,1,0,0,0,0,0,0,-,-,33.32229995727539,-117.32550811767578,ORANGE,UNINCORPORATED,NA,NA
90946262,2019,2019-03-14,9670,2019-01-25,1515,020809,NA,5,2,4,3020,0,1,1,NA,2,045,I-405 S/B,SEAL BEACH BLVD,5280,S,N,A,-,Y,NA,NA,405,NA,NA,NA,NA,NA,S,N,4,0,1,2,A,-,08,22107,NA,F,B,C,A,A,D,-,A,D,0,NA,NA,NA,Y,Y,NA,F,26,0,0,1,0,0,0,0,0,0,-,-,33.774070739746094,-118.0577392578125,ORANGE,SEAL BEACH,-118.0577392578125,33.77423858642578
90946723,2019,2019-03-15,9675,2019-03-06,1751,021272,NA,3,2,6,3004,0,1,1,NA,2,405,I-405 SOUTHBOUND,SR-55 SOUTHBOUND,1500,N,N,B,C,Y,NA,NA,NA,NA,NA,NA,NA,NA,NA,N,4,0,1,3,A,-,03,22350,NA,F,C,C,A,B,H,-,C,D,0,NA,NA,NA,NA,Y,NA,-,99,0,0,1,0,0,0,0,0,0,-,-,33.6970100402832,-117.87432861328124,ORANGE,COSTA MESA,-117.87242126464844,33.68724822998047
9094700,2020,2020-09-21,3022,2020-04-21,1728,1323,NA,2,5,5,3022,0,0,0,NA,0,NA,BRYAN AV,JAMBOREE RD,0,NA,Y,A,-,N,NA,NA,NA,NA,NA,NA,NA,NA,NA,Y,3,0,2,2,A,-,12,21453,A,N,A,C,A,A,H,-,A,A,0,NA,NA,NA,NA,Y,NA,A,07,0,1,1,0,0,0,0,0,0,-,-,33.725311279296875,-117.7900390625,ORANGE,TUSTIN,-117.79002380371094,33.7252311706543
90947619,2019,2019-03-18,9675,2019-03-07,0620,019979,NA,4,1,7,3019,0,1,1,NA,2,502,I-5 SOUTHBOUND,MAIN ST.,300,S,N,A,-,Y,NA,NA,5,NA,NA,NA,NA,NA,S,Y,4,0,1,2,A,-,03,22350,NA,N,C,C,A,A,H,-,A,D,0,NA,NA,NA,NA,Y,NA,A,01,0,0,1,0,0,0,0,0,0,-,-,33.76564025878906,-117.86638641357422,ORANGE,SANTA ANA,-117.8664321899414,33.76561737060547
90948147,2019,2019-03-18,9670,2019-03-17,1650,021585,NA,7,2,5,3024,0,1,1,NA,2,042,I-405 N/B,BOLSA AVE,528,S,N,A,-,Y,NA,NA,405,NA,NA,NA,NA,NA,N,N,4,0,2,2,A,-,03,22350,NA,N,C,C,A,A,D,-,A,D,0,NA,NA,NA,NA,Y,NA,A,07,0,0,2,0,0,0,0,0,0,-,-,33.74380874633789,-118.00341796875,ORANGE,WESTMINSTER,-118.00352478027344,33.74367904663086
90948232,2019,2019-03-18,9670,2019-03-06,2055,021585,NA,3,2,5,3024,0,1,1,NA,2,040,INTERSTATE 405 NORTHBOUND,NEWLAND STREET,528,S,N,B,C,Y,NA,NA,405,NA,NA,NA,NA,NA,N,Y,2,0,2,2,A,-,03,22350,NA,N,C,C,A,B,D,-,C,D,0,NA,NA,NA,NA,Y,NA,A,01,1,1,0,0,0,0,0,0,0,-,-,33.72671890258789,-117.98032379150392,ORANGE,WESTMINSTER,-117.98038482666016,33.72662353515625
90949042,2019,2019-03-19,9675,2019-03-10,1321,019404,NA,7,1,7,3001,0,1,3,NA,2,094,SR-91 W/B FROM YORBA LINDA BLVD. S/B,YORBA LINDA BLVD,50,W,N,B,-,Y,NA,NA,91,NA,NA,NA,R,NA,W,Y,4,0,2,2,A,-,03,22350,NA,N,C,C,A,A,H,-,A,D,0,NA,NA,NA,NA,Y,NA,A,08,0,0,2,0,0,0,0,0,0,-,-,33.871559143066406,-117.74575042724608,ORANGE,ANAHEIM,-117.74575042724608,33.871559143066406
90949485,2019,2019-03-20,9675,2019-03-10,1818,021438,NA,7,2,6,3026,0,1,1,NA,2,406,I-405 N/B,MACARTHUR BLVD,1060,S,N,A,-,Y,NA,NA,405,NA,NA,NA,NA,NA,N,Y,4,0,1,1,A,-,07,21658,A,N,E,J,A,A,H,-,A,D,0,NA,NA,NA,NA,Y,NA,A,01,0,0,1,0,0,0,0,0,0,-,-,33.68122863769531,-117.85355377197266,ORANGE,IRVINE,-117.85350036621094,33.68134307861328
9094959,2020,2020-08-03,3009,2020-04-18,1220,4503,118,6,5,6,3009,0,0,0,NA,0,2-3,BOLSA AV,STARBOARD ST,147,W,N,B,-,N,NA,NA,NA,NA,NA,NA,NA,NA,NA,Y,4,0,1,2,A,-,09,21804,A,N,D,C,A,A,H,-,A,D,0,NA,NA,NA,NA,Y,NA,A,01,0,0,1,0,0,0,0,0,0,-,-,NA,NA,ORANGE,GARDEN GROVE,-117.94277191162108,33.74503707885742
90949659,2019,2019-03-20,9675,2019-03-12,1640,019407,NA,2,2,7,3001,0,1,3,NA,2,095,SR-91 EASTBOUND,GYPSUM CYN ROAD,800,E,N,A,-,Y,NA,NA,NA,NA,NA,NA,NA,NA,NA,N,4,0,1,2,A,-,07,21658,A,N,B,C,A,A,H,-,A,D,0,NA,NA,Y,NA,Y,NA,A,01,0,0,1,0,0,0,0,0,1,-,-,33.522640228271484,-117.44378662109376,ORANGE,ANAHEIM,-117.70914459228516,33.867759704589844
90950738,2019,2019-03-21,9690,2019-03-21,0508,015927,NA,4,3,5,3028,0,1,1,NA,2,056,I-5 N/B (SAN DIEGO FRWY),LA PAZ RD,2640,S,N,A,B,Y,NA,NA,5,NA,NA,NA,NA,NA,N,N,4,0,1,2,A,-,08,22107,NA,N,C,C,A,A,H,-,A,D,0,NA,NA,NA,NA,Y,NA,A,01,0,0,1,0,0,0,0,0,0,-,-,33.59400177001953,-117.67240142822266,ORANGE,MISSION VIEJO,-117.67242431640624,33.59398651123047
90952068,2019,2019-03-25,9670,2019-01-07,1800,021579,NA,1,2,7,3001,0,1,3,NA,2,094,SR-91 E/B TO STATE COLLEGE BLVD.,STATE COLLEGE BLVD,8,W,N,A,-,Y,NA,NA,NA,NA,NA,NA,NA,NA,NA,N,4,0,1,2,A,-,03,22350,NA,F,C,C,A,A,H,-,D,A,0,NA,NA,NA,NA,Y,NA,-,99,0,0,1,0,0,0,0,0,0,-,-,33.51128005981445,-117.53225708007813,ORANGE,ANAHEIM,-117.88948822021484,33.85409927368164
90952755,2019,2019-03-25,9670,2019-03-23,1500,021585,NA,6,2,5,3024,0,1,1,NA,2,410,I-405 S/B,BOLSA AVE,2640,S,N,A,-,Y,NA,NA,405,NA,NA,NA,NA,NA,S,N,4,0,2,2,A,-,03,22350,NA,N,C,C,A,A,D,-,A,D,0,NA,NA,NA,Y,Y,NA,F,26,0,0,2,0,0,0,0,0,0,-,-,33.74000930786133,-117.99954223632813,ORANGE,WESTMINSTER,-117.99948120117188,33.74007797241211
90952793,2019,2019-03-25,9675,2019-03-18,1414,021438,NA,1,2,6,3026,0,1,1,NA,2,503,I-5 S/B,CULVER DR,1950,N,N,A,-,Y,NA,NA,5,NA,NA,NA,NA,NA,S,Y,4,0,1,2,A,-,07,21658,A,N,C,C,A,A,H,-,A,D,0,NA,NA,NA,NA,Y,NA,A,01,0,0,1,0,0,0,0,0,0,-,-,33.71371078491211,-117.78717041015624,ORANGE,IRVINE,-117.78710174560548,33.71380615234375
90955629,2019,2019-03-28,9670,2019-03-26,1655,019138,NA,2,2,6,3009,0,1,3,NA,2,022,SR-22 EB (GARDEN GROVE FREEWAY),TAFT ST,250,E,N,A,-,Y,NA,NA,22,NA,NA,NA,NA,NA,E,Y,4,0,1,2,A,-,03,22350,NA,N,C,C,A,A,H,-,A,D,0,NA,NA,NA,NA,Y,NA,A,01,0,0,1,0,0,0,0,0,0,-,-,33.76593017578125,-117.94120025634766,ORANGE,GARDEN GROVE,-117.94120025634766,33.76599884033203
90957369,2019,2019-03-29,9690,2019-03-28,0305,016430,NA,4,3,5,3017,0,1,1,NA,2,055,I-5 S/B (SAN DIEGO FRWY),AVENIDA PALIZADA,528,N,N,A,-,Y,NA,NA,5,NA,NA,NA,NA,NA,S,Y,3,0,1,1,A,-,08,22107,NA,N,F,A,A,A,H,-,C,D,0,NA,NA,NA,NA,Y,NA,A,01,0,1,0,0,0,0,0,0,0,-,-,33.43370056152344,-117.61688995361328,ORANGE,SAN CLEMENTE,-117.61678314208984,33.433773040771484
90959363,2019,2019-04-02,9670,2019-03-28,1035,015207,NA,4,1,9,3000,0,3,5,NA,2,004,"CERRITOS AVE., 9400 BLOCK",GILBERT ST.,60,W,N,A,-,N,NA,NA,NA,NA,NA,NA,NA,NA,NA,Y,3,0,1,2,A,-,03,22350,NA,N,C,C,A,A,H,-,A,D,0,NA,NA,NA,NA,Y,NA,A,01,0,1,0,0,0,0,0,0,0,-,-,33.81045913696289,-117.96813201904295,ORANGE,UNINCORPORATED,-117.9677734375,33.81039810180664
90960605,2019,2019-04-04,9675,2019-04-03,0817,018834,NA,3,1,5,3022,0,1,3,NA,2,551,SR-55 SOUTHBOUND,I-5,200,S,N,A,-,Y,NA,NA,55,NA,NA,NA,NA,NA,S,N,4,0,1,2,A,-,03,22350,NA,N,C,C,A,A,H,-,A,D,0,NA,NA,NA,Y,Y,NA,F,27,0,0,1,0,0,0,0,0,0,-,-,33.73598861694336,-117.83416748046876,ORANGE,TUSTIN,-117.83401489257813,33.73598861694336
90962513,2019,2019-04-08,9675,2019-04-01,1613,018985,NA,1,2,6,3026,0,1,1,NA,2,407,I-405 N/B,SAND CANYON AVE,300,S,N,A,-,Y,NA,NA,405,NA,NA,NA,NA,NA,N,Y,4,0,2,4,A,-,03,22350,NA,N,C,C,A,A,H,-,A,D,0,NA,NA,NA,NA,Y,NA,A,01,0,0,2,0,0,0,0,0,0,-,-,33.6573486328125,-117.77702331542967,ORANGE,IRVINE,-117.77702331542967,33.6573371887207
90964553,2019,2019-04-09,9675,2019-03-29,1535,021983,NA,5,2,6,3004,0,1,1,NA,2,405,I-405 NORTHBOUND,HARBOR BLVD,1500,N,N,A,-,Y,NA,NA,405,NA,NA,NA,NA,NA,N,N,4,0,1,2,A,-,07,21658,A,N,C,C,A,A,H,-,A,D,0,NA,NA,Y,NA,Y,NA,C,02,0,0,1,0,0,0,0,0,1,-,-,33.69308090209961,-117.92872619628906,ORANGE,COSTA MESA,-117.92869567871094,33.69316482543945
90964720,2019,2019-04-10,9675,2019-03-31,1154,022058,NA,7,1,7,3001,0,1,3,NA,2,550,SR-55 NORTHBOUND,LINCOLN AVE,800,N,N,A,-,Y,NA,NA,55,NA,NA,NA,NA,NA,N,Y,3,0,1,2,A,-,03,22350,NA,N,B,C,A,A,H,-,A,D,0,NA,NA,Y,NA,Y,NA,C,02,0,1,0,0,0,0,0,0,1,-,-,33.83700180053711,-117.83499908447266,ORANGE,ANAHEIM,-117.8350067138672,33.83700180053711
90965041,2019,2019-04-10,9690,2019-04-08,0735,020147,NA,1,1,4,3018,0,1,1,NA,2,056,I-5 N/B (SAN DIEGO FRWY),AVERY PKWY,750,S,N,A,-,Y,NA,NA,5,NA,NA,NA,NA,NA,N,Y,4,0,3,2,A,-,03,22350,NA,N,C,C,A,A,H,-,A,D,0,NA,NA,NA,NA,Y,NA,A,01,0,0,3,0,0,0,0,0,0,-,-,33.54423141479492,-117.67327880859376,ORANGE,SAN JUAN CAPISTRANO,-117.67328643798828,33.54423141479492
90967331,2019,2019-04-15,9675,2019-04-03,0845,021691,NA,3,1,6,3015,0,1,1,NA,2,520,I-5 SOUTHBOUND,CHAPMAN AVE,1900,S,N,A,-,Y,NA,NA,5,NA,NA,NA,NA,NA,S,N,4,0,1,2,A,-,08,22107,NA,M,B,C,A,A,H,-,A,D,0,NA,NA,Y,NA,Y,NA,-,99,0,0,1,0,0,0,0,0,1,-,-,33.78519821166992,-117.88392639160156,ORANGE,ORANGE,-117.8839874267578,33.7851448059082
90967504,2019,2019-04-15,9675,2019-04-06,2223,020550,NA,6,3,6,3026,0,1,1,NA,2,407,I-405 NORTHBOUND TO SR-133 SOUTHBOUND,SR-133 SOUTHBOUND,300,N,N,A,-,Y,NA,NA,405,NA,NA,NA,R,NA,N,Y,3,0,1,1,A,-,01,23152,A,N,F,A,A,A,H,-,D,D,0,NA,NA,NA,NA,Y,Y,D,22,0,1,0,0,0,0,0,0,0,-,-,33.652748107910156,-117.76228332519533,ORANGE,IRVINE,-117.76228332519533,33.652748107910156
90967706,2019,2019-04-15,9675,2019-04-07,0430,021388,NA,7,3,7,3019,0,1,1,NA,2,520,I-5 NORTHBOUND,BROADWAY,455,N,N,A,-,Y,NA,NA,5,NA,NA,NA,NA,NA,N,Y,4,0,2,1,A,-,08,22107,NA,N,E,I,A,A,H,-,C,D,0,NA,NA,NA,NA,Y,NA,A,01,0,0,2,0,0,0,0,0,0,-,-,33.771358489990234,-117.8698272705078,ORANGE,SANTA ANA,-117.86974334716795,33.77143859863281
90968463,2019,2019-04-16,9675,2019-04-10,0815,022052,NA,3,1,6,3015,0,1,3,NA,2,222,SR-22 WESTBOUND,THE CITY DRIVE,700,E,N,A,-,Y,NA,NA,22,NA,NA,NA,NA,NA,W,Y,4,0,1,2,A,-,03,22350,NA,N,C,C,A,B,H,-,A,D,0,NA,NA,NA,NA,Y,NA,D,22,0,0,1,0,0,0,0,0,0,-,-,33.77907943725586,-117.88633728027344,ORANGE,ORANGE,-117.88633728027344,33.779083251953125
90969763,2019,2019-04-17,9690,2019-04-04,1748,014765,NA,4,2,5,3028,0,1,1,NA,2,056,I-5 SOUTHBOUND,OSO PARKWAY,2640,S,N,B,-,Y,NA,NA,NA,NA,NA,NA,NA,NA,NA,Y,3,0,1,1,A,-,01,23152,A,N,E,I,A,A,H,-,A,D,0,NA,NA,NA,NA,Y,NA,A,01,0,1,0,0,0,0,0,0,0,-,-,33.341941833496094,-117.4019775390625,ORANGE,MISSION VIEJO,-117.67186737060548,33.58002853393555
90970258,2019,2019-04-18,9690,2019-04-13,1540,020364,NA,6,2,4,3045,0,1,1,NA,2,055,I-5 S/B (SAN DIEGO FRWY),EL TORO RD,700,N,N,A,-,Y,NA,NA,5,NA,NA,NA,NA,NA,S,N,4,0,1,2,A,-,03,22350,NA,N,C,C,A,A,H,-,A,D,0,NA,NA,NA,NA,Y,NA,A,07,0,0,1,0,0,0,0,0,0,-,-,33.616249084472656,-117.7094268798828,ORANGE,LAGUNA HILLS,-117.70951080322266,33.61616134643555
90970960,2019,2019-04-19,9675,2019-04-10,1906,021633,NA,3,2,5,3022,0,1,1,NA,2,503,I-5 N/B,NEWPORT AVE,1900,N,N,A,-,Y,NA,NA,NA,NA,NA,NA,NA,NA,NA,Y,3,0,3,3,A,-,03,22350,NA,N,C,C,A,A,H,-,A,D,0,NA,NA,NA,NA,Y,NA,A,01,0,2,1,0,0,0,0,0,0,-,-,33.73950958251953,-117.8393096923828,ORANGE,TUSTIN,-117.82892608642578,33.739070892333984
90972014,2019,2019-04-22,9670,2019-04-11,1925,019748,NA,4,2,5,3003,0,1,1,NA,2,500,I-5 N/B (SANTA ANA FWY),ARTESIA BLVD,100,S,N,B,-,Y,NA,NA,5,NA,NA,NA,NA,NA,N,Y,2,0,1,3,A,-,07,21658,A,N,B,C,A,A,H,-,C,D,0,NA,NA,Y,NA,Y,NA,A,01,1,0,0,0,0,0,0,0,1,-,-,33.87295913696289,-118.0092315673828,ORANGE,BUENA PARK,-118.00914764404295,33.873050689697266
9097359,2020,2020-11-10,3001,2020-05-14,1729,A1047,NA,4,5,7,3001,0,0,0,NA,0,0D4,LA PALMA AV,VAN BUREN ST,0,NA,Y,A,-,N,NA,NA,NA,NA,NA,NA,NA,NA,NA,Y,4,0,2,2,A,-,09,21801,A,N,D,C,A,A,H,-,A,A,0,NA,NA,NA,NA,Y,NA,A,01,0,0,2,0,0,0,0,0,0,-,-,33.8585205078125,-117.83068084716795,ORANGE,ANAHEIM,-117.83084869384766,33.85837173461914
9097371,2020,2020-11-04,3003,2020-05-07,1625,1093,NA,4,5,5,3003,0,0,0,NA,0,NA,CRESCENT AV,WESTERN AV,0,NA,Y,A,-,N,NA,NA,NA,NA,NA,NA,NA,NA,NA,Y,4,0,1,2,A,-,09,21801,A,N,D,C,A,A,H,-,A,A,0,NA,NA,NA,NA,Y,NA,A,01,0,0,1,0,0,0,0,0,0,-,-,33.85919952392578,-118.002197265625,ORANGE,BUENA PARK,-118.0023193359375,33.83932113647461
9097491,2020,2020-05-28,3008,2020-01-18,1630,1608,Z2,6,5,6,3008,0,0,0,NA,0,NA,VALENCIA MESA DR,RICHMAN KNOLL,52,W,N,A,-,N,NA,NA,NA,NA,NA,NA,NA,NA,NA,N,4,0,1,2,A,-,04,21703,NA,M,C,D,A,A,H,-,A,A,0,NA,NA,NA,NA,Y,Y,A,01,0,0,1,0,0,0,0,0,0,-,-,NA,NA,ORANGE,FULLERTON,-117.9359893798828,33.888851165771484
90975264,2019,2019-04-25,9675,2019-04-15,1657,021377,NA,1,2,6,3015,0,1,3,NA,2,220,SR-22 WESTBOUND,BEDFORD RD,50,W,N,A,-,Y,NA,NA,22,NA,NA,NA,NA,NA,W,Y,2,0,4,2,A,-,08,22107,NA,N,B,C,A,A,H,-,A,D,0,NA,NA,NA,NA,Y,NA,A,01,1,2,1,0,0,0,0,0,0,-,-,33.7783317565918,-117.86978149414063,ORANGE,ORANGE,-117.86978149414063,33.77834701538086
9097648,2020,2020-06-10,3026,2020-02-06,0815,548,NA,4,5,6,3026,0,0,0,NA,0,NA,PARKWOOD,TRAILHEAD,10,S,N,A,-,N,NA,NA,NA,NA,NA,NA,NA,NA,NA,NA,3,0,1,2,A,-,21,22106,NA,N,H,G,A,A,H,-,A,A,0,NA,Y,NA,NA,Y,NA,A,01,0,1,0,0,0,0,1,0,0,-,-,33.71173858642578,-117.75955963134766,ORANGE,IRVINE,-117.7507553100586,33.71166229248047
90976959,2019,2019-04-26,9675,2019-04-19,1225,018714,NA,5,1,9,3000,0,2,4,NA,2,042,CAMPUS DR,BRISTOL ST,0,NA,Y,A,-,N,NA,NA,NA,NA,NA,NA,NA,NA,NA,Y,4,0,1,3,A,-,12,21453,A,N,D,C,A,A,H,-,A,A,0,NA,NA,NA,NA,Y,NA,A,01,0,0,1,0,0,0,0,0,0,-,-,33.39459991455078,-117.5229034423828,ORANGE,UNINCORPORATED,-117.87545013427734,33.661930084228516
90978495,2019,2019-07-18,9675,2019-04-19,1839,021690,NA,5,2,7,3019,0,1,1,NA,2,502,I-5 N/B,CHAPMAN AVE,200,S,N,A,-,Y,NA,NA,NA,NA,NA,NA,NA,NA,NA,Y,4,0,1,2,A,-,07,21658,A,N,B,C,A,A,H,-,A,D,0,NA,NA,NA,NA,Y,NA,A,07,0,0,1,0,0,0,0,0,0,-,-,33.78630828857422,-117.88433837890624,ORANGE,SANTA ANA,-117.88678741455078,33.789085388183594
9097916,2020,2020-09-30,3026,2020-02-28,1352,357,NA,5,5,6,3026,0,0,0,NA,0,004,JAMBOREE RD,RT 5,427,N,N,A,-,Y,ORA,12,5,-,-,27.547,R,4,N,Y,4,0,1,2,A,-,03,22350,NA,N,C,C,A,A,H,-,A,A,0,NA,NA,NA,NA,Y,NA,A,01,0,0,1,0,0,0,0,0,0,-,TO,33.718509674072266,-117.79606628417967,ORANGE,IRVINE,-117.79436492919922,33.71925735473633
90979732,2019,2019-05-01,9675,2019-04-23,0407,021394,NA,2,3,7,3001,0,1,3,NA,2,572,SR-57 SOUTHBOUND,BALL RD,3000,N,N,A,-,Y,NA,NA,57,NA,NA,NA,NA,NA,S,Y,3,0,1,1,A,-,08,22107,NA,N,E,I,A,A,H,-,C,D,0,NA,NA,NA,NA,Y,NA,A,01,0,1,0,0,0,0,0,0,0,-,-,33.824100494384766,-117.87619018554688,ORANGE,ANAHEIM,-117.87631988525392,33.824100494384766
90980151,2019,2019-05-01,9675,2019-04-23,1628,021633,NA,2,2,6,3008,0,1,3,NA,2,570,SR-57 S/B,YORBA LINDA BLVD,1800,N,N,A,-,Y,NA,NA,57,NA,NA,NA,NA,NA,S,N,4,0,1,2,A,-,03,22350,NA,N,C,C,A,A,H,-,A,D,0,NA,NA,NA,NA,Y,NA,A,07,0,0,1,0,0,0,0,0,0,-,-,33.89377975463867,-117.8808822631836,ORANGE,FULLERTON,-117.88087463378906,33.89377975463867
9098085,2020,2020-07-17,3015,2020-03-11,0442,1534,RD74,3,5,6,3015,0,0,0,NA,0,122,CHAPMAN AV,LOS TIMBRES ST,39,W,N,A,-,N,NA,NA,NA,NA,NA,NA,NA,NA,NA,Y,3,0,1,1,A,-,01,23152,F,N,E,I,A,A,H,-,C,D,0,NA,NA,NA,NA,Y,NA,A,01,0,1,0,0,0,0,0,0,0,-,-,33.78765106201172,-117.79749298095705,ORANGE,ORANGE,-117.79757690429688,33.78770065307617
9098110,2020,2020-07-16,3001,2020-03-18,1215,A2110,D2,3,5,7,3001,0,0,0,NA,0,0D2,LA PALMA AV,EUCLID AV,208,E,N,A,-,N,NA,NA,NA,NA,NA,NA,NA,NA,NA,NA,4,0,1,2,A,-,05,21650,1,N,A,G,A,A,H,-,A,D,0,NA,Y,NA,NA,Y,NA,L,04,0,0,1,0,0,0,1,0,0,-,-,33.84737014770508,-117.94161987304688,ORANGE,ANAHEIM,-117.94098663330078,33.84709930419922