CASE_ID,ACCIDENT_YEAR,PROC_DATE,JURIS,COLLISION_DATE,COLLISION_TIME,OFFICER_ID,REPORTING_DISTRICT,DAY_OF_WEEK,CHP_SHIFT,POPULATION,CNTY_CITY_LOC,SPECIAL_COND,BEAT_TYPE,CHP_BEAT_TYPE,CITY_DIVISION_LAPD,CHP_BEAT_CLASS,BEAT_NUMBER,PRIMARY_RD,SECONDARY_RD,DISTANCE,DIRECTION,INTERSECTION,WEATHER_1,WEATHER_2,STATE_HWY_IND,CALTRANS_COUNTY,CALTRANS_DISTRICT,STATE_ROUTE,ROUTE_SUFFIX,POSTMILE_PREFIX,POSTMILE,LOCATION_TYPE,RAMP_INTERSECTION,SIDE_OF_HWY,TOW_AWAY,COLLISION_SEVERITY,NUMBER_KILLED,NUMBER_INJURED,PARTY_COUNT,PRIMARY_COLL_FACTOR,PCF_CODE_OF_VIOL,PCF_VIOL_CATEGORY,PCF_VIOLATION,PCF_VIOL_SUBSECTION,HIT_AND_RUN,TYPE_OF_COLLISION,MVIW,PED_ACTION,ROAD_SURFACE,ROAD_COND_1,ROAD_COND_2,LIGHTING,CONTROL_DEVICE,CHP_ROAD_TYPE,PEDESTRIAN_ACCIDENT,BICYCLE_ACCIDENT,MOTORCYCLE_ACCIDENT,TRUCK_ACCIDENT,NOT_PRIVATE_PROPERTY,ALCOHOL_INVOLVED,STWD_VEHTYPE_AT_FAULT,CHP_VEHTYPE_AT_FAULT,COUNT_SEVERE_INJ,COUNT_VISIBLE_INJ,COUNT_COMPLAINT_PAIN,COUNT_PED_KILLED,COUNT_PED_INJURED,COUNT_BICYCLIST_KILLED,COUNT_BICYCLIST_INJURED,COUNT_MC_KILLED,COUNT_MC_INJURED,PRIMARY_RAMP,SECONDARY_RAMP,LATITUDE,LONGITUDE,COUNTY,CITY,POINT_X,POINT_Y
91792950,2022,2022-06-10,9670,2022-06-06,1900,022519,NA,1,2,7,3001,0,1,1,NA,2,500,I-5 N/B,ARTESIA BLVD,160,S,N,A,-,Y,NA,NA,NA,NA,NA,NA,NA,NA,NA,Y,3,0,1,1,A,-,08,22107,NA,N,E,I,A,A,H,-,A,D,0,NA,NA,NA,NA,Y,NA,D,22,0,1,0,0,0,0,0,0,0,-,-,33.87253952026367,-118.00788879394533,ORANGE,ANAHEIM,-117.97782135009766,33.85652542114258
91794530,2022,2022-06-14,9675,2022-05-22,0530,020018,NA,7,3,5,3022,0,1,1,NA,2,503,I-5 SOUTHBOUND,1ST STREET,1500,S,N,A,-,Y,NA,NA,NA,NA,NA,NA,NA,NA,NA,Y,3,0,1,2,A,-,01,23152,A,N,C,2,A,A,H,-,C,D,0,NA,NA,NA,NA,Y,Y,A,01,0,1,0,0,0,0,0,0,0,-,-,33.74496078491211,-118.84219360351563,ORANGE,TUSTIN,-117.83944702148438,33.74258804321289
9179681,2020,2020-11-18,3008,2020-09-12,1511,1614,2,6,5,6,3008,0,0,0,NA,0,002,ORANGETORPE AV,POMONA AV,0,NA,Y,A,-,N,NA,NA,NA,NA,NA,NA,NA,NA,NA,Y,3,0,3,2,A,-,09,21800,A,N,D,C,A,A,H,-,A,A,0,NA,NA,NA,NA,Y,NA,A,01,0,1,2,0,0,0,0,0,0,-,-,NA,NA,ORANGE,FULLERTON,-117.92202758789063,33.85955047607422
91798490,2022,2022-06-20,9675,2022-06-10,2055,022283,NA,5,2,7,3019,0,1,1,NA,2,502,I-5 SOUTHBOUND,17TH STREET,250,S,N,A,-,Y,ORA,NA,5,NA,NA,32.414,H,NA,L,Y,3,0,1,1,A,-,01,23152,A,N,F,A,A,A,H,-,C,D,0,NA,NA,Y,NA,Y,Y,C,02,0,1,0,0,0,0,0,0,1,-,-,33.75941848754883,-117.86170959472656,ORANGE,SANTA ANA,-117.86175537109376,33.759376525878906
91800128,2022,2022-06-21,9675,2022-06-16,1655,019394,NA,4,2,6,3015,0,1,1,NA,2,520,I-5 NORTHBOUND,SR-22 EASTBOUND,975,S,N,A,-,Y,ORA,NA,5,NA,NA,33.83,H,NA,R,N,4,0,1,2,A,-,03,22350,NA,N,C,C,A,A,H,-,A,D,0,NA,NA,NA,NA,Y,NA,A,01,0,0,1,0,0,0,0,0,0,-,-,33.77669906616211,-117.87428283691406,ORANGE,ORANGE,-117.87420654296876,33.77674102783203
91801022,2022,2022-06-22,9675,2022-06-17,1735,019018,NA,5,2,6,3026,0,1,1,NA,2,407,I-405 NORTHBOUND,SR-133 NORTHBOUND,800,S,N,A,-,Y,ORA,NA,405,NA,NA,1.667,H,NA,R,Y,4,0,1,2,A,-,03,22350,NA,N,C,C,A,A,H,-,A,D,0,NA,NA,NA,NA,Y,NA,A,01,0,0,1,0,0,0,0,0,0,-,-,33.65169143676758,-117.75877380371094,ORANGE,IRVINE,-117.75880432128906,33.65153503417969
91804028,2022,2022-06-27,9690,2022-06-17,0900,020446,NA,5,1,5,3028,0,1,1,NA,2,056,I-5 S/B (SAN DIEGO FRWY),CROWN VALLEY PARKWAY,3500,N,N,A,-,Y,ORA,NA,5,NA,NA,14.461,H,NA,L,N,3,0,2,3,A,-,03,22350,NA,N,C,C,A,A,D,-,A,B,0,NA,NA,NA,NA,Y,NA,A,01,0,1,1,0,0,0,0,0,0,-,-,33.569091796875,-117.6720962524414,ORANGE,MISSION VIEJO,-117.67210388183594,33.569091796875
9180660,2020,2020-11-17,3026,2020-09-03,1825,555,8,4,5,6,3026,0,0,0,NA,0,00P,YALE AV,ROOSEVELT,144,N,N,A,-,N,NA,NA,NA,NA,NA,NA,NA,NA,NA,Y,2,0,1,1,A,-,01,23152,F,N,E,I,A,A,H,-,A,A,0,NA,NA,NA,NA,Y,NA,A,01,1,0,0,0,0,0,0,0,0,-,-,NA,NA,ORANGE,IRVINE,-117.7729949951172,33.70204162597656
9180770,2020,2021-02-04,3000,2020-11-03,2000,9843,921F2,2,5,4,3049,0,0,0,NA,0,382,GLENWOOD DR,MOULTON PKWY,11,W,N,A,-,N,NA,NA,NA,NA,NA,NA,NA,NA,NA,N,3,0,1,2,A,-,08,22100,A,F,G,B,B,A,H,-,C,A,0,Y,NA,NA,NA,Y,NA,-,99,0,1,0,0,1,0,0,0,0,-,-,NA,NA,ORANGE,ALISO VIEJO,-117.71596527099608,33.59585952758789
9180773,2020,2021-02-11,3012,2020-11-01,1323,689,42,7,5,5,3012,0,0,0,NA,0,004,LAMBERT RD,CYPRESS ST,506,E,N,A,-,N,NA,NA,NA,NA,NA,NA,NA,NA,NA,Y,4,0,1,2,A,-,03,22350,NA,N,C,C,A,A,H,-,A,D,0,NA,NA,NA,NA,Y,NA,A,01,0,0,1,0,0,0,0,0,0,-,-,NA,NA,ORANGE,LA HABRA,-117.94008636474608,33.92462921142578
91809032,2022,2022-07-01,9675,2022-06-23,1640,019599,NA,4,2,7,3019,0,1,1,NA,2,502,I-5 NORTHBOUND,17TH ST.,1584,S,N,A,-,Y,ORA,NA,5,NA,NA,32.133,H,NA,R,N,4,0,2,2,A,-,03,22350,NA,N,C,C,A,A,H,-,A,D,0,NA,NA,NA,NA,Y,NA,D,22,0,0,2,0,0,0,0,0,0,-,-,33.75749969482422,-117.85707855224608,ORANGE,SANTA ANA,-117.85712432861328,33.75742721557617
91809211,2022,2022-07-01,9675,2022-06-24,1550,020031,NA,5,2,6,3004,0,1,3,NA,2,053,SR-55 NORTHBOUND,MACARTHUR BLVD.,810,S,N,A,-,Y,ORA,NA,55,NA,R,6.819,H,NA,R,N,4,0,1,2,A,-,08,22107,NA,N,B,C,A,A,H,-,A,D,0,NA,NA,Y,NA,Y,NA,A,01,0,0,1,0,0,0,0,0,1,-,-,33.696678161621094,-117.86318206787108,ORANGE,COSTA MESA,-117.86325073242188,33.69673156738281
91810140,2022,2022-07-05,9675,2022-06-24,1315,019897,NA,5,1,7,3019,0,1,1,NA,2,503,I-5 SOUTHBOUND TO SR-55 SOUTHBOUND,SR-55 SOUTHBOUND,404,N,N,A,-,Y,ORA,NA,5,NA,NA,30.363,H,NA,L,N,4,0,1,2,A,-,03,22350,NA,N,C,C,A,A,H,-,A,D,0,NA,NA,NA,NA,Y,NA,A,01,0,0,1,0,0,0,0,0,0,-,-,33.74087142944336,-117.83538818359376,ORANGE,SANTA ANA,-117.83529663085938,33.741050720214844
9181353,2020,2021-01-12,3003,2020-10-19,1129,1096,NA,1,5,5,3003,0,0,0,NA,0,004,WESTERN AV,CRESCENT AV,9,S,N,A,-,N,NA,NA,NA,NA,NA,NA,NA,NA,NA,Y,4,0,2,3,A,-,08,22107,NA,N,D,C,A,A,H,-,A,A,0,NA,NA,NA,NA,Y,NA,A,01,0,0,2,0,0,0,0,0,0,-,-,33.839298248291016,-118.00229644775392,ORANGE,BUENA PARK,-118.0023193359375,33.83929443359375
91813944,2022,2022-07-11,9675,2022-06-10,1935,021960,NA,5,2,7,3019,0,1,3,NA,2,552,SR-55 NORTHBOUND,DYER RD.,1584,N,N,A,-,Y,ORA,NA,55,NA,R,8.142,H,NA,R,Y,3,0,1,2,A,-,07,21658,A,F,D,C,A,A,H,-,A,D,0,NA,NA,NA,NA,Y,NA,A,01,0,1,0,0,0,0,0,0,0,-,-,33.71154022216797,-117.84867095947266,ORANGE,SANTA ANA,-117.84869384765624,33.71155548095703
91816922,2022,2022-07-14,9675,2022-07-02,2120,022074,NA,6,2,6,3026,0,1,1,NA,2,504,I-5 NORTHBOUND,JEFFERY RD.,20,S,N,A,-,Y,NA,NA,NA,NA,NA,NA,NA,NA,NA,N,3,0,1,2,A,-,03,22350,NA,N,C,C,A,A,H,-,C,D,0,NA,NA,NA,NA,Y,NA,A,07,0,1,0,0,0,0,0,0,0,-,-,38.582401275634766,-121.49539947509766,ORANGE,IRVINE,-117.76827239990234,33.69007110595703
91817326,2022,2022-07-14,9675,2022-07-05,0720,019527,NA,2,1,6,3015,0,1,3,NA,2,550,SR-55 N/B,COLLINS AVE.,300,S,N,A,-,Y,ORA,NA,55,NA,NA,14.652,H,NA,R,N,4,0,2,2,A,-,03,22350,NA,N,C,C,A,A,H,-,A,D,0,NA,NA,NA,NA,Y,NA,A,07,0,0,2,0,0,0,0,0,0,-,-,33.801429748535156,-117.83145141601563,ORANGE,ORANGE,-117.83139038085938,33.80143356323242
91820362,2022,2022-07-19,9675,2022-07-08,1357,020694,NA,5,1,4,3002,0,1,3,NA,2,570,SR-57 SOUTHBOUND,IMPERIAL HIGHWAY,700,N,N,A,-,Y,ORA,NA,57,NA,NA,20.046,H,NA,L,N,4,0,1,3,A,-,03,22350,NA,N,C,C,A,A,H,-,A,D,0,NA,NA,NA,NA,Y,NA,A,01,0,0,1,0,0,0,0,0,0,-,-,33.91350173950195,-117.88314056396484,ORANGE,BREA,-117.88314056396484,33.91349792480469
91821054,2022,2022-07-20,9670,2022-07-18,1323,022737,NA,1,1,4,3020,0,1,1,NA,2,045,I-405 (SAN DIEGO FWY) S/B,SR-22 (GARDEN GROVE FREEWAY) E/B,1500,N,N,A,-,Y,ORA,NA,405,NA,NA,21.485,H,NA,L,Y,4,0,1,2,A,-,03,22350,NA,N,C,C,A,A,D,E,A,D,0,NA,NA,NA,NA,Y,NA,A,01,0,0,1,0,0,0,0,0,0,-,-,33.774169921875,-118.0550537109375,ORANGE,SEAL BEACH,-118.0550537109375,33.77422332763672
91821224,2022,2022-07-20,9690,2022-07-09,1325,020236,NA,6,1,9,3000,0,3,5,NA,2,003,CROWN VALLEY PARKWAY (EASTBOUND),ONIELL DRIVE,860,W,N,A,-,N,NA,NA,NA,NA,NA,NA,NA,NA,NA,N,3,0,2,2,A,-,09,21801,A,N,D,C,A,A,H,-,A,A,0,NA,NA,NA,NA,Y,NA,A,01,0,2,0,0,0,0,0,0,0,-,-,33.56406021118164,-117.64614105224608,ORANGE,UNINCORPORATED,-117.64613342285156,33.564247131347656
91821453,2022,2022-07-20,9690,2022-07-15,1710,019925,NA,5,2,4,3029,0,1,1,NA,2,058,I-5 N/B (SAN DIEGO FREEWAY),VIA CALIFORNIA,150,S,N,A,-,Y,ORA,NA,5,NA,NA,6.583,H,NA,R,N,3,0,1,3,A,-,03,22350,NA,N,C,C,A,A,H,-,A,D,0,NA,NA,Y,NA,Y,NA,C,02,0,1,0,0,0,0,0,0,1,-,-,33.46543884277344,-117.6670379638672,ORANGE,DANA POINT,-117.66700744628906,33.46547317504883
9182244,2020,2020-12-22,3009,2020-10-19,2101,4656,143,1,5,6,3009,0,0,0,NA,0,022,HARBOR BL,CHAPMAN AV,60,N,N,A,-,N,NA,NA,NA,NA,NA,NA,NA,NA,NA,Y,4,0,2,2,A,-,01,23152,A,N,C,C,A,A,H,-,C,A,0,NA,NA,NA,NA,Y,Y,A,01,0,0,2,0,0,0,0,0,0,-,-,NA,NA,ORANGE,GARDEN GROVE,-117.91500091552734,33.789066314697266
9182279,2020,2020-11-20,3001,2020-09-15,0037,A2503,D 4,2,5,7,3001,0,0,0,NA,0,D 4,YORBA LINDA BL,LA PALMA AV,0,NA,Y,A,-,N,NA,NA,NA,NA,NA,NA,NA,NA,NA,Y,4,0,2,2,D,-,00,NA,NA,N,D,C,A,A,H,-,C,A,0,NA,NA,NA,NA,Y,NA,-,-,0,0,2,0,0,0,0,0,0,-,-,NA,NA,ORANGE,ANAHEIM,-117.75096893310548,33.875
91823925,2022,2022-07-25,9670,2022-07-20,1215,019138,NA,3,1,6,3010,0,1,1,NA,2,040,I-405 NB (SAN DIEGO FREEWAY),EDINGER AVE.,1500,S,N,A,-,Y,ORA,NA,405,NA,NA,16.048,H,NA,R,N,4,0,1,2,A,-,03,22350,NA,N,C,C,A,A,D,-,A,D,0,NA,NA,NA,NA,Y,NA,A,07,0,0,1,0,0,0,0,0,0,-,-,33.72814178466797,-117.9827117919922,ORANGE,HUNTINGTON BEACH,-117.9826431274414,33.728206634521484
91824921,2022,2022-07-26,9670,2022-07-20,1015,018278,NA,3,1,6,3009,0,1,3,NA,2,021,SR-22 W/B,VALLEY VIEW ST,737,E,N,A,-,Y,ORA,NA,22,NA,R,1.18,H,NA,L,Y,4,0,1,3,A,-,03,22350,NA,N,C,C,A,A,H,-,A,D,0,NA,NA,NA,NA,Y,NA,D,22,0,0,1,0,0,0,0,0,0,-,-,33.774410247802734,-118.03314971923828,ORANGE,GARDEN GROVE,-118.03314971923828,33.774452209472656
91825285,2022,2022-07-26,9675,2022-07-16,1445,021691,NA,6,2,7,3019,0,1,3,NA,2,052,SR-55 NORTHBOUND,DYER RD,1500,S,N,A,-,Y,ORA,NA,55,NA,R,7.57,H,NA,R,Y,4,0,1,3,A,-,03,22350,NA,N,C,C,A,A,H,-,A,D,0,NA,NA,NA,NA,Y,NA,A,01,0,0,1,0,0,0,0,0,0,-,-,33.7052116394043,-117.85507965087892,ORANGE,SANTA ANA,-117.85503387451172,33.705177307128906
91828672,2022,2022-07-29,9675,2022-07-20,1555,021225,NA,3,2,7,3001,0,1,3,NA,2,194,SR-91 EASTBOUND,IMPERIAL HIGHWAY,3085,W,N,A,-,Y,ORA,NA,91,NA,R,10.977,H,NA,R,Y,3,0,1,4,A,-,07,21658,A,N,C,C,A,A,H,-,A,D,0,NA,NA,NA,NA,Y,NA,A,01,0,1,0,0,0,0,0,0,0,-,-,33.85429000854492,-117.8009033203125,ORANGE,ANAHEIM,-117.8009033203125,33.85426330566406
91829020,2022,2022-07-29,9675,2022-07-23,1545,021397,NA,6,2,7,3019,0,1,1,NA,2,502,I-5 SOUTHBOUND,LINCOLN AVE,1485,N,N,A,-,Y,ORA,NA,5,NA,NA,32.286,H,NA,L,Y,4,0,1,3,A,-,03,22350,NA,N,C,C,A,A,H,-,A,D,0,NA,NA,NA,NA,Y,NA,A,01,0,0,1,0,0,0,0,0,0,-,-,33.75825119018555,-117.85974884033205,ORANGE,SANTA ANA,-117.85976409912108,33.75822830200195
9183054,2019,2020-11-24,3008,2019-09-01,1525,1511,ZONE3,7,5,6,3008,0,0,0,NA,0,NA,ORANGETHORPE AV,STATE COLLEGE BL,0,NA,Y,A,-,N,NA,NA,NA,NA,NA,NA,NA,NA,NA,Y,4,0,1,2,A,-,09,21801,A,N,D,C,A,A,H,-,A,A,0,NA,NA,NA,NA,Y,NA,A,01,0,0,1,0,0,0,0,0,0,-,-,NA,NA,ORANGE,FULLERTON,-117.88941192626952,33.85963821411133
91831287,2022,2022-08-02,9675,2022-07-31,1325,021694,NA,7,1,6,3004,0,1,3,NA,2,553,SR-55 SOUTHBOUND,I-405,600,S,N,B,C,Y,ORA,NA,55,NA,R,5.829,H,NA,L,Y,4,0,1,2,A,-,03,22350,NA,N,C,C,A,B,H,-,A,D,0,NA,NA,NA,NA,Y,NA,A,01,0,0,1,0,0,0,0,0,0,-,-,33.68553924560547,-117.87410736083984,ORANGE,COSTA MESA,-117.87413024902344,33.68555450439453
91832049,2022,2022-08-03,9670,2022-08-03,0001,020618,NA,3,3,7,3001,0,1,1,NA,2,502,I-5 N/B,LINCOLN AVENUE,125,N,N,A,-,Y,ORA,NA,5,NA,NA,38.952,H,NA,R,Y,3,0,2,2,A,-,03,22350,NA,N,C,C,A,A,H,-,C,D,0,NA,NA,NA,NA,Y,NA,A,08,0,2,0,0,0,0,0,0,0,-,-,33.83271026611328,-117.93238830566406,ORANGE,ANAHEIM,-117.93235778808594,33.832740783691406
91834052,2022,2022-08-05,9690,2022-07-29,1335,016638,NA,5,1,9,3000,0,2,4,NA,2,030,SANTIAGO CAANYON ROAD,RIDGELINE ROAD,0,NA,Y,A,-,Y,NA,NA,NA,NA,NA,NA,NA,NA,NA,Y,2,0,4,2,A,-,09,21801,A,N,D,C,A,A,H,-,A,D,0,NA,NA,NA,NA,Y,NA,A,07,1,3,0,0,0,0,0,0,0,-,-,33.69060134887695,-117.62638092041016,ORANGE,UNINCORPORATED,-117.62632751464844,33.690608978271484
9183443,2020,2021-02-08,3008,2020-11-01,1400,1511,ZONE2,7,5,6,3008,0,0,0,NA,0,NA,HARBOR BLVD,BASTANCHURY RD,0,NA,Y,A,-,NA,NA,NA,NA,NA,NA,NA,NA,NA,NA,Y,4,0,4,4,D,-,00,NA,NA,N,D,C,A,A,H,-,A,A,0,NA,NA,NA,NA,Y,NA,-,-,0,0,4,0,0,0,0,0,0,-,-,NA,NA,ORANGE,FULLERTON,-117.92890167236328,33.8956184387207
91837415,2022,2022-08-10,9675,2022-08-05,1049,018087,NA,5,1,7,3001,0,1,3,NA,2,094,SR-91 EASTBOUND,WEIR CANYON RD.,3168,W,N,A,-,Y,ORA,NA,91,NA,R,13.813,H,NA,R,Y,3,0,2,2,A,-,03,22350,NA,N,C,C,A,A,H,-,A,D,0,NA,NA,NA,NA,Y,NA,A,01,0,1,1,0,0,0,0,0,0,-,-,33.86893844604492,-117.75521087646484,ORANGE,ANAHEIM,-117.75521087646484,33.868927001953125
91837901,2022,2022-08-11,9675,2022-08-01,0852,019652,NA,1,1,5,3022,0,1,1,NA,2,503,I-5 SOUTHBOUND,TUSTIN RANCH RD,1300,N,N,A,-,Y,ORA,NA,5,NA,R,28.641,H,NA,L,N,4,0,2,2,A,-,03,22350,NA,N,B,C,A,A,H,-,A,D,0,NA,NA,Y,NA,Y,NA,C,02,0,0,2,0,0,0,0,0,1,-,-,33.729061126708984,-117.80931854248048,ORANGE,TUSTIN,-117.80928802490234,33.729095458984375
9183851,2020,2021-01-29,3008,2020-11-10,1355,1511,ZONE2,2,5,6,3008,0,0,0,NA,0,NA,COMMONWEALTH AV,WOODS AV,0,NA,Y,A,-,N,NA,NA,NA,NA,NA,NA,NA,NA,NA,N,3,0,4,2,A,-,09,21801,A,N,A,C,A,A,H,-,A,A,0,NA,NA,NA,NA,Y,NA,A,01,0,1,3,0,0,0,0,0,0,-,-,NA,NA,ORANGE,FULLERTON,-117.93753814697266,33.87025833129883
91838870,2022,2022-08-19,9675,2022-08-10,1700,018985,NA,3,2,6,3026,0,1,1,NA,2,504,I-5 NORTHBOUND,BAKE PKWY.,300,S,N,A,-,Y,ORA,NA,5,NA,NA,20.752,H,NA,R,N,4,0,1,2,A,-,03,22350,NA,N,C,C,A,A,C,-,A,D,0,NA,NA,NA,NA,Y,NA,A,07,0,0,1,0,0,0,0,0,0,-,-,33.6380615234375,-117.72943878173828,ORANGE,IRVINE,-117.72955322265624,33.637996673583984
91840152,2022,2022-08-15,9690,2022-08-04,0910,020066,NA,4,1,4,3018,0,1,1,NA,2,057,I-5 N/B,JUNIPERO SERRA ROAD,5280,N,N,A,-,Y,ORA,NA,5,NA,NA,11.696,H,NA,R,N,3,0,1,1,C,-,18,NA,NA,N,E,J,A,A,C,-,A,D,0,NA,NA,Y,NA,Y,NA,-,-,0,1,0,0,0,0,0,0,1,-,-,33.52997970581055,-117.67266845703124,ORANGE,SAN JUAN CAPISTRANO,-117.67283630371094,33.52985382080078
91842529,2022,2022-08-17,9670,2022-08-10,1442,022493,NA,3,2,6,3009,0,1,3,NA,2,124,SR-22 E/B (GARDEN GROVE FREEWAY),GARDEN GROVE BLVD,200,E,N,A,-,Y,NA,NA,NA,NA,NA,NA,NA,NA,NA,N,3,0,1,3,A,-,03,22350,NA,N,B,C,A,A,H,-,A,D,0,NA,NA,Y,NA,Y,NA,A,07,0,1,0,0,0,0,0,0,1,-,-,33.7746696472168,-117.9655303955078,ORANGE,GARDEN GROVE,-118.00545501708984,33.77341842651367
91845298,2022,2022-08-22,9670,2022-08-13,1228,018278,NA,6,1,6,3009,0,1,3,NA,2,025,SR-22 W/B,GARDEN GROVE BLVD,620,E,N,A,-,Y,ORA,NA,22,NA,R,8.969,H,NA,L,Y,4,0,2,3,A,-,03,22350,NA,N,C,C,A,A,H,-,A,D,0,NA,NA,NA,NA,Y,NA,A,07,0,0,2,0,0,0,0,0,0,-,-,33.77547073364258,-117.90321350097656,ORANGE,GARDEN GROVE,-117.90316009521484,33.77540588378906
91847480,2022,2022-08-24,9690,2022-08-17,1550,020086,NA,3,2,9,3000,0,3,5,NA,2,004,ANTONIO PKWY NORTHBOUND,COVENANT HILLS,1500,S,N,A,-,N,NA,NA,NA,NA,NA,NA,NA,NA,NA,Y,4,0,1,3,A,-,03,22350,NA,N,C,C,A,A,H,-,A,D,0,NA,NA,NA,NA,Y,NA,D,22,0,0,1,0,0,0,0,0,0,-,-,33.5384407043457,-117.62579345703124,ORANGE,UNINCORPORATED,-117.62511444091795,33.53660202026367
91847738,2022,2022-08-24,9675,2022-08-13,0953,016748,NA,6,1,6,3008,0,1,3,NA,2,570,SR-57 SOUTHBOUND,ROLLING HILLS DRIVE,100,S,N,A,-,Y,ORA,NA,57,NA,NA,19.319,H,NA,L,Y,4,0,2,2,A,-,03,22350,NA,N,C,C,A,A,H,-,A,D,0,NA,NA,NA,NA,Y,NA,A,01,0,0,2,0,0,0,0,0,0,-,-,33.90311050415039,-117.88117218017578,ORANGE,FULLERTON,-117.8811492919922,33.90311050415039
91851855,2022,2022-08-29,9675,2022-08-17,1710,019135,NA,3,2,7,3001,0,1,3,NA,2,571,SR-57 SOUTHBOUND,UNDERHILL AVE PEDESTRIAN OVERCROSS,300,N,N,A,-,Y,ORA,NA,57,NA,NA,15.213,H,NA,L,Y,3,0,1,3,A,-,03,22350,NA,N,C,C,A,A,H,-,A,D,0,NA,NA,NA,NA,Y,NA,A,01,0,1,0,0,0,0,0,0,0,-,-,33.84421920776367,-117.87631225585938,ORANGE,ANAHEIM,-117.87621307373048,33.84421920776367
91854310,2022,2022-08-31,9675,2022-08-10,1100,020027,NA,3,1,6,3015,0,1,3,NA,2,550,SR-55 SOUTHBOUND,TAFT AVE,100,S,N,A,-,Y,ORA,NA,55,NA,NA,15.718,H,NA,L,Y,3,0,2,3,A,-,07,21658,A,F,B,C,A,A,H,-,A,D,0,NA,NA,NA,NA,Y,NA,A,07,0,1,1,0,0,0,0,0,0,-,-,33.816890716552734,-117.83219146728516,ORANGE,ORANGE,-117.83216094970705,33.816890716552734
91855329,2022,2022-09-01,9675,2022-08-25,1555,020699,NA,4,2,6,3026,0,1,3,NA,2,130,SR-133 NORTHBOUND,IRVINE CENTER DR.,50,N,N,A,-,Y,ORA,NA,133,NA,M,9.255,H,NA,R,N,4,0,3,2,A,-,03,22350,NA,N,C,C,A,A,H,-,A,D,0,NA,NA,NA,NA,Y,NA,A,07,0,0,3,0,0,0,0,0,0,-,-,33.66297149658203,-117.75424194335938,ORANGE,IRVINE,-117.75421905517578,33.662960052490234
91857786,2022,2022-09-06,9670,2022-08-24,1826,020505,NA,3,2,6,3009,0,1,3,NA,2,025,SR-22 W/B,HASTER ST,528,W,N,A,-,Y,ORA,NA,22,NA,R,8.612,H,NA,L,Y,3,0,1,2,A,-,03,22350,NA,N,C,C,A,A,H,-,A,D,0,NA,NA,NA,NA,Y,NA,A,01,0,1,0,0,0,0,0,0,0,-,-,33.77288055419922,-117.9080810546875,ORANGE,GARDEN GROVE,-117.9080810546875,33.77288055419922
91860195,2022,2022-09-08,9675,2022-08-29,1238,018027,NA,1,1,6,3026,0,1,1,NA,2,406,I-405 NORTHBOUND,CULVER DRIVE,800,N,N,A,-,Y,NA,NA,NA,NA,NA,NA,NA,NA,NA,Y,3,0,1,3,A,-,03,22350,NA,N,C,C,A,A,H,-,A,D,0,NA,NA,NA,NA,Y,NA,A,01,0,1,0,0,0,0,0,0,0,-,-,33.67768096923828,-117.84224700927734,ORANGE,IRVINE,-117.82509613037108,33.6703987121582
9186173,2020,2020-12-05,3001,2020-09-24,2316,A2655,NA,4,5,7,3001,0,0,0,NA,0,0D3,BALL RD,PHOENIX CLUB DR,118,W,N,A,-,N,NA,NA,NA,NA,NA,NA,NA,NA,NA,Y,3,0,3,2,A,-,03,22350,NA,N,C,C,A,A,H,-,C,A,0,NA,NA,NA,NA,Y,NA,A,01,0,1,2,0,0,0,0,0,0,-,-,33.81740951538086,-117.87200927734376,ORANGE,ANAHEIM,-117.87252044677734,33.817726135253906
91862708,2022,2022-09-12,9690,2022-09-06,0754,016722,NA,2,1,9,3000,0,1,3,NA,1,074,SR-74 E/B AT LA PATA RD.,LA PATA ROAD,0,NA,Y,A,-,Y,ORA,NA,74,NA,R,2.567,H,NA,R,N,3,0,1,2,A,-,03,22350,NA,N,C,C,A,A,H,-,A,A,0,NA,NA,NA,NA,Y,NA,J,48,0,1,0,0,0,0,0,0,0,-,-,33.51947021484375,-117.6202392578125,ORANGE,UNINCORPORATED,-117.62024688720705,33.51950454711914
9186340,2020,2020-12-29,3008,2020-10-23,1305,1499,NA,5,5,6,3008,0,0,0,NA,0,003,COMMONWEALTH AV,CHAPMAN AV,0,NA,Y,B,-,N,NA,NA,NA,NA,NA,NA,NA,NA,NA,Y,4,0,2,2,A,-,12,21453,A,N,D,A,A,A,H,-,A,A,0,NA,NA,NA,NA,Y,NA,A,01,0,0,2,0,0,0,0,0,0,-,-,NA,NA,ORANGE,FULLERTON,-117.88423919677734,33.87430191040039