CASE_ID,ACCIDENT_YEAR,PROC_DATE,JURIS,COLLISION_DATE,COLLISION_TIME,OFFICER_ID,REPORTING_DISTRICT,DAY_OF_WEEK,CHP_SHIFT,POPULATION,CNTY_CITY_LOC,SPECIAL_COND,BEAT_TYPE,CHP_BEAT_TYPE,CITY_DIVISION_LAPD,CHP_BEAT_CLASS,BEAT_NUMBER,PRIMARY_RD,SECONDARY_RD,DISTANCE,DIRECTION,INTERSECTION,WEATHER_1,WEATHER_2,STATE_HWY_IND,CALTRANS_COUNTY,CALTRANS_DISTRICT,STATE_ROUTE,ROUTE_SUFFIX,POSTMILE_PREFIX,POSTMILE,LOCATION_TYPE,RAMP_INTERSECTION,SIDE_OF_HWY,TOW_AWAY,COLLISION_SEVERITY,NUMBER_KILLED,NUMBER_INJURED,PARTY_COUNT,PRIMARY_COLL_FACTOR,PCF_CODE_OF_VIOL,PCF_VIOL_CATEGORY,PCF_VIOLATION,PCF_VIOL_SUBSECTION,HIT_AND_RUN,TYPE_OF_COLLISION,MVIW,PED_ACTION,ROAD_SURFACE,ROAD_COND_1,ROAD_COND_2,LIGHTING,CONTROL_DEVICE,CHP_ROAD_TYPE,PEDESTRIAN_ACCIDENT,BICYCLE_ACCIDENT,MOTORCYCLE_ACCIDENT,TRUCK_ACCIDENT,NOT_PRIVATE_PROPERTY,ALCOHOL_INVOLVED,STWD_VEHTYPE_AT_FAULT,CHP_VEHTYPE_AT_FAULT,COUNT_SEVERE_INJ,COUNT_VISIBLE_INJ,COUNT_COMPLAINT_PAIN,COUNT_PED_KILLED,COUNT_PED_INJURED,COUNT_BICYCLIST_KILLED,COUNT_BICYCLIST_INJURED,COUNT_MC_KILLED,COUNT_MC_INJURED,PRIMARY_RAMP,SECONDARY_RAMP,LATITUDE,LONGITUDE,COUNTY,CITY,POINT_X,POINT_Y
94676244,2025,2025-05-06,9670,2025-05-02,1140,021355,NA,5,1,7,3001,0,1,1,NA,2,503,I-5 S/B TO HARBOR BLVD.,HARBOR BLVD.,10,N,N,A,-,Y,NA,NA,NA,NA,NA,NA,NA,NA,NA,N,4,0,1,2,A,-,21,22106,NA,N,C,C,A,A,H,-,A,D,0,NA,NA,NA,NA,Y,NA,A,01,0,0,1,0,0,0,0,0,0,-,-,33.814449310302734,-117.91562652587892,ORANGE,ANAHEIM,-117.91531372070313,33.815162658691406
9467886,2022,2022-12-30,3000,2022-12-12,0533,7734,892-D,1,5,5,3028,0,0,0,NA,0,750,MARGUERITE PKWY,CASTA DEL SOL,338,N,N,C,-,N,NA,NA,NA,NA,NA,NA,NA,NA,NA,Y,4,0,1,1,C,-,18,NA,NA,N,E,I,A,B,F,-,C,D,0,NA,NA,NA,NA,Y,NA,-,-,0,0,1,0,0,0,0,0,0,-,-,NA,NA,ORANGE,MISSION VIEJO,-117.65106964111328,33.61783218383789
9468165,2023,2023-01-25,3011,2023-01-05,1716,31529,43,4,5,4,3011,0,0,0,NA,0,003,S COAST HWY,CALLIOPE ST,81,S,N,B,-,Y,ORA,12,1,-,-,8.35,H,-,S,Y,4,0,2,2,A,-,03,22350,NA,N,C,C,A,A,H,-,C,A,0,NA,NA,NA,NA,Y,NA,A,01,0,0,2,0,0,0,0,0,0,-,-,NA,NA,ORANGE,LAGUNA BEACH,-117.77369689941406,33.530704498291016
94684973,2025,2025-05-13,9675,2025-04-27,2324,024301,NA,7,3,6,3004,0,1,3,NA,2,073,SR-73 NORTHBOUND,SR-55 NORTHBOUND,1500,S,N,A,-,Y,ORA,NA,73,NA,R,26.3,H,NA,R,Y,3,0,1,1,A,-,01,23152,A,N,E,I,A,A,H,-,C,D,0,NA,NA,NA,NA,Y,Y,D,22,0,1,0,0,0,0,0,0,0,-,-,33.67018127441406,-117.88307189941406,ORANGE,COSTA MESA,-117.88318634033205,33.670108795166016
94689299,2025,2025-05-15,9675,2025-05-15,1050,018087,NA,4,1,5,3022,0,1,1,NA,2,503,I-5 NORTHBOUND,TUSTIN RANCH RD,500,S,N,A,-,Y,ORA,NA,5,NA,NA,28.146,H,NA,R,Y,4,0,1,3,A,-,03,22350,NA,N,C,C,A,A,H,-,A,D,0,NA,NA,NA,Y,Y,NA,A,07,0,0,1,0,0,0,0,0,0,-,-,33.72488021850586,-117.80235290527344,ORANGE,TUSTIN,-117.80240631103516,33.72481918334961
94689430,2025,2025-05-15,9675,2025-05-15,809,016748,NA,4,1,9,3000,0,1,3,NA,2,570,SR-57 SOUTHBOUND,TONNER CANYON ROAD,2000,N,N,A,-,Y,ORA,NA,57,NA,NA,22.292,H,NA,L,N,4,0,1,2,A,-,03,22350,NA,N,C,C,A,A,H,-,A,D,0,NA,NA,NA,NA,Y,NA,D,22,0,0,1,0,0,0,0,0,0,-,-,33.943458557128906,-117.87200164794922,ORANGE,UNINCORPORATED,-117.87194061279295,33.94340896606445
94692478,2025,2025-05-19,9690,2025-04-26,1622,019925,NA,6,2,4,3018,0,1,1,NA,2,057,I-5 N/B (SAN DIEGO FRWY),SAN JUAN CREEK RD.,4392,S,N,B,-,Y,ORA,NA,5,NA,NA,7.974,H,NA,R,N,4,0,2,2,A,-,08,22107,NA,F,B,C,A,A,H,-,A,D,0,NA,NA,NA,NA,Y,NA,-,-,0,0,2,0,0,0,0,0,0,-,-,33.481571197509766,-117.66976928710938,ORANGE,SAN JUAN CAPISTRANO,-117.66973876953124,33.48155212402344
94692564,2025,2025-05-19,9670,2025-05-17,2035,022455,NA,6,2,9,3000,0,3,5,NA,2,005,BOLSA AVE,VAN BUREN ST,0,NA,Y,A,-,N,NA,NA,NA,NA,NA,NA,NA,NA,NA,N,3,0,1,2,A,-,10,21950,A,N,D,G,A,A,H,-,C,A,0,NA,Y,NA,NA,Y,NA,A,08,0,1,0,0,0,0,1,0,0,-,-,33.74467086791992,-117.98625946044922,ORANGE,UNINCORPORATED,-117.98636627197266,33.74468994140625
94692688,2025,2025-09-08,9670,2025-04-19,1108,021089,NA,6,1,5,3003,0,1,1,NA,2,501,INTERSTATE 5 SOUTHBOUND TO STATE ROUTE-91 EASTBOUN,ORANGETHORPE AVENUE,62,S,N,A,-,Y,ORA,NA,5,NA,NA,42.54,H,NA,L,Y,1,1,0,2,A,-,07,21658,A,N,B,C,A,A,C,-,A,D,0,NA,NA,Y,NA,Y,NA,A,07,0,0,0,0,0,0,0,1,0,-,-,33.859039306640625,-117.9861297607422,ORANGE,BUENA PARK,-117.98602294921876,33.85920333862305
94694233,2025,2025-05-20,9675,2025-05-09,1720,020851,NA,5,2,6,3026,0,1,1,NA,2,047,INTERSTATE 405 NORTHBOUND,STATE ROUTE 133,1260,S,N,A,-,Y,ORA,NA,405,NA,NA,1.548,H,NA,R,N,2,0,2,2,A,-,07,21658,A,N,B,C,A,A,H,-,A,D,0,NA,NA,Y,NA,Y,NA,A,07,1,1,0,0,0,0,0,0,2,-,-,33.6509895324707,-117.7567901611328,ORANGE,IRVINE,-117.75676727294922,33.65105056762695
94699427,2025,2025-05-26,9675,2025-05-23,1735,023337,NA,5,2,6,3015,0,1,3,NA,2,222,SR-22 EASTBOUND,LEWIS ST,500,W,N,A,-,Y,ORA,NA,22,NA,R,9.385,H,NA,R,N,3,0,1,2,A,-,03,22350,NA,N,C,C,A,A,H,-,A,D,0,NA,NA,Y,NA,Y,NA,C,02,0,1,0,0,0,0,0,0,1,-,-,33.778228759765625,-117.89682006835938,ORANGE,ORANGE,-117.89684295654295,33.77827835083008
94701048,2025,2025-05-27,9670,2025-05-21,2020,021108,NA,3,2,9,3000,0,3,5,NA,2,005,BOLSA AVE (8300 BLOCK),HARPER ST,100,W,N,A,-,N,NA,NA,NA,NA,NA,NA,NA,NA,NA,N,4,0,1,1,A,-,08,22107,NA,N,E,I,A,A,H,-,C,D,0,NA,NA,NA,NA,Y,NA,A,01,0,0,1,0,0,0,0,0,0,-,-,33.74483108520508,-117.98226928710938,ORANGE,UNINCORPORATED,-117.98231506347656,33.744720458984375
94705275,2025,2025-05-29,9675,2025-05-21,930,021633,NA,3,1,7,3001,0,1,3,NA,2,572,SR-57 SOUTHBOUND,WAGNER AVENUE,245,S,N,A,-,Y,ORA,NA,57,NA,NA,13.865,H,NA,L,Y,4,0,1,3,A,-,03,22350,NA,N,C,C,A,A,H,-,A,D,0,NA,NA,NA,NA,Y,NA,A,01,0,0,1,0,0,0,0,0,0,-,-,33.82461929321289,-117.87637329101563,ORANGE,ANAHEIM,-117.87631225585938,33.82461929321289
94707039,2025,2025-05-30,9690,2025-05-20,1110,016739,NA,2,1,5,3028,0,1,1,NA,2,055,I-5 S/B (SAN DIEGO FRWY),LA PAZ RD,900,S,N,A,-,Y,ORA,NA,5,NA,NA,16.365,H,NA,L,Y,3,0,1,1,A,-,08,22107,NA,N,F,A,A,A,H,-,A,D,0,NA,NA,NA,NA,Y,NA,D,22,0,1,0,0,0,0,0,0,0,-,-,33.59606170654297,-117.67415618896484,ORANGE,MISSION VIEJO,-117.67428588867188,33.59596633911133
94712513,2025,2025-06-04,9675,2025-05-28,2157,019171,NA,3,2,7,3001,0,1,3,NA,2,571,SR-57 S/B TO SR-91 W/B,MIRALOMA AVE,1525,S,N,A,-,Y,ORA,NA,91,NA,NA,5.92,H,NA,L,N,4,0,1,2,A,-,03,22350,NA,N,C,C,A,A,D,-,A,A,0,NA,NA,NA,NA,Y,NA,A,01,0,0,1,0,0,0,0,0,0,-,-,33.85139846801758,-117.87876892089844,ORANGE,ANAHEIM,-117.87883758544922,33.851295471191406
9471452,2023,2023-12-12,3004,2023-10-06,1645,P677,15,5,5,6,3004,0,0,0,NA,0,011,ADAMS AV,MESA VERDE DR EAST,0,NA,Y,A,-,N,NA,NA,NA,NA,NA,NA,NA,NA,NA,N,3,0,1,2,A,-,12,21453,A,N,D,C,A,A,H,-,A,A,0,NA,NA,NA,NA,Y,NA,A,01,0,1,0,0,0,0,0,0,0,-,-,33.67279815673828,-117.92520141601563,ORANGE,COSTA MESA,-117.9252471923828,33.67283248901367
94718448,2025,2025-06-09,9675,2025-06-02,1000,021716,NA,1,1,7,3019,0,1,3,NA,2,552,SR-55 NORTHBOUND,MCFADDEN AVE.,1003,S,N,A,-,Y,ORA,NA,55,NA,R,9.768,H,NA,R,N,4,0,1,2,A,-,03,22350,NA,N,C,C,A,A,H,-,A,D,0,NA,NA,NA,NA,Y,NA,D,22,0,0,1,0,0,0,0,0,0,-,-,33.73101043701172,-117.83360290527344,ORANGE,SANTA ANA,-117.83364868164063,33.73101043701172
94718525,2025,2025-06-09,9675,2025-06-03,552,021716,NA,2,3,7,3019,0,1,1,NA,2,502,I-5 SOUTHBOUND,GRAND AVE.,528,N,N,A,-,Y,ORA,NA,5,NA,NA,31.903,H,NA,L,Y,4,0,1,5,A,-,07,21658,A,N,B,C,A,A,H,-,B,D,0,NA,NA,NA,NA,Y,NA,A,07,0,0,1,0,0,0,0,0,0,-,-,33.755531311035156,-117.85368347167967,ORANGE,SANTA ANA,-117.85372924804688,33.75545120239258
94718796,2025,2025-06-09,9675,2025-06-04,1550,021305,NA,3,2,6,3004,0,1,3,NA,2,073,SR-73 NORTHBOUND,RED HILL AVE,686,N,N,A,-,Y,ORA,NA,73,NA,R,26.231,H,NA,R,N,4,0,1,3,A,-,03,22350,NA,N,C,C,A,A,H,-,A,D,0,NA,NA,NA,NA,Y,NA,A,01,0,0,1,0,0,0,0,0,0,-,-,33.669281005859375,-117.88247680664063,ORANGE,COSTA MESA,-117.88247680664063,33.669281005859375
94723078,2025,2025-06-12,9675,2025-06-08,1235,022993,NA,7,1,7,3001,0,1,3,NA,2,572,SR-57 SOUTHBOUND,WAGNER AVE,2640,N,N,A,-,Y,ORA,NA,57,NA,NA,13.956,H,NA,L,Y,3,0,1,4,A,-,07,21658,A,N,B,C,A,A,H,-,A,D,0,NA,NA,NA,NA,Y,NA,A,07,0,1,0,0,0,0,0,0,0,-,-,33.8259391784668,-117.8763427734375,ORANGE,ANAHEIM,-117.87630462646484,33.8259391784668
94723857,2025,2025-06-12,9675,2025-06-08,20,022866,NA,7,3,7,3001,0,1,3,NA,2,094,SR-91 WESTBOUND,IMPERIAL HWY,7920,E,N,A,-,Y,ORA,NA,91,NA,R,12.978,H,NA,L,N,4,0,1,2,A,-,07,21658,A,M,B,C,A,A,H,-,C,D,0,NA,NA,NA,NA,Y,NA,A,01,0,0,1,0,0,0,0,0,0,-,-,33.864830017089844,-117.7685775756836,ORANGE,ANAHEIM,-117.7685546875,33.86479187011719
94726620,2025,2025-06-16,9675,2025-06-07,2139,023004,NA,6,2,6,3008,0,1,3,NA,2,571,SR-57 SOUTHBOUND,CHAPMAN AVE,400,S,N,A,-,Y,ORA,NA,57,NA,NA,17.276,H,NA,L,Y,2,0,1,2,A,-,08,22107,NA,N,B,C,A,A,H,-,D,D,0,NA,NA,NA,NA,Y,NA,A,01,1,0,0,0,0,0,0,0,0,-,-,33.87361145019531,-117.88066864013672,ORANGE,FULLERTON,-117.8805694580078,33.87360763549805
9473320,2022,2022-08-12,3006,2022-06-24,1418,329,4,5,5,3,3006,0,0,0,NA,0,001,MOODY ST,BIGELOW ST,228,S,N,A,-,N,NA,NA,NA,NA,NA,NA,NA,NA,NA,N,3,0,1,2,A,-,09,21804,A,M,H,C,A,A,D,E,A,D,0,NA,NA,Y,NA,Y,Y,O,05,0,1,0,0,0,0,0,0,1,-,-,NA,NA,ORANGE,LA PALMA,-118.04619598388672,33.85714340209961
94733214,2025,2025-06-20,9675,2025-06-08,245,023136,NA,7,3,5,3016,0,1,3,NA,2,571,SR-57 SOUTHBOUND,CHAPMAN AVE,1465,S,N,A,-,Y,ORA,NA,57,NA,NA,17.032,H,NA,L,Y,3,0,1,1,A,-,01,23152,A,M,E,I,A,A,H,-,C,D,0,NA,NA,NA,NA,Y,Y,A,01,0,1,0,0,0,0,0,0,0,-,-,33.87004089355469,-117.880126953125,ORANGE,PLACENTIA,-117.88002777099608,33.870059967041016
94735422,2025,2025-06-23,9670,2025-06-21,1400,020134,NA,6,2,6,3009,0,1,3,NA,2,024,SR-22 E/B,FAIRVIEW STREET,1000,W,N,A,-,Y,ORA,NA,22,NA,R,8.567,H,NA,R,Y,4,0,1,2,A,-,03,22350,NA,N,C,C,A,A,H,-,A,D,0,NA,NA,NA,NA,Y,NA,A,01,0,0,1,0,0,0,0,0,0,-,-,33.77239990234375,-117.90830230712892,ORANGE,GARDEN GROVE,-117.90838623046876,33.772518157958984
9473545,2022,2022-08-11,3006,2022-06-19,1605,329,2,7,5,3,3006,0,0,0,NA,0,001,VALLEY VIEW ST,CENTERPOINTE DR,0,NA,Y,A,-,N,NA,NA,NA,NA,NA,NA,NA,NA,NA,N,4,0,1,2,A,-,03,22350,NA,N,C,C,A,A,H,-,A,A,0,NA,NA,NA,NA,Y,NA,A,01,0,0,1,0,0,0,0,0,0,-,-,NA,NA,ORANGE,LA PALMA,-118.02877807617188,33.860862731933594
9473859,2022,2022-08-23,3003,2022-08-08,1308,652,NA,1,5,5,3003,0,0,0,NA,0,005,HOLDER ST,LINCOLN AV,197,S,N,A,-,N,NA,NA,NA,NA,NA,NA,NA,NA,NA,N,4,0,1,2,A,-,09,21804,A,N,D,C,A,A,H,-,A,D,0,NA,NA,NA,NA,Y,NA,A,01,0,0,1,0,0,0,0,0,0,-,-,33.495201110839844,-118.01100158691406,ORANGE,BUENA PARK,-118.01967620849608,33.83121871948242
94738652,2025,2025-06-25,9675,2025-06-15,546,024261,NA,7,3,6,3015,0,1,1,NA,2,520,I-5 NORTHBOUND,SR-22 WESTBOUND,1700,N,N,B,-,Y,ORA,NA,5,NA,NA,34.418,H,NA,R,Y,4,0,1,1,A,-,01,23152,A,N,E,I,A,A,H,-,A,D,0,NA,NA,NA,NA,Y,Y,A,07,0,0,1,0,0,0,0,0,0,-,-,33.78295135498047,-117.88127136230467,ORANGE,ORANGE,-117.88117980957033,33.78303909301758
94738974,2025,2025-06-25,9675,2025-06-20,753,022298,NA,5,1,6,3004,0,1,1,NA,2,405,I-405 SOUTHBOUND (SAN DIEGO FREEWAY),SR-55 (COSTA MESA FREEWAY),40,S,N,B,-,Y,ORA,NA,405,NA,NA,8.713,H,NA,L,Y,3,0,1,2,A,-,08,22107,NA,N,B,2,A,A,H,-,A,D,0,NA,NA,NA,NA,Y,NA,D,22,0,1,0,0,0,0,0,0,0,-,-,33.68729019165039,-117.87188720703124,ORANGE,COSTA MESA,-117.87188720703124,33.687259674072266
94742362,2025,2025-06-27,9675,2025-06-26,1303,018714,NA,4,1,6,3026,0,1,1,NA,2,503,I-5 NORTHBOUND,CULVER DR,3907,S,N,A,-,Y,ORA,NA,5,NA,R,25.852,H,NA,R,N,4,0,1,2,A,-,03,22350,NA,N,C,C,A,A,H,-,A,D,0,NA,NA,NA,NA,Y,NA,A,08,0,0,1,0,0,0,0,0,0,-,-,33.70090866088867,-117.77545166015624,ORANGE,IRVINE,-117.775390625,33.70093536376953
94744109,2025,2025-06-30,9670,2025-06-26,1600,020938,NA,4,2,3,3006,0,1,3,NA,2,092,SR-91 E/B,ORANGETHORPE AVE,100,E,N,A,-,Y,ORA,NA,91,NA,R,0.559,H,NA,R,N,4,0,6,4,A,-,03,22350,NA,N,C,C,A,A,H,-,A,D,0,NA,NA,NA,Y,Y,NA,G,25,0,0,6,0,0,0,0,0,0,-,-,33.85845184326172,-118.03337860107422,ORANGE,LA PALMA,-118.03336334228516,33.85847473144531
9474561,2022,2022-07-01,3012,2022-05-09,0740,568,41,1,5,5,3012,0,0,0,NA,0,004,EUCLID ST,MOUNTAIN VIEW AV,120,S,N,A,-,N,NA,NA,NA,NA,NA,NA,NA,NA,NA,N,4,0,1,2,A,-,03,22350,NA,M,C,C,A,A,H,-,A,D,0,NA,NA,NA,NA,Y,NA,A,01,0,0,1,0,0,0,0,0,0,-,-,NA,NA,ORANGE,LA HABRA,-117.94609832763672,33.92534255981445
94747146,2025,2025-07-07,9675,2025-06-30,1005,024261,NA,1,1,9,3000,0,1,3,NA,2,572,SR-57 SOUTHBOUND,KATELLA AVENUE,1600,N,N,A,-,Y,ORA,NA,57,NA,NA,12.832,H,NA,L,N,4,0,1,2,A,-,01,23152,A,N,C,C,A,A,H,-,A,D,0,NA,NA,NA,NA,Y,Y,A,01,0,0,1,0,0,0,0,0,0,-,-,33.81005859375,-117.87911224365234,ORANGE,UNINCORPORATED,-117.8791732788086,33.81007766723633
94750847,2025,2025-08-04,9670,2025-06-29,233,023150,NA,7,3,7,3001,0,1,1,NA,2,502,I-5 S/B,ORANGEWOOD AVE.,365,N,N,A,-,Y,ORA,NA,5,NA,NA,35.71,H,NA,L,N,3,0,1,2,A,-,03,22350,NA,N,C,C,A,A,H,-,D,D,0,NA,NA,NA,NA,Y,NA,A,07,0,1,0,0,0,0,0,0,0,-,-,33.79705047607422,-117.89624786376952,ORANGE,ANAHEIM,-117.8961944580078,33.79709243774414
94751455,2025,2025-07-07,9675,2025-06-19,1805,023480,NA,4,2,6,3026,0,1,1,NA,2,504,I-5 SOUTHBOUND TO BAKE PKWY,BAKE PKWY,2505,N,N,A,-,Y,ORA,NA,405,NA,NA,0.349,H,NA,R,Y,4,0,1,1,A,-,08,22107,NA,N,E,I,A,A,H,-,A,A,0,NA,NA,NA,NA,Y,NA,A,01,0,0,1,0,0,0,0,0,0,-,-,33.645538330078125,-117.73716735839844,ORANGE,IRVINE,-117.73724365234376,33.64535903930664
94752373,2025,2025-07-07,9675,2025-07-01,830,024571,NA,2,1,6,3015,0,1,1,NA,2,502,I-5 NORTHBOUND,STATE COLLEGE BLVD.,1200,N,N,B,-,Y,ORA,NA,5,NA,NA,34.7,H,NA,R,Y,4,0,1,1,A,-,08,22107,NA,N,E,I,A,A,H,-,A,D,0,NA,NA,NA,NA,Y,NA,A,01,0,0,1,0,0,0,0,0,0,-,-,33.78620910644531,-117.88416290283205,ORANGE,ORANGE,-117.8843002319336,33.786128997802734
9475406,2022,2022-11-01,3009,2022-06-24,1413,3422,11,5,5,6,3009,0,0,0,NA,0,041,KNOTT ST,ORANGEWOOD AV,148,N,N,A,-,N,NA,NA,NA,NA,NA,NA,NA,NA,NA,Y,3,0,1,2,A,-,06,21755,A,N,D,C,A,A,H,-,A,A,0,NA,NA,Y,NA,Y,Y,C,02,0,1,0,0,0,0,0,0,1,-,-,NA,NA,ORANGE,GARDEN GROVE,-118.01110076904295,33.79603576660156
94755884,2025,2025-07-10,9675,2025-07-08,636,017773,NA,2,1,6,3026,0,1,1,NA,2,405,I-405 N/B TO SR 55,REDHILL AVE,300,S,N,A,-,Y,ORA,NA,405,NA,NA,8.371,H,NA,R,Y,4,0,1,2,A,-,08,22107,NA,N,B,C,A,A,H,-,A,D,0,NA,NA,NA,NA,Y,NA,A,01,0,0,1,0,0,0,0,0,0,-,-,33.686859130859375,-117.86573791503906,ORANGE,IRVINE,-117.86582183837892,33.686676025390625
9476025,2022,2022-07-20,3000,2022-05-31,2318,11256,922B4,2,5,5,3028,0,0,0,NA,0,754,OSO PKWY,RT 5,0,NA,Y,A,-,Y,ORA,12,5,-,-,14.945,R,4,N,Y,2,0,1,2,A,-,09,21453,C,N,D,C,A,A,H,-,C,A,0,NA,NA,NA,NA,Y,NA,A,01,1,0,0,0,0,0,0,0,0,-,-,NA,NA,ORANGE,MISSION VIEJO,-117.67169952392578,33.576148986816406
94761166,2025,2025-07-14,9675,2025-07-06,450,023329,NA,7,3,6,3015,0,1,1,NA,2,502,I-5 N/B TO STATE ROUTE 22 W/B,STATE ROUTE 22,1848,S,N,A,-,Y,ORA,NA,5,NA,NA,33.649,H,NA,R,Y,3,0,2,2,A,-,08,22107,NA,N,C,C,A,A,H,-,D,D,0,NA,NA,NA,NA,Y,NA,A,01,0,1,1,0,0,0,0,0,0,-,-,33.774681091308594,-117.87230682373048,ORANGE,ORANGE,-117.8724365234375,33.774600982666016
9476133,2021,2022-07-26,3016,2021-11-05,1705,1262,20,5,5,5,3016,0,0,0,NA,0,002,ORANGETHORPE AV,MELROSE ST,0,NA,Y,A,-,N,NA,NA,NA,NA,NA,NA,NA,NA,NA,NA,4,0,1,2,A,-,09,21800,A,N,D,G,A,A,H,-,A,A,0,NA,Y,NA,NA,Y,NA,A,01,0,0,1,0,0,0,1,0,0,-,-,33.86191177368164,-117.8748016357422,ORANGE,PLACENTIA,-117.87483215332033,33.86190414428711
9476538,2022,2022-07-18,3009,2022-06-07,1723,4352,075,2,5,6,3009,0,0,0,NA,0,013,GARDEN GROVE BL,MAGNOLIA ST,0,NA,Y,A,-,N,NA,NA,NA,NA,NA,NA,NA,NA,NA,Y,3,0,2,2,A,-,01,23152,B,N,D,C,A,A,H,-,A,A,0,NA,NA,NA,NA,Y,Y,A,01,0,1,1,0,0,0,0,0,0,-,-,NA,NA,ORANGE,GARDEN GROVE,-117.97531127929688,33.77399444580078
94765409,2025,2025-07-16,9675,2025-07-08,1600,021960,NA,2,2,5,3016,0,1,3,NA,2,571,SR-57 NORTHBOUND,SR-91,270,N,N,A,-,Y,ORA,NA,57,NA,NA,15.665,H,NA,R,Y,3,0,1,2,A,-,07,21658,A,N,C,C,A,A,H,-,A,D,0,NA,NA,Y,NA,Y,NA,A,01,0,1,0,0,0,0,0,0,1,-,-,33.850830078125,-117.8756866455078,ORANGE,PLACENTIA,-117.87566375732422,33.850830078125
94773574,2025,2025-07-23,9670,2025-07-09,153,021108,NA,3,3,6,3009,0,1,3,NA,2,024,SR-22 E/B,GARDEN GROVE BLVD,115,W,N,A,-,Y,ORA,NA,22,NA,R,8.805,H,NA,R,Y,3,0,2,2,A,-,03,22350,NA,N,B,C,A,A,H,-,D,D,0,NA,NA,NA,NA,Y,NA,A,01,0,2,0,0,0,0,0,0,0,-,-,33.774139404296875,-117.90531158447266,ORANGE,GARDEN GROVE,-117.90528869628906,33.77410888671875
94773623,2025,2025-07-23,9675,2025-07-13,1550,023064,NA,7,2,7,3019,0,1,1,NA,2,502,I-5 SOUTHBOUND,ORANGEWOOD AVE,800,S,N,A,-,Y,ORA,NA,5,NA,NA,35.539,H,NA,L,N,4,0,1,2,A,-,03,22350,NA,N,C,C,A,A,H,-,A,D,0,NA,NA,NA,NA,Y,NA,A,01,0,0,1,0,0,0,0,0,0,-,-,33.79526138305664,-117.89412689208984,ORANGE,SANTA ANA,-117.89420318603516,33.795204162597656
94774542,2025,2025-07-23,9675,2025-07-16,1420,022842,NA,3,2,7,3001,0,1,3,NA,2,094,SR-91 WESTBOUND,IMPERIAL HWY,3168,E,N,A,-,Y,ORA,NA,91,NA,R,12.163,H,NA,L,Y,3,0,2,2,A,-,03,22350,NA,N,C,C,A,A,H,-,A,D,0,NA,NA,NA,NA,Y,NA,A,07,0,2,0,0,0,0,0,0,0,-,-,33.858741760253906,-117.78089141845705,ORANGE,ANAHEIM,-117.78089904785156,33.85875701904297
94779228,2025,2025-07-28,9675,2025-07-20,2355,023539,NA,7,3,7,3019,0,1,3,NA,2,552,SR-55 NORTHBOUND,MACARTHUR BLVD,1100,N,N,A,-,Y,ORA,NA,55,NA,R,7.199,H,NA,R,Y,4,0,2,2,A,-,01,23152,A,N,C,C,A,A,H,-,C,D,0,NA,NA,NA,NA,Y,Y,A,01,0,0,2,0,0,0,0,0,0,-,-,33.70103073120117,-117.8591537475586,ORANGE,SANTA ANA,-117.85909271240234,33.70098876953125
94779337,2025,2025-07-28,9690,2025-07-17,20,020469,NA,4,3,4,3018,0,1,3,NA,2,031,I-5 S/B (SAN DIEGO FRWY),JUNIPERRO SERRA,20,N,N,A,-,Y,ORA,NA,5,NA,NA,10.95,H,NA,L,Y,2,0,1,2,A,-,03,22350,NA,N,D,C,A,A,C,-,C,D,0,NA,NA,Y,NA,Y,NA,C,02,1,0,0,0,0,0,0,0,1,-,-,33.52083969116211,-117.6661376953125,ORANGE,SAN JUAN CAPISTRANO,-117.6660385131836,33.520870208740234
94779572,2025,2025-07-28,9675,2025-07-16,35,023293,NA,3,3,7,3001,0,1,3,NA,2,094,SR-91 WESTBOUND,IMPERIAL HIGHWAY,3221,W,N,A,-,Y,ORA,NA,91,NA,R,10.958,H,NA,L,Y,3,0,1,3,A,-,08,22107,NA,F,B,2,A,A,H,-,D,D,0,NA,NA,NA,Y,Y,NA,-,99,0,1,0,0,0,0,0,0,0,-,-,33.854530334472656,-117.80127716064452,ORANGE,ANAHEIM,-117.80127716064452,33.854549407958984
94780151,2025,2025-07-29,9675,2025-07-22,1508,021716,NA,2,2,7,3001,0,1,3,NA,2,094,SR-91 WESTBOUND,IMPERIAL HWY.,1426,E,N,A,-,Y,ORA,NA,91,NA,R,11.823,H,NA,L,N,4,0,3,2,A,-,03,22350,NA,N,C,C,A,A,H,-,A,D,0,NA,NA,NA,NA,Y,NA,A,07,0,0,3,0,0,0,0,0,0,-,-,33.85622024536133,-117.78604125976563,ORANGE,ANAHEIM,-117.78604125976563,33.856224060058594