CASE_ID,ACCIDENT_YEAR,PROC_DATE,JURIS,COLLISION_DATE,COLLISION_TIME,OFFICER_ID,REPORTING_DISTRICT,DAY_OF_WEEK,CHP_SHIFT,POPULATION,CNTY_CITY_LOC,SPECIAL_COND,BEAT_TYPE,CHP_BEAT_TYPE,CITY_DIVISION_LAPD,CHP_BEAT_CLASS,BEAT_NUMBER,PRIMARY_RD,SECONDARY_RD,DISTANCE,DIRECTION,INTERSECTION,WEATHER_1,WEATHER_2,STATE_HWY_IND,CALTRANS_COUNTY,CALTRANS_DISTRICT,STATE_ROUTE,ROUTE_SUFFIX,POSTMILE_PREFIX,POSTMILE,LOCATION_TYPE,RAMP_INTERSECTION,SIDE_OF_HWY,TOW_AWAY,COLLISION_SEVERITY,NUMBER_KILLED,NUMBER_INJURED,PARTY_COUNT,PRIMARY_COLL_FACTOR,PCF_CODE_OF_VIOL,PCF_VIOL_CATEGORY,PCF_VIOLATION,PCF_VIOL_SUBSECTION,HIT_AND_RUN,TYPE_OF_COLLISION,MVIW,PED_ACTION,ROAD_SURFACE,ROAD_COND_1,ROAD_COND_2,LIGHTING,CONTROL_DEVICE,CHP_ROAD_TYPE,PEDESTRIAN_ACCIDENT,BICYCLE_ACCIDENT,MOTORCYCLE_ACCIDENT,TRUCK_ACCIDENT,NOT_PRIVATE_PROPERTY,ALCOHOL_INVOLVED,STWD_VEHTYPE_AT_FAULT,CHP_VEHTYPE_AT_FAULT,COUNT_SEVERE_INJ,COUNT_VISIBLE_INJ,COUNT_COMPLAINT_PAIN,COUNT_PED_KILLED,COUNT_PED_INJURED,COUNT_BICYCLIST_KILLED,COUNT_BICYCLIST_INJURED,COUNT_MC_KILLED,COUNT_MC_INJURED,PRIMARY_RAMP,SECONDARY_RAMP,LATITUDE,LONGITUDE,COUNTY,CITY,POINT_X,POINT_Y
94984065,2025,2025-12-23,9675,2025-12-15,415,024261,NA,1,3,7,3001,0,1,3,NA,2,093,SR-91 WESTBOUND,LAKEVIEW AVE,33,W,N,E,-,Y,ORA,NA,91,NA,R,10.077,H,NA,L,N,4,0,1,2,A,-,07,21658,A,N,B,C,A,A,H,-,C,D,0,NA,NA,NA,Y,Y,NA,G,25,0,0,1,0,0,0,0,0,0,-,-,33.85089111328125,-117.81466674804688,ORANGE,ANAHEIM,-117.8146514892578,33.85087585449219
94998469,2025,2026-01-05,9670,2025-12-23,535,020505,NA,2,3,7,3001,0,1,3,NA,2,094,SR-91 E/B,LEMON ST,1056,E,N,B,-,Y,ORA,NA,91,NA,NA,3.731,H,NA,R,Y,3,0,1,3,A,-,03,22350,NA,F,B,C,A,A,H,-,C,D,0,NA,NA,NA,NA,Y,NA,A,01,0,1,0,0,0,0,0,0,0,-,-,33.85390853881836,-117.9160385131836,ORANGE,ANAHEIM,-117.91605377197266,33.85380172729492
95000912,2025,2026-01-06,9675,2025-12-26,1445,022159,NA,5,2,6,3015,0,1,3,NA,2,222,SR-22 W/B,MAIN ST.,990,E,N,C,-,Y,ORA,NA,22,NA,R,11.212,H,NA,L,Y,4,0,1,2,A,-,03,22350,NA,N,D,2,A,B,H,-,A,D,0,NA,NA,NA,NA,Y,NA,D,22,0,0,1,0,0,0,0,0,0,-,-,33.77840042114258,-117.8635025024414,ORANGE,ORANGE,-117.8635025024414,33.77835464477539
95003374,2025,2026-01-07,9675,2025-12-28,206,024837,NA,7,3,9,3000,0,1,3,NA,2,241,SR-241 NORTHBOUND,LOMA RIDGE RD,6600,S,N,A,-,Y,ORA,NA,241,NA,NA,30.301,H,NA,R,Y,3,0,1,1,A,-,03,22350,NA,N,F,A,A,A,H,-,D,D,0,NA,NA,NA,NA,Y,NA,A,01,0,1,0,0,0,0,0,0,0,-,-,33.75529861450195,-117.73238372802734,ORANGE,UNINCORPORATED,-117.73252868652344,33.75528335571289
95023013,2024,2026-01-21,9690,2024-07-22,937,017988,NA,1,1,5,3017,0,1,1,NA,2,059,I-5 NORTHBOUND (SAN DIEGO FRWY),AVENIDA PALIZADA,528,N,N,A,-,Y,ORA,NA,5,NA,NA,2.328,H,NA,R,Y,1,1,3,4,A,-,08,22107,NA,N,C,C,E,A,H,-,A,D,0,Y,NA,NA,Y,Y,NA,F,55,0,2,1,1,0,0,0,0,0,-,-,33.42716979980469,-117.6103973388672,ORANGE,SAN CLEMENTE,-117.6104736328125,33.4271354675293
9502781,2022,2022-09-22,3009,2022-09-07,0912,4156,013,3,5,6,3009,0,0,0,NA,0,011,VALLEY VIEW ST,BELGRAVE AV,13,N,N,A,-,N,NA,NA,NA,NA,NA,NA,NA,NA,NA,N,4,0,1,2,A,-,10,21950,A,N,G,B,B,A,H,-,A,A,0,Y,NA,NA,NA,Y,NA,A,01,0,0,1,0,1,0,0,0,0,-,-,33.78532028198242,-118.02860260009766,ORANGE,GARDEN GROVE,-118.02860260009766,33.78535461425781
9503703,2022,2022-09-27,3000,2022-08-17,1534,3358,972B5,3,5,4,3018,0,0,0,NA,0,731,CAMINO CAPISTRANO,AVE AEROPUERTO,1330,S,N,A,-,N,NA,NA,NA,NA,NA,NA,NA,NA,NA,Y,4,0,1,1,A,-,08,22107,NA,N,E,I,A,A,H,-,A,D,0,NA,NA,NA,NA,Y,NA,A,01,0,0,1,0,0,0,0,0,0,-,-,NA,NA,ORANGE,SAN JUAN CAPISTRANO,-117.67333984375,33.478187561035156
9504095,2022,2022-10-25,3000,2022-09-09,0956,10475,921-H,5,5,4,3045,0,0,0,NA,0,017,PASEO DE VALENCIA,SUNBURST AV,259,W,N,B,-,N,NA,NA,NA,NA,NA,NA,NA,NA,NA,Y,1,1,0,2,A,-,01,23152,F,F,C,G,A,A,H,-,A,D,0,NA,Y,NA,NA,Y,NA,A,01,0,0,0,0,0,1,0,0,0,-,-,NA,NA,ORANGE,LAGUNA HILLS,-117.69596099853516,33.591590881347656
95041574,2025,2026-02-03,9675,2025-10-05,2332,022052,NA,7,3,6,3026,0,1,1,NA,2,407,INTERSTATE 405 SOUTHBOUND,LAGUNA CANYON ROAD,30,N,N,A,-,Y,ORA,NA,405,NA,NA,2.199,H,NA,L,Y,1,1,0,1,A,-,08,22107,NA,N,E,9,A,A,H,-,C,D,0,NA,NA,NA,NA,Y,NA,A,01,0,0,0,0,0,0,0,0,0,-,-,33.65253829956055,-117.76792907714844,ORANGE,IRVINE,-117.76789855957033,33.65266036987305
9504344,2022,2022-10-24,3004,2022-09-20,1206,P655,17,2,5,6,3004,0,0,0,NA,0,002,BRISTOL ST,NEWPORT BL,0,NA,Y,A,-,N,NA,NA,NA,NA,NA,NA,NA,NA,NA,Y,3,0,2,2,A,-,12,21453,A,N,A,C,A,A,H,-,A,A,0,NA,NA,NA,NA,Y,NA,A,01,0,2,0,0,0,0,0,0,0,-,-,33.6727409362793,-117.88876342773438,ORANGE,COSTA MESA,-117.8887939453125,33.67274475097656
9505169,2022,2023-08-15,3000,2022-09-05,1730,10077,891H6,1,5,5,3050,0,0,0,NA,0,764,LOS ALISOS BL,MUIRLANDS BL,333,W,N,A,-,N,NA,NA,NA,NA,NA,NA,NA,NA,NA,Y,3,0,1,2,A,-,08,22107,NA,F,D,E,A,A,H,-,A,A,0,NA,NA,NA,NA,Y,NA,A,01,0,1,0,0,0,0,0,0,0,-,-,NA,NA,ORANGE,LAKE FOREST,-117.69348907470705,33.616539001464844
95064956,2025,2026-02-20,9675,2025-10-02,2111,021225,NA,4,2,7,3001,0,1,3,NA,2,095,SR-91 EASTBOUND,COAL CANYON ROAD,1890,E,N,A,-,Y,ORA,NA,91,NA,R,18.274,H,NA,R,N,4,0,1,2,A,-,03,22350,NA,M,C,C,A,A,H,-,C,D,0,NA,NA,NA,NA,Y,NA,-,99,0,0,1,0,0,0,0,0,0,-,-,33.86967849731445,-117.68215942382813,ORANGE,ANAHEIM,-117.68209838867188,33.86980056762695
9507122,2022,2022-10-26,3000,2022-09-16,0603,10853,992H3,5,5,5,3017,0,0,0,NA,0,775,AVENIDA PICO,SAN CLEMENTE HIGH SCHOOL,456,W,N,A,-,N,NA,NA,NA,NA,NA,NA,NA,NA,NA,Y,4,0,1,2,A,-,04,21703,NA,N,C,C,A,B,H,-,B,A,0,NA,NA,NA,NA,Y,NA,A,01,0,0,1,0,0,0,0,0,0,-,-,NA,NA,ORANGE,SAN CLEMENTE,-117.6198959350586,33.43998336791992
9510814,2022,2022-12-23,3013,2022-11-15,1441,199,L08,2,5,3,3013,0,0,0,NA,0,003,LOS ALAMITOS BL,HEDWIG RD,0,NA,Y,A,-,N,NA,NA,NA,NA,NA,NA,NA,NA,NA,Y,4,0,2,2,A,-,09,21801,A,N,D,C,A,A,H,-,A,D,0,NA,NA,NA,NA,Y,NA,A,01,0,0,2,0,0,0,0,0,0,-,-,NA,NA,ORANGE,LOS ALAMITOS,-118.0719757080078,33.8001823425293
9512396,2022,2022-11-01,3010,2022-10-11,0037,2103,474,2,5,6,3010,0,0,0,NA,0,002,MAGNOLIA ST,BANNING AV,435,N,N,A,-,N,NA,NA,NA,NA,NA,NA,NA,NA,NA,Y,3,0,1,1,A,-,01,23152,NA,N,A,I,A,A,H,-,C,D,0,NA,NA,NA,NA,Y,Y,A,07,0,1,0,0,0,0,0,0,0,-,-,NA,NA,ORANGE,HUNTINGTON BEACH,-117.97087860107422,33.64455032348633
9515788,2022,2022-12-12,3000,2022-10-20,0718,10853,972E7,4,5,5,3017,0,0,0,NA,0,775,CAMINO DE LOS MARES,MARBELLA,447,W,N,A,-,N,NA,NA,NA,NA,NA,NA,NA,NA,NA,N,3,0,1,1,A,-,08,22107,NA,N,E,I,A,A,H,-,A,A,0,NA,NA,NA,NA,Y,NA,D,22,0,1,0,0,0,0,0,0,0,-,-,NA,NA,ORANGE,SAN CLEMENTE,-117.64828491210938,33.4571418762207
9516224,2022,2022-12-08,3000,2022-10-31,1708,4246,937B6,1,5,5,3017,0,0,0,NA,0,776,CAMINO LA PEDRIZA,AVENIDA VISTA HERMOSA,26,E,N,A,-,N,NA,NA,NA,NA,NA,NA,NA,NA,NA,N,4,0,1,1,A,-,01,23152,A,N,E,I,A,A,H,-,A,A,0,NA,NA,Y,NA,Y,Y,C,02,0,0,1,0,0,0,0,0,1,-,-,NA,NA,ORANGE,SAN CLEMENTE,-117.59285736083984,33.46148681640625
9516382,2022,2022-12-16,3000,2022-11-11,1820,2742,993A4,5,5,5,3017,0,0,0,NA,0,778,AVENIDA PRESIDIO,N LA ESPERANZA,550,E,N,A,-,N,NA,NA,NA,NA,NA,NA,NA,NA,NA,Y,3,0,1,2,A,-,08,22107,NA,N,A,E,A,A,H,-,C,D,0,NA,NA,Y,NA,Y,NA,C,02,0,1,0,0,0,0,0,0,1,-,-,NA,NA,ORANGE,SAN CLEMENTE,-117.61041259765624,33.42696762084961
9516455,2022,2022-12-08,3012,2022-10-17,0814,693,22,1,5,5,3012,0,0,0,NA,0,002,FRANCIS,FONDA,0,NA,Y,A,-,N,NA,NA,NA,NA,NA,NA,NA,NA,NA,N,4,0,1,2,A,-,09,21802,A,N,B,C,A,A,H,-,A,A,0,NA,NA,NA,NA,Y,NA,A,01,0,0,1,0,0,0,0,0,0,-,-,NA,NA,ORANGE,LA HABRA,-117.92916107177734,33.93594741821289
9516459,2022,2022-12-08,3012,2022-10-29,2220,698,44,6,5,5,3012,0,0,0,NA,0,004,S PALM ST,E LAMBERT RD,0,NA,Y,A,-,N,NA,NA,NA,NA,NA,NA,NA,NA,NA,Y,2,0,2,1,A,-,12,21453,A,N,E,I,A,A,H,-,C,A,0,NA,NA,NA,NA,Y,NA,A,01,1,1,0,0,0,0,0,0,0,-,-,NA,NA,ORANGE,LA HABRA,-117.92439270019533,33.924617767333984
9520031,2022,2023-02-09,3002,2022-09-17,1955,2742,739H2,6,5,5,3025,0,0,0,NA,0,017,ROSE DR,LANDMARK AV,0,NA,Y,A,-,N,NA,NA,NA,NA,NA,NA,NA,NA,NA,N,1,1,0,2,A,-,11,21950,B,N,G,B,B,A,H,-,C,D,0,Y,NA,NA,NA,Y,NA,N,60,0,0,0,1,0,0,0,0,0,-,-,NA,NA,ORANGE,YORBA LINDA,-117.84214019775392,33.90288162231445
9520207,2021,2023-01-04,3002,2021-01-18,0412,1672,NA,1,5,4,3002,0,0,0,NA,0,013,LAMBERT RD,BREA BL,21,E,N,A,-,N,NA,NA,NA,NA,NA,NA,NA,NA,NA,Y,1,1,0,2,A,-,11,21456,NA,N,G,B,B,A,H,-,C,A,0,Y,NA,NA,NA,Y,Y,N,60,0,0,0,1,0,0,0,0,0,-,-,33.92462921142578,-117.89572143554688,ORANGE,BREA,-117.89576721191406,33.92488098144531
9521404,2022,2022-11-10,3009,2022-10-02,1825,4503,146,7,5,6,3009,0,0,0,NA,0,023,WESTMINSTER AV,CLINTON ST,20,E,N,A,B,N,NA,NA,NA,NA,NA,NA,NA,NA,NA,N,4,0,3,2,A,-,12,21453,A,N,D,C,A,A,H,-,B,A,0,NA,NA,NA,NA,Y,NA,A,08,0,0,3,0,0,0,0,0,0,-,-,NA,NA,ORANGE,GARDEN GROVE,-117.91147613525392,33.75978088378906
9524428,2022,2023-11-17,3000,2022-09-29,1310,1010,862B7,4,5,5,3050,0,0,0,NA,0,760,LAKE FOREST DR,REGENCY LN,18,W,N,A,-,N,NA,NA,NA,NA,NA,NA,NA,NA,NA,Y,3,0,2,2,A,-,03,22350,NA,N,C,C,A,A,H,-,A,A,0,NA,NA,NA,NA,Y,NA,A,01,0,2,0,0,0,0,0,0,0,-,-,NA,NA,ORANGE,LAKE FOREST,-117.66629028320313,33.66398239135742
9525028,2022,2022-12-07,3000,2022-10-28,1730,2742,972F5,5,5,5,3017,0,0,0,NA,0,778,DEL CABO,TERRAMAR,7,E,N,A,-,N,NA,NA,NA,NA,NA,NA,NA,NA,NA,N,3,0,1,1,A,-,01,23152,G,N,E,I,A,A,H,-,A,D,0,NA,NA,NA,NA,Y,Y,D,22,0,1,0,0,0,0,0,0,0,-,-,NA,NA,ORANGE,SAN CLEMENTE,-117.64007568359376,33.469154357910156
9525042,2022,2022-12-09,3000,2022-10-19,0627,5036,922D1,3,5,5,3028,0,0,0,NA,0,751,JERONIMO RD,MARGUERITE PKWY,141,W,N,A,-,N,NA,NA,NA,NA,NA,NA,NA,NA,NA,N,3,0,1,2,B,-,22,NA,NA,N,D,-,A,A,H,-,B,D,0,NA,Y,NA,NA,Y,NA,L,04,0,1,0,0,0,0,1,0,0,-,-,NA,NA,ORANGE,MISSION VIEJO,-117.65586853027344,33.60722351074219
9526156,2022,2023-02-10,3000,2022-12-20,1308,10077,862B4,2,5,5,3050,0,0,0,NA,0,763,PORTOLA PKWY,VISTA GLEN WY,0,NA,Y,A,-,N,NA,NA,NA,NA,NA,NA,NA,NA,NA,NA,4,0,2,2,A,-,09,21802,A,N,D,C,A,A,H,-,A,A,0,NA,NA,NA,NA,Y,NA,D,22,0,0,2,0,0,0,0,0,0,-,-,NA,NA,ORANGE,LAKE FOREST,-117.66822052001952,33.68449783325195
9526369,2023,2023-02-24,3004,2023-01-23,1134,P669,20,1,5,6,3004,0,0,0,NA,0,008,FAIRVIEW RD,MCCORMACK LN,863,N,N,A,-,N,NA,NA,NA,NA,NA,NA,NA,NA,NA,N,4,0,1,2,A,-,09,21453,C,N,D,C,A,A,H,-,A,A,0,NA,NA,NA,NA,Y,NA,A,01,0,0,1,0,0,0,0,0,0,-,-,33.68724822998047,-117.90762329101563,ORANGE,COSTA MESA,-117.90762329101563,33.68772506713867
9528794,2022,2022-12-21,3004,2022-11-04,1424,P676,04,5,5,6,3004,0,0,0,NA,0,015,TUSTIN AV,CABRILLO ST,26,S,N,A,-,N,NA,NA,NA,NA,NA,NA,NA,NA,NA,Y,3,0,1,3,A,-,03,22350,NA,N,C,C,A,A,H,-,A,D,0,NA,NA,NA,NA,Y,NA,A,07,0,1,0,0,0,0,0,0,0,-,-,33.63199996948242,-117.91100311279295,ORANGE,COSTA MESA,-117.91104125976563,33.6317253112793
9529838,2022,2022-12-16,3004,2022-11-03,0812,P631,35,4,5,6,3004,0,0,0,NA,0,015,VANGUARD WY,BROOKLINE LN,0,NA,Y,A,-,N,NA,NA,NA,NA,NA,NA,NA,NA,NA,N,3,0,1,2,A,-,09,21804,NA,N,H,G,A,A,H,-,A,A,0,NA,Y,NA,NA,Y,NA,A,07,0,1,0,0,0,0,1,0,0,-,-,NA,NA,ORANGE,COSTA MESA,-117.90472412109376,33.65918731689453
9530626,2022,2022-12-13,3009,2022-10-23,1615,3422,22,7,5,6,3009,0,0,0,NA,0,154,HASTER ST,GARDEN GROVE BL,303,N,N,A,-,N,NA,NA,NA,NA,NA,NA,NA,NA,NA,N,4,0,2,3,A,-,01,23152,A,N,C,C,A,A,H,-,A,A,0,NA,NA,NA,NA,Y,Y,A,01,0,0,2,0,0,0,0,0,0,-,-,NA,NA,ORANGE,GARDEN GROVE,-117.90612030029295,33.77534103393555
9530909,2022,2022-12-16,3004,2022-10-27,0225,P620,10,4,5,6,3004,0,0,0,NA,0,015,PACIFIC AV,VICTORIA PL,90,N,N,A,-,N,NA,NA,NA,NA,NA,NA,NA,NA,NA,Y,2,0,1,3,A,-,01,23152,A,N,E,E,A,A,H,-,C,D,0,NA,NA,NA,NA,Y,Y,A,07,1,0,0,0,0,0,0,0,0,-,-,33.6527099609375,-117.94766998291016,ORANGE,COSTA MESA,-117.94720458984376,33.652591705322266
9531765,2022,2022-11-10,3000,2022-10-18,1620,3950,992J4,2,5,5,3017,0,0,0,NA,0,777,AVENIDA DE LA ESTRELLA,E AVENIDA PALIZADA,20,N,N,A,-,N,NA,NA,NA,NA,NA,NA,NA,NA,NA,N,4,0,1,2,D,-,00,NA,NA,N,C,C,A,A,H,-,A,D,0,NA,NA,NA,NA,Y,NA,-,-,0,0,1,0,0,0,0,0,0,-,-,NA,NA,ORANGE,SAN CLEMENTE,-117.61533355712892,33.430328369140625
9531884,2022,2022-11-09,3000,2022-09-24,0558,10495,921H1,6,5,4,3045,0,0,0,NA,0,145,ALICIA PKWY,HON AV,19,W,N,A,-,N,NA,NA,NA,NA,NA,NA,NA,NA,NA,Y,3,0,1,1,A,-,08,22107,NA,N,E,I,A,A,H,-,B,A,0,NA,NA,NA,NA,Y,Y,A,01,0,1,0,0,0,0,0,0,0,-,-,NA,NA,ORANGE,LAGUNA HILLS,-117.69133758544922,33.601898193359375
9531940,2022,2022-12-20,3004,2022-11-04,1600,P677,12,5,5,6,3004,0,0,0,NA,0,015,MONTE VISTA AV,ELDEN AV,138,E,N,A,-,N,NA,NA,NA,NA,NA,NA,NA,NA,NA,Y,3,0,1,2,A,-,01,23152,F,N,A,C,A,A,H,-,A,D,0,NA,NA,NA,NA,Y,NA,A,01,0,1,0,0,0,0,0,0,0,-,-,33.65850067138672,-117.89779663085938,ORANGE,COSTA MESA,-117.89784240722656,33.65865707397461
9532078,2022,2022-11-17,3004,2022-10-31,0940,P669,35,1,5,6,3004,0,0,0,NA,0,015,WILSON ST,FAIRVIEW RD,151,E,N,A,-,N,NA,NA,NA,NA,NA,NA,NA,NA,NA,Y,4,0,1,2,A,-,09,21804,A,N,D,C,A,A,H,-,A,D,0,NA,NA,NA,NA,Y,NA,A,07,0,0,1,0,0,0,0,0,0,-,-,33.65623092651367,-117.90711975097656,ORANGE,COSTA MESA,-117.90718841552734,33.65629959106445
9532142,2022,2022-11-16,3004,2022-11-02,1030,P676,28,3,5,6,3004,0,0,0,NA,0,014,RED HILL AV,KALMUS DR,0,NA,Y,A,-,N,NA,NA,NA,NA,NA,NA,NA,NA,NA,Y,3,0,2,3,A,-,12,21453,A,N,D,C,A,A,H,-,A,A,0,NA,NA,NA,NA,Y,NA,A,01,0,2,0,0,0,0,0,0,0,-,-,33.672000885009766,-117.87899780273438,ORANGE,COSTA MESA,-117.87863159179688,33.672203063964844
9534450,2023,2023-02-08,3004,2023-01-15,1128,P669,11,7,5,6,3004,0,0,0,NA,0,015,22ND ST,SB NEWPORT BL,22,E,N,B,-,N,NA,NA,NA,NA,NA,NA,NA,NA,NA,N,4,0,2,2,A,-,03,22350,NA,N,C,C,A,B,H,-,A,A,0,NA,NA,NA,NA,Y,NA,A,07,0,0,2,0,0,0,0,0,0,-,-,33.652130126953125,-117.90868377685548,ORANGE,COSTA MESA,-117.90814971923828,33.65158462524414
9537099,2022,2022-12-22,3009,2022-11-18,1530,4021,076,5,5,6,3009,0,0,0,NA,0,013,TRASK AV,MAGNOLIA ST,85,W,N,A,-,N,NA,NA,NA,NA,NA,NA,NA,NA,NA,N,3,0,1,2,A,-,09,21804,A,N,D,J,A,B,H,-,A,A,0,NA,NA,NA,NA,Y,NA,A,01,0,1,0,0,0,0,0,0,0,-,-,NA,NA,ORANGE,GARDEN GROVE,-117.97280120849608,33.76668930053711
9537104,2022,2022-12-22,3009,2022-11-16,1734,3486,097,3,5,6,3009,0,0,0,NA,0,013,WESTMINSTER AV,BROOKHURST ST,709,W,N,A,-,N,NA,NA,NA,NA,NA,NA,NA,NA,NA,N,4,0,1,2,A,-,09,21801,A,N,D,C,A,A,H,-,A,A,0,NA,NA,NA,NA,Y,NA,A,01,0,0,1,0,0,0,0,0,0,-,-,NA,NA,ORANGE,GARDEN GROVE,-117.95736694335938,33.75947952270508
9537480,2022,2023-01-10,3005,2022-11-26,1036,8352,C27,6,5,4,3005,0,0,0,NA,0,003,MYRA AV,SAINT ALBAN ST,150,W,N,A,-,N,NA,NA,NA,NA,NA,NA,NA,NA,NA,N,4,0,1,2,A,-,21,22106,NA,N,D,C,A,A,H,-,A,D,0,NA,NA,NA,NA,Y,NA,A,01,0,0,1,0,0,0,0,0,0,-,-,NA,NA,ORANGE,CYPRESS,-118.03882598876952,33.8149528503418
9537719,2022,2023-02-02,3009,2022-12-19,1709,43521,36,1,5,6,3009,0,0,0,NA,0,023,HARBOR BL,CARDINAL,0,NA,Y,A,-,N,NA,NA,NA,NA,NA,NA,NA,NA,NA,N,4,0,1,2,A,-,10,21950,A,N,D,G,A,A,H,-,C,A,0,NA,Y,NA,NA,Y,NA,D,22,0,0,1,0,0,0,1,0,0,-,-,NA,NA,ORANGE,GARDEN GROVE,-117.92041778564452,33.765499114990234
9538251,2022,2023-01-18,3009,2022-12-14,1802,4669,065,3,5,6,3009,0,0,0,NA,0,011,GARDEN GROVE BL,NEWLAND ST,0,NA,Y,A,-,N,NA,NA,NA,NA,NA,NA,NA,NA,NA,Y,4,0,2,2,D,-,00,NA,NA,N,A,C,A,A,H,-,C,A,0,NA,NA,NA,NA,Y,NA,-,-,0,0,2,0,0,0,0,0,0,-,-,33.77394104003906,-117.98198699951172,ORANGE,GARDEN GROVE,-117.981201171875,33.77394104003906
9538261,2022,2023-01-13,3004,2022-12-12,1341,P631,02,1,5,6,3004,0,0,0,NA,0,003,HARBOR BL,WEST 19TH ST,365,S,N,B,-,N,NA,NA,NA,NA,NA,NA,NA,NA,NA,Y,3,0,1,2,A,-,09,21802,A,N,D,C,A,A,H,-,A,A,0,NA,NA,NA,NA,Y,NA,A,07,0,1,0,0,0,0,0,0,0,-,-,33.64228820800781,-117.91905975341795,ORANGE,COSTA MESA,-117.91895294189452,33.642337799072266
9538656,2022,2023-01-10,3003,2022-07-28,2220,1266,NA,4,5,5,3003,0,0,0,NA,0,NA,ORANGETHORPE AV,KNOTT AV,49,E,N,A,-,N,NA,NA,NA,NA,NA,NA,NA,NA,NA,N,4,0,1,3,A,-,21,22106,NA,F,C,B,A,A,D,-,C,A,0,NA,NA,NA,NA,Y,NA,A,01,0,0,1,0,0,0,0,0,0,-,-,33.859031677246094,-118.0109405517578,ORANGE,BUENA PARK,-118.01113128662108,33.858909606933594
9539601,2022,2023-01-20,3000,2022-03-05,0855,5013,951E6,6,5,5,3040,0,0,0,NA,0,741,CLUB HOUSE DR,PACIFIC ISLAND DR,0,NA,Y,B,-,N,NA,NA,NA,NA,NA,NA,NA,NA,NA,N,4,0,1,2,A,-,09,21802,A,N,H,G,A,A,H,-,A,A,0,NA,Y,NA,NA,Y,NA,A,01,0,0,1,0,0,0,1,0,0,-,-,NA,NA,ORANGE,LAGUNA NIGUEL,-117.72409057617188,33.520751953125
9539865,2022,2023-02-02,3003,2022-12-02,0853,1268,NA,5,5,5,3003,0,0,0,NA,0,NA,WESTERN AV,EL CERRO DR,88,N,N,A,-,N,NA,NA,NA,NA,NA,NA,NA,NA,NA,Y,3,0,1,1,A,-,08,22107,NA,N,E,I,A,A,H,-,A,D,0,NA,NA,NA,NA,Y,NA,A,01,0,1,0,0,0,0,0,0,0,-,-,33.85567092895508,-118.00234985351563,ORANGE,BUENA PARK,-118.00244140625,33.8555793762207
9539896,2022,2023-02-03,3000,2022-12-29,2249,10477,862B4,4,5,5,3050,0,0,0,NA,0,664,TOWNE CENTRE DR,MARKET PL,0,NA,Y,A,-,N,NA,NA,NA,NA,NA,NA,NA,NA,NA,Y,4,0,1,2,A,-,17,21457,B,N,D,C,A,A,H,-,C,A,0,NA,NA,NA,NA,Y,NA,A,01,0,0,1,0,0,0,0,0,0,-,-,NA,NA,ORANGE,LAKE FOREST,-117.66712951660156,33.679378509521484
9541191,2022,2023-01-20,3012,2022-10-27,1415,644,41,4,5,5,3012,0,0,0,NA,0,004,LAMBERT RD,EUCLID ST,325,E,N,A,-,N,NA,NA,NA,NA,NA,NA,NA,NA,NA,Y,4,0,1,1,A,-,08,22107,NA,N,E,I,A,A,H,-,A,D,0,NA,NA,NA,NA,Y,NA,A,01,0,0,1,0,0,0,0,0,0,-,-,NA,NA,ORANGE,LA HABRA,-117.94503784179688,33.92462158203125
9542964,2022,2023-01-18,3000,2022-11-19,0005,2742,973A6,6,5,5,3017,0,0,0,NA,0,778,AVENIDA LA PATA,AVENIDA VISTA HERMOSA,0,NA,Y,A,-,N,NA,NA,NA,NA,NA,NA,NA,NA,NA,Y,4,0,1,2,D,-,00,NA,NA,N,D,C,A,A,H,-,C,A,0,NA,NA,NA,NA,Y,NA,-,-,0,0,1,0,0,0,0,0,0,-,-,NA,NA,ORANGE,SAN CLEMENTE,-117.60476684570313,33.46391677856445
9547393,2022,2023-02-28,3006,2022-12-16,1704,331,9,5,5,3,3006,0,0,0,NA,0,001,WALKER ST,PARAGUAY DR,170,S,N,A,-,N,NA,NA,NA,NA,NA,NA,NA,NA,NA,Y,4,0,3,3,A,-,03,22350,NA,N,C,C,A,A,H,-,C,D,0,NA,NA,NA,NA,Y,NA,A,07,0,0,3,0,0,0,0,0,0,-,-,NA,NA,ORANGE,LA PALMA,-118.03739166259766,33.85282516479492
9548238,2023,2023-04-06,3004,2023-02-17,1316,P676,15,5,5,6,3004,0,0,0,NA,0,004,HARBOR BL,MESA VERDE DR EAST,0,NA,N,A,-,N,NA,NA,NA,NA,NA,NA,NA,NA,NA,Y,3,0,1,2,A,-,12,21453,A,N,D,C,A,A,H,-,A,A,0,NA,NA,NA,NA,Y,NA,A,01,0,1,0,0,0,0,0,0,0,-,-,33.66999816894531,-117.91899871826172,ORANGE,COSTA MESA,-117.91933441162108,33.670440673828125
9548513,2023,2023-02-24,3004,2023-01-20,1521,P677,03,5,5,6,3004,0,0,0,NA,0,001,NEWPORT BL,INDUSTRIAL WY,15,N,N,A,-,Y,ORA,12,55,-,-,1.02,H,-,N,N,3,0,1,2,A,-,03,22350,NA,N,C,C,A,A,H,-,A,D,0,NA,NA,NA,NA,Y,NA,A,01,0,1,0,0,0,0,0,0,0,-,-,33.631099700927734,-117.92459869384766,ORANGE,COSTA MESA,-117.9248504638672,33.63105773925781
9548731,2023,2023-03-09,3009,2023-01-28,0,4787,134,6,5,6,3009,0,0,0,NA,0,021,NEWHOPE ST,GARDEN GROVE BL,245,S,N,A,-,N,NA,NA,NA,NA,NA,NA,NA,NA,NA,N,4,0,1,2,A,-,03,22350,NA,N,C,G,A,A,H,-,C,D,0,NA,Y,NA,NA,Y,NA,A,01,0,0,1,0,0,0,1,0,0,-,-,NA,NA,ORANGE,GARDEN GROVE,-117.92913055419922,33.773719787597656