CASE_ID,ACCIDENT_YEAR,PROC_DATE,JURIS,COLLISION_DATE,COLLISION_TIME,OFFICER_ID,REPORTING_DISTRICT,DAY_OF_WEEK,CHP_SHIFT,POPULATION,CNTY_CITY_LOC,SPECIAL_COND,BEAT_TYPE,CHP_BEAT_TYPE,CITY_DIVISION_LAPD,CHP_BEAT_CLASS,BEAT_NUMBER,PRIMARY_RD,SECONDARY_RD,DISTANCE,DIRECTION,INTERSECTION,WEATHER_1,WEATHER_2,STATE_HWY_IND,CALTRANS_COUNTY,CALTRANS_DISTRICT,STATE_ROUTE,ROUTE_SUFFIX,POSTMILE_PREFIX,POSTMILE,LOCATION_TYPE,RAMP_INTERSECTION,SIDE_OF_HWY,TOW_AWAY,COLLISION_SEVERITY,NUMBER_KILLED,NUMBER_INJURED,PARTY_COUNT,PRIMARY_COLL_FACTOR,PCF_CODE_OF_VIOL,PCF_VIOL_CATEGORY,PCF_VIOLATION,PCF_VIOL_SUBSECTION,HIT_AND_RUN,TYPE_OF_COLLISION,MVIW,PED_ACTION,ROAD_SURFACE,ROAD_COND_1,ROAD_COND_2,LIGHTING,CONTROL_DEVICE,CHP_ROAD_TYPE,PEDESTRIAN_ACCIDENT,BICYCLE_ACCIDENT,MOTORCYCLE_ACCIDENT,TRUCK_ACCIDENT,NOT_PRIVATE_PROPERTY,ALCOHOL_INVOLVED,STWD_VEHTYPE_AT_FAULT,CHP_VEHTYPE_AT_FAULT,COUNT_SEVERE_INJ,COUNT_VISIBLE_INJ,COUNT_COMPLAINT_PAIN,COUNT_PED_KILLED,COUNT_PED_INJURED,COUNT_BICYCLIST_KILLED,COUNT_BICYCLIST_INJURED,COUNT_MC_KILLED,COUNT_MC_INJURED,PRIMARY_RAMP,SECONDARY_RAMP,LATITUDE,LONGITUDE,COUNTY,CITY,POINT_X,POINT_Y
7098819,2015,2015-10-30,3026,2015-09-29,1338,6352,NA,2,5,6,3026,0,0,0,NA,0,00P,ALTON PKWY,TECHNOLOGY WEST,75,W,N,A,-,N,NA,NA,NA,NA,NA,NA,NA,NA,NA,N,4,0,1,3,A,-,04,21703,NA,N,C,C,A,A,H,-,A,A,0,NA,NA,NA,NA,Y,NA,A,07,0,0,1,0,0,0,0,0,0,-,-,NA,NA,ORANGE,IRVINE,-117.73979357,33.65543412
7099464,2015,2017-01-17,3001,2015-10-08,2110,1373,NA,4,5,7,3001,0,0,0,NA,0,0D4,NORTH WEIR CANYON RD,RT 91,38,N,N,A,-,Y,ORA,12,91,-,-,14.682,R,4,W,Y,4,0,1,2,A,-,03,22350,NA,N,C,C,A,A,H,-,C,A,0,NA,NA,NA,NA,Y,NA,A,01,0,0,1,0,0,0,0,0,0,-,WF,NA,NA,ORANGE,ANAHEIM,-117.74737472,33.87026938
7099712,2015,2016-07-26,3000,2015-09-12,2115,2563,972C1,6,5,4,3018,0,0,0,NA,0,433,ORTEGA HWY,DEL OBISPO ST,0,NA,Y,A,-,N,NA,NA,NA,NA,NA,NA,NA,NA,NA,Y,3,0,2,2,D,-,00,NA,NA,N,D,C,A,A,H,-,C,A,0,NA,NA,NA,NA,Y,NA,-,-,0,1,1,0,0,0,0,0,0,-,-,NA,NA,ORANGE,SAN JUAN CAPISTRANO,-117.65992005,33.50153006
7102119,2015,2015-10-27,3001,2015-10-12,1226,A1068,D4,1,5,7,3001,0,0,0,NA,0,042,LA PALMA AV,TUSTIN AV,0,NA,Y,A,-,N,NA,NA,NA,NA,NA,NA,NA,NA,NA,N,4,0,2,2,A,-,03,22350,NA,N,C,C,A,A,H,-,A,A,0,NA,NA,NA,NA,Y,NA,D,22,0,0,2,0,0,0,0,0,0,-,-,NA,NA,ORANGE,ANAHEIM,-117.83741005,33.85559007
7102393,2015,2015-10-26,3001,2015-10-14,0746,A2217,NA,3,5,7,3001,0,0,0,NA,0,0D3,SOUTH EUCLID ST,CERRITOS AV,11,S,N,A,-,N,NA,NA,NA,NA,NA,NA,NA,NA,NA,N,4,0,1,2,A,-,10,21950,A,N,G,B,B,A,H,-,A,A,0,Y,NA,NA,NA,Y,NA,A,07,0,0,1,0,1,0,0,0,0,-,-,NA,NA,ORANGE,ANAHEIM,-117.94145077,33.81053985
7102484,2015,2015-10-30,3019,2015-10-05,1452,3150,NE,1,5,7,3019,0,0,0,NA,0,002,GRAND AV,15TH ST,5,S,N,A,-,N,NA,NA,NA,NA,NA,NA,NA,NA,NA,Y,2,0,2,2,A,-,08,22100,B,N,D,C,A,A,H,-,A,D,0,NA,NA,Y,NA,Y,NA,D,22,1,1,0,0,0,0,0,0,2,-,-,33.75775,-117.85194,ORANGE,SANTA ANA,-117.85192,33.75782629
7102821,2015,2015-10-29,3019,2015-09-29,0715,024,SE,2,5,7,3019,0,0,0,NA,0,187,MCFADDEN AV,STANDARD AV,0,NA,Y,A,-,N,NA,NA,NA,NA,NA,NA,NA,NA,NA,N,3,0,1,2,A,-,08,22107,NA,F,G,B,F,A,H,-,A,A,0,Y,NA,NA,Y,Y,NA,F,26,0,1,0,0,1,0,0,0,0,-,-,NA,NA,ORANGE,SANTA ANA,-117.85641011,33.73362007
7102886,2015,2015-10-30,3004,2015-09-30,0621,P604,7,3,5,6,3004,0,0,0,NA,0,015,E 19TH ST,ORANGE AV,0,NA,Y,A,-,N,NA,NA,NA,NA,NA,NA,NA,NA,NA,N,3,0,1,2,A,-,10,21950,NA,N,G,B,B,A,H,-,A,D,0,Y,NA,NA,NA,Y,NA,A,01,0,1,0,0,1,0,0,0,0,-,-,33.64068,-117.9129,ORANGE,COSTA MESA,-117.91314004,33.64099007
7103775,2015,2015-12-02,3010,2015-10-26,0749,1145,148,1,5,6,3010,0,0,0,NA,0,009,EDWARDS,CLARE,0,S,N,A,-,N,NA,NA,NA,NA,NA,NA,NA,NA,NA,Y,4,0,1,2,A,-,04,21703,NA,N,C,C,A,A,H,-,A,D,0,NA,NA,NA,NA,Y,NA,A,01,0,0,1,0,0,0,0,0,0,-,-,NA,NA,ORANGE,HUNTINGTON BEACH,-118.01555003,33.7318501
7104115,2015,2015-11-12,3000,2015-09-08,2215,5384,892A6,2,5,5,3028,0,0,0,NA,0,456,ALICIA PKWY,JERONIMO RD,678,E,N,A,-,N,NA,NA,NA,NA,NA,NA,NA,NA,NA,Y,3,0,3,2,A,-,09,21804,A,N,D,C,A,A,H,-,C,A,0,NA,NA,NA,NA,Y,NA,A,01,0,1,2,0,0,0,0,0,0,-,-,NA,NA,ORANGE,MISSION VIEJO,-117.67665386,33.61634266
7104201,2015,2015-11-12,3019,2015-10-15,1723,2875,SC,4,5,7,3019,0,0,0,NA,0,004,EDINGER AV,DIAMOND ST,0,NA,Y,A,-,N,NA,NA,NA,NA,NA,NA,NA,NA,NA,N,4,0,1,3,A,-,09,21801,A,N,D,C,A,A,H,-,A,A,0,NA,NA,NA,NA,Y,NA,A,07,0,0,1,0,0,0,0,0,0,-,-,33.72711,-117.89914,ORANGE,SANTA ANA,-117.8991001,33.72723004
7104851,2015,2015-10-27,3010,2015-10-13,0756,1155,329,2,5,6,3010,0,0,0,NA,0,004,GARFIELD,EDWARDS,18,E,N,A,-,N,NA,NA,NA,NA,NA,NA,NA,NA,NA,N,3,0,1,2,A,-,10,21950,A,N,G,B,B,A,H,-,A,A,0,Y,NA,NA,NA,Y,NA,A,01,0,1,0,0,1,0,0,0,0,-,-,NA,NA,ORANGE,HUNTINGTON BEACH,-118.01481097,33.68652062
7105522,2015,2015-10-30,3004,2015-10-01,1853,P603,09,4,5,6,3004,0,0,0,NA,0,015,HAMILTON ST,POMONA AV,0,NA,Y,A,-,N,NA,NA,NA,NA,NA,NA,NA,NA,NA,N,3,0,1,2,A,-,09,21801,A,N,D,C,A,A,H,-,B,D,0,NA,Y,NA,NA,Y,NA,-,NA,0,1,0,0,0,0,1,0,0,-,-,33.65132,-117.92736,ORANGE,COSTA MESA,-117.92776005,33.65066006
7106208,2015,2015-11-04,3016,2015-10-16,1844,1254,26,5,5,5,3016,0,0,0,NA,0,002,ORANGETHORPE AV,COMMUNITY DR,220,W,N,B,-,N,NA,NA,NA,NA,NA,NA,NA,NA,NA,Y,4,0,2,2,A,-,07,21658,A,N,B,C,A,A,H,-,C,D,0,NA,NA,NA,NA,Y,NA,A,01,0,0,2,0,0,0,0,0,0,-,-,NA,NA,ORANGE,PLACENTIA,-117.86717653,33.86383842
7106216,2015,2015-11-04,3016,2015-10-10,0912,1153,13,6,5,5,3016,0,0,0,NA,0,001,VALENCIA AV,BASTANCHURY RD,24,S,N,A,-,N,NA,NA,NA,NA,NA,NA,NA,NA,NA,N,3,0,1,2,A,-,11,21954,A,N,G,B,D,A,G,-,A,D,0,Y,NA,NA,NA,Y,NA,N,60,0,1,0,0,1,0,0,0,0,-,-,NA,NA,ORANGE,PLACENTIA,-117.85493817,33.89657423
7106220,2015,2015-11-04,3016,2015-10-09,1821,1176,34,5,5,5,3016,0,0,0,NA,0,001,YORBA LINDA BL,ROSE DR,315,E,N,A,-,N,NA,NA,NA,NA,NA,NA,NA,NA,NA,Y,3,0,1,2,A,-,09,21804,A,N,D,C,A,A,H,-,A,D,0,NA,NA,Y,NA,Y,NA,A,01,0,1,0,0,0,0,0,0,1,-,-,NA,NA,ORANGE,PLACENTIA,-117.84075473,33.88828701
7106963,2015,2015-11-02,3024,2015-09-28,0833,189,P-21,1,5,5,3024,0,0,0,NA,0,EAST,HAZARD AV,MAGNOLIA ST,300,E,N,A,-,N,NA,NA,NA,NA,NA,NA,NA,NA,NA,N,4,0,1,2,A,-,03,22350,NA,M,C,C,A,A,H,-,A,A,0,NA,NA,NA,NA,Y,NA,A,07,0,0,1,0,0,0,0,0,0,-,-,NA,NA,ORANGE,WESTMINSTER,-117.97135542,33.75216159
7107129,2015,2015-10-29,3008,2015-10-06,1458,1407,NA,2,5,6,3008,0,0,0,NA,0,NA,ORANGETHORPE AV,PECKHAM ST,0,NA,Y,A,-,N,NA,NA,NA,NA,NA,NA,NA,NA,NA,Y,3,0,1,2,A,-,09,21802,A,N,D,C,A,A,H,-,A,D,0,NA,NA,NA,NA,Y,NA,A,01,0,1,0,0,0,0,0,0,0,-,-,NA,NA,ORANGE,FULLERTON,-117.97073011,33.85914002
7108244,2015,2015-11-04,3000,2015-09-18,0740,5013,891H3,5,5,5,3050,0,0,0,NA,0,903,LAKE FOREST DR,SHADYVALE LN,40,W,N,A,-,N,NA,NA,NA,NA,NA,NA,NA,NA,NA,Y,4,0,2,3,A,-,01,23152,E,N,C,C,A,A,H,-,A,A,0,NA,NA,NA,NA,Y,NA,A,01,0,0,2,0,0,0,0,0,0,-,-,NA,NA,ORANGE,LAKE FOREST,-117.69534476,33.64267637
7109134,2015,2015-11-03,3003,2015-08-28,2159,1118,NA,5,5,5,3003,0,0,0,NA,0,004,ORANGETHORPE,MCNEIL WY,400,W,N,A,-,N,NA,NA,NA,NA,NA,NA,NA,NA,NA,Y,4,0,2,2,A,-,09,21804,A,N,B,C,A,A,H,-,C,D,0,NA,NA,NA,NA,Y,NA,A,01,0,0,2,0,0,0,0,0,0,-,-,33.8588,-118.0081,ORANGE,BUENA PARK,-118.00820455,33.8589313
7109916,2015,2015-11-20,3003,2015-10-28,1635,665,23,3,5,5,3003,0,0,0,NA,0,008,ARTESIA BL,KNOTT AV,260,W,N,A,-,N,NA,NA,NA,NA,NA,NA,NA,NA,NA,Y,4,0,1,2,A,-,08,22107,NA,N,C,C,A,A,H,-,A,A,0,NA,NA,Y,NA,Y,NA,C,02,0,0,1,0,0,0,0,0,1,-,-,33.5949,-118.53,ORANGE,BUENA PARK,-118.01223433,33.87344
7110065,2015,2015-11-16,3004,2015-10-23,1350,P429,09,5,5,6,3004,0,0,0,NA,0,007,WEST 19TH ST,WALLACE AV,0,NA,Y,A,-,N,NA,NA,NA,NA,NA,NA,NA,NA,NA,N,4,0,1,2,A,-,05,21650,1,N,D,G,A,A,H,-,A,D,0,NA,Y,NA,NA,Y,NA,L,04,0,0,1,0,0,0,1,0,0,-,-,33.3836,-117.5547,ORANGE,COSTA MESA,-117.92983003,33.64338008
7110479,2015,2015-11-17,3000,2015-10-10,1915,2563,972C1,6,5,4,3018,0,0,0,NA,0,433,DEL OBISPO ST,FORSTER LN,341,N,N,A,-,N,NA,NA,NA,NA,NA,NA,NA,NA,NA,Y,2,0,1,2,A,-,01,23152,A,N,B,B,E,A,H,-,C,D,0,Y,NA,NA,NA,Y,Y,A,01,1,0,0,0,1,0,0,0,0,-,-,NA,NA,ORANGE,SAN JUAN CAPISTRANO,-117.65990305,33.49988399
7111614,2015,2015-11-30,3001,2015-11-10,0512,A0989,NA,2,5,7,3001,0,0,0,NA,0,0D4,NORTH KRAEMER BL,E LA JOLLA ST,0,NA,Y,A,-,N,NA,NA,NA,NA,NA,NA,NA,NA,NA,Y,4,0,1,2,A,-,09,21801,A,N,D,C,A,A,H,-,B,A,0,NA,NA,NA,NA,Y,NA,A,01,0,0,1,0,0,0,0,0,0,-,-,NA,NA,ORANGE,ANAHEIM,-117.86109006,33.86154001
7112550,2015,2017-01-28,3012,2015-10-14,0348,501,NA,3,5,5,3012,0,0,0,NA,0,0SE,IMPERIAL HWY,EUCLID ST,15,W,N,A,-,Y,ORA,12,90,-,-,1.75,H,-,E,Y,4,0,1,2,A,-,03,22350,A,N,C,C,A,A,H,-,B,A,0,NA,NA,NA,NA,Y,NA,-,NA,0,0,1,0,0,0,0,0,0,-,-,NA,NA,ORANGE,LA HABRA,-117.94629557,33.91727162
7113794,2015,2015-11-13,3014,2015-10-09,2359,1469,RD31,5,5,5,3014,0,0,0,NA,0,0A3,IRVINE AV,HEATHER LN,27,N,N,A,-,N,NA,NA,NA,NA,NA,NA,NA,NA,NA,Y,3,0,1,1,A,-,01,23152,A,N,E,I,A,A,H,-,C,D,0,NA,NA,NA,NA,Y,Y,A,01,0,1,0,0,0,0,0,0,0,-,-,33.385,-117.533,ORANGE,NEWPORT BEACH,-117.89300454,33.64646768
7114174,2015,2015-11-18,3016,2015-10-28,1624,1153,32,3,5,5,3016,0,0,0,NA,0,001,PALM DR,HOLT DR,0,NA,Y,A,-,N,NA,NA,NA,NA,NA,NA,NA,NA,NA,Y,3,0,4,2,A,-,09,21801,A,N,D,C,A,A,H,-,A,D,0,NA,NA,NA,NA,Y,NA,A,01,0,2,2,0,0,0,0,0,0,-,-,NA,NA,ORANGE,PLACENTIA,-117.84982013,33.88416006
7114242,2015,2015-11-17,3001,2015-11-03,1810,0845,NA,2,5,7,3001,0,0,0,NA,0,0D4,N JEFFERSON ST,EAST ORANGETHORPE AV,950,S,N,B,-,N,NA,NA,NA,NA,NA,NA,NA,NA,NA,Y,4,0,1,1,A,-,03,22350,NA,N,E,I,A,A,H,-,C,D,0,NA,NA,NA,NA,Y,NA,A,08,0,0,1,0,0,0,0,0,0,-,-,NA,NA,ORANGE,ANAHEIM,-117.83708682,33.86557603
7114306,2015,2015-11-16,3016,2015-11-04,0757,1153,41,3,5,5,3016,0,0,0,NA,0,002,RICHFIELD RD,ORANGETHORPE AV,204,N,N,A,-,N,NA,NA,NA,NA,NA,NA,NA,NA,NA,Y,2,0,1,2,A,-,09,21801,A,N,A,C,A,A,H,-,A,D,0,NA,NA,Y,NA,Y,NA,A,07,1,0,0,0,0,0,0,0,1,-,-,NA,NA,ORANGE,PLACENTIA,-117.82599658,33.86815919
7114478,2015,2015-11-06,3015,2015-10-16,1522,1522,16W,5,5,6,3015,0,0,0,NA,0,211,EAST WALNUT AV,NORTH SHAFFER ST,0,NA,Y,B,-,N,NA,NA,NA,NA,NA,NA,NA,NA,NA,N,4,0,1,2,A,-,11,21950,B,N,G,B,B,A,H,-,A,D,0,Y,NA,NA,NA,Y,NA,N,60,0,0,1,0,1,0,0,0,0,-,-,NA,NA,ORANGE,ORANGE,-117.84872,33.79509007
7114593,2015,2015-11-10,3001,2015-10-28,1531,A2242,NA,3,5,7,3001,0,0,0,NA,0,0D2,EAST BALL RD,SOUTH STATE COLLEGE BL,75,E,N,A,-,N,NA,NA,NA,NA,NA,NA,NA,NA,NA,N,4,0,3,3,A,-,03,22350,NA,N,C,C,A,A,H,-,A,A,0,NA,NA,NA,NA,Y,NA,A,08,0,0,3,0,0,0,0,0,0,-,-,NA,NA,ORANGE,ANAHEIM,-117.88914367,33.81809066
7114705,2015,2015-11-09,3008,2015-10-27,1218,1117,NA,2,5,6,3008,0,0,0,NA,0,0Z2,BASTANCHURY RD,FAIRWAY ISLES,400,W,N,B,-,N,NA,NA,NA,NA,NA,NA,NA,NA,NA,Y,4,0,1,1,A,-,08,22107,NA,N,E,I,A,A,H,-,A,D,0,NA,NA,NA,NA,Y,NA,A,01,0,0,1,0,0,0,0,0,0,-,-,NA,NA,ORANGE,FULLERTON,-117.92235436,33.89896056
7115075,2015,2015-11-18,3026,2015-10-29,1740,7094,NA,4,5,6,3026,0,0,0,NA,0,00P,ROCKFIELD BL,REVSON,0,NA,Y,A,-,N,NA,NA,NA,NA,NA,NA,NA,NA,NA,Y,4,0,1,2,A,-,09,21801,A,N,D,C,A,A,H,-,A,A,0,NA,NA,NA,NA,Y,NA,A,07,0,0,1,0,0,0,0,0,0,-,-,NA,NA,ORANGE,IRVINE,-117.71908006,33.63162007
7116241,2015,2015-11-24,3009,2015-11-01,1158,1610,3009,7,5,6,3009,0,0,0,NA,0,021,EUCLID ST,ACACIA PKWY,0,NA,Y,A,-,N,NA,NA,NA,NA,NA,NA,NA,NA,NA,Y,4,0,1,2,A,-,03,22350,NA,M,C,C,A,A,H,-,A,A,0,NA,NA,NA,NA,Y,NA,A,07,0,0,1,0,0,0,0,0,0,-,-,NA,NA,ORANGE,GARDEN GROVE,-117.93804002,33.7760701
7116285,2015,2015-11-24,3009,2015-11-04,0658,3739,107,3,5,6,3009,0,0,0,NA,0,013,HAZARD AV,LYNDON ST,25,E,N,A,-,N,NA,NA,NA,NA,NA,NA,NA,NA,NA,N,4,0,2,2,A,-,05,21650,NA,N,A,C,A,A,H,-,A,A,0,NA,NA,NA,NA,Y,NA,A,01,0,0,2,0,0,0,0,0,0,-,-,NA,NA,ORANGE,GARDEN GROVE,-117.95351795,33.75226
7119347,2015,2015-11-19,3008,2015-11-04,2120,1429,NA,3,5,6,3008,0,0,0,NA,0,0Z3,STATE COLLEGE BL,BASTANCHURY AV,0,NA,Y,A,-,N,NA,NA,NA,NA,NA,NA,NA,NA,NA,Y,3,0,3,3,A,-,12,21453,A,N,A,C,A,A,H,-,C,A,0,NA,NA,NA,NA,Y,NA,A,01,0,1,2,0,0,0,0,0,0,-,-,NA,NA,ORANGE,FULLERTON,-117.8917601,33.89780011
7119485,2015,2015-12-01,3010,2015-11-12,1002,2057,261,4,5,6,3010,0,0,0,NA,0,007,GOLDENWEST,HEIL,0,NA,Y,A,-,N,NA,NA,NA,NA,NA,NA,NA,NA,NA,N,4,0,1,2,A,-,05,21650,1,N,G,B,A,A,H,-,A,A,0,NA,Y,NA,NA,Y,NA,L,04,0,0,1,0,0,0,1,0,0,-,-,NA,NA,ORANGE,HUNTINGTON BEACH,-118.00667007,33.72281003
7119823,2015,2016-02-06,3024,2015-11-05,1501,313,P26,4,5,5,3024,0,0,0,NA,0,EAST,MAGNOLIA AV,BOLSA AV,14,N,N,A,-,N,NA,NA,NA,NA,NA,NA,NA,NA,NA,Y,4,0,1,3,A,-,12,21453,A,F,D,C,A,A,H,-,A,A,0,NA,NA,NA,NA,Y,NA,A,01,0,0,1,0,0,0,0,0,0,-,-,NA,NA,ORANGE,WESTMINSTER,-117.97226,33.74486838
7119846,2015,2015-11-19,3010,2015-11-04,1518,1059,475,3,5,6,3010,0,0,0,NA,0,002,HAMILTON AV,LEHUA LN,0,NA,Y,A,-,N,NA,NA,NA,NA,NA,NA,NA,NA,NA,N,4,0,1,2,A,-,09,21802,A,N,D,C,A,A,H,-,A,A,0,NA,NA,NA,NA,Y,NA,A,07,0,0,1,0,0,0,0,0,0,-,-,NA,NA,ORANGE,HUNTINGTON BEACH,-117.9646,33.65052003
7119898,2015,2015-11-19,3010,2015-11-04,0701,1145,148,3,5,6,3010,0,0,0,NA,0,009,SPRINGDALE,MCFADDEN,0,NA,Y,A,-,N,NA,NA,NA,NA,NA,NA,NA,NA,NA,Y,4,0,2,2,A,-,09,21801,A,N,A,C,A,A,H,-,A,A,0,NA,NA,NA,NA,Y,NA,A,01,0,0,2,0,0,0,0,0,0,-,-,NA,NA,ORANGE,HUNTINGTON BEACH,-118.02431002,33.73724008
7120406,2015,2015-11-30,3008,2015-11-06,1506,1151,Z2,5,5,6,3008,0,0,0,NA,0,NA,HARBOR BL,IMPERIAL HWY,240,S,N,A,-,N,NA,NA,NA,NA,NA,NA,NA,NA,NA,N,4,0,1,2,A,-,03,22350,NA,N,C,C,A,A,H,-,A,A,0,NA,NA,NA,NA,Y,NA,-,NA,0,0,1,0,0,0,0,0,0,-,-,NA,NA,ORANGE,FULLERTON,-117.93305733,33.91675219
7121414,2015,2015-12-02,3008,2015-11-10,2056,1156,NA,2,5,6,3008,0,0,0,NA,0,0Z1,MAGNOLIA AV,BUCKINGHAM ST,48,S,N,A,-,N,NA,NA,NA,NA,NA,NA,NA,NA,NA,Y,4,0,2,4,A,-,03,22350,NA,N,C,C,A,A,H,-,C,A,0,NA,NA,NA,NA,Y,NA,A,01,0,0,2,0,0,0,0,0,0,-,-,NA,NA,ORANGE,FULLERTON,-117.97627,33.8564284
7122000,2015,2015-11-24,3008,2015-11-14,1714,1460,NA,6,5,6,3008,0,0,0,NA,0,0Z1,COMMONWEALTH AV,GILBERT AV,140,E,N,A,-,N,NA,NA,NA,NA,NA,NA,NA,NA,NA,Y,3,0,1,2,A,-,03,22350,NA,N,C,C,A,A,H,-,C,A,0,NA,NA,NA,NA,Y,NA,A,01,0,1,0,0,0,0,0,0,0,-,-,NA,NA,ORANGE,FULLERTON,-117.96775992,33.87005657
7122289,2015,2015-11-30,3004,2015-11-13,1110,P603,12,5,5,6,3004,0,0,0,NA,0,015,NEWPORT BL,E WILSON ST,0,NA,Y,A,-,N,NA,NA,55,NA,NA,NA,NA,NA,NA,Y,4,0,1,2,A,-,09,21801,A,N,A,C,A,A,H,-,A,A,0,NA,NA,NA,NA,Y,NA,A,01,0,0,1,0,0,0,0,0,0,-,-,33.65629,-117.90531,ORANGE,COSTA MESA,-117.90485949,33.65585073
7122444,2015,2015-11-30,3000,2015-10-09,0135,1920,892D5,5,5,5,3028,0,0,0,NA,0,755,ALICIA PKWY,MARGUERITE PKWY,41,W,N,A,-,N,NA,NA,NA,NA,NA,NA,NA,NA,NA,Y,4,0,1,2,A,-,03,22350,NA,N,C,C,A,A,H,-,C,A,0,NA,NA,NA,NA,Y,NA,D,22,0,0,1,0,0,0,0,0,0,-,-,NA,NA,ORANGE,MISSION VIEJO,-117.65155433,33.62784
7124141,2015,2016-03-09,3001,2015-11-10,1839,1622,NA,2,5,7,3001,0,0,0,NA,0,NA,E LINCOLN AV,N SUNKIST ST,0,NA,Y,A,-,N,NA,NA,NA,NA,NA,NA,NA,NA,NA,Y,4,0,1,2,A,-,12,21453,A,N,D,C,A,-,H,-,C,A,0,NA,NA,NA,NA,Y,NA,-,-,0,0,1,0,0,0,0,0,0,-,-,NA,NA,ORANGE,ANAHEIM,-117.88049003,33.83855011
7124339,2015,2015-12-07,3001,2015-11-23,0849,A1068,NA,1,5,7,3001,0,0,0,NA,0,D 2,NORTH BROOKHURST,FALMOUTH AV,38,N,N,A,-,N,NA,NA,NA,NA,NA,NA,NA,NA,NA,N,4,0,1,2,A,-,03,22350,NA,N,C,C,A,A,H,-,A,A,0,NA,NA,NA,NA,Y,NA,A,01,0,0,1,0,0,0,0,0,0,-,-,NA,NA,ORANGE,ANAHEIM,-117.95917316,33.84947415
7124613,2015,2015-12-02,3010,2015-11-14,1810,1176,444,6,5,6,3010,0,0,0,NA,0,003,ADAMS,MAGNOLIA,100,W,N,A,-,N,NA,NA,NA,NA,NA,NA,NA,NA,NA,N,4,0,2,2,A,-,03,22350,NA,N,C,C,A,A,H,-,C,A,0,NA,NA,NA,NA,Y,NA,A,07,0,0,2,0,0,0,0,0,0,-,-,NA,NA,ORANGE,HUNTINGTON BEACH,-117.97162792,33.67219
7125205,2015,2017-01-28,3003,2015-09-18,0406,1157,2,5,5,5,3003,0,0,0,NA,0,001,BEACH BL,LOS COYOTES DR,756,N,N,A,-,Y,ORA,12,39,-,D,17.39,H,-,N,N,4,0,1,2,A,-,11,21954,A,N,G,B,D,A,H,-,C,D,0,Y,NA,NA,NA,Y,Y,N,60,0,0,1,0,1,0,0,0,0,-,-,33.5335,-117.5921,ORANGE,BUENA PARK,-117.98670128,33.8970445
7125936,2015,2015-12-02,3019,2015-11-12,1240,1561,SC,4,5,7,3019,0,0,0,NA,0,004,FAIRVIEW AV,MCFADDEN,21,S,N,A,-,N,NA,NA,NA,NA,NA,NA,NA,NA,NA,N,4,0,1,2,A,-,21,22106,NA,N,C,C,A,A,H,-,A,A,0,NA,NA,NA,NA,Y,NA,A,07,0,0,1,0,0,0,0,0,0,-,-,NA,NA,ORANGE,SANTA ANA,-117.90678861,33.73444244
7125976,2015,2015-12-02,3001,2015-11-18,0735,A2085,1724,3,5,7,3001,0,0,0,NA,0,022,W WATER ST,S RESH ST,8,E,N,A,-,N,NA,NA,NA,NA,NA,NA,NA,NA,NA,N,4,0,2,3,A,-,10,21950,A,N,G,B,B,A,H,-,A,D,0,Y,NA,NA,NA,Y,NA,A,01,0,0,2,0,2,0,0,0,0,-,-,NA,NA,ORANGE,ANAHEIM,-117.92016485,33.82695636
7126144,2015,2015-12-03,3001,2015-11-18,2249,415,NA,3,5,7,3001,0,0,0,NA,0,0D2,SOUTH HARBOR BL,W HAMPSHIRE AV,109,S,N,A,-,N,NA,NA,NA,NA,NA,NA,NA,NA,NA,Y,3,0,2,4,A,-,08,22107,NA,N,B,C,A,A,H,-,C,D,0,NA,NA,NA,NA,Y,NA,A,01,0,2,0,0,0,0,0,0,0,-,-,NA,NA,ORANGE,ANAHEIM,-117.91565331,33.82234231
7126739,2015,2015-12-15,3019,2015-11-20,0350,3201,SC,5,5,7,3019,0,0,0,NA,0,001,GREENVILLE ST,CAMDEN PL,10,S,N,A,-,N,NA,NA,NA,NA,NA,NA,NA,NA,NA,Y,3,0,1,3,A,-,08,22107,NA,N,C,E,A,A,H,-,C,D,0,NA,NA,NA,NA,Y,NA,A,01,0,1,0,0,0,0,0,0,0,-,-,33.7194,-117.90291,ORANGE,SANTA ANA,-117.9027887,33.71944357
7127985,2015,2015-12-02,3019,2015-08-29,1234,3193,NE,6,5,7,3019,0,0,0,NA,0,002,20TH ST,MAIN,2,E,N,A,-,N,NA,NA,NA,NA,NA,NA,NA,NA,NA,N,4,0,1,2,A,-,05,21650,1,N,D,G,A,A,H,-,A,A,0,NA,Y,NA,NA,Y,NA,L,04,0,0,1,0,0,0,1,0,0,-,-,NA,NA,ORANGE,SANTA ANA,-117.86753,33.76254
7128526,2015,2015-12-10,3019,2015-11-13,2327,9075,NA,5,5,7,3019,0,0,0,NA,0,NA,HARBOR,WASHINGTON,0,NA,Y,A,-,N,NA,NA,NA,NA,NA,NA,NA,NA,NA,N,3,0,1,2,A,-,09,21801,A,N,D,C,A,A,H,-,C,D,0,NA,NA,NA,NA,Y,NA,D,22,0,1,0,0,0,0,0,0,0,-,-,NA,NA,ORANGE,SANTA ANA,-117.92030013,33.7561601
7128553,2015,2016-08-15,3014,2015-11-03,2030,1253,RD44,2,5,5,3014,0,0,0,NA,0,0A4,RT 1,MACARTHUR BL,0,NA,Y,A,-,N,NA,NA,NA,NA,NA,NA,NA,NA,NA,Y,4,0,1,2,A,-,09,21453,C,N,D,C,A,A,H,-,C,A,0,NA,NA,NA,NA,Y,NA,D,22,0,0,1,0,0,0,0,0,0,-,-,33.6042,-117.8738,ORANGE,NEWPORT BEACH,-117.873851,33.604158
7128880,2015,2015-12-09,3010,2015-11-24,1441,164,261,2,5,6,3010,0,0,0,NA,0,007,GOTHARD,HEIL,0,NA,Y,B,-,N,NA,NA,NA,NA,NA,NA,NA,NA,NA,Y,3,0,3,2,A,-,09,21801,A,N,D,C,A,A,H,-,A,A,0,NA,NA,NA,NA,Y,NA,A,01,0,1,2,0,0,0,0,0,0,-,-,NA,NA,ORANGE,HUNTINGTON BEACH,-118.00014002,33.72285007
7129487,2015,2015-12-08,3016,2015-11-12,0657,1241,39,4,5,5,3016,0,0,0,NA,0,002,ORANGETHORPE AV,RICHFIELD RD,83,W,N,A,-,N,NA,NA,NA,NA,NA,NA,NA,NA,NA,Y,3,0,1,2,A,-,08,22107,NA,N,D,C,A,A,H,-,A,A,0,NA,NA,NA,NA,Y,NA,A,07,0,1,0,0,0,0,0,0,0,-,-,NA,NA,ORANGE,PLACENTIA,-117.82625997,33.8676324