CASE_ID,ACCIDENT_YEAR,PROC_DATE,JURIS,COLLISION_DATE,COLLISION_TIME,OFFICER_ID,REPORTING_DISTRICT,DAY_OF_WEEK,CHP_SHIFT,POPULATION,CNTY_CITY_LOC,SPECIAL_COND,BEAT_TYPE,CHP_BEAT_TYPE,CITY_DIVISION_LAPD,CHP_BEAT_CLASS,BEAT_NUMBER,PRIMARY_RD,SECONDARY_RD,DISTANCE,DIRECTION,INTERSECTION,WEATHER_1,WEATHER_2,STATE_HWY_IND,CALTRANS_COUNTY,CALTRANS_DISTRICT,STATE_ROUTE,ROUTE_SUFFIX,POSTMILE_PREFIX,POSTMILE,LOCATION_TYPE,RAMP_INTERSECTION,SIDE_OF_HWY,TOW_AWAY,COLLISION_SEVERITY,NUMBER_KILLED,NUMBER_INJURED,PARTY_COUNT,PRIMARY_COLL_FACTOR,PCF_CODE_OF_VIOL,PCF_VIOL_CATEGORY,PCF_VIOLATION,PCF_VIOL_SUBSECTION,HIT_AND_RUN,TYPE_OF_COLLISION,MVIW,PED_ACTION,ROAD_SURFACE,ROAD_COND_1,ROAD_COND_2,LIGHTING,CONTROL_DEVICE,CHP_ROAD_TYPE,PEDESTRIAN_ACCIDENT,BICYCLE_ACCIDENT,MOTORCYCLE_ACCIDENT,TRUCK_ACCIDENT,NOT_PRIVATE_PROPERTY,ALCOHOL_INVOLVED,STWD_VEHTYPE_AT_FAULT,CHP_VEHTYPE_AT_FAULT,COUNT_SEVERE_INJ,COUNT_VISIBLE_INJ,COUNT_COMPLAINT_PAIN,COUNT_PED_KILLED,COUNT_PED_INJURED,COUNT_BICYCLIST_KILLED,COUNT_BICYCLIST_INJURED,COUNT_MC_KILLED,COUNT_MC_INJURED,PRIMARY_RAMP,SECONDARY_RAMP,LATITUDE,LONGITUDE,COUNTY,CITY,POINT_X,POINT_Y
7167150,2016,2016-02-03,3012,2016-01-08,1238,288,27,5,5,5,3012,0,0,0,NA,0,0NE,WHITTIER AV,HARBOR BL,112,E,N,A,-,N,NA,NA,NA,NA,NA,NA,NA,NA,NA,N,4,0,1,2,A,-,09,21804,A,N,D,C,A,A,H,-,A,A,0,NA,NA,NA,NA,Y,NA,A,01,0,0,1,0,0,0,0,0,0,-,-,NA,NA,ORANGE,LA HABRA,-117.9327016,33.93911
7167180,2016,2016-02-02,3008,2016-01-06,0753,865,NA,3,5,6,3008,0,0,0,NA,0,0Z1,PARKS RD,ROSECRANS AV,67,N,N,B,-,N,NA,NA,NA,NA,NA,NA,NA,NA,NA,Y,4,0,2,2,A,-,08,22100,B,N,D,C,A,A,G,-,A,D,0,NA,NA,NA,NA,Y,NA,-,NA,0,0,2,0,0,0,0,0,0,-,-,NA,NA,ORANGE,FULLERTON,-117.95401177,33.89288306
7168329,2016,2016-01-25,3000,2016-01-12,1145,1644,891C5,2,5,4,3045,0,0,0,NA,0,6M47,SANTA VITTORIA,AVENIDA COPETE,0,NA,Y,A,-,N,NA,NA,NA,NA,NA,NA,NA,NA,NA,Y,4,0,2,2,A,-,03,22350,NA,N,D,C,A,A,H,-,A,D,0,NA,NA,NA,NA,Y,NA,A,01,0,0,2,0,0,0,0,0,0,-,-,NA,NA,ORANGE,LAGUNA HILLS,-117.73997003,33.62428003
7168462,2016,2016-02-26,3022,2016-01-16,0025,1081,NA,6,5,5,3022,0,0,0,NA,0,NA,MAIN ST,B ST,0,NA,Y,A,-,N,NA,NA,NA,NA,NA,NA,NA,NA,NA,Y,4,0,2,2,A,-,12,21453,A,N,D,C,A,A,H,-,C,A,0,NA,NA,NA,NA,Y,NA,D,22,0,0,2,0,0,0,0,0,0,-,-,NA,NA,ORANGE,TUSTIN,-117.82612002,33.74207003
7169469,2016,2016-01-26,3019,2016-01-08,1755,2776,SC,5,5,7,3019,0,0,0,NA,0,004,BRISTOL ST,MACARTHUR BL,956,S,N,B,-,N,NA,NA,NA,NA,NA,NA,NA,NA,NA,N,4,0,1,2,A,-,03,22350,NA,N,C,C,A,A,H,-,C,D,0,NA,NA,NA,NA,Y,NA,A,07,0,0,1,0,0,0,0,0,0,-,-,33.69998,-117.88549,ORANGE,SANTA ANA,-117.8855889,33.69745923
7170463,2016,2016-09-22,3001,2016-01-15,1822,1880,NA,5,5,7,3001,0,0,0,NA,0,0D4,LINCOLN AV,RIO VISTA ST,250,W,N,A,-,N,NA,NA,NA,NA,NA,NA,NA,NA,NA,Y,4,0,2,3,A,-,03,22350,NA,N,C,C,A,A,H,-,C,A,0,NA,NA,NA,NA,Y,NA,A,08,0,0,2,0,0,0,0,0,0,-,-,NA,NA,ORANGE,ANAHEIM,-117.87243564,33.83722315
7171034,2015,2017-01-28,3011,2015-12-20,1435,31127,81,7,5,4,3011,0,0,0,NA,0,003,RT 1,WESLEY DR,20,N,N,A,-,Y,ORA,12,1,-,-,6.761,I,6,S,N,4,0,1,1,B,-,22,NA,NA,N,H,A,A,A,H,-,A,A,0,NA,NA,Y,NA,Y,NA,C,02,0,0,1,0,0,0,0,0,1,-,-,NA,NA,ORANGE,LAGUNA BEACH,-117.7554411,33.51390564
7171038,2015,2017-01-17,3015,2015-12-30,1503,1432,77N,3,5,6,3015,0,0,0,NA,0,003,NORTH TUSTIN ST,RT 55,0,NA,Y,A,-,Y,ORA,12,55,-,-,16.715,R,4,S,Y,4,0,2,2,A,-,03,22350,NA,N,C,C,A,A,H,-,A,A,0,NA,NA,NA,NA,Y,NA,A,01,0,0,2,0,0,0,0,0,0,-,SO,NA,NA,ORANGE,ORANGE,-117.83458426,33.83100634
7171353,2016,2016-02-05,3010,2016-01-13,2012,205,179,3,5,6,3010,0,0,0,NA,0,007,WARNER,EDWARDS,0,NA,Y,A,-,N,NA,NA,NA,NA,NA,NA,NA,NA,NA,N,4,0,1,2,A,-,09,21801,A,N,A,C,A,A,H,-,C,A,0,NA,NA,NA,NA,Y,NA,A,01,0,0,1,0,0,0,0,0,0,-,-,NA,NA,ORANGE,HUNTINGTON BEACH,-118.01527008,33.71557003
7171396,2016,2016-02-02,3000,2016-01-09,2315,1920,892D3,6,5,5,3028,0,0,0,NA,0,755,MARGUERITE PKWY,ALARCON,7,S,N,A,-,N,NA,NA,NA,NA,NA,NA,NA,NA,NA,N,2,0,1,2,A,-,11,21954,A,F,G,B,B,A,H,-,C,D,0,Y,NA,NA,NA,Y,Y,N,60,1,0,0,0,1,0,0,0,0,-,-,NA,NA,ORANGE,MISSION VIEJO,-117.64688616,33.63796152
7173960,2016,2016-02-08,3001,2016-01-11,1829,1740,NA,1,5,7,3001,0,0,0,NA,0,0D3,KATELLA AV,LEWIS ST,135,E,N,A,-,N,NA,NA,NA,NA,NA,NA,NA,NA,NA,N,4,0,1,3,A,-,03,22350,NA,N,C,C,A,A,H,-,C,A,0,NA,NA,NA,NA,Y,NA,D,22,0,0,1,0,0,0,0,0,0,-,-,NA,NA,ORANGE,ANAHEIM,-117.89747667,33.80335
7175443,2016,2016-02-29,3015,2016-01-12,0824,913,66,2,5,6,3015,0,0,0,NA,0,7S1,WALNUT AV,GRAVIER ST,48,E,N,A,-,N,NA,NA,NA,NA,NA,NA,NA,NA,NA,Y,4,0,1,2,A,-,08,22107,NA,N,B,C,A,A,H,-,A,D,0,NA,NA,NA,NA,Y,NA,D,22,0,0,1,0,0,0,0,0,0,-,-,NA,NA,ORANGE,ORANGE,-117.8142624,33.79509955
7175623,2016,2016-02-10,3019,2016-01-16,1110,2344,WESTE,6,5,7,3019,0,0,0,NA,0,001,17TH ST,FAIRVIEW,60,W,N,A,-,N,NA,NA,NA,NA,NA,NA,NA,NA,NA,N,4,0,2,2,A,-,03,22350,NA,N,-,C,A,A,H,-,A,A,0,NA,NA,NA,NA,Y,NA,A,01,0,0,2,0,0,0,0,0,0,-,-,NA,NA,ORANGE,SANTA ANA,-117.90305549,33.75983012
7175750,2015,2016-02-12,3019,2015-12-19,2124,3325,NE,6,5,7,3019,0,0,0,NA,0,002,SANTA CLARA AV,TUSTIN AV,0,NA,Y,A,-,N,NA,NA,NA,NA,NA,NA,NA,NA,NA,Y,4,0,1,2,A,-,12,21453,A,N,D,C,A,A,H,-,C,A,0,NA,NA,NA,NA,Y,NA,A,01,0,0,1,0,0,0,0,0,0,-,-,33.76694,-117.83564,ORANGE,SANTA ANA,-117.83576005,33.76715003
7176005,2016,2017-02-18,3010,2016-01-26,1442,251,252,2,5,6,3010,0,0,0,NA,0,009,RT 39,CHRYSLER,0,NA,Y,A,-,Y,ORA,12,39,-,-,5.001,I,5,N,Y,4,0,2,2,A,-,09,21801,A,N,D,C,A,A,H,-,A,D,0,NA,NA,NA,NA,Y,NA,A,01,0,0,2,0,0,0,0,0,0,-,-,NA,NA,ORANGE,HUNTINGTON BEACH,-117.98909009,33.72102102
7178092,2016,2016-02-19,3001,2016-01-31,1203,A1852,NA,7,5,7,3001,0,0,0,NA,0,0D1,BROOKHURST ST,ORANGE AV,62,N,N,C,-,N,NA,NA,NA,NA,NA,NA,NA,NA,NA,Y,4,0,2,2,A,-,03,22350,NA,N,C,C,A,B,H,-,A,D,0,NA,NA,NA,NA,Y,NA,A,01,0,0,2,0,0,0,0,0,0,-,-,NA,NA,ORANGE,ANAHEIM,-117.95894,33.82519998
7178096,2016,2016-02-12,3001,2016-01-30,0428,A2269,D1,6,5,7,3001,0,0,0,NA,0,0D1,HOUSTON AV,FERNDALE ST,63,W,N,A,-,N,NA,NA,NA,NA,NA,NA,NA,NA,NA,Y,3,0,1,2,A,-,01,23140,A,N,B,E,A,A,H,-,C,D,0,NA,NA,NA,NA,Y,Y,A,01,0,1,0,0,0,0,0,0,0,-,-,NA,NA,ORANGE,ANAHEIM,-117.96913701,33.85415216
7180111,2016,2016-02-11,3019,2016-01-30,2006,3321,SC,6,5,7,3019,0,0,0,NA,0,004,FLOWER AV,MACARTHUR BL,0,NA,Y,B,-,N,NA,NA,NA,NA,NA,NA,NA,NA,NA,Y,3,0,4,2,A,-,01,23152,A,N,A,C,A,B,H,-,C,A,0,NA,NA,NA,NA,Y,Y,A,07,0,2,2,0,0,0,0,0,0,-,-,NA,NA,ORANGE,SANTA ANA,-117.87694002,33.69994012
7180115,2016,2016-02-11,3026,2016-01-24,1916,538,NA,7,5,6,3026,0,0,0,NA,0,00P,MARKET PL,ANACAPA,28,S,N,A,-,N,NA,NA,NA,NA,NA,NA,NA,NA,NA,N,2,0,3,4,A,-,08,22107,NA,N,G,B,D,A,H,-,C,D,0,Y,NA,NA,NA,Y,NA,A,01,2,0,1,0,3,0,0,0,0,-,-,NA,NA,ORANGE,IRVINE,-117.78438387,33.72693484
7180339,2016,2016-02-25,3001,2016-02-04,0724,A1555,NA,4,5,7,3001,0,0,0,NA,0,0D2,N BROOKHURST ST,WEST CRESCENT AV,142,N,N,A,-,N,NA,NA,NA,NA,NA,NA,NA,NA,NA,Y,4,0,1,2,A,-,03,22350,NA,N,C,C,A,A,H,-,A,A,0,NA,NA,NA,NA,Y,NA,D,22,0,0,1,0,0,0,0,0,0,-,-,NA,NA,ORANGE,ANAHEIM,-117.95905721,33.84020927
7180613,2016,2016-02-19,3024,2016-01-29,0933,329,P24,5,5,5,3024,0,0,0,NA,0,WEST,BOLSA AV,HOOVER ST,0,NA,Y,A,-,N,NA,NA,NA,NA,NA,NA,NA,NA,NA,Y,4,0,1,2,A,-,09,21801,A,N,D,C,A,A,H,-,A,A,0,NA,NA,NA,NA,Y,NA,D,22,0,0,1,0,0,0,0,0,0,-,-,NA,NA,ORANGE,WESTMINSTER,-117.99831007,33.74462009
7181064,2016,2016-02-17,3007,2016-02-01,1509,230,29,1,5,5,3007,0,0,0,NA,0,002,HARBOR BL,GOODALE,650,N,N,A,-,N,NA,NA,NA,NA,NA,NA,NA,NA,NA,Y,4,0,1,3,A,-,03,22350,NA,N,-,C,A,A,H,-,A,D,0,NA,NA,NA,NA,Y,NA,A,01,0,0,1,0,0,0,0,0,0,-,-,NA,NA,ORANGE,FOUNTAIN VALLEY,-117.91990547,33.72140046
7181100,2016,2016-02-17,3008,2016-02-03,0703,1296,NA,3,5,6,3008,0,0,0,NA,0,0Z3,MALVERN AV,BASTANCHURY RD,411,W,N,A,-,N,NA,NA,NA,NA,NA,NA,NA,NA,NA,Y,4,0,1,2,A,-,03,22350,NA,N,C,C,A,A,H,-,A,A,0,NA,NA,NA,NA,Y,NA,A,01,0,0,1,0,0,0,0,0,0,-,-,NA,NA,ORANGE,FULLERTON,-117.95906621,33.87690375
7181104,2016,2016-02-17,3008,2016-02-05,1400,1431,NJC,5,5,6,3008,0,0,0,NA,0,0Z2,BREA BL,HARBOR BL,630,N,N,A,-,N,NA,NA,NA,NA,NA,NA,NA,NA,NA,Y,4,0,2,2,A,-,09,21804,NA,N,D,C,A,A,H,-,A,D,0,NA,NA,NA,NA,Y,NA,A,01,0,0,2,0,0,0,0,0,0,-,-,NA,NA,ORANGE,FULLERTON,-117.92391375,33.88460275
7181329,2016,2016-02-18,3008,2016-01-25,2200,938,NA,1,5,6,3008,0,0,0,NA,0,Z111,CHAPMAN AV,ST COLLEGE BL,39,E,N,A,-,N,NA,NA,NA,NA,NA,NA,NA,NA,NA,Y,4,0,1,2,A,-,12,21453,A,N,C,C,A,A,H,-,C,A,0,NA,NA,NA,NA,Y,NA,-,-,0,0,1,0,0,0,0,0,0,-,-,NA,NA,ORANGE,FULLERTON,-117.889486,33.874186
7183189,2016,2016-03-25,3001,2016-03-08,1248,0300,NA,2,5,7,3001,0,0,0,NA,0,0D3,SOUTH ANAHEIM BL,EAST PALAIS RD,2,N,N,A,-,N,NA,NA,NA,NA,NA,NA,NA,NA,NA,N,3,0,1,2,A,-,09,21804,A,N,D,G,A,A,H,-,A,A,0,NA,Y,NA,NA,Y,NA,L,04,0,1,0,0,0,0,1,0,0,-,-,NA,NA,ORANGE,ANAHEIM,-117.90650126,33.81355538
7183916,2016,2017-02-16,3014,2016-01-14,0920,1379,RD17,4,5,5,3014,0,0,0,NA,0,0A2,PROSPECT ST,RT 1,67,N,N,A,-,Y,ORA,12,1,-,-,21.061,I,6,N,N,4,0,1,2,A,-,03,22350,NA,N,C,C,A,A,H,-,A,A,0,NA,NA,NA,NA,Y,NA,A,07,0,0,1,0,0,0,0,0,0,-,-,33.6269,-117.9493,ORANGE,NEWPORT BEACH,-117.94954053,33.62666132
7183977,2016,2016-09-22,3022,2016-01-25,0754,1269,NA,1,5,5,3022,0,0,0,NA,0,NA,EL CAMINO REAL,RED HILL AV,536,W,N,A,-,N,NA,NA,NA,NA,NA,NA,NA,NA,NA,N,3,0,1,2,A,-,08,22107,NA,N,D,C,A,A,H,-,A,A,0,NA,NA,NA,NA,Y,NA,A,01,0,1,0,0,0,0,0,0,0,-,-,NA,NA,ORANGE,TUSTIN,-117.81626068999999,33.73487901
7185922,2016,2016-02-23,3022,2016-01-29,1321,1154,NORTH,5,5,5,3022,0,0,0,NA,0,NA,RED HILL AV,WARNER AV,26,S,N,A,-,N,NA,NA,NA,NA,NA,NA,NA,NA,NA,N,4,0,1,2,A,-,03,22350,NA,N,C,C,A,A,H,-,A,A,0,NA,NA,NA,NA,Y,Y,A,01,0,0,1,0,0,0,0,0,0,-,-,NA,NA,ORANGE,TUSTIN,-117.83778409,33.71115489
7187889,2016,2016-02-22,3010,2016-01-30,1951,1226,158,6,5,6,3010,0,0,0,NA,0,007,HEIL,BRADBURY,0,NA,Y,A,-,N,NA,NA,NA,NA,NA,NA,NA,NA,NA,Y,4,0,1,2,A,-,09,21802,A,N,D,C,A,A,H,-,C,A,0,NA,NA,NA,NA,Y,Y,A,07,0,0,1,0,0,0,0,0,0,-,-,NA,NA,ORANGE,HUNTINGTON BEACH,-118.02188011,33.72271011
7188723,2016,2016-02-24,3022,2016-02-11,0048,1096,NORTH,4,5,5,3022,0,0,0,NA,0,004,RED HILL AV,BRYAN AV,246,N,N,A,-,N,NA,NA,NA,NA,NA,NA,NA,NA,NA,Y,3,0,1,2,A,-,08,22107,NA,N,C,E,A,A,H,-,C,D,0,NA,NA,NA,NA,Y,NA,A,08,0,1,0,0,0,0,0,0,0,-,-,NA,NA,ORANGE,TUSTIN,-117.80937249,33.73967751
7188745,2016,2016-02-23,3004,2016-02-02,1329,P429,12,2,5,6,3004,0,0,0,NA,0,015,22ND ST,NEWPORT BL,139,E,N,A,-,N,NA,NA,NA,NA,NA,NA,NA,NA,NA,Y,4,0,1,1,A,-,01,23152,A,N,E,I,A,A,H,-,A,D,0,NA,NA,Y,NA,Y,NA,C,06,0,0,1,0,0,0,0,0,1,-,-,33.395,-117.5429,ORANGE,COSTA MESA,-117.90783695,33.6514012
7188772,2016,2016-02-25,3013,2016-02-01,0841,191,NA,1,5,3,3013,0,0,0,NA,0,NA,KATELLA AV,CHERRY ST,14,E,N,A,-,N,NA,NA,NA,NA,NA,NA,NA,NA,NA,N,4,0,1,2,A,-,10,21950,A,N,G,B,B,A,H,-,A,A,0,Y,NA,NA,NA,Y,Y,A,01,0,0,1,0,1,0,0,0,0,-,-,NA,NA,ORANGE,LOS ALAMITOS,-118.06793402,33.80316929
7190825,2016,2016-03-01,3001,2016-01-10,2023,A1252,NA,7,5,7,3001,0,0,0,NA,0,0D2,SOUTH ANAHEIM BL,BROADWAY,0,NA,Y,B,-,N,NA,NA,NA,NA,NA,NA,NA,NA,NA,Y,4,0,1,2,A,-,01,23152,A,N,A,C,A,A,H,-,C,A,0,NA,NA,NA,NA,Y,Y,D,22,0,0,1,0,0,0,0,0,0,-,-,NA,NA,ORANGE,ANAHEIM,-117.91318,33.83333011
7191654,2016,2016-03-01,3000,2016-01-29,1100,4333,797F2,5,5,4,3021,0,0,0,NA,0,6M21,KNOTT AV,KATELLA AV,0,NA,Y,A,-,N,NA,NA,NA,NA,NA,NA,NA,NA,NA,Y,2,0,1,2,A,-,12,21453,A,N,D,C,A,A,H,-,A,A,0,NA,NA,Y,NA,Y,NA,A,01,1,0,0,0,0,0,0,0,1,-,-,NA,NA,ORANGE,STANTON,-118.01103006,33.80295005
7192426,2016,2017-02-16,3015,2016-02-06,1507,1521,012,6,5,6,3015,0,0,0,NA,0,211,GLASSELL ST,RT 22,0,NA,Y,A,-,Y,ORA,12,22,-,R,11.651,R,4,W,Y,4,0,1,2,A,-,01,23152,A,N,D,C,A,A,H,-,A,A,0,NA,NA,NA,NA,Y,Y,D,22,0,0,1,0,0,0,0,0,0,-,-,NA,NA,ORANGE,ORANGE,-117.85618169,33.77694706
7192504,2016,2016-02-24,3019,2016-02-11,0238,1910,SCOAS,4,5,7,3019,0,0,0,NA,0,107,PACIFIC AV,WILLITS ST,150,N,N,A,-,N,NA,NA,NA,NA,NA,NA,NA,NA,NA,Y,3,0,1,1,A,-,00,21352,A,N,E,I,A,A,H,-,C,-,0,NA,NA,NA,NA,Y,Y,A,01,0,1,0,0,0,0,0,0,0,-,-,NA,NA,ORANGE,SANTA ANA,-117.88810546,33.74033121
7192709,2016,2016-02-25,3009,2016-02-11,1825,4080,146,4,5,6,3009,0,0,0,NA,0,023,WESTMINSTER AV,CLINTON ST,0,NA,Y,A,-,N,NA,NA,NA,NA,NA,NA,NA,NA,NA,N,3,0,1,2,A,-,11,21456,B,N,G,B,B,A,H,-,C,A,0,Y,NA,NA,NA,Y,NA,N,60,0,1,0,0,1,0,0,0,0,-,-,NA,NA,ORANGE,GARDEN GROVE,-117.91154013,33.75990002
7194255,2016,2016-03-01,3019,2016-02-03,1632,3411,NE,3,5,7,3019,0,0,0,NA,0,NA,4TH ST,CABRILLO PARK DR,0,NA,Y,A,-,N,NA,NA,NA,NA,NA,NA,NA,NA,NA,N,4,0,2,2,A,-,12,21453,A,N,B,C,A,A,H,-,A,A,0,NA,NA,NA,NA,Y,NA,A,01,0,0,2,0,0,0,0,0,0,-,-,33.748,-117.84081,ORANGE,SANTA ANA,-117.84067005,33.74824009
7194320,2016,2016-03-01,3019,2016-02-08,0753,3369,SC,1,5,7,3019,0,0,0,NA,0,002,MYRTLE ST,HESPERIAN ST,0,NA,Y,A,-,N,NA,NA,NA,NA,NA,NA,NA,NA,NA,N,4,0,1,2,A,-,09,21802,A,N,D,C,A,A,H,-,A,A,0,NA,NA,NA,NA,Y,NA,A,01,0,0,1,0,0,0,0,0,0,-,-,33.74189,-117.88606,ORANGE,SANTA ANA,-117.88623007,33.74175008
7194539,2016,2016-03-04,3019,2016-02-11,1438,3155,SC,4,5,7,3019,0,0,0,NA,0,004,RAITT ST,HALL AV,0,NA,Y,A,-,N,NA,NA,NA,NA,NA,NA,NA,NA,NA,N,3,0,2,3,A,-,03,22350,NA,N,C,C,A,A,H,-,A,D,0,NA,NA,NA,NA,Y,NA,A,01,0,1,1,0,0,0,0,0,0,-,-,33.71368,-117.89662,ORANGE,SANTA ANA,-117.89639007,33.71377004
7194587,2016,2016-03-03,3001,2016-02-16,1600,1622,NA,2,5,7,3001,0,0,0,NA,0,0D2,ORANGETHORPE AV,ORANGETHORPE PARK,582,W,N,A,-,N,NA,NA,NA,NA,NA,NA,NA,NA,NA,N,4,0,1,2,A,-,03,22350,NA,N,C,C,A,A,H,-,A,D,0,NA,NA,NA,NA,Y,NA,A,08,0,0,1,0,0,0,0,0,0,-,-,NA,NA,ORANGE,ANAHEIM,-117.91160247,33.85954
7195569,2016,2016-03-11,3001,2016-02-15,1737,1740,NA,1,5,7,3001,0,0,0,NA,0,0D2,E LINCOLN AV,SOUTH SUNKIST ST,0,NA,Y,A,-,N,NA,NA,NA,NA,NA,NA,NA,NA,NA,Y,3,0,3,2,A,-,12,21453,A,N,D,C,A,A,H,-,C,A,0,NA,NA,NA,NA,Y,NA,A,01,0,2,1,0,0,0,0,0,0,-,-,NA,NA,ORANGE,ANAHEIM,-117.88049003,33.83855011
7196563,2016,2016-03-10,3026,2016-01-04,0810,275,1,1,5,6,3026,0,0,0,NA,0,00U,MAIN,COWEN,57,E,N,B,-,N,NA,NA,NA,NA,NA,NA,NA,NA,NA,N,4,0,1,2,A,-,03,22350,NA,N,C,C,A,A,H,-,A,A,0,NA,NA,NA,NA,Y,NA,A,01,0,0,1,0,0,0,0,0,0,-,-,NA,NA,ORANGE,IRVINE,-117.86563603,33.69003033
7196802,2016,2016-03-03,3004,2016-02-06,1621,P550,20,6,5,6,3004,0,0,0,NA,0,010,COLLEGE AV,W BAKER ST,0,NA,Y,A,-,N,NA,NA,NA,NA,NA,NA,NA,NA,NA,Y,4,0,1,2,A,-,03,22350,NA,N,C,C,A,A,H,-,A,D,0,NA,NA,NA,NA,Y,NA,A,01,0,0,1,0,0,0,0,0,0,-,-,33.68012,-117.9164,ORANGE,COSTA MESA,-117.91660008,33.68009003
7197449,2016,2016-03-01,3026,2016-01-28,2017,413,PORTO,4,5,6,3026,0,0,0,NA,0,00P,SAND CANYON,MARINE WY,17,N,N,A,-,N,NA,NA,NA,NA,NA,NA,NA,NA,NA,Y,4,0,1,2,A,-,12,21453,A,N,D,C,A,A,H,-,C,A,0,NA,NA,NA,NA,Y,NA,A,01,0,0,1,0,0,0,0,0,0,-,-,NA,NA,ORANGE,IRVINE,-117.75766116,33.67844342
7197517,2016,2016-03-01,3007,2016-01-06,1750,256,24,3,5,5,3007,0,0,0,NA,0,301,BROOKHURST,EDINGER,33,S,N,C,-,N,NA,NA,NA,NA,NA,NA,NA,NA,NA,Y,4,0,2,2,A,-,03,22350,NA,N,-,C,A,B,H,-,C,A,0,NA,NA,NA,NA,Y,NA,A,01,0,0,2,0,0,0,0,0,0,-,-,NA,NA,ORANGE,FOUNTAIN VALLEY,-117.95474,33.73031952
7197848,2016,2016-03-11,3019,2016-02-08,1735,3249,NE,1,5,7,3019,0,0,0,NA,0,002,FLOWER ST,15TH ST,115,N,N,A,-,N,NA,NA,NA,NA,NA,NA,NA,NA,NA,Y,4,0,1,2,A,-,09,21801,A,N,D,C,A,A,H,-,A,D,0,NA,NA,NA,NA,Y,NA,A,01,0,0,1,0,0,0,0,0,0,-,-,NA,NA,ORANGE,SANTA ANA,-117.87646434,33.75817609
7198455,2016,2016-03-09,3003,2016-02-14,1935,1134,90,7,5,5,3003,0,0,0,NA,0,003,LA PALMA AV,DALE ST,0,NA,Y,A,-,N,NA,NA,NA,NA,NA,NA,NA,NA,NA,Y,4,0,2,2,A,-,12,21453,A,N,A,C,A,A,H,-,C,A,0,NA,NA,NA,NA,Y,NA,A,01,0,0,2,0,0,0,0,0,0,-,-,33.8469,-117.9851,ORANGE,BUENA PARK,-117.98511002,33.84698005
7198644,2016,2016-03-11,3001,2016-02-26,1530,1880,NA,5,5,7,3001,0,0,0,NA,0,0D3,WEST KATELLA AV,SOUTH WALNUT ST,397,E,N,A,-,N,NA,NA,NA,NA,NA,NA,NA,NA,NA,N,4,0,1,3,A,-,03,22350,NA,N,C,C,A,A,H,-,A,D,0,NA,NA,NA,NA,Y,NA,D,22,0,0,1,0,0,0,0,0,0,-,-,NA,NA,ORANGE,ANAHEIM,-117.92707632,33.80338
7198746,2016,2016-03-09,3001,2016-02-25,1707,406,NA,4,5,7,3001,0,0,0,NA,0,0D1,WEST BROADWAY,SOUTH BROADVIEW ST,10,E,N,A,-,N,NA,NA,NA,NA,NA,NA,NA,NA,NA,Y,4,0,1,5,A,-,01,23152,E,N,A,E,A,A,H,-,A,D,0,NA,NA,NA,NA,Y,NA,A,01,0,0,1,0,0,0,0,0,0,-,-,NA,NA,ORANGE,ANAHEIM,-117.94844715,33.82887
7199014,2016,2016-03-11,3001,2016-02-23,1709,1880,NA,2,5,7,3001,0,0,0,NA,0,0D2,E LINCOLN AV,N CENTER ST,0,NA,Y,A,-,N,NA,NA,NA,NA,NA,NA,NA,NA,NA,Y,4,0,1,2,A,-,09,21802,NA,N,D,C,A,A,H,-,A,A,0,NA,NA,NA,NA,Y,NA,D,22,0,0,1,0,0,0,0,0,0,-,-,NA,NA,ORANGE,ANAHEIM,-117.89219,33.84026001
7199609,2016,2016-05-20,3009,2016-04-15,2207,3073,154,5,5,6,3009,0,0,0,NA,0,022,HASTER ST,LAMPSON AV,0,NA,Y,A,-,N,NA,NA,NA,NA,NA,NA,NA,NA,NA,N,1,1,0,2,A,-,11,21954,A,N,-,B,D,A,H,-,C,D,0,Y,NA,NA,NA,Y,NA,N,60,0,0,0,1,0,0,0,0,0,-,-,NA,NA,ORANGE,GARDEN GROVE,-117.90619011,33.78168004
7201193,2016,2016-03-17,3004,2016-03-03,1738,P603,27,4,5,6,3004,0,0,0,NA,0,015,MACARTHUR BL,S CRODDY WY,162,W,N,A,-,N,NA,NA,NA,NA,NA,NA,NA,NA,NA,N,4,0,1,2,A,-,03,22350,NA,N,C,C,A,A,H,-,B,D,0,NA,NA,NA,NA,Y,NA,A,01,0,0,1,0,0,0,0,0,0,-,-,33.70197,-117.91964,ORANGE,COSTA MESA,-117.92225127,33.701991
7201204,2016,2016-03-14,3024,2016-02-07,1820,168,P33,7,5,5,3024,0,0,0,NA,0,EAST,MCFADDEN AV,NEWLAND ST,150,E,N,A,-,N,NA,NA,NA,NA,NA,NA,NA,NA,NA,N,4,0,3,3,A,-,03,22350,NA,N,C,C,A,A,D,-,C,A,0,NA,NA,NA,NA,Y,NA,A,01,0,0,3,0,0,0,0,0,0,-,-,NA,NA,ORANGE,WESTMINSTER,-117.98044778,33.73752633
7201881,2016,2016-03-10,3008,2016-02-15,1424,1258,NA,1,5,6,3008,0,0,0,NA,0,2-1,BASTANCHURY RD,VALENCIA MESA DR,20,W,N,A,-,N,NA,NA,NA,NA,NA,NA,NA,NA,NA,Y,4,0,1,2,A,-,08,22107,NA,N,B,C,A,A,H,-,A,A,0,NA,NA,NA,NA,Y,NA,A,01,0,0,1,0,0,0,0,0,0,-,-,NA,NA,ORANGE,FULLERTON,-117.95034835,33.88206546
7201889,2016,2016-03-10,3008,2016-02-11,1417,1117,NA,4,5,6,3008,0,0,0,NA,0,Z-2,CHAPMAN AV,WOODS AV,125,E,N,A,-,N,NA,NA,NA,NA,NA,NA,NA,NA,NA,N,4,0,1,2,A,-,09,21803,NA,N,C,C,A,A,H,-,A,D,0,NA,NA,NA,NA,Y,NA,-,99,0,0,1,0,0,0,0,0,0,-,-,NA,NA,ORANGE,FULLERTON,-117.93724635,33.87421051
7202150,2016,2016-03-10,3000,2016-02-13,2017,8787,797H1,6,5,4,3021,0,0,0,NA,0,021,CODY DR,HICKOCK RD,52,W,N,A,-,N,NA,NA,NA,NA,NA,NA,NA,NA,NA,Y,2,0,1,2,A,-,03,22350,NA,N,C,E,A,A,H,-,D,D,0,NA,NA,Y,NA,Y,NA,C,02,1,0,0,0,0,0,0,0,1,-,-,NA,NA,ORANGE,STANTON,-117.9988089,33.81235772
7203414,2016,2017-02-16,3008,2016-02-25,0920,1431,NA,4,5,6,3008,0,0,0,NA,0,0Z2,HARBOR BL,RT 91,0,NA,Y,A,-,Y,ORA,12,91,-,-,3.094,R,4,W,Y,4,0,1,3,A,-,03,22350,NA,N,C,C,A,A,H,-,A,A,0,NA,NA,NA,NA,Y,NA,D,22,0,0,1,0,0,0,0,0,0,-,-,NA,NA,ORANGE,FULLERTON,-117.9271135,33.85393444