CASE_ID,ACCIDENT_YEAR,PROC_DATE,JURIS,COLLISION_DATE,COLLISION_TIME,OFFICER_ID,REPORTING_DISTRICT,DAY_OF_WEEK,CHP_SHIFT,POPULATION,CNTY_CITY_LOC,SPECIAL_COND,BEAT_TYPE,CHP_BEAT_TYPE,CITY_DIVISION_LAPD,CHP_BEAT_CLASS,BEAT_NUMBER,PRIMARY_RD,SECONDARY_RD,DISTANCE,DIRECTION,INTERSECTION,WEATHER_1,WEATHER_2,STATE_HWY_IND,CALTRANS_COUNTY,CALTRANS_DISTRICT,STATE_ROUTE,ROUTE_SUFFIX,POSTMILE_PREFIX,POSTMILE,LOCATION_TYPE,RAMP_INTERSECTION,SIDE_OF_HWY,TOW_AWAY,COLLISION_SEVERITY,NUMBER_KILLED,NUMBER_INJURED,PARTY_COUNT,PRIMARY_COLL_FACTOR,PCF_CODE_OF_VIOL,PCF_VIOL_CATEGORY,PCF_VIOLATION,PCF_VIOL_SUBSECTION,HIT_AND_RUN,TYPE_OF_COLLISION,MVIW,PED_ACTION,ROAD_SURFACE,ROAD_COND_1,ROAD_COND_2,LIGHTING,CONTROL_DEVICE,CHP_ROAD_TYPE,PEDESTRIAN_ACCIDENT,BICYCLE_ACCIDENT,MOTORCYCLE_ACCIDENT,TRUCK_ACCIDENT,NOT_PRIVATE_PROPERTY,ALCOHOL_INVOLVED,STWD_VEHTYPE_AT_FAULT,CHP_VEHTYPE_AT_FAULT,COUNT_SEVERE_INJ,COUNT_VISIBLE_INJ,COUNT_COMPLAINT_PAIN,COUNT_PED_KILLED,COUNT_PED_INJURED,COUNT_BICYCLIST_KILLED,COUNT_BICYCLIST_INJURED,COUNT_MC_KILLED,COUNT_MC_INJURED,PRIMARY_RAMP,SECONDARY_RAMP,LATITUDE,LONGITUDE,COUNTY,CITY,POINT_X,POINT_Y
81231123,2020,2020-04-30,3024,2020-03-24,1729,497,P-30,2,5,5,3024,0,0,0,NA,0,WEST,GOLDENWEST STREET,GEORGETOWN AVENUE,0,NA,Y,A,-,N,NA,NA,NA,NA,NA,NA,NA,NA,NA,Y,4,0,2,2,A,-,12,21453,A,N,D,C,A,A,H,-,A,A,0,NA,NA,NA,NA,Y,NA,A,01,0,0,2,0,0,0,0,0,0,-,-,33.742279052734375,-118.00695037841795,ORANGE,WESTMINSTER,-118.0069580078125,33.742401123046875
8124122,2016,2016-09-22,3004,2016-08-28,2242,P549,23,7,5,6,3004,0,0,0,NA,0,015,ANTON BL,AVE OF THE ARTS,39,W,N,A,-,N,NA,NA,NA,NA,NA,NA,NA,NA,NA,N,4,0,1,2,D,-,00,NA,NA,N,B,C,A,A,H,-,C,A,0,NA,NA,NA,NA,Y,NA,-,-,0,0,1,0,0,0,0,0,0,-,-,33.6902,-117.88119,ORANGE,COSTA MESA,-117.8811879,33.69021
81248025,2020,2020-06-05,3014,2020-05-25,1836,1453,RD11,1,5,5,3014,0,0,0,NA,0,A1,E BALBOA BLVD,E ST,137,E,N,A,-,N,NA,NA,NA,NA,NA,NA,NA,NA,NA,N,3,0,1,1,A,-,03,22350,NA,N,H,J,A,A,H,-,A,D,0,NA,NA,NA,NA,Y,Y,M,91,0,1,0,0,0,0,0,0,0,-,-,33.59939956665039,-117.8927001953125,ORANGE,NEWPORT BEACH,-117.89280700683594,33.59938430786133
8125691,2016,2016-10-05,3008,2016-08-04,1317,1158,NA,4,5,6,3008,0,0,0,NA,0,0II,HARBOR BL,IMPERIAL HWY,250,N,N,A,-,N,NA,NA,NA,NA,NA,NA,NA,NA,NA,N,4,0,1,2,A,-,08,22107,NA,N,B,C,A,A,H,-,A,D,0,NA,NA,NA,NA,Y,NA,D,22,0,0,1,0,0,0,0,0,0,-,-,NA,NA,ORANGE,FULLERTON,-117.93304914,33.91809535
8126405,2016,2016-11-10,3019,2016-08-26,0237,3451,WE,5,5,7,3019,0,0,0,NA,0,001,HARBOR BL,MCFADDEN AV,0,NA,Y,A,-,N,NA,NA,NA,NA,NA,NA,NA,NA,NA,Y,4,0,1,2,A,-,12,21453,A,N,D,C,A,A,H,-,C,A,0,NA,NA,NA,NA,Y,NA,-,-,0,0,1,0,0,0,0,0,0,-,-,NA,NA,ORANGE,SANTA ANA,-117.92010009,33.73826001
81264836,2020,2020-07-07,3014,2020-06-17,1454,1435,RD11,3,5,5,3014,0,0,0,NA,0,A1,CHANNEL RD,MIRAMAR DR,50,S,N,A,-,N,NA,NA,NA,NA,NA,NA,NA,NA,NA,N,4,0,1,2,A,-,17,22517,NA,N,H,G,A,A,H,-,A,D,0,NA,Y,NA,NA,Y,NA,-,-,0,0,1,0,0,0,1,0,0,-,-,33.596500396728516,-117.88240051269533,ORANGE,NEWPORT BEACH,-117.8824462890625,33.59648895263672
8126600,2016,2016-09-21,3001,2016-09-10,1529,2115,NA,6,5,7,3001,0,0,0,NA,0,0D1,W LINCOLN AV,NORTH BEACH BL,143,E,N,A,-,N,NA,NA,NA,NA,NA,NA,NA,NA,NA,Y,4,0,1,2,A,-,03,22350,NA,N,C,C,A,A,H,-,A,D,0,NA,NA,NA,NA,Y,NA,A,01,0,0,1,0,0,0,0,0,0,-,-,NA,NA,ORANGE,ANAHEIM,-117.99314019,33.83214
81270046,2020,2020-07-17,3024,2020-06-09,1719,435,P-02,2,5,5,3024,0,0,0,NA,0,WEST,GARDEN GROVE BOULEVARD,MELANIE LANE,1100,W,N,A,-,N,NA,NA,NA,NA,NA,NA,NA,NA,NA,Y,3,0,1,1,A,-,03,22350,NA,N,E,I,A,A,H,-,A,D,0,NA,NA,NA,NA,Y,NA,A,01,0,1,0,0,0,0,0,0,0,-,-,33.77373123168945,-118.02916717529295,ORANGE,WESTMINSTER,-118.03052520751952,33.77391052246094
8127165,2016,2016-09-22,3026,2016-09-02,1320,548,CROSS,5,5,6,3026,0,0,0,NA,0,00C,CULVER DR,BARRANCA,357,N,N,A,-,N,NA,NA,NA,NA,NA,NA,NA,NA,NA,Y,3,0,1,3,A,-,03,22350,NA,N,-,D,A,A,H,-,A,A,0,NA,NA,NA,NA,Y,NA,A,01,0,1,0,0,0,0,0,0,0,-,-,NA,NA,ORANGE,IRVINE,-117.80765256,33.68483744
8127999,2016,2017-02-24,3011,2016-09-05,1827,31340,NA,1,5,4,3011,0,0,0,NA,0,NA,RT 1,CLIFF DR,133,S,N,A,-,Y,ORA,12,1,-,-,9.57,H,-,S,Y,3,0,1,2,A,-,09,21801,A,N,D,C,A,A,H,-,A,D,0,NA,NA,Y,NA,Y,NA,A,07,0,1,0,0,0,0,0,0,1,-,-,NA,NA,ORANGE,LAGUNA BEACH,-117.78787007,33.54362563
8128083,2016,2016-09-28,3002,2016-09-10,1620,1630,326W,6,5,4,3002,0,0,0,NA,0,011,CENTRAL AV,BERRY ST,15,W,N,A,-,N,NA,NA,NA,NA,NA,NA,NA,NA,NA,N,4,0,3,2,A,-,03,22350,NA,N,C,C,A,A,H,-,A,A,0,NA,NA,NA,NA,Y,NA,A,01,0,0,3,0,0,0,0,0,0,-,-,NA,NA,ORANGE,BREA,-117.90652933,33.93188
8128227,2016,2017-02-24,3002,2016-09-19,1231,1545,530Y,1,5,4,3002,0,0,0,NA,0,013,IMPERIAL HWY,SHOPPING CENTER DR,200,E,N,B,-,Y,ORA,12,90,-,-,6.27,H,-,W,N,3,0,1,2,A,-,03,22350,NA,N,C,C,A,A,H,-,A,A,0,NA,NA,NA,NA,Y,NA,D,22,0,1,0,0,0,0,0,0,0,-,-,NA,NA,ORANGE,BREA,-117.86912418,33.91107728
8128467,2016,2016-09-29,3022,2016-09-18,1449,1255,NA,7,5,5,3022,0,0,0,NA,0,NA,NEWPORT AV,IRVINE BL,67,N,N,A,-,N,NA,NA,NA,NA,NA,NA,NA,NA,NA,Y,4,0,1,3,A,-,03,22350,NA,N,C,C,A,A,H,-,A,A,0,NA,NA,NA,NA,Y,NA,A,01,0,0,1,0,0,0,0,0,0,-,-,33.74838,-117.81199,ORANGE,TUSTIN,-117.81195955,33.74838349
8128533,2016,2016-09-26,3007,2016-09-10,1438,289,48,6,5,5,3007,0,0,0,NA,0,002,WARNER AV,WINTERSBURG AV,800,E,N,A,-,N,NA,NA,NA,NA,NA,NA,NA,NA,NA,N,4,0,1,2,A,-,03,22350,NA,N,C,C,A,A,D,-,A,A,0,NA,NA,NA,NA,Y,NA,A,01,0,0,1,0,0,0,0,0,0,-,-,NA,NA,ORANGE,FOUNTAIN VALLEY,-117.92251385,33.714832
81285775,2020,2020-08-13,3014,2020-08-03,1606,1418,RD26,1,5,5,3014,0,0,0,NA,0,A2,IRVINE AVE,16TH ST,0,NA,Y,A,-,N,NA,NA,NA,NA,NA,NA,NA,NA,NA,N,3,0,1,2,A,-,09,21802,NA,N,H,J,A,A,H,-,A,A,0,NA,NA,NA,NA,Y,NA,D,22,0,1,0,0,0,0,0,0,0,-,-,33.6254997253418,-117.9113998413086,ORANGE,NEWPORT BEACH,-117.91146850585938,33.6256217956543
8129022,2016,2016-09-26,3001,2016-09-15,1710,A1825,NA,4,5,7,3001,0,0,0,NA,0,0D1,WEST BROADWAY,SOUTH GILBERT ST,597,N,N,A,-,N,NA,NA,NA,NA,NA,NA,NA,NA,NA,Y,3,0,1,2,A,-,08,22107,NA,N,C,E,A,A,H,-,B,D,0,NA,NA,NA,NA,Y,NA,A,01,0,1,0,0,0,0,0,0,0,-,-,NA,NA,ORANGE,ANAHEIM,-117.96761,33.82872
81290897,2020,2020-08-24,3024,2020-07-18,1145,468,P-11,6,5,5,3024,0,0,0,NA,0,WEST,21ST STREET,HOOVER STREET,0,NA,Y,A,-,N,NA,NA,NA,NA,NA,NA,NA,NA,NA,N,4,0,1,2,A,-,12,22450,A,F,D,C,A,A,H,-,A,D,0,NA,NA,NA,NA,Y,NA,A,07,0,0,1,0,0,0,0,0,0,-,-,33.76226043701172,-118.00096893310548,ORANGE,WESTMINSTER,-117.99845886230467,33.762821197509766
81299071,2020,2020-09-04,3014,2020-08-23,1801,1537,RD25,7,5,5,3014,0,0,0,NA,0,A2,SR-55 (NEWPORT BLVD),HOSPITAL RD,987,S,N,A,-,Y,NA,NA,55,NA,NA,NA,NA,NA,NA,N,3,0,2,2,A,-,08,22107,NA,N,H,J,A,A,H,-,A,D,0,NA,NA,NA,NA,Y,Y,M,91,0,2,0,0,0,0,0,0,0,-,-,33.61989974975586,-117.93000030517578,ORANGE,NEWPORT BEACH,-117.9298095703125,33.61981964111328
8130042,2016,2016-09-26,3012,2016-09-16,1322,604,26,5,5,5,3012,0,0,0,NA,0,002,LA HABRA BL,VALENCIA ST,0,NA,Y,A,-,N,NA,NA,NA,NA,NA,NA,NA,NA,NA,N,4,0,1,2,A,-,09,21804,A,N,D,C,A,A,H,-,A,D,0,NA,NA,NA,NA,Y,NA,A,07,0,0,1,0,0,0,0,0,0,-,-,NA,NA,ORANGE,LA HABRA,-117.93628,33.93186
81307639,2020,2020-09-21,3024,2020-08-18,1223,435,P-01,2,5,5,3024,0,0,0,NA,0,WEST,BOLSA CHICA ROAD,OLD BOLSA CHICA ROAD,0,NA,Y,A,-,N,NA,NA,NA,NA,NA,NA,NA,NA,NA,N,4,0,1,2,A,-,08,22100,5,N,D,C,A,A,H,-,A,A,0,NA,NA,NA,NA,Y,NA,A,01,0,0,1,0,0,0,0,0,0,-,-,33.77040100097656,-118.04212951660156,ORANGE,WESTMINSTER,-118.04218292236328,33.770389556884766
81312586,2020,2020-09-28,3010,2020-09-19,1804,1015,155,6,5,6,3010,0,0,0,NA,0,008,HEIL AVE,BOLSA CHICA ST,1171,W,N,A,-,N,NA,NA,NA,NA,NA,NA,NA,NA,NA,Y,3,0,1,2,A,-,03,22350,NA,N,D,C,A,A,H,-,A,D,0,NA,NA,Y,NA,Y,NA,C,02,0,1,0,0,0,0,0,0,1,-,-,33.72216033935547,-118.04141235351563,ORANGE,HUNTINGTON BEACH,-118.04542541503906,33.722557067871094
81314420,2020,2020-09-29,3014,2020-09-16,1103,1435,RD41,3,5,5,3014,0,0,0,NA,0,A4,BACK BAY DR,SAN JOUQUIN HILLS RD,12,S,N,A,-,N,NA,NA,NA,NA,NA,NA,NA,NA,NA,N,4,0,2,2,A,-,12,22450,A,N,A,G,A,A,H,-,A,D,0,NA,Y,NA,NA,Y,NA,-,-,0,0,2,0,0,0,2,0,0,-,-,33.62519836425781,-117.88459777832033,ORANGE,NEWPORT BEACH,-117.88459014892578,33.62532424926758
81315347,2020,2020-09-30,3007,2020-09-27,2354,316,43,7,5,5,3007,0,0,0,NA,0,001,SLATER,MAGNOLIA,86,E,N,A,-,N,NA,NA,NA,NA,NA,NA,NA,NA,NA,Y,4,0,1,2,A,-,03,22350,NA,M,C,C,A,A,H,-,C,A,0,NA,NA,NA,NA,Y,NA,A,07,0,0,1,0,0,0,0,0,0,-,-,NA,NA,ORANGE,FOUNTAIN VALLEY,-117.9715576171875,33.708534240722656
8131751,2016,2017-02-24,3010,2016-09-17,1242,1225,451,6,5,6,3010,0,0,0,NA,0,004,RT 1,MAIN,195,S,N,A,-,Y,ORA,12,1,-,-,24.68,H,-,N,N,4,0,1,2,A,-,08,22107,NA,N,D,G,A,A,H,-,A,D,0,NA,Y,NA,NA,Y,NA,A,01,0,0,1,0,0,0,1,0,0,-,-,NA,NA,ORANGE,HUNTINGTON BEACH,-118.00135314,33.6567487
81318806,2020,2020-10-06,3001,2020-09-28,0422,A2437,D-2,1,5,7,3001,0,0,0,NA,0,NA,LEMON STREET,91 FWY,0,NA,Y,A,-,Y,NA,NA,NA,NA,NA,NA,NA,NA,NA,Y,4,0,2,2,A,-,03,22350,NA,N,-,C,A,A,H,-,C,A,0,NA,NA,NA,NA,Y,NA,D,22,0,0,2,0,0,0,0,0,0,-,-,NA,NA,ORANGE,ANAHEIM,NA,NA
8132432,2016,2016-10-05,3015,2016-08-29,1414,1364,745,1,5,6,3015,0,0,0,NA,0,713,RANCHO SANTIAGO BL,EAST CHAPMAN AV,140,N,N,A,-,N,NA,NA,NA,NA,NA,NA,NA,NA,NA,N,3,0,1,2,A,-,04,21703,NA,N,C,C,A,A,H,-,A,D,0,NA,NA,NA,NA,Y,NA,A,01,0,1,0,0,0,0,0,0,0,-,-,NA,NA,ORANGE,ORANGE,-117.80133422,33.78810375
81325537,2020,2020-10-19,3001,2020-10-04,1839,A1278,NA,7,5,7,3001,0,0,0,NA,0,D-2,WESTMONT DRIVE,WEST STREET,25,W,N,A,-,N,NA,NA,NA,NA,NA,NA,NA,NA,NA,Y,3,0,1,1,A,-,03,22350,NA,N,F,A,A,A,H,-,C,D,0,NA,NA,Y,NA,Y,Y,C,02,0,1,0,0,0,0,0,0,1,-,-,33.83707809448242,-117.92865753173828,ORANGE,ANAHEIM,-117.92897033691406,33.83808517456055
81325638,2020,2020-10-19,3014,2020-10-14,1852,1179,RD54,3,5,5,3014,0,0,0,NA,0,A4,BONITA CANYON DR,PRAIRIE RD,238,E,N,A,-,N,NA,NA,NA,NA,NA,NA,NA,NA,NA,N,3,0,5,3,A,-,03,22350,NA,N,C,C,A,A,H,-,C,D,0,NA,NA,NA,NA,Y,NA,A,01,0,5,0,0,0,0,0,0,0,-,-,33.628700256347656,-117.8488998413086,ORANGE,NEWPORT BEACH,-117.84888458251952,33.6287956237793
81325731,2020,2020-10-19,3010,2020-10-16,2156,2222,149,5,5,6,3010,0,0,0,NA,0,009,MCFADDEN AVE,DAWSON LN,120,E,N,A,-,N,NA,NA,NA,NA,NA,NA,NA,NA,NA,Y,4,0,1,1,A,-,08,22107,NA,N,E,I,A,A,H,-,C,D,0,NA,NA,NA,NA,Y,NA,A,01,0,0,1,0,0,0,0,0,0,-,-,33.73735046386719,-118.0090789794922,ORANGE,HUNTINGTON BEACH,-118.0089874267578,33.73734664916992
8132664,2016,2016-11-28,3000,2016-09-25,1935,9180,921G5,7,5,4,3045,0,0,0,NA,0,045,MOULTON PKWY,LA PAZ RD,0,NA,Y,A,-,N,NA,NA,NA,NA,NA,NA,NA,NA,NA,Y,4,0,1,2,A,-,12,21453,A,N,D,C,A,A,H,-,A,A,0,NA,NA,NA,NA,Y,NA,A,01,0,0,1,0,0,0,0,0,0,-,-,NA,NA,ORANGE,LAGUNA HILLS,-117.70241001,33.57612004
8132712,2016,2016-11-21,3016,2016-10-26,0859,1241,36,3,5,5,3016,0,0,0,NA,0,002,ORAN CIR,DEL CERRO LN,32,W,N,A,-,N,NA,NA,NA,NA,NA,NA,NA,NA,NA,Y,3,0,3,2,A,-,03,22350,NA,N,C,C,A,A,H,-,A,D,0,NA,NA,NA,NA,Y,NA,D,22,0,1,2,0,0,0,0,0,0,-,-,NA,NA,ORANGE,PLACENTIA,NA,NA
81329115,2020,2020-10-22,3001,2020-10-21,0848,A2382,NA,3,5,7,3001,0,0,0,NA,0,D-1,GAYMONT STREET,BALL ROAD,13,N,N,B,-,N,NA,NA,NA,NA,NA,NA,NA,NA,NA,Y,3,0,1,1,A,-,03,22350,NA,N,E,I,A,A,H,-,A,-,0,NA,NA,NA,NA,Y,NA,A,01,0,1,0,0,0,0,0,0,0,-,-,33.81727981567383,-117.99015045166016,ORANGE,ANAHEIM,-117.99008941650392,33.81748580932617
8133154,2016,2016-11-15,3000,2016-10-08,1157,8926,972B6,6,5,4,3018,0,0,0,NA,0,739,CAMINO CAPISTRANO,STONEHILL,415,S,N,A,-,N,NA,NA,NA,NA,NA,NA,NA,NA,NA,Y,2,0,1,2,A,-,09,21801,A,N,D,C,A,A,H,-,A,A,0,NA,NA,Y,NA,Y,NA,A,01,1,0,0,0,0,0,0,0,1,-,-,NA,NA,ORANGE,SAN JUAN CAPISTRANO,-117.67541452,33.47236656
81331757,2020,2020-10-27,3001,2020-10-22,1320,A1466,D-3,4,5,7,3001,0,0,0,NA,0,D-3,KATELLA AVENUE,9TH STREET,45,E,N,A,-,N,NA,NA,NA,NA,NA,NA,NA,NA,NA,Y,3,0,2,2,A,-,03,22350,NA,F,C,C,A,A,H,-,A,A,0,NA,NA,NA,NA,Y,NA,A,01,0,2,0,0,0,0,0,0,0,-,-,33.80324172973633,-117.93273162841795,ORANGE,ANAHEIM,-117.93260192871094,33.803321838378906
81331766,2020,2020-10-27,3010,2020-10-22,1803,2862,443,4,5,6,3010,0,0,0,NA,0,003,BEACH BL - SR39,MEMPHIS AVE,0,NA,Y,A,-,Y,NA,NA,NA,NA,NA,NA,NA,NA,NA,Y,3,0,4,3,A,-,09,21801,A,N,D,C,A,A,H,-,B,D,0,NA,NA,NA,NA,Y,NA,A,07,0,1,3,0,0,0,0,0,0,-,-,33.668270111083984,-117.98857879638672,ORANGE,HUNTINGTON BEACH,NA,NA
8133230,2016,2016-11-16,3000,2016-10-21,2112,5377,921G6,5,5,5,3040,0,0,0,NA,0,743,PACIFIC PARK,ALISO NIGUEL,4,E,N,A,-,N,NA,NA,NA,NA,NA,NA,NA,NA,NA,Y,3,0,3,2,A,-,12,21453,A,N,A,C,A,A,H,-,C,A,0,NA,NA,NA,NA,Y,NA,A,01,0,1,2,0,0,0,0,0,0,-,-,NA,NA,ORANGE,LAGUNA NIGUEL,-117.70566914,33.57004613
81332680,2020,2020-10-28,3001,2020-10-24,1940,A2523,D-3,6,5,7,3001,0,0,0,NA,0,032,ANAHEIM BOULEVARD,KATELLA AVENUE,20,N,N,A,-,N,NA,NA,NA,NA,NA,NA,NA,NA,NA,N,4,0,2,2,A,-,03,22350,NA,F,C,C,A,A,H,-,C,A,0,NA,NA,NA,NA,Y,NA,D,22,0,0,2,0,0,0,0,0,0,-,-,33.80358123779297,-117.90677642822266,ORANGE,ANAHEIM,-117.90670013427734,33.80348587036133
81332696,2020,2020-10-28,3010,2020-10-26,1412,3135,128,1,5,6,3010,0,0,0,NA,0,009,SPRINGDALE ST,SKYLAB RD,0,NA,Y,A,-,N,NA,NA,NA,NA,NA,NA,NA,NA,NA,Y,4,0,3,2,A,-,12,21453,A,N,D,C,A,A,H,-,A,A,0,NA,NA,NA,NA,Y,NA,-,-,0,0,3,0,0,0,0,0,0,-,-,33.74842071533203,-118.0243911743164,ORANGE,HUNTINGTON BEACH,-118.02454376220705,33.748390197753906
8133605,2016,2016-11-21,3019,2016-09-03,1611,3389,NE,6,5,7,3019,0,0,0,NA,0,003,MAIN ST,20TH ST,0,NA,Y,A,-,N,NA,NA,NA,NA,NA,NA,NA,NA,NA,Y,4,0,1,2,A,-,12,21453,A,N,D,C,A,A,H,-,A,A,0,NA,NA,NA,NA,Y,NA,-,-,0,0,1,0,0,0,0,0,0,-,-,33.76277,-117.8675,ORANGE,SANTA ANA,-117.86753001,33.76254009
81338724,2020,2020-11-04,3001,2020-10-29,1202,A1404,NA,4,5,7,3001,0,0,0,NA,0,NA,LINCOLN AVENUE,LA REINA CIRCLE,110,E,N,A,-,N,NA,NA,NA,NA,NA,NA,NA,NA,NA,N,4,0,1,2,D,-,00,NA,NA,N,B,C,A,A,H,-,A,D,0,NA,NA,NA,NA,Y,NA,-,-,0,0,1,0,0,0,0,0,0,-,-,33.83185958862305,-117.97943878173828,ORANGE,ANAHEIM,-117.97920989990234,33.83224868774414
81338725,2020,2020-11-04,3001,2020-11-01,1453,A2382,NA,7,5,7,3001,0,0,0,NA,0,D-1,BALL ROAD,KNOTT AVENUE,352,E,N,A,-,N,NA,NA,NA,NA,NA,NA,NA,NA,NA,Y,4,0,1,2,A,-,09,21804,A,N,D,C,A,A,H,-,A,D,0,NA,NA,NA,NA,Y,NA,A,01,0,0,1,0,0,0,0,0,0,-,-,33.8173713684082,-118.01094818115234,ORANGE,ANAHEIM,-118.0096435546875,33.8172607421875
8133966,2016,2017-02-24,3001,2016-09-12,1325,1670,NA,1,5,7,3001,0,0,0,NA,0,D 1,RT 39,WEST ORANGE AV,528,N,N,B,-,Y,ORA,12,39,-,-,12.28,H,-,N,Y,4,0,1,2,A,-,08,22100,A,N,C,C,A,A,H,-,A,D,0,NA,NA,NA,NA,Y,NA,A,08,0,0,1,0,0,0,0,0,0,-,-,NA,NA,ORANGE,ANAHEIM,-117.99328279,33.82620224
81339810,2020,2020-11-05,3007,2020-10-29,1217,1155,52,4,5,5,3007,0,0,0,NA,0,001,MAGNOLIA,LA ROCA,0,NA,Y,A,-,N,NA,NA,NA,NA,NA,NA,NA,NA,NA,Y,4,0,2,2,A,-,08,22107,NA,N,D,C,A,A,H,-,A,D,0,NA,NA,NA,NA,Y,Y,A,01,0,0,2,0,0,0,0,0,0,-,-,NA,NA,ORANGE,FOUNTAIN VALLEY,-117.9719467163086,33.70349884033203
8134249,2016,2016-10-05,3009,2016-09-21,1049,4500,91,3,5,6,3009,0,0,0,NA,0,1    2,ORANGEWOOD AV,GERALDINE CIR,82,W,N,A,-,N,NA,NA,NA,NA,NA,NA,NA,NA,NA,Y,3,0,1,1,A,-,08,22107,NA,N,A,I,A,A,H,-,A,D,0,NA,NA,NA,NA,Y,NA,D,22,0,1,0,0,0,0,0,0,0,-,-,NA,NA,ORANGE,GARDEN GROVE,-117.95464928,33.79632
81349917,2020,2020-11-20,3001,2020-10-26,0726,A1404,D-2,1,5,7,3001,0,0,0,NA,0,D-2,HARBOR BOULEVARD,SOUTH STREET,0,NA,Y,G,-,N,NA,NA,NA,NA,NA,NA,NA,NA,NA,Y,3,0,2,2,A,-,12,21453,A,N,D,C,A,A,H,-,A,A,0,NA,NA,NA,NA,Y,NA,-,-,0,1,1,0,0,0,0,0,0,-,-,33.82529067993164,-117.91690826416016,ORANGE,ANAHEIM,-117.91667938232422,33.825401306152344
81351967,2020,2020-11-24,3001,2020-11-19,1556,A2367,D-1,4,5,7,3001,0,0,0,NA,0,D-1,BROOKHURST STREET,CATALINA AVENUE,258,S,N,A,-,N,NA,NA,NA,NA,NA,NA,NA,NA,NA,Y,4,0,1,2,A,-,09,21801,A,M,D,C,A,A,H,-,A,D,0,NA,NA,NA,NA,Y,NA,A,01,0,0,1,0,0,0,0,0,0,-,-,33.83565139770508,-117.95879364013672,ORANGE,ANAHEIM,-117.95899963378906,33.83554458618164
81353199,2020,2020-11-25,3010,2020-11-19,1523,3042,282,4,5,6,3010,0,0,0,NA,0,006,TALBERT AVE,BEACH BL - SR39,55,W,N,A,-,N,NA,NA,NA,NA,NA,NA,NA,NA,NA,N,4,0,1,2,A,-,05,21650,1,M,D,G,A,A,H,-,A,D,0,NA,Y,NA,NA,Y,NA,L,04,0,0,1,0,0,0,1,0,0,-,-,33.70122146606445,-117.98912048339844,ORANGE,HUNTINGTON BEACH,-117.98943328857422,33.70122528076172
81354236,2020,2020-11-26,3001,2020-11-11,1900,A1278,NA,3,5,7,3001,0,0,0,NA,0,D-1,MAGNOLIA AVENUE,GREENBRIER AVENUE,179,S,N,A,-,N,NA,NA,NA,NA,NA,NA,NA,NA,NA,Y,3,0,1,2,A,-,11,21954,A,N,G,B,D,A,H,-,C,D,0,Y,NA,NA,NA,Y,NA,N,60,0,1,0,0,1,0,0,0,0,-,-,33.844459533691406,-117.97615814208984,ORANGE,ANAHEIM,-117.9761199951172,33.843929290771484
81364768,2020,2020-12-14,3024,2020-10-03,1953,426,P-21,6,5,5,3024,0,0,0,NA,0,EAST,MAGNOLIA STREET,WESTMINSTER BOULEVARD,40,S,N,A,-,N,NA,NA,NA,NA,NA,NA,NA,NA,NA,N,4,0,3,2,A,-,01,23152,A,N,C,C,A,A,H,-,C,A,0,NA,NA,NA,NA,Y,Y,A,01,0,0,3,0,0,0,0,0,0,-,-,33.75939178466797,-117.97209167480467,ORANGE,WESTMINSTER,-117.97241973876952,33.759300231933594
81367003,2020,2020-12-15,3001,2020-12-03,2043,A1047,NA,4,5,7,3001,0,0,0,NA,0,D-1,LINCOLN AVENUE,BROOKHURST STREET,87,W,N,A,-,N,NA,NA,NA,NA,NA,NA,NA,NA,NA,Y,4,0,2,6,A,-,01,23152,F,N,B,C,A,A,H,-,C,A,0,NA,NA,NA,NA,Y,NA,A,07,0,0,2,0,0,0,0,0,0,-,-,33.8324089050293,-117.95868682861328,ORANGE,ANAHEIM,-117.95925903320313,33.832584381103516
81369002,2020,2020-12-17,3024,2020-11-12,1919,435,P-18,4,5,5,3024,0,0,0,NA,0,WEST,WESTMINSTER BOULEVARD,BEACH BOULEVARD (SR 39),75,W,N,A,-,Y,NA,NA,NA,NA,NA,NA,NA,NA,NA,N,4,0,1,2,A,-,01,23152,A,F,C,C,A,A,H,-,C,A,0,NA,NA,NA,NA,Y,Y,-,35,0,0,1,0,0,0,0,0,0,-,-,NA,NA,ORANGE,WESTMINSTER,-117.99002838134766,33.75927734375
8136994,2016,2016-10-10,3014,2016-09-21,0358,1470,RD13,3,5,5,3014,0,0,0,NA,0,0A1,BALBOA BL W,16TH ST,184,W,N,A,-,N,NA,NA,NA,NA,NA,NA,NA,NA,NA,Y,4,0,1,2,A,-,01,23152,A,N,C,E,A,A,H,-,C,D,0,NA,NA,NA,NA,Y,Y,A,01,0,0,1,0,0,0,0,0,0,-,-,33.6073,-117.9228,ORANGE,NEWPORT BEACH,-117.92277433,33.60733468
8137038,2016,2016-10-10,3016,2016-09-14,1828,2119,28,3,5,5,3016,0,0,0,NA,0,002,KRAEMER BL,LIVINGSTON AV,0,NA,Y,A,-,N,NA,NA,NA,NA,NA,NA,NA,NA,NA,Y,3,0,1,2,A,-,07,21658,A,N,D,C,A,A,H,-,B,D,0,NA,NA,NA,NA,Y,NA,A,01,0,1,0,0,0,0,0,0,0,-,-,33.89298,-117.86342,ORANGE,PLACENTIA,-117.86367008,33.89287005
81370693,2020,2020-12-18,3015,2020-12-05,1458,1598,21W,6,5,6,3015,0,0,0,NA,0,712M,LEWIS ST,METROPOLITAN DR,0,NA,Y,A,-,N,NA,NA,NA,NA,NA,NA,NA,NA,NA,Y,3,0,1,2,A,-,10,21950,A,N,G,B,B,A,H,-,A,A,0,Y,NA,NA,NA,Y,NA,A,01,0,1,0,0,1,0,0,0,0,-,-,33.78171920776367,-117.89759063720705,ORANGE,ORANGE,-117.8974609375,33.78171157836914