CASE_ID,ACCIDENT_YEAR,PROC_DATE,JURIS,COLLISION_DATE,COLLISION_TIME,OFFICER_ID,REPORTING_DISTRICT,DAY_OF_WEEK,CHP_SHIFT,POPULATION,CNTY_CITY_LOC,SPECIAL_COND,BEAT_TYPE,CHP_BEAT_TYPE,CITY_DIVISION_LAPD,CHP_BEAT_CLASS,BEAT_NUMBER,PRIMARY_RD,SECONDARY_RD,DISTANCE,DIRECTION,INTERSECTION,WEATHER_1,WEATHER_2,STATE_HWY_IND,CALTRANS_COUNTY,CALTRANS_DISTRICT,STATE_ROUTE,ROUTE_SUFFIX,POSTMILE_PREFIX,POSTMILE,LOCATION_TYPE,RAMP_INTERSECTION,SIDE_OF_HWY,TOW_AWAY,COLLISION_SEVERITY,NUMBER_KILLED,NUMBER_INJURED,PARTY_COUNT,PRIMARY_COLL_FACTOR,PCF_CODE_OF_VIOL,PCF_VIOL_CATEGORY,PCF_VIOLATION,PCF_VIOL_SUBSECTION,HIT_AND_RUN,TYPE_OF_COLLISION,MVIW,PED_ACTION,ROAD_SURFACE,ROAD_COND_1,ROAD_COND_2,LIGHTING,CONTROL_DEVICE,CHP_ROAD_TYPE,PEDESTRIAN_ACCIDENT,BICYCLE_ACCIDENT,MOTORCYCLE_ACCIDENT,TRUCK_ACCIDENT,NOT_PRIVATE_PROPERTY,ALCOHOL_INVOLVED,STWD_VEHTYPE_AT_FAULT,CHP_VEHTYPE_AT_FAULT,COUNT_SEVERE_INJ,COUNT_VISIBLE_INJ,COUNT_COMPLAINT_PAIN,COUNT_PED_KILLED,COUNT_PED_INJURED,COUNT_BICYCLIST_KILLED,COUNT_BICYCLIST_INJURED,COUNT_MC_KILLED,COUNT_MC_INJURED,PRIMARY_RAMP,SECONDARY_RAMP,LATITUDE,LONGITUDE,COUNTY,CITY,POINT_X,POINT_Y
81444642,2021,2021-04-07,3001,2021-03-31,1945,A2187,D-1,3,5,7,3001,0,0,0,NA,0,NA,BEACH BOULEVARD,ORANGE AVENUE,89,S,N,A,-,N,NA,NA,NA,NA,NA,NA,NA,NA,NA,Y,4,0,2,2,A,-,03,22350,NA,N,C,C,A,A,H,-,C,A,0,NA,NA,NA,NA,Y,NA,A,01,0,0,2,0,0,0,0,0,0,-,-,33.82463073730469,-117.9934310913086,ORANGE,ANAHEIM,-117.99324798583984,33.82451629638672
81444645,2021,2021-04-07,3001,2021-04-01,1029,A1880,D-2,4,5,7,3001,0,0,0,NA,0,D-2,EUCLID STREET,GLEN AVE,1,N,N,A,-,N,NA,NA,NA,NA,NA,NA,NA,NA,NA,Y,3,0,4,3,A,-,09,21801,A,N,D,C,A,A,H,-,A,A,0,NA,NA,NA,NA,Y,NA,A,08,0,1,3,0,0,0,0,0,0,-,-,NA,NA,ORANGE,ANAHEIM,-117.94168853759766,33.84825134277344
81446775,2021,2021-04-09,3002,2021-03-18,1817,1674,NA,4,5,4,3002,0,0,0,NA,0,014,JUNIPER ST,BREA BL,149,W,N,A,-,N,NA,NA,NA,NA,NA,NA,NA,NA,NA,Y,4,0,1,2,A,-,09,21804,A,N,D,C,A,A,H,-,A,D,0,NA,NA,NA,NA,Y,NA,A,07,0,0,1,0,0,0,0,0,0,-,-,33.90700149536133,-117.90566253662108,ORANGE,BREA,-117.90596771240234,33.907100677490234
81449875,2021,2021-04-14,3019,2021-03-16,2215,3738,SC,2,5,7,3019,0,0,0,NA,0,004,EDINGER AVENUE,MOHAWK DRIVE,0,NA,Y,A,-,N,NA,NA,NA,NA,NA,NA,NA,NA,NA,Y,4,0,1,2,A,-,12,22450,A,M,D,C,A,A,H,-,C,A,0,NA,NA,NA,NA,Y,NA,A,01,0,0,1,0,0,0,0,0,0,-,-,33.72721862792969,-117.9120864868164,ORANGE,SANTA ANA,-117.91162872314452,33.72743606567383
81450786,2021,2021-04-15,3001,2021-04-11,1226,A2636,D-1,7,5,7,3001,0,0,0,NA,0,NA,KNOTT AVENUE,ARIEL PLACE,48,S,N,A,-,N,NA,NA,NA,NA,NA,NA,NA,NA,NA,Y,3,0,2,2,A,-,08,22107,NA,N,B,C,A,A,H,-,A,D,0,NA,NA,NA,NA,Y,NA,A,01,0,1,1,0,0,0,0,0,0,-,-,33.82609176635742,-118.01087188720705,ORANGE,ANAHEIM,-118.01088714599608,33.82584762573242
81450812,2021,2021-04-15,3019,2021-04-09,2031,3549,SE,5,5,7,3019,0,0,0,NA,0,003,WARNER AVENUE,MAIN STREET,0,NA,Y,A,-,N,NA,NA,NA,NA,NA,NA,NA,NA,NA,N,3,0,1,3,A,-,03,22350,NA,N,C,C,A,A,H,-,C,A,0,NA,NA,Y,NA,Y,NA,O,05,0,1,0,0,0,0,0,0,1,-,-,33.71622085571289,-117.86795806884766,ORANGE,SANTA ANA,-117.86792755126952,33.716033935546875
8145125,2016,2016-10-13,3026,2016-09-27,1739,7094,NA,2,5,6,3026,0,0,0,NA,0,00C,IRVINE CENTER DR,BEARPAW,33,W,N,B,-,N,NA,NA,NA,NA,NA,NA,NA,NA,NA,Y,4,0,1,2,D,-,00,NA,NA,N,C,C,A,A,H,-,A,D,0,NA,NA,NA,NA,Y,NA,-,-,0,0,1,0,0,0,0,0,0,-,-,NA,NA,ORANGE,IRVINE,-117.79689324,33.69229781
81451558,2021,2021-04-16,3001,2021-03-27,1924,A2387,D-1,6,5,7,3001,0,0,0,NA,0,015,BROOKHURST STREET,CATALINA AVENUE,8,S,N,A,-,N,NA,NA,NA,NA,NA,NA,NA,NA,NA,N,2,0,1,2,A,-,10,21950,A,F,G,B,B,A,H,-,A,A,0,Y,NA,NA,NA,Y,NA,D,22,1,0,0,0,1,0,0,0,0,-,-,33.83604049682617,-117.95922088623048,ORANGE,ANAHEIM,-117.95899963378906,33.83625793457031
8145173,2016,2016-10-13,3026,2016-09-28,1009,197,NA,3,5,6,3026,0,0,0,NA,0,00U,MICHELSON,HARVARD,0,NA,Y,A,-,N,NA,NA,NA,NA,NA,NA,NA,NA,NA,Y,4,0,2,2,A,-,12,21453,A,N,D,C,A,A,H,-,A,A,0,NA,NA,NA,NA,Y,NA,A,01,0,0,2,0,0,0,0,0,0,-,-,NA,NA,ORANGE,IRVINE,-117.83334012,33.67058001
8145445,2016,2016-10-17,3010,2016-09-22,1644,2116,281,4,5,6,3010,0,0,0,NA,0,006,GOTHARD,TALBERT,30,N,N,A,-,N,NA,NA,NA,NA,NA,NA,NA,NA,NA,Y,3,0,1,2,A,-,08,22107,NA,N,A,C,A,A,H,-,A,A,0,NA,NA,NA,NA,Y,NA,A,07,0,1,0,0,0,0,0,0,0,-,-,NA,NA,ORANGE,HUNTINGTON BEACH,-117.99988111,33.70119225
81454719,2021,2021-04-21,3001,2021-04-13,1240,A1404,NA,2,5,7,3001,0,0,0,NA,0,NA,BROOKHURST STREET,CATALINA AVENUE,0,NA,Y,B,-,N,NA,NA,NA,NA,NA,NA,NA,NA,NA,Y,3,0,1,2,A,-,09,21801,A,N,D,C,A,A,H,-,A,A,0,NA,NA,NA,NA,Y,NA,A,01,0,1,0,0,0,0,0,0,0,-,-,33.83604049682617,-117.95922088623048,ORANGE,ANAHEIM,-117.95899963378906,33.83628463745117
8145481,2016,2016-10-17,3009,2016-09-26,1520,3739,34,1,5,6,3009,0,0,0,NA,0,011,LAMPSON AV,KNOTT ST,0,NA,Y,A,-,N,NA,NA,NA,NA,NA,NA,NA,NA,NA,N,2,0,1,2,A,-,09,21801,A,N,D,C,A,A,H,-,A,A,0,NA,NA,Y,NA,Y,NA,A,08,1,0,0,0,0,0,0,0,1,-,-,NA,NA,ORANGE,GARDEN GROVE,-118.01117003,33.78101006
8145485,2016,2016-10-17,3009,2016-09-30,1625,1604,091,5,5,6,3009,0,0,0,NA,0,012,GILBERT ST,MAUREEN DR,0,NA,Y,A,-,N,NA,NA,NA,NA,NA,NA,NA,NA,NA,Y,4,0,3,2,A,-,09,21801,A,N,A,C,A,A,H,-,A,A,0,NA,NA,NA,NA,Y,NA,A,01,0,0,3,0,0,0,0,0,0,-,-,NA,NA,ORANGE,GARDEN GROVE,-117.96754013,33.8020201
81455611,2021,2021-04-22,3001,2021-04-18,2109,A2447,NA,7,5,7,3001,0,0,0,NA,0,NA,EAST SANTA ANA CANYON RD,AVENIDA MARGARITA,0,NA,Y,A,-,N,NA,NA,NA,NA,NA,NA,NA,NA,NA,N,3,0,1,2,D,-,00,NA,NA,N,D,C,A,A,H,-,C,A,0,NA,NA,NA,NA,Y,NA,-,-,0,1,0,0,0,0,0,0,0,-,-,NA,NA,ORANGE,ANAHEIM,-117.79335021972656,33.85136795043945
81456710,2021,2021-04-23,3001,2021-04-19,2201,A1252,NA,1,5,7,3001,0,0,0,NA,0,NA,BALL ROAD,PARK CIRCLE,0,NA,Y,A,-,N,NA,NA,NA,NA,NA,NA,NA,NA,NA,Y,4,0,1,3,A,-,09,21804,A,N,D,C,A,A,H,-,C,D,0,NA,NA,NA,NA,Y,NA,A,07,0,0,1,0,0,0,0,0,0,-,-,33.81760025024414,-117.947509765625,ORANGE,ANAHEIM,-117.94747924804688,33.81788635253906
81458845,2021,2021-04-27,3015,2021-04-23,1625,1250,RD51,5,5,6,3015,0,0,0,NA,0,332,MAIN ST,SYCAMORE AVE,0,NA,Y,A,-,N,NA,NA,NA,NA,NA,NA,NA,NA,NA,Y,3,0,1,2,A,-,09,21802,A,N,D,C,A,A,H,-,A,D,0,NA,NA,NA,NA,Y,NA,A,07,0,1,0,0,0,0,0,0,0,-,-,33.79304885864258,-117.86653137207033,ORANGE,ORANGE,-117.86655426025392,33.79298400878906
81460901,2021,2021-04-29,3019,2021-03-26,2245,3727,WE,5,5,7,3019,0,0,0,NA,0,002,1ST STREET,FAIRVIEW STREET,100,E,N,-,-,N,NA,NA,NA,NA,NA,NA,NA,NA,NA,N,4,0,3,2,A,-,04,21703,NA,M,C,C,A,A,H,-,C,D,0,NA,NA,NA,NA,Y,Y,D,22,0,0,3,0,0,0,0,0,0,-,-,33.74531173706055,-117.9052505493164,ORANGE,SANTA ANA,-117.90503692626952,33.745330810546875
81462798,2021,2021-04-30,3001,2021-04-27,1243,A2382,NA,2,5,7,3001,0,0,0,NA,0,D-1,BALL ROAD,PERDIDO STREET,385,E,N,A,-,N,NA,NA,NA,NA,NA,NA,NA,NA,NA,Y,4,0,1,2,A,-,03,22350,NA,N,C,C,A,A,H,-,A,D,0,NA,NA,NA,NA,Y,NA,A,01,0,0,1,0,0,0,0,0,0,-,-,33.81718063354492,-117.96296691894533,ORANGE,ANAHEIM,-117.96156311035156,33.8177604675293
81466653,2021,2021-05-06,3019,2021-03-19,1800,3656,SE,5,5,7,3019,0,0,0,NA,0,003,EDINGER AVENUE,LYON STREET,0,NA,Y,A,-,N,NA,NA,NA,NA,NA,NA,NA,NA,NA,Y,4,0,2,2,A,-,12,21453,A,N,D,C,A,A,H,-,A,A,0,NA,NA,NA,NA,Y,NA,A,01,0,0,2,0,0,0,0,0,0,-,-,33.72663116455078,-117.844970703125,ORANGE,SANTA ANA,-117.84516143798828,33.7266731262207
8146830,2016,2016-10-19,3001,2016-09-30,1448,2227,NA,5,5,7,3001,0,0,0,NA,0,0D3,DISNEY WY,SOUTH ANAHEIM BL,0,NA,Y,A,-,N,NA,NA,NA,NA,NA,NA,NA,NA,NA,Y,4,0,1,2,A,-,09,21453,C,N,D,C,A,A,H,-,A,A,0,NA,NA,NA,NA,Y,NA,A,07,0,0,1,0,0,0,0,0,0,-,-,NA,NA,ORANGE,ANAHEIM,-117.90649,33.80587007
81468379,2021,2021-05-10,3015,2021-04-16,2158,1240,RD11,5,5,6,3015,0,0,0,NA,0,723-M,CHAPMAN AVE,LEWIS ST,256,E,N,A,-,N,NA,NA,NA,NA,NA,NA,NA,NA,NA,N,4,0,1,2,A,-,01,23152,F,N,B,D,A,A,H,-,A,D,0,NA,NA,NA,NA,Y,NA,A,07,0,0,1,0,0,0,0,0,0,-,-,33.78892135620117,-117.89749908447266,ORANGE,ORANGE,-117.89666748046876,33.78886795043945
8146842,2016,2016-10-19,3026,2016-09-20,1724,5697094,IRVIN,2,5,6,3026,0,0,0,NA,0,00U,EXECUTIVE PARK,MAIN ST,8,S,N,A,-,N,NA,NA,NA,NA,NA,NA,NA,NA,NA,N,3,0,1,2,A,-,21,22106,NA,N,H,G,A,A,H,-,A,A,0,NA,Y,NA,NA,Y,NA,A,01,0,1,0,0,0,0,1,0,0,-,-,NA,NA,ORANGE,IRVINE,-117.85969307,33.68697099
81469210,2021,2021-05-10,3014,2021-04-18,1601,1418,RD42,7,5,5,3014,0,0,0,NA,0,A3,AGATE AVE,PARK AVE,248,S,N,A,-,N,NA,NA,NA,NA,NA,NA,NA,NA,NA,N,3,0,1,2,A,-,03,22350,NA,N,G,B,D,A,H,-,A,D,0,Y,NA,NA,NA,Y,NA,A,01,0,1,0,0,1,0,0,0,0,-,-,33.6060905456543,-117.89779663085938,ORANGE,NEWPORT BEACH,-117.89788055419922,33.60615158081055
81470677,2021,2021-05-12,3019,2021-03-26,1838,3730,SE,5,5,7,3019,0,0,0,NA,0,003,1ST STREET,RAITT STREET,0,NA,Y,A,-,N,NA,NA,NA,NA,NA,NA,NA,NA,NA,N,3,0,1,1,A,-,08,22107,NA,N,F,A,A,A,H,-,B,A,0,NA,NA,Y,NA,Y,NA,C,02,0,1,0,0,0,0,0,0,1,-,-,33.74530029296875,-117.89309692382813,ORANGE,SANTA ANA,-117.89315032958984,33.745399475097656
81472087,2021,2021-05-13,3019,2021-03-26,1514,3553,WE,5,5,7,3019,0,0,0,NA,0,001,EDINGER AVENUE,NEWHOPE STREET,177,E,N,A,-,Y,NA,NA,NA,NA,NA,NA,NA,NA,NA,N,4,0,2,2,A,-,08,22107,NA,N,D,C,A,A,H,-,A,D,0,NA,NA,NA,NA,Y,NA,A,01,0,0,2,0,0,0,0,0,0,-,-,33.73094940185547,-117.92900848388672,ORANGE,SANTA ANA,-117.9280014038086,33.73099899291992
81472122,2021,2021-05-13,3019,2021-04-04,1230,3699,NE,7,5,7,3019,0,0,0,NA,0,002,17TH STREET,GRAND AVENUE,300,E,N,A,-,N,NA,NA,NA,NA,NA,NA,NA,NA,NA,Y,4,0,1,2,A,-,03,22350,NA,N,D,C,A,A,H,-,A,D,0,NA,NA,NA,NA,Y,NA,A,01,0,0,1,0,0,0,0,0,0,-,-,33.75992965698242,-117.85192108154295,ORANGE,SANTA ANA,-117.85093688964844,33.759918212890625
81472124,2021,2021-05-13,3019,2021-05-06,0615,3729,NE,4,5,7,3019,0,0,0,NA,0,002,5TH STREET,ROSS STREET,10,N,N,B,-,N,NA,NA,NA,NA,NA,NA,NA,NA,NA,Y,4,0,3,2,A,-,09,21801,A,N,D,C,A,A,D,-,A,A,0,NA,NA,NA,NA,Y,NA,D,22,0,0,3,0,0,0,0,0,0,-,-,33.74877166748047,-117.87217712402344,ORANGE,SANTA ANA,-117.87246704101563,33.74890899658203
81477367,2021,2021-05-20,3010,2021-05-11,1133,0147,148,2,5,6,3010,0,0,0,NA,0,009,EDINGER AVE,SPRINGDALE ST,361,E,N,A,-,N,NA,NA,NA,NA,NA,NA,NA,NA,NA,Y,4,0,1,2,A,-,09,21804,A,N,D,C,A,A,H,-,A,D,0,NA,NA,NA,NA,Y,NA,A,07,0,0,1,0,0,0,0,0,0,-,-,33.72996139526367,-118.02449035644533,ORANGE,HUNTINGTON BEACH,-118.02294921875,33.72998809814453
8147738,2016,2016-10-20,3002,2016-10-05,1428,1395,528Y,3,5,4,3002,0,0,0,NA,0,1428,CANYONDALE DR,BREA CANYON RD,26,E,N,A,-,N,NA,NA,NA,NA,NA,NA,NA,NA,NA,N,3,0,1,1,A,-,03,22350,NA,N,E,I,A,A,H,-,A,D,0,NA,NA,NA,NA,Y,NA,D,22,0,1,0,0,0,0,0,0,0,-,-,NA,NA,ORANGE,BREA,-117.89319835,33.93421883
81478486,2021,2021-05-21,3001,2021-05-15,1607,A1397,NA,6,5,7,3001,0,0,0,NA,0,D-3,HARBOR BOULEVARD,BALL ROAD,79,S,N,B,-,N,NA,NA,NA,NA,NA,NA,NA,NA,NA,N,4,0,2,3,A,-,07,21658,A,N,D,C,A,A,H,-,A,A,0,NA,NA,NA,NA,Y,NA,A,07,0,0,2,0,0,0,0,0,0,-,-,NA,NA,ORANGE,ANAHEIM,-117.9155044555664,33.817813873291016
81480621,2021,2021-05-25,3019,2021-04-23,1353,3553,WE,5,5,7,3019,0,0,0,NA,0,001,MCFADDEN AVENUE,JACKSON STREET,543,E,N,B,-,N,NA,NA,NA,NA,NA,NA,NA,NA,NA,N,4,0,1,2,A,-,03,22350,NA,N,C,C,A,A,H,-,A,D,0,NA,NA,NA,NA,Y,NA,A,01,0,0,1,0,0,0,0,0,0,-,-,33.73847961425781,-117.915771484375,ORANGE,SANTA ANA,-117.91456604003906,33.73825454711914
81485363,2021,2021-05-31,3015,2021-05-26,1651,1240,RD27,3,5,6,3015,0,0,0,NA,0,723-M,BATAVIA ST,SOUTHERN AVE,0,NA,Y,A,-,N,NA,NA,NA,NA,NA,NA,NA,NA,NA,N,3,0,1,2,A,-,09,21802,A,N,D,G,A,A,H,-,A,A,0,NA,Y,NA,NA,Y,NA,A,01,0,1,0,0,0,0,1,0,0,-,-,33.82495880126953,-117.86138153076172,ORANGE,ORANGE,-117.86209869384766,33.825347900390625
81485424,2021,2021-05-31,3019,2021-05-19,0711,3726,SC,3,5,7,3019,0,0,0,NA,0,004,BRISTOL STREET,SEGERSTROM AVENUE,292,N,N,B,-,N,NA,NA,NA,NA,NA,NA,NA,NA,NA,Y,4,0,1,2,A,-,09,21801,A,N,D,C,A,A,H,-,A,D,0,NA,NA,NA,NA,Y,NA,A,01,0,0,1,0,0,0,0,0,0,-,-,33.70745086669922,-117.8852996826172,ORANGE,SANTA ANA,-117.8854522705078,33.708229064941406
81485873,2021,2021-06-01,3015,2021-05-20,0241,1545,56,4,5,6,3015,0,0,0,NA,0,112,HANDY ST,MAYFAIR AVE,18,N,N,A,-,N,NA,NA,NA,NA,NA,NA,NA,NA,NA,Y,2,0,1,1,A,-,08,22107,NA,N,E,I,A,A,H,-,C,D,0,NA,NA,NA,NA,Y,Y,D,22,1,0,0,0,0,0,0,0,0,-,-,33.79964065551758,-117.8268585205078,ORANGE,ORANGE,-117.8269271850586,33.79962921142578
81485941,2021,2021-06-01,3019,2021-05-21,1542,3553,SE,5,5,7,3019,0,0,0,NA,0,003,BROADWAY,POMONA STREET,293,N,N,A,-,N,NA,NA,NA,NA,NA,NA,NA,NA,NA,N,3,0,1,3,A,-,03,22350,NA,N,C,C,A,A,H,-,A,A,0,NA,NA,NA,NA,Y,NA,A,08,0,1,0,0,0,0,0,0,0,-,-,33.7251091003418,-117.87004852294922,ORANGE,SANTA ANA,-117.86991119384766,33.72597122192383
8148809,2016,2017-02-28,3014,2016-09-30,1319,1395,RD26,5,5,5,3014,0,0,0,NA,0,0A2,RT 1,DOVER DR,165,W,N,A,-,Y,ORA,12,1,-,R,18.49,H,-,N,Y,4,0,2,2,A,-,03,22350,NA,N,C,C,A,A,H,-,A,D,0,NA,NA,NA,NA,Y,NA,A,01,0,0,2,0,0,0,0,0,0,-,-,33.61626,-117.90777,ORANGE,NEWPORT BEACH,-117.9079781,33.61613561
81489174,2021,2021-06-04,3001,2021-05-24,1034,A2187,D-1,1,5,7,3001,0,0,0,NA,0,NA,KNOTT AVENUE,ARIEL PLACE,111,S,N,A,-,N,NA,NA,NA,NA,NA,NA,NA,NA,NA,Y,3,0,2,2,A,-,09,21801,A,N,D,C,A,A,H,-,A,D,0,NA,NA,NA,NA,Y,NA,A,01,0,1,1,0,0,0,0,0,0,-,-,33.82609176635742,-118.01087188720705,ORANGE,ANAHEIM,-118.01088714599608,33.82567596435547
81489181,2021,2021-06-04,3001,2021-05-24,2052,A1231,NA,1,5,7,3001,0,0,0,NA,0,D-1,BROADWAY,GILBERT STREET,127,W,N,A,-,N,NA,NA,NA,NA,NA,NA,NA,NA,NA,N,4,0,1,2,A,-,03,22350,NA,N,C,C,A,A,H,-,C,D,0,NA,NA,NA,NA,Y,NA,D,22,0,0,1,0,0,0,0,0,0,-,-,33.82870101928711,-117.96745300292967,ORANGE,ANAHEIM,-117.96802520751952,33.828712463378906
8148990,2016,2016-10-20,3014,2016-10-09,1016,1346,RD33,7,5,5,3014,0,0,0,NA,0,0A3,JAMBOREE RD,BRISTOL ST S,0,NA,Y,A,-,N,NA,NA,NA,NA,NA,NA,NA,NA,NA,N,3,0,3,2,A,-,12,21453,A,N,D,C,A,A,H,-,A,A,0,NA,NA,NA,NA,Y,NA,A,01,0,1,2,0,0,0,0,0,0,-,-,33.6551,-117.86549,ORANGE,NEWPORT BEACH,-117.86541006,33.65495008
81490023,2021,2021-06-07,3015,2021-05-28,1416,1507,NA,5,5,6,3015,0,0,0,NA,0,721M,CHAPMAN AVE,SR 5 FREEWAY SB ON RAMP,0,NA,Y,A,-,Y,NA,NA,NA,NA,NA,NA,NA,NA,NA,N,4,0,3,2,D,-,00,NA,NA,N,B,C,A,A,H,-,A,A,0,NA,NA,NA,NA,Y,NA,-,-,0,0,3,0,0,0,0,0,0,-,-,NA,NA,ORANGE,ORANGE,-117.88787078857422,33.78948211669922
8149340,2016,2016-10-21,3019,2016-09-25,1413,3423,WE,7,5,7,3019,0,0,0,NA,0,001,MCFADDEN AV,NEW HOPE,100,W,N,A,-,N,NA,NA,NA,NA,NA,NA,NA,NA,NA,N,4,0,1,2,A,-,03,22350,NA,N,C,C,A,A,H,-,A,D,0,NA,NA,NA,NA,Y,NA,A,01,0,0,1,0,0,0,0,0,0,-,-,NA,NA,ORANGE,SANTA ANA,-117.92897816,33.73823
81493533,2021,2021-06-10,3001,2021-05-29,1751,A1397,NA,6,5,7,3001,0,0,0,NA,0,D-2,EUCLID STREET,ROMNEYA DRIVE,135,N,N,A,-,N,NA,NA,NA,NA,NA,NA,NA,NA,NA,N,4,0,3,2,A,-,03,22350,NA,M,C,C,A,A,H,-,A,A,0,NA,NA,NA,NA,Y,NA,A,07,0,0,3,0,0,0,0,0,0,-,-,NA,NA,ORANGE,ANAHEIM,-117.94178009033205,33.85103988647461
81495714,2021,2021-06-14,3010,2021-06-08,1424,1208,164,2,5,6,3010,0,0,0,NA,0,008,SIMS ST,MILO ST,134,S,N,A,-,N,NA,NA,NA,NA,NA,NA,NA,NA,NA,Y,4,0,2,3,A,-,09,21804,A,N,D,C,A,A,H,-,A,D,0,NA,NA,NA,NA,Y,NA,A,01,0,0,2,0,0,0,0,0,0,-,-,33.71704864501953,-118.04802703857422,ORANGE,HUNTINGTON BEACH,-118.04795074462892,33.716773986816406
8149718,2016,2016-10-24,3024,2016-10-13,1414,329,P04,4,5,5,3024,0,0,0,NA,0,WEST,EDWARDS ST,IROQUOIS RD,102,S,N,A,-,N,NA,NA,NA,NA,NA,NA,NA,NA,NA,Y,3,0,1,2,A,-,21,22106,NA,N,D,C,A,A,H,-,A,D,0,NA,NA,NA,NA,Y,NA,A,01,0,1,0,0,0,0,0,0,0,-,-,NA,NA,ORANGE,WESTMINSTER,-118.01607395,33.77041065
81497917,2021,2021-06-16,3015,2021-05-22,0204,1556,RD84N,6,5,6,3015,0,0,0,NA,0,132,CANNON ST,SANTIAGO CANYON RD,320,S,N,A,-,N,NA,NA,NA,NA,NA,NA,NA,NA,NA,Y,3,0,1,1,A,-,01,23152,A,N,E,I,A,A,H,-,C,A,0,NA,NA,NA,NA,Y,Y,A,01,0,1,0,0,0,0,0,0,0,-,-,33.81135940551758,-117.79541778564452,ORANGE,ORANGE,-117.79548645019533,33.81142044067383
81498951,2021,2021-06-17,3001,2021-06-10,0739,A1555,D-2,4,5,7,3001,0,0,0,NA,0,D-2,SOUTH STREET,SUNKIST STREET,303,W,N,A,-,N,NA,NA,NA,NA,NA,NA,NA,NA,NA,Y,3,0,1,1,A,-,05,21650,NA,M,E,I,A,A,H,-,A,D,0,NA,NA,NA,NA,Y,NA,A,01,0,1,0,0,0,0,0,0,0,-,-,33.832550048828125,-117.88079833984376,ORANGE,ANAHEIM,-117.88152313232422,33.83264923095703
81500027,2021,2021-06-18,3010,2021-06-12,2224,1015,462,6,5,6,3010,0,0,0,NA,0,002,ATLANTA AVE,BEACH BL - SR39 (W),205,W,N,A,-,Y,NA,NA,NA,NA,NA,NA,NA,NA,NA,Y,4,0,1,2,A,-,01,23152,A,F,C,C,A,A,H,-,C,D,0,NA,NA,NA,NA,Y,Y,A,07,0,0,1,0,0,0,0,0,0,-,-,33.65773010253906,-117.98841094970705,ORANGE,HUNTINGTON BEACH,-117.98891448974608,33.65761184692383
8150126,2016,2016-10-21,3019,2016-09-17,1230,3327,SC,6,5,7,3019,0,0,0,NA,0,004,WARNER AV,FAIRVIEW ST,0,NA,Y,A,-,N,NA,NA,NA,NA,NA,NA,NA,NA,NA,Y,3,0,1,2,A,-,09,21453,C,N,A,C,A,A,H,-,A,A,0,NA,NA,NA,NA,Y,NA,A,01,0,1,0,0,0,0,0,0,0,-,-,33.71525,-117.90805,ORANGE,SANTA ANA,-117.9079001,33.71521009
81502558,2021,2021-06-22,3014,2021-06-11,1746,1471,RD34,5,5,5,3014,0,0,0,NA,0,A3,JAMBOREE RD,FAIRCHILD RD,800,N,N,A,-,N,NA,NA,NA,NA,NA,NA,NA,NA,NA,Y,3,0,1,2,A,-,03,22350,NA,N,C,E,A,A,H,-,A,D,0,NA,NA,NA,NA,Y,NA,A,07,0,1,0,0,0,0,0,0,0,-,-,33.66230010986328,-117.85819244384766,ORANGE,NEWPORT BEACH,-117.85825347900392,33.662166595458984
81509399,2021,2021-06-30,3019,2021-05-25,1233,3553,NE,2,5,7,3019,0,0,0,NA,0,002,MAIN STREET,EDGEWOOD ROAD,697,N,N,A,-,N,NA,NA,NA,NA,NA,NA,NA,NA,NA,N,4,0,1,2,A,-,03,22350,NA,N,C,C,A,A,H,-,A,D,0,NA,NA,NA,NA,Y,NA,A,07,0,0,1,0,0,0,0,0,0,-,-,33.769100189208984,-117.86731719970705,ORANGE,SANTA ANA,-117.86746215820313,33.7712287902832
8151150,2016,2016-12-12,3014,2016-10-14,2027,1470,RD39,5,5,5,3014,0,0,0,NA,0,0A3,RT 1,AVOCADO ST,24,E,N,A,-,N,NA,NA,NA,NA,NA,NA,NA,NA,NA,Y,4,0,3,2,A,-,12,21453,A,N,D,C,A,A,H,-,C,A,0,NA,NA,NA,NA,Y,NA,A,01,0,0,3,0,0,0,0,0,0,-,-,33.3634,-117.5256,ORANGE,NEWPORT BEACH,-117.875875,33.605559
81511593,2021,2021-07-02,3001,2021-06-22,2139,A1278,NA,2,5,7,3001,0,0,0,NA,0,D-2,ANAHEIM BOULEVARD,SOUTH STREET,0,NA,Y,A,-,N,NA,NA,NA,NA,NA,NA,NA,NA,NA,Y,3,0,3,2,A,-,12,21453,A,N,D,C,A,A,H,-,C,A,0,NA,NA,NA,NA,Y,NA,A,01,0,1,2,0,0,0,0,0,0,-,-,33.82548904418945,-117.91097259521484,ORANGE,ANAHEIM,-117.91098785400392,33.82673263549805
81514168,2021,2021-07-07,3019,2021-06-10,1907,3709,WE,4,5,7,3019,0,0,0,NA,0,001,1ST STREET,HARBOR BOULEVARD,508,W,N,A,-,N,NA,NA,NA,NA,NA,NA,NA,NA,NA,N,4,0,2,2,A,-,09,21804,A,N,A,C,A,A,H,-,A,A,0,NA,NA,NA,NA,Y,NA,A,01,0,0,2,0,0,0,0,0,0,-,-,33.74504089355469,-117.92022705078124,ORANGE,SANTA ANA,-117.92184448242188,33.74515151977539