CASE_ID,ACCIDENT_YEAR,PROC_DATE,JURIS,COLLISION_DATE,COLLISION_TIME,OFFICER_ID,REPORTING_DISTRICT,DAY_OF_WEEK,CHP_SHIFT,POPULATION,CNTY_CITY_LOC,SPECIAL_COND,BEAT_TYPE,CHP_BEAT_TYPE,CITY_DIVISION_LAPD,CHP_BEAT_CLASS,BEAT_NUMBER,PRIMARY_RD,SECONDARY_RD,DISTANCE,DIRECTION,INTERSECTION,WEATHER_1,WEATHER_2,STATE_HWY_IND,CALTRANS_COUNTY,CALTRANS_DISTRICT,STATE_ROUTE,ROUTE_SUFFIX,POSTMILE_PREFIX,POSTMILE,LOCATION_TYPE,RAMP_INTERSECTION,SIDE_OF_HWY,TOW_AWAY,COLLISION_SEVERITY,NUMBER_KILLED,NUMBER_INJURED,PARTY_COUNT,PRIMARY_COLL_FACTOR,PCF_CODE_OF_VIOL,PCF_VIOL_CATEGORY,PCF_VIOLATION,PCF_VIOL_SUBSECTION,HIT_AND_RUN,TYPE_OF_COLLISION,MVIW,PED_ACTION,ROAD_SURFACE,ROAD_COND_1,ROAD_COND_2,LIGHTING,CONTROL_DEVICE,CHP_ROAD_TYPE,PEDESTRIAN_ACCIDENT,BICYCLE_ACCIDENT,MOTORCYCLE_ACCIDENT,TRUCK_ACCIDENT,NOT_PRIVATE_PROPERTY,ALCOHOL_INVOLVED,STWD_VEHTYPE_AT_FAULT,CHP_VEHTYPE_AT_FAULT,COUNT_SEVERE_INJ,COUNT_VISIBLE_INJ,COUNT_COMPLAINT_PAIN,COUNT_PED_KILLED,COUNT_PED_INJURED,COUNT_BICYCLIST_KILLED,COUNT_BICYCLIST_INJURED,COUNT_MC_KILLED,COUNT_MC_INJURED,PRIMARY_RAMP,SECONDARY_RAMP,LATITUDE,LONGITUDE,COUNTY,CITY,POINT_X,POINT_Y
81722675,2022,2022-03-15,3019,2022-02-18,2256,3788,NE,5,5,7,3019,0,0,0,NA,0,002,FAIRMONT STREET,LINCOLN,46,W,N,A,-,N,NA,NA,NA,NA,NA,NA,NA,NA,NA,N,4,0,1,2,A,-,11,21954,A,F,G,B,D,A,H,-,C,D,0,Y,NA,NA,NA,Y,NA,N,60,0,0,1,0,1,0,0,0,0,-,-,33.75859832763672,-117.85803985595705,ORANGE,SANTA ANA,-117.8563232421875,33.75765609741211
81723642,2022,2022-03-16,3015,2022-02-28,1737,1530,65E,1,5,6,3015,0,0,0,NA,0,733M,KATELLA AVE,CALIFORNIA ST,624,E,N,A,-,N,NA,NA,NA,NA,NA,NA,NA,NA,NA,N,4,0,1,2,A,-,03,22350,NA,N,C,C,A,A,H,-,C,D,0,NA,NA,NA,NA,Y,NA,D,22,0,0,1,0,0,0,0,0,0,-,-,NA,NA,ORANGE,ORANGE,-117.83843231201172,33.809181213378906
8172737,2016,2016-12-22,3003,2016-11-11,1126,752,3003,5,5,5,3003,0,0,0,NA,0,004,BEACH BL,LA PALMA AV,62,S,N,A,-,N,NA,NA,NA,NA,NA,NA,NA,NA,NA,N,4,0,1,2,A,-,03,22350,NA,N,C,C,A,A,H,-,A,A,0,NA,NA,NA,NA,Y,NA,-,NA,0,0,1,0,0,0,0,0,0,-,-,33.8463,-117.9917,ORANGE,BUENA PARK,-117.99804514,33.84648006
81728642,2022,2022-03-22,3024,2022-01-29,1339,426,P-30,6,5,5,3024,0,0,0,NA,0,WEST,GOLDEN WEST CIRCLE,BOLSA AVENUE,60,S,N,B,-,N,NA,NA,NA,NA,NA,NA,NA,NA,NA,N,4,0,1,2,A,-,03,22350,NA,N,D,G,A,A,D,-,A,A,0,NA,Y,NA,NA,Y,NA,L,04,0,0,1,0,0,0,1,0,0,-,-,33.74477005004883,-118.00045776367188,ORANGE,WESTMINSTER,-118.00220489501952,33.74444580078125
8172939,2016,2016-11-17,3015,2016-11-04,1528,1386,16E,5,5,6,3015,0,0,0,NA,0,711,E WALNUT AV,LINCOLN ST,50,W,N,A,-,N,NA,NA,NA,NA,NA,NA,NA,NA,NA,Y,3,0,1,1,A,-,03,22350,NA,N,E,I,A,A,H,-,A,D,0,NA,NA,NA,NA,Y,NA,A,01,0,1,0,0,0,0,0,0,0,-,-,NA,NA,ORANGE,ORANGE,-117.83804416,33.79503159
81729555,2022,2022-03-23,3008,2022-02-03,1440,1629,NA,4,5,6,3008,0,0,0,NA,0,NA,MAGNOLIA AVE,VALENCIA DR,0,NA,Y,A,-,N,NA,NA,NA,NA,NA,NA,NA,NA,NA,Y,4,0,1,2,A,-,09,21801,A,N,D,C,A,A,H,-,A,A,0,NA,NA,NA,NA,Y,NA,A,01,0,0,1,0,0,0,0,0,0,-,-,NA,NA,ORANGE,FULLERTON,-117.97632598876952,33.86640548706055
81730385,2022,2022-03-24,3015,2022-03-01,1045,1598,76,2,5,6,3015,0,0,0,NA,0,712M,CHAPMAN AVE,YORBA ST,0,NA,Y,A,-,N,NA,NA,NA,NA,NA,NA,NA,NA,NA,Y,4,0,2,2,A,-,12,21453,A,N,D,C,A,A,H,-,A,A,0,NA,NA,NA,NA,Y,NA,A,08,0,0,2,0,0,0,0,0,0,-,-,33.786888122558594,-117.82708740234376,ORANGE,ORANGE,-117.82707977294922,33.78782653808594
81730434,2022,2022-03-24,3010,2022-03-18,1434,4094,465,5,5,6,3010,0,0,0,NA,0,002,ATLANTA AVE,MAGNOLIA ST,466,W,N,A,-,N,NA,NA,NA,NA,NA,NA,NA,NA,NA,Y,4,0,2,2,A,-,09,21804,A,N,D,C,A,A,H,-,A,D,0,NA,NA,NA,NA,Y,NA,A,07,0,0,2,0,0,0,0,0,0,-,-,33.657588958740234,-117.97104644775392,ORANGE,HUNTINGTON BEACH,-117.97257995605467,33.65773010253906
8173087,2016,2017-03-03,3002,2016-10-28,1335,1382,528Y,5,5,4,3002,0,0,0,NA,0,014,IMPERIAL HWY,RT 57,0,NA,Y,B,-,Y,ORA,12,90,-,R,5.331,I,5,W,Y,4,0,3,3,A,-,12,21453,A,N,D,C,A,A,H,-,A,A,0,NA,NA,NA,NA,Y,NA,A,01,0,0,3,0,0,0,0,0,0,-,-,NA,NA,ORANGE,BREA,-117.88565929,33.91113221
81733414,2022,2022-03-25,3019,2022-02-19,1203,3737,WE,6,5,7,3019,0,0,0,NA,0,001,BRISTOL STREET,3RD STREET,10,S,N,A,-,N,NA,NA,NA,NA,NA,NA,NA,NA,NA,N,4,0,1,2,A,-,03,22350,NA,N,B,C,A,A,H,-,A,D,0,NA,NA,NA,NA,Y,NA,A,01,0,0,1,0,0,0,0,0,0,-,-,33.74686050415039,-117.8851318359375,ORANGE,SANTA ANA,-117.88519287109376,33.74704360961914
81735732,2022,2022-03-29,3008,2022-02-08,0650,1159,ZONE,2,5,6,3008,0,0,0,NA,0,NA,CHAPMAN AVE,DRAKE AVE,0,NA,Y,A,-,N,NA,NA,NA,NA,NA,NA,NA,NA,NA,Y,3,0,3,2,A,-,09,21801,A,N,B,C,A,A,H,-,A,A,0,NA,NA,NA,NA,Y,NA,D,22,0,3,0,0,0,0,0,0,0,-,-,NA,NA,ORANGE,FULLERTON,-117.93531799316406,33.87381362915039
81736744,2022,2022-03-30,3010,2022-03-25,1710,1015,251,5,5,6,3010,0,0,0,NA,0,007,GOTHARD ST,EDINGER AVE,596,S,N,B,-,N,NA,NA,NA,NA,NA,NA,NA,NA,NA,Y,3,0,1,2,A,-,03,22350,NA,N,D,C,A,A,H,-,A,D,0,NA,NA,Y,NA,Y,NA,C,02,0,1,0,0,0,0,0,0,1,-,-,33.730018615722656,-118.00010681152344,ORANGE,HUNTINGTON BEACH,-118.00025939941406,33.72843551635742
81736764,2022,2022-03-30,3019,2022-03-04,1810,3777,SC,5,5,7,3019,0,0,0,NA,0,004,EUCLID STREET,LEHNHARDT AVENUE,20,W,N,A,-,N,NA,NA,NA,NA,NA,NA,NA,NA,NA,Y,4,0,4,2,A,-,09,21801,A,N,D,C,A,A,H,-,C,A,0,NA,NA,NA,NA,Y,NA,A,01,0,0,4,0,0,0,0,0,0,-,-,33.732818603515625,-117.93768310546876,ORANGE,SANTA ANA,-117.93730926513672,33.73268127441406
8173891,2016,2016-11-22,3015,2016-10-29,1334,1254,44N,6,5,6,3015,0,0,0,NA,0,003,CHAPMAN AV E,HAMLIN ST N,171,W,N,A,-,N,NA,NA,NA,NA,NA,NA,NA,NA,NA,Y,3,0,1,2,A,-,09,21804,A,N,D,C,A,A,H,-,A,D,0,NA,NA,NA,NA,Y,NA,A,01,0,1,0,0,0,0,0,0,0,-,-,NA,NA,ORANGE,ORANGE,-117.8035314,33.78773
8173901,2016,2016-11-29,3009,2016-11-09,1512,3305,119,3,5,6,3009,0,0,0,NA,0,023,DAVIT AV,WARD ST,75,E,N,A,-,N,NA,NA,NA,NA,NA,NA,NA,NA,NA,N,3,0,1,1,A,-,01,23152,A,N,E,I,A,A,H,-,A,A,0,NA,NA,NA,NA,Y,NA,A,01,0,1,0,0,0,0,0,0,0,-,-,NA,NA,ORANGE,GARDEN GROVE,-117.94582443,33.73955736
8173909,2016,2016-11-29,3009,2016-11-15,1811,3739,97,2,5,6,3009,0,0,0,NA,0,013,WESTMINSTER AV,KERRY ST,212,W,N,A,-,N,NA,NA,NA,NA,NA,NA,NA,NA,NA,N,4,0,1,3,A,-,03,22350,NA,N,C,C,A,A,H,-,C,A,0,NA,NA,NA,NA,Y,NA,A,08,0,0,1,0,0,0,0,0,0,-,-,NA,NA,ORANGE,GARDEN GROVE,-117.95946574,33.75950836
81739533,2022,2022-04-04,3015,2022-03-04,1649,1240,RD32,5,5,6,3015,0,0,0,NA,0,723M,CHAPMAN AVE,OLIVE ST,30,W,N,A,-,N,NA,NA,NA,NA,NA,NA,NA,NA,NA,N,4,0,1,2,A,-,03,22350,NA,N,C,C,A,A,H,-,A,D,0,NA,NA,NA,NA,Y,NA,A,07,0,0,1,0,0,0,0,0,0,-,-,33.787940979003906,-117.85414886474608,ORANGE,ORANGE,-117.85430145263672,33.78788375854492
81739758,2022,2022-04-04,3024,2022-02-28,1025,498,P-12,1,5,5,3024,0,0,0,NA,0,WEST,HOOVER STREET,21ST STREET,0,NA,Y,A,-,N,NA,NA,NA,NA,NA,NA,NA,NA,NA,N,4,0,1,2,A,-,12,22450,A,N,D,C,A,A,H,-,A,D,0,NA,NA,NA,NA,Y,NA,A,01,0,0,1,0,0,0,0,0,0,-,-,33.76271057128906,-117.99839019775392,ORANGE,WESTMINSTER,-117.99845886230467,33.7628173828125
81740719,2022,2022-04-05,3001,2022-04-03,2058,A1047,NA,7,5,7,3001,0,0,0,NA,0,D-1,MAGNOLIA AVENUE,LINCOLN AVENUE,175,N,N,A,-,N,NA,NA,NA,NA,NA,NA,NA,NA,NA,N,4,0,2,2,A,-,01,23152,A,N,C,C,A,A,H,-,C,D,0,NA,NA,NA,NA,Y,Y,A,01,0,0,2,0,0,0,0,0,0,-,-,33.83222961425781,-117.97628021240234,ORANGE,ANAHEIM,-117.97599029541016,33.832271575927734
81740820,2022,2022-04-05,3019,2022-02-25,1133,3196,SE,5,5,7,3019,0,0,0,NA,0,003,DYER ROAD,GRAND AVENUE,20,E,N,A,-,N,NA,NA,NA,NA,NA,NA,NA,NA,NA,N,4,0,1,2,A,-,03,22350,NA,M,C,C,A,A,H,-,A,A,0,NA,NA,NA,NA,Y,NA,A,07,0,0,1,0,0,0,0,0,0,-,-,33.707550048828125,-117.85334777832033,ORANGE,SANTA ANA,-117.85247802734376,33.708499908447266
81740870,2022,2022-04-05,3002,2022-03-03,0755,1671,NA,4,5,4,3002,0,0,0,NA,0,012,CARBON CANYON RD,BREA HILLS AV,3772,E,N,A,-,Y,ORA,NA,142,NA,NA,2.525,H,NA,R,Y,4,0,1,1,A,-,08,22107,NA,N,E,I,A,A,H,-,A,D,0,NA,NA,NA,NA,Y,NA,A,01,0,0,1,0,0,0,0,0,0,-,-,33.92226028442383,-117.83316040039063,ORANGE,BREA,-117.83311462402344,33.92245101928711
81740874,2022,2022-04-05,3002,2022-03-12,2148,1706,NA,6,5,4,3002,0,0,0,NA,0,012,HUMMINGBIRD DR,WOODPECKER ST,130,S,N,A,-,N,NA,NA,NA,NA,NA,NA,NA,NA,NA,Y,3,0,3,3,A,-,01,23152,A,N,G,B,F,A,H,-,C,D,0,Y,NA,NA,NA,Y,Y,A,01,0,3,0,0,2,0,0,0,0,-,-,33.92570877075195,-117.84713745117188,ORANGE,BREA,-117.84722900390624,33.926265716552734
81742793,2022,2022-04-07,3019,2022-03-13,2034,3614,SE,7,5,7,3019,0,0,0,NA,0,003,STANDARD AVENUE,SAINT ANDREW PLACE,0,NA,Y,-,-,N,NA,NA,NA,NA,NA,NA,NA,NA,NA,Y,4,0,1,2,A,-,09,21802,A,N,D,C,A,A,H,-,C,A,0,NA,NA,NA,NA,Y,NA,A,01,0,0,1,0,0,0,0,0,0,-,-,33.72237014770508,-117.85640716552734,ORANGE,SANTA ANA,-117.85652160644533,33.72233581542969
81744569,2022,2022-04-11,3001,2022-04-08,0745,A1825,D-2,5,5,7,3001,0,0,0,NA,0,NA,CATALPA DRIVE,LOARA STREET,180,W,N,A,-,N,NA,NA,NA,NA,NA,NA,NA,NA,NA,Y,3,0,1,3,A,-,08,22107,NA,N,B,C,A,A,H,-,A,D,0,NA,NA,NA,NA,Y,NA,A,01,0,1,0,0,0,0,0,0,0,-,-,NA,NA,ORANGE,ANAHEIM,-117.93788909912108,33.8441162109375
81746776,2022,2022-04-13,3001,2022-04-09,0110,A2730,D-3,6,5,7,3001,0,0,0,NA,0,D-3,WAGNER AVENUE,NORDICA STREET,110,E,N,A,-,N,NA,NA,NA,NA,NA,NA,NA,NA,NA,Y,3,0,2,1,A,-,08,22107,NA,N,E,I,A,A,H,-,C,D,0,NA,NA,NA,NA,Y,NA,A,01,0,1,1,0,0,0,0,0,0,-,-,33.82535934448242,-117.8859634399414,ORANGE,ANAHEIM,-117.88591766357422,33.825401306152344
81746788,2022,2022-04-13,3001,2022-04-10,2257,A1047,NA,7,5,7,3001,0,0,0,NA,0,D-1,DALE AVENUE,BALL ROAD,0,NA,Y,A,B,N,NA,NA,NA,NA,NA,NA,NA,NA,NA,Y,4,0,2,2,A,-,12,21453,A,N,D,C,A,A,H,-,C,A,0,NA,NA,NA,NA,Y,NA,A,01,0,0,2,0,0,0,0,0,0,-,-,33.81772994995117,-117.98461151123048,ORANGE,ANAHEIM,-117.98455047607422,33.8175163269043
81746840,2022,2022-04-13,3019,2022-03-30,0813,2801,WE,3,5,7,3019,0,0,0,NA,0,001,17TH STREET,BRISTOL STREET,494,W,N,A,-,N,NA,NA,NA,NA,NA,NA,NA,NA,NA,N,4,0,4,3,A,-,03,22350,NA,N,C,C,A,A,H,-,A,D,0,NA,NA,NA,NA,Y,NA,A,01,0,0,4,0,0,0,0,0,0,-,-,33.76002883911133,-117.88511657714844,ORANGE,SANTA ANA,-117.88670349121094,33.76011276245117
81748584,2022,2022-04-15,3001,2022-04-10,2100,A1047,NA,7,5,7,3001,0,0,0,NA,0,D-1,NUTWOOD STREET,BALL ROAD,0,NA,Y,A,B,N,NA,NA,NA,NA,NA,NA,NA,NA,NA,N,4,0,1,2,A,-,12,21453,A,N,D,C,A,A,H,-,C,A,0,NA,NA,NA,NA,Y,NA,A,01,0,0,1,0,0,0,0,0,0,-,-,33.81761169433594,-117.95014190673828,ORANGE,ANAHEIM,-117.95011138916016,33.81787872314453
8175037,2016,2016-12-01,3016,2016-10-27,1039,1241,41,4,5,5,3016,0,0,0,NA,0,002,ORANGETHORPE AV,RICHFIELD RD,15,W,N,A,-,N,NA,NA,NA,NA,NA,NA,NA,NA,NA,N,4,0,2,2,A,-,03,22350,NA,N,C,C,A,A,H,-,A,A,0,NA,NA,NA,NA,Y,NA,D,22,0,0,2,0,0,0,0,0,0,-,-,33.86768,-117.82574,ORANGE,PLACENTIA,-117.82603879,33.86760585
8175315,2016,2017-03-02,3004,2016-11-04,1436,P542,19,5,5,6,3004,0,0,0,NA,0,004,HARBOR BL,RT 405,73,N,N,A,-,Y,ORA,12,405,-,-,11.675,R,4,S,N,4,0,1,2,A,-,03,22350,NA,N,C,C,A,A,H,-,A,D,0,NA,NA,NA,NA,Y,NA,A,07,0,0,1,0,0,0,0,0,0,-,-,33.6871,-117.9197,ORANGE,COSTA MESA,-117.92262553,33.69031743
81754041,2022,2022-04-22,3001,2022-04-19,1627,A2382,NA,2,5,7,3001,0,0,0,NA,0,D-2,LA PALMA AVENUE,BROOKHURST STREET,0,NA,Y,A,-,N,NA,NA,NA,NA,NA,NA,NA,NA,NA,N,3,0,1,2,A,-,09,21804,A,N,D,G,A,A,H,-,A,A,0,NA,Y,NA,NA,Y,NA,L,04,0,1,0,0,0,0,1,0,0,-,-,33.846351623535156,-117.95868682861328,ORANGE,ANAHEIM,-117.95913696289063,33.84695816040039
81754886,2022,2022-04-25,3001,2022-04-04,1526,A2467,D-3,1,5,7,3001,0,0,0,NA,0,NA,BROADWAY,GILMAR STREET,121,W,N,B,-,N,NA,NA,NA,NA,NA,NA,NA,NA,NA,Y,4,0,3,2,A,-,09,21804,A,N,D,C,A,A,H,-,A,D,0,NA,NA,NA,NA,Y,NA,A,07,0,0,3,0,0,0,0,0,0,-,-,33.828060150146484,-117.93435668945313,ORANGE,ANAHEIM,-117.93484497070313,33.82896041870117
8175588,2016,2016-11-30,3016,2016-10-13,1511,1251,20,4,5,5,3016,0,0,0,NA,0,002,PLACENTIA AV,ORANGETHORPE AV,37,N,N,A,-,N,NA,NA,NA,NA,NA,NA,NA,NA,NA,N,4,0,1,3,A,-,03,22350,NA,N,C,C,A,A,H,-,A,A,0,NA,NA,NA,NA,Y,NA,A,07,0,0,1,0,0,0,0,0,0,-,-,33.85989,-117.883,ORANGE,PLACENTIA,-117.88312134,33.85981858
81757259,2021,2022-04-27,3015,2021-09-20,1727,1598,67S,1,5,6,3015,0,0,0,NA,0,712M,ORANGE-OLIVE RD,VISTA DEL GAVIOTA AVE,782,S,N,A,-,N,NA,NA,NA,NA,NA,NA,NA,NA,NA,Y,1,1,1,2,A,-,01,23152,F,N,D,C,A,A,H,-,A,D,0,NA,NA,Y,NA,Y,NA,A,01,0,1,0,0,0,0,0,1,0,-,-,33.826438903808594,-117.84864044189452,ORANGE,ORANGE,-117.85005950927734,33.825050354003906
81757280,2022,2022-04-27,3001,2022-04-25,1336,A1466,D-4,1,5,7,3001,0,0,0,NA,0,D-4,KELLOGG DRIVE,HUNTER AVENUE (N),0,NA,Y,A,-,N,NA,NA,NA,NA,NA,NA,NA,NA,NA,Y,4,0,1,2,A,-,09,21802,A,N,D,C,A,A,H,-,A,D,0,NA,NA,NA,NA,Y,NA,A,01,0,0,1,0,0,0,0,0,0,-,-,33.863399505615234,-117.80642700195313,ORANGE,ANAHEIM,-117.80664825439452,33.86277770996094
81758375,2022,2022-04-28,3019,2022-03-15,1307,3449,SC,2,5,7,3019,0,0,0,NA,0,004,1ST STREET,FAIRVIEW STREET,25,E,N,A,-,N,NA,NA,NA,NA,NA,NA,NA,NA,NA,N,4,0,1,2,A,-,08,22100,A,N,B,C,A,A,H,-,A,D,0,NA,NA,NA,NA,Y,NA,A,01,0,0,1,0,0,0,0,0,0,-,-,33.74531173706055,-117.9052505493164,ORANGE,SANTA ANA,-117.9052734375,33.745304107666016
81758377,2022,2022-04-28,3019,2022-03-15,0708,2801,SC,2,5,7,3019,0,0,0,NA,0,004,FAIRVIEW STREET,ANAHURST PLACE,126,S,N,A,-,N,NA,NA,NA,NA,NA,NA,NA,NA,NA,Y,3,0,1,1,A,-,08,22107,NA,N,E,I,A,A,H,-,A,D,0,NA,NA,NA,NA,Y,NA,A,01,0,1,0,0,0,0,0,0,0,-,-,33.717899322509766,-117.9081573486328,ORANGE,SANTA ANA,-117.907958984375,33.71749496459961
81759208,2022,2022-04-28,3014,2022-04-17,1535,1508,RD67,7,5,5,3014,0,0,0,NA,0,A4,SR-1 (E. COAST HWY),NEWPORT COAST DR,1300,W,N,A,-,N,NA,NA,NA,NA,NA,NA,NA,NA,NA,Y,3,0,2,2,A,-,08,22107,NA,N,B,C,A,A,H,-,A,D,0,NA,NA,Y,NA,Y,NA,A,01,0,2,0,0,0,0,0,0,2,-,-,33.58538818359375,-117.85269165039063,ORANGE,NEWPORT BEACH,-117.8522491455078,33.58530807495117
81761818,2022,2022-05-02,3019,2022-03-19,0539,3758,WE,6,5,7,3019,0,0,0,NA,0,001,NEWHOPE STREET,HAZARD AVENUE,0,NA,Y,-,-,N,NA,NA,NA,NA,NA,NA,NA,NA,NA,Y,4,0,2,2,A,-,09,21801,A,N,D,D,A,A,H,-,C,A,0,NA,NA,NA,NA,Y,NA,A,07,0,0,2,0,0,0,0,0,0,-,-,33.75246047973633,-117.92887115478516,ORANGE,SANTA ANA,-117.9288330078125,33.75244903564453
81762769,2022,2022-05-03,3001,2022-04-30,1132,A2599,NA,6,5,7,3001,0,0,0,NA,0,NA,FLORE STREET,BALL ROAD,0,NA,Y,A,-,N,NA,NA,NA,NA,NA,NA,NA,NA,NA,Y,4,0,1,2,A,-,09,21801,A,N,A,C,A,A,H,-,A,A,0,NA,NA,NA,NA,Y,NA,M,94,0,0,1,0,0,0,0,0,0,-,-,33.81795120239258,-117.92382049560548,ORANGE,ANAHEIM,-117.92408752441406,33.81813049316406
81764269,2022,2022-05-04,3014,2022-04-26,1100,1435,RD15,2,5,5,3014,0,0,0,NA,0,A1,NEWPORT BLVD,32ND ST,88,N,N,A,-,N,NA,NA,NA,NA,NA,NA,NA,NA,NA,Y,4,0,1,2,A,-,09,21804,A,N,B,C,A,A,H,-,A,D,0,NA,NA,NA,NA,Y,NA,D,22,0,0,1,0,0,0,0,0,0,-,-,33.61634063720703,-117.93048858642578,ORANGE,NEWPORT BEACH,-117.93040466308594,33.6162223815918
81765701,2022,2022-05-05,3007,2022-04-22,1136,302,38,5,5,5,3007,0,0,0,NA,0,002,NEWHOPE,WARNER,207,N,N,A,-,N,NA,NA,NA,NA,NA,NA,NA,NA,NA,Y,4,0,3,3,A,-,03,22350,NA,N,C,C,A,A,H,-,A,D,0,NA,NA,NA,NA,Y,NA,A,01,0,0,3,0,0,0,0,0,0,-,-,NA,NA,ORANGE,FOUNTAIN VALLEY,-117.9284439086914,33.717079162597656
8176808,2016,2016-11-30,3001,2016-11-18,1756,1410,NA,5,5,7,3001,0,0,0,NA,0,0D4,LA PALMA AV,BRASHER ST,0,NA,Y,B,-,N,NA,NA,NA,NA,NA,NA,NA,NA,NA,Y,4,0,1,2,A,-,09,21802,A,N,D,C,A,A,H,-,C,D,0,NA,NA,NA,NA,Y,NA,D,22,0,0,1,0,0,0,0,0,0,-,-,NA,NA,ORANGE,ANAHEIM,-117.79907007,33.85953001
8176893,2016,2016-12-02,3001,2016-11-19,2358,2202,NA,6,5,7,3001,0,0,0,NA,0,0D1,SOUTH DALE AV,W LINCOLN AV,612,S,N,A,-,N,NA,NA,NA,NA,NA,NA,NA,NA,NA,Y,3,0,1,3,A,-,01,23152,A,N,A,E,A,A,H,-,C,D,0,NA,NA,NA,NA,Y,Y,A,01,0,1,0,0,0,0,0,0,0,-,-,NA,NA,ORANGE,ANAHEIM,-117.98474,33.83041205
81769254,2022,2022-05-11,3019,2022-04-08,1411,3637,NE,5,5,7,3019,0,0,0,NA,0,002,MAIN STREET,MEMORY LANE,0,NA,Y,A,-,N,NA,NA,NA,NA,NA,NA,NA,NA,NA,Y,3,0,3,2,A,-,12,21453,A,N,D,C,A,A,H,-,A,A,0,NA,NA,NA,NA,Y,NA,A,01,0,1,2,0,0,0,0,0,0,-,-,33.77252960205078,-117.8672103881836,ORANGE,SANTA ANA,-117.8672332763672,33.77277755737305
81769276,2022,2022-05-11,3019,2022-04-13,0820,3553,SE,3,5,7,3019,0,0,0,NA,0,003,MCFADDEN AVENUE,BIRCH STREET,3,W,N,A,-,N,NA,NA,NA,NA,NA,NA,NA,NA,NA,N,4,0,1,3,A,-,03,22350,NA,M,C,C,A,A,H,-,A,D,0,NA,NA,NA,NA,Y,NA,A,01,0,0,1,0,0,0,0,0,0,-,-,33.73374938964844,-117.8713607788086,ORANGE,SANTA ANA,-117.87104034423828,33.734519958496094
81770368,2022,2022-05-12,3024,2022-04-02,1853,224,P-32,6,5,5,3024,0,0,0,NA,0,EAST,BEACH BOULEVARD (SR 39),ELMORE WAY,0,NA,Y,B,-,Y,NA,NA,NA,NA,NA,NA,NA,NA,NA,Y,4,0,1,2,A,-,09,21801,A,N,D,C,A,A,H,-,A,D,0,NA,NA,NA,NA,Y,NA,A,07,0,0,1,0,0,0,0,0,0,-,-,NA,NA,ORANGE,WESTMINSTER,NA,NA
81776389,2022,2022-05-20,3001,2022-05-19,0218,A1047,D-1,4,5,7,3001,0,0,0,NA,0,NA,LINCOLN AVENUE,MONTEREY STREET,226,W,N,A,-,N,NA,NA,NA,NA,NA,NA,NA,NA,NA,Y,3,0,1,1,A,-,01,23152,A,M,E,I,A,B,H,-,C,D,0,NA,NA,NA,NA,Y,Y,A,07,0,1,0,0,0,0,0,0,0,-,-,NA,NA,ORANGE,ANAHEIM,-117.96314239501952,33.8325309753418
81776446,2022,2022-05-20,3019,2022-04-29,1501,3777,WE,5,5,7,3019,0,0,0,NA,0,001,HARBOR BOULEVARD,CAMILLE STREET,40,S,N,A,-,N,NA,NA,NA,NA,NA,NA,NA,NA,NA,N,2,0,1,2,A,-,11,21954,A,N,G,B,D,A,H,-,A,A,0,Y,NA,NA,NA,Y,NA,N,60,1,0,0,0,1,0,0,0,0,-,-,33.74106979370117,-117.92008972167967,ORANGE,SANTA ANA,-117.9201202392578,33.74068069458008
81777383,2022,2022-05-23,3007,2022-04-09,0911,319,57,6,5,5,3007,0,0,0,NA,0,002,EUCLID,TALBERT,0,NA,Y,A,-,N,NA,NA,NA,NA,NA,NA,NA,NA,NA,Y,4,0,1,3,A,-,12,21453,A,N,D,C,A,A,H,-,A,A,0,NA,NA,NA,NA,Y,NA,A,01,0,0,1,0,0,0,0,0,0,-,-,NA,NA,ORANGE,FOUNTAIN VALLEY,-117.93702697753906,33.701812744140625
81778578,2022,2022-05-24,3022,2022-05-04,2249,1395,NA,3,5,5,3022,0,0,0,NA,0,NA,JAMBOREE RD,TREVINO DR,16,N,N,A,-,N,NA,NA,NA,NA,NA,NA,NA,NA,NA,N,4,0,2,2,A,-,01,23152,A,N,C,C,A,A,H,-,C,A,0,NA,NA,NA,NA,Y,Y,A,01,0,0,2,0,0,0,0,0,0,-,-,33.7364501953125,-117.77860260009766,ORANGE,TUSTIN,-117.7786865234375,33.7365837097168
81778601,2022,2022-05-24,3001,2022-05-19,2214,A1047,NA,4,5,7,3001,0,0,0,NA,0,NA,LINCOLN AVENUE,MAGNOLIA AVENUE,249,E,N,B,-,N,NA,NA,NA,NA,NA,NA,NA,NA,NA,Y,3,0,4,2,A,-,01,23152,A,N,B,C,A,A,H,-,C,A,0,NA,NA,NA,NA,Y,Y,A,01,0,1,3,0,0,0,0,0,0,-,-,33.83184051513672,-117.9758529663086,ORANGE,ANAHEIM,-117.97517395019533,33.83218002319336
81778611,2022,2022-05-24,3001,2022-05-21,1824,A1047,NA,6,5,7,3001,0,0,0,NA,0,D-1,BROOKHURST STREET,CERRITOS AVENUE,0,NA,Y,B,-,N,NA,NA,NA,NA,NA,NA,NA,NA,NA,Y,3,0,2,2,A,-,12,21453,A,N,D,C,A,A,H,-,A,A,0,NA,NA,NA,NA,Y,NA,-,-,0,1,1,0,0,0,0,0,0,-,-,33.81037139892578,-117.95906066894533,ORANGE,ANAHEIM,-117.9589385986328,33.810489654541016