CASE_ID,ACCIDENT_YEAR,PROC_DATE,JURIS,COLLISION_DATE,COLLISION_TIME,OFFICER_ID,REPORTING_DISTRICT,DAY_OF_WEEK,CHP_SHIFT,POPULATION,CNTY_CITY_LOC,SPECIAL_COND,BEAT_TYPE,CHP_BEAT_TYPE,CITY_DIVISION_LAPD,CHP_BEAT_CLASS,BEAT_NUMBER,PRIMARY_RD,SECONDARY_RD,DISTANCE,DIRECTION,INTERSECTION,WEATHER_1,WEATHER_2,STATE_HWY_IND,CALTRANS_COUNTY,CALTRANS_DISTRICT,STATE_ROUTE,ROUTE_SUFFIX,POSTMILE_PREFIX,POSTMILE,LOCATION_TYPE,RAMP_INTERSECTION,SIDE_OF_HWY,TOW_AWAY,COLLISION_SEVERITY,NUMBER_KILLED,NUMBER_INJURED,PARTY_COUNT,PRIMARY_COLL_FACTOR,PCF_CODE_OF_VIOL,PCF_VIOL_CATEGORY,PCF_VIOLATION,PCF_VIOL_SUBSECTION,HIT_AND_RUN,TYPE_OF_COLLISION,MVIW,PED_ACTION,ROAD_SURFACE,ROAD_COND_1,ROAD_COND_2,LIGHTING,CONTROL_DEVICE,CHP_ROAD_TYPE,PEDESTRIAN_ACCIDENT,BICYCLE_ACCIDENT,MOTORCYCLE_ACCIDENT,TRUCK_ACCIDENT,NOT_PRIVATE_PROPERTY,ALCOHOL_INVOLVED,STWD_VEHTYPE_AT_FAULT,CHP_VEHTYPE_AT_FAULT,COUNT_SEVERE_INJ,COUNT_VISIBLE_INJ,COUNT_COMPLAINT_PAIN,COUNT_PED_KILLED,COUNT_PED_INJURED,COUNT_BICYCLIST_KILLED,COUNT_BICYCLIST_INJURED,COUNT_MC_KILLED,COUNT_MC_INJURED,PRIMARY_RAMP,SECONDARY_RAMP,LATITUDE,LONGITUDE,COUNTY,CITY,POINT_X,POINT_Y
82183054,2023,2023-10-02,3026,2023-09-27,832,8929,NA,3,5,6,3026,0,0,0,NA,0,NA,JEFFREY RD,ALTON PKWY,14,S,N,A,-,N,NA,NA,NA,NA,NA,NA,NA,NA,NA,N,3,0,1,2,B,-,22,NA,NA,N,H,G,A,A,H,-,A,A,0,NA,Y,NA,NA,Y,NA,M,91,0,1,0,0,0,0,1,0,0,-,-,33.669708251953125,-117.78854370117188,ORANGE,IRVINE,-117.78868103027344,33.66967010498047
82186684,2023,2023-10-02,3019,2023-09-18,1440,3698,SE,1,5,7,3019,0,0,0,NA,0,003,GRAND AVENUE,CHESTNUT AVENUE,0,NA,Y,A,-,N,NA,NA,NA,NA,NA,NA,NA,NA,NA,Y,3,0,3,3,A,-,12,21453,A,M,D,C,A,A,H,-,A,A,0,NA,NA,NA,NA,Y,NA,A,01,0,1,2,0,0,0,0,0,0,-,-,33.74155044555664,-117.85047912597656,ORANGE,SANTA ANA,-117.85028076171876,33.742557525634766
82186687,2023,2023-10-02,3019,2023-09-26,1306,2801,WE,2,5,7,3019,0,0,0,NA,0,001,MEMORY LANE,WESTWOOD AVENUE (W),33,W,N,A,-,N,NA,NA,NA,NA,NA,NA,NA,NA,NA,Y,4,0,1,1,A,-,08,22107,NA,N,E,I,A,A,H,-,A,D,0,NA,NA,NA,NA,Y,NA,A,08,0,0,1,0,0,0,0,0,0,-,-,33.77302169799805,-117.88078308105467,ORANGE,SANTA ANA,-117.88103485107422,33.77307891845703
82188624,2023,2023-10-03,3008,2023-07-27,454,1448,ZONE,4,5,6,3008,0,0,0,NA,0,NA,GILBERT ST,MOORE AVE,0,NA,Y,A,-,N,NA,NA,NA,NA,NA,NA,NA,NA,NA,Y,4,0,1,2,A,-,09,21801,A,N,D,C,A,A,H,-,C,A,0,NA,NA,NA,NA,Y,NA,A,01,0,0,1,0,0,0,0,0,0,-,-,NA,NA,ORANGE,FULLERTON,-117.96832275390624,33.87583923339844
82189562,2023,2023-10-03,3014,2023-09-10,1559,1527,RD12,7,5,5,3014,0,0,0,NA,0,A1,ALLEY E/O ADAMS ST,BALBOA BLVD E,61,N,N,A,-,N,NA,NA,NA,NA,NA,NA,NA,NA,NA,N,3,0,1,2,A,-,08,22107,NA,N,B,E,A,A,H,-,A,D,0,NA,Y,NA,NA,Y,Y,L,04,0,1,0,0,0,0,1,0,0,-,-,33.60279846191406,-117.90119934082033,ORANGE,NEWPORT BEACH,-117.90170288085938,33.60292053222656
82189893,2023,2023-10-04,3002,2023-09-06,945,1720,NA,3,5,4,3002,0,0,0,NA,0,NA,LAMBERT RD,SANTA FE RD,50,W,N,A,-,N,NA,NA,NA,NA,NA,NA,NA,NA,NA,N,4,0,1,2,A,-,08,22107,NA,N,B,G,A,A,H,-,A,A,0,NA,Y,NA,NA,Y,NA,L,04,0,0,1,0,0,0,1,0,0,-,-,33.923179626464844,-117.86383056640624,ORANGE,BREA,NA,NA
82192693,2023,2023-10-06,3015,2023-10-04,1253,1563,RD 26,3,5,6,3015,0,0,0,NA,0,731M,CHAPMAN AVE,TUSTIN ST,359,E,N,A,-,N,NA,NA,NA,NA,NA,NA,NA,NA,NA,Y,3,0,5,2,A,-,09,21804,A,N,D,C,A,A,H,-,A,A,0,NA,NA,NA,NA,Y,NA,A,01,0,3,2,0,0,0,0,0,0,-,-,33.78702163696289,-117.83574676513672,ORANGE,ORANGE,-117.83456420898438,33.7878303527832
82192766,2023,2023-10-09,3010,2023-09-29,1845,6044,176,5,5,6,3010,0,0,0,NA,0,008,BOLSA CHICA ST,WARNER AVE,0,NA,Y,A,-,N,NA,NA,NA,NA,NA,NA,NA,NA,NA,Y,3,0,2,2,-,-,-,NA,NA,N,D,C,A,A,H,-,C,A,0,NA,NA,NA,NA,Y,NA,-,-,0,2,0,0,0,0,0,0,0,-,-,33.715309143066406,-118.04165649414063,ORANGE,HUNTINGTON BEACH,-118.04146575927734,33.71538543701172
82193884,2023,2023-10-09,3008,2023-08-22,749,1590,NA,2,5,6,3008,0,0,0,NA,0,NA,BREA BLVD,PANORAMA RD,580,N,N,A,-,N,NA,NA,NA,NA,NA,NA,NA,NA,NA,Y,4,0,1,2,A,-,03,22350,NA,N,C,C,A,A,H,-,A,D,0,NA,NA,NA,NA,Y,NA,A,01,0,0,1,0,0,0,0,0,0,-,-,NA,NA,ORANGE,FULLERTON,-117.9154815673828,33.893768310546875
82194866,2023,2023-10-10,3015,2023-10-07,1412,1250,RD26,6,5,6,3015,0,0,0,NA,0,711M,TUSTIN ST,CHAPMAN AVE,0,NA,Y,A,-,N,NA,NA,NA,NA,NA,NA,NA,NA,NA,Y,2,0,1,2,A,-,09,21453,C,N,A,C,A,A,H,-,A,A,0,NA,NA,Y,NA,Y,NA,A,01,1,0,0,0,0,0,0,0,1,-,-,33.78786087036133,-117.83567810058594,ORANGE,ORANGE,-117.8357391357422,33.78782653808594
82194876,2023,2023-10-10,3001,2023-09-30,1939,A2791,D-1,6,5,7,3001,0,0,0,NA,0,D-1,KNOTT AVENUE,SAVANNA STREET,30,S,N,A,-,N,NA,NA,NA,NA,NA,NA,NA,NA,NA,Y,3,0,2,2,A,-,03,22350,NA,N,C,C,A,A,H,-,C,A,0,NA,NA,NA,NA,Y,NA,A,01,0,1,1,0,0,0,0,0,0,-,-,33.82001876831055,-118.01091766357422,ORANGE,ANAHEIM,-118.01081848144533,33.81979751586914
82194965,2023,2023-10-10,3008,2023-08-27,20,1616,ZONE,7,5,6,3008,0,0,0,NA,0,NA,COMMONWEALTH AVE,ACACIA AVE,50,E,N,A,-,N,NA,NA,NA,NA,NA,NA,NA,NA,NA,N,3,0,1,1,A,-,08,22107,NA,N,F,A,A,A,H,-,C,A,0,NA,NA,Y,NA,Y,NA,C,02,0,1,0,0,0,0,0,0,1,-,-,NA,NA,ORANGE,FULLERTON,-117.89809417724608,33.87052917480469
82195853,2023,2023-10-12,3001,2023-09-26,2343,A1278,NA,2,5,7,3001,0,0,0,NA,0,D-1,LINCOLN AVENUE,BROOKHURST STREET,0,NA,Y,A,-,N,NA,NA,NA,NA,NA,NA,NA,NA,NA,N,2,0,1,2,A,-,17,21451,A,N,G,B,B,A,H,-,C,A,0,Y,NA,NA,NA,Y,NA,A,01,1,0,0,0,1,0,0,0,0,-,-,33.8324089050293,-117.95868682861328,ORANGE,ANAHEIM,-117.95896911621094,33.83247756958008
82196904,2023,2023-10-12,3019,2023-10-03,631,3295,WE,2,5,7,3019,0,0,0,NA,0,001,MEMORY LANE,BRISTOL STREET,0,NA,Y,A,-,N,NA,NA,NA,NA,NA,NA,NA,NA,NA,Y,4,0,1,2,A,-,09,21802,A,N,D,C,A,A,H,-,A,B,0,NA,NA,NA,NA,Y,NA,A,01,0,0,1,0,0,0,0,0,0,-,-,NA,NA,ORANGE,SANTA ANA,-117.88484954833984,33.773128509521484
82197925,2023,2023-10-13,3001,2023-10-11,1622,A2882,D-2,3,5,7,3001,0,0,0,NA,0,D-2,SANTA ANA STREET,SHERWOOD DRIVE,0,NA,Y,A,-,N,NA,NA,NA,NA,NA,NA,NA,NA,NA,N,3,0,1,2,A,-,09,21801,A,N,D,G,A,A,H,-,A,D,0,NA,Y,NA,NA,Y,NA,A,01,0,1,0,0,0,0,1,0,0,-,-,33.834590911865234,-117.89816284179688,ORANGE,ANAHEIM,-117.89794158935548,33.83445739746094
82199161,2023,2023-10-16,3019,2023-10-07,13,3776,NE,6,5,7,3019,0,0,0,NA,0,002,WASHINGTON AVENUE,MAIN STREET,0,NA,Y,A,-,N,NA,NA,NA,NA,NA,NA,NA,NA,NA,N,4,0,1,2,A,-,12,21453,A,F,D,C,A,A,H,-,C,A,0,NA,NA,NA,NA,Y,NA,D,22,0,0,1,0,0,0,0,0,0,-,-,33.75585174560547,-117.86769104003906,ORANGE,SANTA ANA,-117.86758422851563,33.75560760498047
82199202,2023,2023-10-16,3008,2023-09-01,1610,1640,ZONE,5,5,6,3008,0,0,0,NA,0,NA,ORANGETHORPE AVE,GILBERT ST,0,NA,Y,B,-,N,NA,NA,NA,NA,NA,NA,NA,NA,NA,Y,3,0,1,2,A,-,09,21801,A,N,D,C,A,A,H,-,A,A,0,NA,NA,NA,Y,Y,NA,F,55,0,1,0,0,0,0,0,0,0,-,-,NA,NA,ORANGE,FULLERTON,-117.96802520751952,33.85934829711914
82204525,2023,2023-10-20,3024,2023-08-29,723,510,P-05,2,5,5,3024,0,0,0,NA,0,WEST,NATAL DRIVE,GOLDENWEST STREET,112,E,N,A,-,N,NA,NA,NA,NA,NA,NA,NA,NA,NA,Y,4,0,2,2,A,-,09,21801,A,N,D,C,A,A,H,-,A,D,0,NA,NA,NA,NA,Y,NA,A,01,0,0,2,0,0,0,0,0,0,-,-,33.77185821533203,-118.00742340087892,ORANGE,WESTMINSTER,-118.00698089599608,33.771827697753906
82206390,2023,2023-10-23,3026,2023-04-21,759,620,NA,5,5,6,3026,0,0,0,NA,0,NA,HARVARD AVE,SAN CARLO,0,NA,Y,A,-,N,NA,NA,NA,NA,NA,NA,NA,NA,NA,Y,3,0,3,2,A,-,09,21801,A,N,D,C,A,A,H,-,A,A,0,NA,NA,NA,NA,Y,NA,A,01,0,2,1,0,0,0,0,0,0,-,-,33.68027114868164,-117.82987213134766,ORANGE,IRVINE,-117.82998657226563,33.68030548095703
82206802,2023,2023-10-25,3008,2023-09-03,320,1616,ZONE,7,5,6,3008,0,0,0,NA,0,NA,COURTNEY AVE,ROBERTA AVE,100,N,N,A,-,N,NA,NA,NA,NA,NA,NA,NA,NA,NA,Y,4,0,1,2,A,-,08,22107,NA,N,B,E,A,A,H,-,C,D,0,NA,NA,NA,NA,Y,NA,A,01,0,0,1,0,0,0,0,0,0,-,-,NA,NA,ORANGE,FULLERTON,-117.96485900878906,33.856502532958984
82208959,2023,2023-10-26,3024,2023-09-25,834,329,P-15,1,5,5,3024,0,0,0,NA,0,WEST,WESTMINSTER BOULEVARD,EDWARDS STREET,185,W,N,B,-,N,NA,NA,NA,NA,NA,NA,NA,NA,NA,N,4,0,1,3,A,-,03,22350,NA,M,C,C,A,A,H,-,A,A,0,NA,NA,NA,NA,Y,NA,A,07,0,0,1,0,0,0,0,0,0,-,-,33.75912094116211,-118.01569366455078,ORANGE,WESTMINSTER,-118.01649475097656,33.759090423583984
82221108,2023,2023-10-27,3002,2023-10-11,951,1720,NA,3,5,4,3002,0,0,0,NA,0,012,BIRCH ST,ASSOCIATED RD (E),55,E,N,A,-,N,NA,NA,NA,NA,NA,NA,NA,NA,NA,Y,4,0,1,2,A,-,03,22350,NA,N,C,C,A,A,H,-,A,A,0,NA,NA,NA,NA,Y,NA,A,01,0,0,1,0,0,0,0,0,0,-,-,33.91828918457031,-117.87032318115234,ORANGE,BREA,-117.87584686279295,33.91807174682617
82222583,2023,2023-10-30,3022,2023-09-11,1855,1435,NA,1,5,5,3022,0,0,0,NA,0,NA,TUSTIN RANCH RD,PORTOLA PKWY,0,NA,Y,B,-,N,NA,NA,NA,NA,NA,NA,NA,NA,NA,N,2,0,1,2,A,-,09,21800,A,N,D,G,A,A,H,-,B,A,0,NA,Y,NA,NA,Y,NA,L,04,1,0,0,0,0,0,1,0,0,-,-,33.747249603271484,-117.77426147460938,ORANGE,TUSTIN,-117.77426910400392,33.74723815917969
82223679,2023,2023-10-31,3001,2023-10-25,1932,A2715,D-3,3,5,7,3001,0,0,0,NA,0,D-3,KATELLA AVENUE,RT 57 NBOFF/R,0,NA,Y,A,-,Y,NA,NA,NA,NA,NA,NA,NA,NA,NA,Y,4,0,1,2,A,-,12,21453,A,N,D,C,A,A,H,-,C,A,0,NA,NA,NA,NA,Y,NA,A,01,0,0,1,0,0,0,0,0,0,-,-,33.80595016479492,-117.87876129150392,ORANGE,ANAHEIM,-117.88011932373048,33.80607986450195
82223691,2023,2023-10-31,3001,2023-10-27,2225,A1047,NA,5,5,7,3001,0,0,0,NA,0,D-4,SERRANO AVENUE,MARBLEHEAD WAY,0,NA,Y,A,B,N,NA,NA,NA,NA,NA,NA,NA,NA,NA,Y,4,0,1,3,A,-,09,21802,A,N,D,C,A,A,H,-,C,D,0,NA,NA,NA,NA,Y,NA,A,01,0,0,1,0,0,0,0,0,0,-,-,33.85293960571289,-117.73519897460938,ORANGE,ANAHEIM,-117.73499298095705,33.8532829284668
82224850,2023,2023-11-01,3001,2023-10-28,251,A1047,NA,6,5,7,3001,0,0,0,NA,0,D-2,ANAHEIM BOULEVARD,CENTER STREET PROMENADE,0,NA,Y,A,B,N,NA,NA,NA,NA,NA,NA,NA,NA,NA,Y,3,0,1,1,A,-,01,23152,A,N,E,I,A,A,H,-,C,A,0,NA,NA,NA,NA,Y,Y,A,07,0,1,0,0,0,0,0,0,0,-,-,NA,NA,ORANGE,ANAHEIM,-117.91390991210938,33.83555221557617
82227999,2023,2023-11-06,3001,2023-11-02,1849,A2339,D-1,4,5,7,3001,0,0,0,NA,0,D-1,CRESCENT AVENUE,ALAMO STREET,0,NA,Y,A,-,N,NA,NA,NA,NA,NA,NA,NA,NA,NA,N,4,0,1,2,A,-,09,21802,A,N,B,C,A,A,H,-,C,A,0,NA,NA,NA,NA,Y,NA,A,01,0,0,1,0,0,0,0,0,0,-,-,NA,NA,ORANGE,ANAHEIM,-117.96405029296876,33.83979415893555
82228259,2023,2023-11-06,3010,2023-10-22,1406,2090,NA,7,5,6,3010,0,0,0,NA,0,NA,BROOKHURST ST,BANNING AVE,0,NA,Y,A,-,N,NA,NA,NA,NA,NA,NA,NA,NA,NA,Y,4,0,1,2,A,-,12,21453,A,N,D,C,A,A,H,-,A,A,0,NA,NA,NA,NA,Y,NA,A,07,0,0,1,0,0,0,0,0,0,-,-,33.641700744628906,-117.9582977294922,ORANGE,HUNTINGTON BEACH,-117.95697021484376,33.64316177368164
82229640,2023,2023-11-07,3008,2023-09-26,1526,1295,ZONE,2,5,6,3008,0,0,0,NA,0,NA,BEACH BLVD,HAWKS POINTE DR (E),212,S,N,A,-,N,NA,NA,NA,NA,NA,NA,NA,NA,NA,N,4,0,1,2,A,-,03,22350,NA,N,C,C,A,A,H,-,A,A,0,NA,NA,NA,NA,Y,NA,A,01,0,0,1,0,0,0,0,0,0,-,-,NA,NA,ORANGE,FULLERTON,-117.98281097412108,33.90269088745117
82230597,2023,2023-11-09,3001,2023-10-10,800,A1007,NA,2,5,7,3001,0,0,0,NA,0,NA,SUNKIST STREET,AMES AVENUE,0,NA,Y,A,-,N,NA,NA,NA,NA,NA,NA,NA,NA,NA,N,3,0,1,2,A,-,05,21650,NA,N,D,C,A,A,H,-,A,D,0,NA,NA,Y,NA,Y,NA,C,03,0,1,0,0,0,0,0,0,1,-,-,33.82836151123047,-117.88023376464844,ORANGE,ANAHEIM,-117.88050842285156,33.828426361083984
82230650,2023,2023-11-08,3019,2023-10-13,1603,3550,WE,5,5,7,3019,0,0,0,NA,0,001,EUCLID STREET,FORBES AVENUE,0,NA,Y,A,-,N,NA,NA,NA,NA,NA,NA,NA,NA,NA,Y,4,0,2,2,A,-,09,21804,A,N,D,C,A,A,F,H,A,A,0,NA,NA,NA,NA,Y,NA,A,01,0,0,2,0,0,0,0,0,0,-,-,33.75682830810547,-117.9375,ORANGE,SANTA ANA,-117.93761444091795,33.75668716430664
82231669,2023,2023-11-13,3001,2023-10-10,649,A2214,D-3,2,5,7,3001,0,0,0,NA,0,D-3,SUNKIST STREET,SOUTH STREET,0,NA,Y,A,-,N,NA,NA,NA,NA,NA,NA,NA,NA,NA,N,2,0,1,2,A,-,12,21453,A,N,D,G,A,A,H,-,B,A,0,NA,Y,NA,NA,Y,NA,-,-,1,0,0,0,0,0,1,0,0,-,-,33.832550048828125,-117.88079833984376,ORANGE,ANAHEIM,-117.88053131103516,33.83265686035156
82232764,2023,2023-11-13,3001,2023-11-08,1409,A2883,NA,3,5,7,3001,0,0,0,NA,0,D-1,GROTON STREET,CLOVER AVENUE,21,N,N,A,-,N,NA,NA,NA,NA,NA,NA,NA,NA,NA,Y,3,0,1,2,A,-,12,22450,A,N,A,C,A,A,H,-,A,A,0,NA,NA,NA,NA,Y,NA,A,01,0,1,0,0,0,0,0,0,0,-,-,33.85186004638672,-117.96099090576172,ORANGE,ANAHEIM,-117.96102142333984,33.85213851928711
82233379,2023,2023-11-13,3010,2023-11-03,1437,1118,472,5,5,6,3010,0,0,0,NA,0,002,PACIFIC COAST HWY - SR1,BEACH BL - SR39,290,S,N,A,-,Y,ORA,NA,1,NA,NA,23.75,H,NA,R,Y,3,0,4,4,A,-,01,23152,A,N,C,C,A,A,H,-,A,A,0,NA,NA,NA,NA,Y,Y,A,01,0,2,2,0,0,0,0,0,0,-,-,33.64868927001953,-117.98845672607422,ORANGE,HUNTINGTON BEACH,-117.98838806152344,33.648765563964844
82233388,2023,2023-11-13,3019,2023-10-13,2246,3727,NE,5,5,7,3019,0,0,0,NA,0,002,17TH STREET,SANTIAGO AVENUE,0,NA,Y,A,-,N,NA,NA,NA,NA,NA,NA,NA,NA,NA,Y,3,0,1,2,A,-,12,21453,A,N,D,C,A,A,H,-,C,A,0,NA,NA,Y,NA,Y,NA,C,02,0,1,0,0,0,0,0,0,1,-,-,33.759071350097656,-117.86004638671876,ORANGE,SANTA ANA,-117.86014556884766,33.76005172729492
82233419,2023,2023-11-13,3019,2023-10-19,1440,3783,WE,4,5,7,3019,0,0,0,NA,0,001,FAIRVIEW STREET,5TH STREET,35,N,N,A,-,N,NA,NA,NA,NA,NA,NA,NA,NA,NA,N,4,0,2,2,A,-,03,22350,NA,N,C,C,A,A,H,-,A,A,0,NA,NA,NA,NA,Y,NA,A,07,0,0,2,0,0,0,0,0,0,-,-,33.74885177612305,-117.90474700927734,ORANGE,SANTA ANA,-117.90486907958984,33.74887466430664
82233694,2023,2023-11-13,3024,2023-07-03,1348,303,P-13,1,5,5,3024,0,0,0,NA,0,EAST,NEWLAND STREET,WESTMINSTER BOULEVARD,23,S,N,A,-,N,NA,NA,NA,NA,NA,NA,NA,NA,NA,N,3,0,1,2,A,-,12,21453,A,N,D,G,A,A,H,-,A,A,0,NA,Y,NA,NA,Y,NA,L,04,0,1,0,0,0,0,1,0,0,-,-,33.75944900512695,-117.9807586669922,ORANGE,WESTMINSTER,-117.98107147216795,33.75927734375
82233847,2023,2023-11-13,3008,2023-09-01,1103,1484,ZONE,5,5,6,3008,0,0,0,NA,0,NA,EUCLID ST,BAKER AVE,205,N,N,A,-,N,NA,NA,NA,NA,NA,NA,NA,NA,NA,N,4,0,1,3,A,-,03,22350,NA,N,C,C,A,A,H,-,A,D,0,NA,NA,NA,NA,Y,NA,A,07,0,0,1,0,0,0,0,0,0,-,-,NA,NA,ORANGE,FULLERTON,-117.94178009033205,33.85747146606445
82236193,2023,2023-11-15,3015,2023-11-04,2120,1720,RD12,6,5,6,3015,0,0,0,NA,0,311,PARKER ST,TOWN AND COUNTRY RD,0,NA,Y,A,-,N,NA,NA,NA,NA,NA,NA,NA,NA,NA,Y,3,0,1,2,A,-,01,23152,A,N,A,C,A,A,H,-,C,A,0,NA,NA,NA,NA,Y,Y,A,01,0,1,0,0,0,0,0,0,0,-,-,33.77661895751953,-117.85958862304688,ORANGE,ORANGE,-117.859619140625,33.77653121948242
82239753,2023,2023-11-20,3008,2023-08-24,811,1676,ZONE,4,5,6,3008,0,0,0,NA,0,NA,BREA BLVD,BASTANCHURY RD,365,S,N,A,-,N,NA,NA,NA,NA,NA,NA,NA,NA,NA,N,3,0,1,2,A,-,08,22107,NA,M,D,G,A,A,H,-,A,D,0,NA,Y,NA,NA,Y,NA,-,99,0,1,0,0,0,0,1,0,0,-,-,NA,NA,ORANGE,FULLERTON,-117.90994262695313,33.89850997924805
82241236,2023,2023-11-22,3001,2023-11-15,1711,A2339,D-1,3,5,7,3001,0,0,0,NA,0,D-1,LA PALMA AVENUE,MAGNOLIA AVENUE,31,E,N,C,-,N,NA,NA,NA,NA,NA,NA,NA,NA,NA,N,4,0,1,2,A,-,03,22350,NA,N,C,C,A,B,H,-,C,A,0,NA,NA,NA,NA,Y,NA,D,22,0,0,1,0,0,0,0,0,0,-,-,NA,NA,ORANGE,ANAHEIM,-117.97603607177734,33.84685134887695
82242341,2023,2023-11-22,3001,2023-11-20,1033,A2303,NA,1,5,7,3001,0,0,0,NA,0,NA,STATE COLLEGE BOULEVARD,ROMNEYA DRIVE,536,S,N,A,-,N,NA,NA,NA,NA,NA,NA,NA,NA,NA,N,4,0,1,2,A,-,10,21950,A,N,G,B,B,A,H,-,A,A,0,Y,NA,NA,NA,Y,NA,D,22,0,0,1,0,1,0,0,0,0,-,-,NA,NA,ORANGE,ANAHEIM,-117.88932037353516,33.84939956665039
82243397,2023,2023-11-23,3010,2023-11-19,958,3042,413,7,5,6,3010,0,0,0,NA,0,005,NEWLAND ST,GARFIELD AVE,0,NA,Y,A,-,N,NA,NA,NA,NA,NA,NA,NA,NA,NA,Y,4,0,2,2,A,-,09,21801,A,N,D,C,A,A,H,-,A,A,0,NA,NA,NA,NA,Y,NA,A,01,0,0,2,0,0,0,0,0,0,-,-,33.68661117553711,-117.98052215576172,ORANGE,HUNTINGTON BEACH,-117.98011016845705,33.686729431152344
82244075,2023,2023-11-27,3019,2023-11-08,802,3737,SC,3,5,7,3019,0,0,0,NA,0,004,BRISTOL STREET,WARNER AVENUE,440,N,N,A,-,N,NA,NA,NA,NA,NA,NA,NA,NA,NA,Y,4,0,2,2,A,-,09,21801,A,N,D,C,A,A,H,-,A,D,0,NA,NA,NA,NA,Y,NA,A,08,0,0,2,0,0,0,0,0,0,-,-,33.716190338134766,-117.8849868774414,ORANGE,SANTA ANA,-117.88531494140624,33.71742630004883
82247104,2023,2023-11-28,3026,2023-11-12,1200,11923,NA,7,5,6,3026,0,0,0,NA,0,009,BARRANCA PKWY,ADA,528,E,N,A,-,N,NA,NA,NA,NA,NA,NA,NA,NA,NA,Y,4,0,2,2,A,-,09,21801,A,N,D,D,A,A,H,-,A,D,0,NA,NA,NA,NA,Y,NA,A,01,0,0,2,0,0,0,0,0,0,-,-,33.65489959716797,-117.73503875732422,ORANGE,IRVINE,-117.73374176025392,33.6552619934082
82247248,2023,2023-11-30,3001,2023-11-21,1326,A1404,NA,2,5,7,3001,0,0,0,NA,0,NA,BALL ROAD,NUTWOOD STREET,0,NA,Y,A,-,N,NA,NA,NA,NA,NA,NA,NA,NA,NA,Y,3,0,3,3,A,-,12,21453,A,N,D,C,A,A,H,-,A,A,0,NA,NA,NA,NA,Y,NA,A,07,0,2,1,0,0,0,0,0,0,-,-,NA,NA,ORANGE,ANAHEIM,-117.95011138916016,33.81787872314453
82252506,2023,2023-12-06,3002,2023-11-12,1717,1710,NA,7,5,4,3002,0,0,0,NA,0,011,STATE COLLEGE BL,BREA BL,0,NA,Y,A,-,N,NA,NA,NA,NA,NA,NA,NA,NA,NA,Y,2,0,1,2,A,-,01,23153,A,N,D,G,A,A,H,-,C,A,0,NA,Y,NA,NA,Y,Y,A,01,1,0,0,0,0,0,1,0,0,-,-,33.932098388671875,-117.89396667480467,ORANGE,BREA,-117.89396667480467,33.932098388671875
82253389,2023,2023-12-05,3014,2023-11-29,1646,1483,RD39,3,5,5,3014,0,0,0,NA,0,A3,SAN JOAQUIN HILLS RD,SANTA ROSA,179,E,N,A,-,N,NA,NA,NA,NA,NA,NA,NA,NA,NA,Y,3,0,2,2,A,-,03,22350,NA,N,B,C,A,A,H,-,B,A,0,NA,NA,NA,NA,Y,NA,A,07,0,1,1,0,0,0,0,0,0,-,-,33.617401123046875,-117.86990356445313,ORANGE,NEWPORT BEACH,-117.8701629638672,33.6174430847168
82253516,2023,2023-12-08,3001,2023-11-29,1505,A1622,D-2,3,5,7,3001,0,0,0,NA,0,021,CRESCENT AVENUE,EUCLID STREET,0,NA,Y,B,-,N,NA,NA,NA,NA,NA,NA,NA,NA,NA,Y,3,0,2,2,A,-,09,21801,A,N,D,C,A,A,H,-,A,A,0,NA,NA,NA,NA,Y,NA,D,22,0,2,0,0,0,0,0,0,0,-,-,33.83998107910156,-117.94154357910156,ORANGE,ANAHEIM,-117.94159698486328,33.83980178833008
82253526,2023,2023-12-07,3001,2023-11-30,1448,A1158,D-3,4,5,7,3001,0,0,0,NA,0,033,HASTER STREET,BLUEBELL AVENUE,95,N,N,A,-,N,NA,NA,NA,NA,NA,NA,NA,NA,NA,Y,4,0,1,3,A,-,03,22350,NA,N,C,C,A,A,H,-,A,D,0,NA,NA,NA,NA,Y,NA,A,08,0,0,1,0,0,0,0,0,0,-,-,NA,NA,ORANGE,ANAHEIM,-117.90637969970705,33.79545974731445
82253584,2023,2023-12-06,3010,2023-11-26,1254,6047,171,7,5,6,3010,0,0,0,NA,0,008,WARNER AVE,EDGEWATER LANE,40,W,N,A,-,N,NA,NA,NA,NA,NA,NA,NA,NA,NA,Y,3,0,1,2,A,-,04,21703,NA,N,C,C,A,A,H,-,A,D,0,NA,NA,Y,NA,Y,NA,D,22,0,1,0,0,0,0,0,0,1,-,-,NA,NA,ORANGE,HUNTINGTON BEACH,-118.0530014038086,33.71173858642578
82257607,2023,2023-12-11,3014,2023-12-05,1015,1520,RD41,2,5,5,3014,0,0,0,NA,0,A3,SR-1 (E. COAST HWY),BAYSIDE DR,286,W,N,A,-,Y,ORA,NA,1,NA,R,18.135,H,NA,R,N,3,0,1,1,A,-,03,22350,NA,N,H,A,A,A,H,-,A,D,0,NA,Y,NA,NA,Y,NA,L,04,0,1,0,0,0,0,1,0,0,-,-,33.61650085449219,-117.90200042724608,ORANGE,NEWPORT BEACH,-117.90202331542967,33.61639404296875