CASE_ID,ACCIDENT_YEAR,PROC_DATE,JURIS,COLLISION_DATE,COLLISION_TIME,OFFICER_ID,REPORTING_DISTRICT,DAY_OF_WEEK,CHP_SHIFT,POPULATION,CNTY_CITY_LOC,SPECIAL_COND,BEAT_TYPE,CHP_BEAT_TYPE,CITY_DIVISION_LAPD,CHP_BEAT_CLASS,BEAT_NUMBER,PRIMARY_RD,SECONDARY_RD,DISTANCE,DIRECTION,INTERSECTION,WEATHER_1,WEATHER_2,STATE_HWY_IND,CALTRANS_COUNTY,CALTRANS_DISTRICT,STATE_ROUTE,ROUTE_SUFFIX,POSTMILE_PREFIX,POSTMILE,LOCATION_TYPE,RAMP_INTERSECTION,SIDE_OF_HWY,TOW_AWAY,COLLISION_SEVERITY,NUMBER_KILLED,NUMBER_INJURED,PARTY_COUNT,PRIMARY_COLL_FACTOR,PCF_CODE_OF_VIOL,PCF_VIOL_CATEGORY,PCF_VIOLATION,PCF_VIOL_SUBSECTION,HIT_AND_RUN,TYPE_OF_COLLISION,MVIW,PED_ACTION,ROAD_SURFACE,ROAD_COND_1,ROAD_COND_2,LIGHTING,CONTROL_DEVICE,CHP_ROAD_TYPE,PEDESTRIAN_ACCIDENT,BICYCLE_ACCIDENT,MOTORCYCLE_ACCIDENT,TRUCK_ACCIDENT,NOT_PRIVATE_PROPERTY,ALCOHOL_INVOLVED,STWD_VEHTYPE_AT_FAULT,CHP_VEHTYPE_AT_FAULT,COUNT_SEVERE_INJ,COUNT_VISIBLE_INJ,COUNT_COMPLAINT_PAIN,COUNT_PED_KILLED,COUNT_PED_INJURED,COUNT_BICYCLIST_KILLED,COUNT_BICYCLIST_INJURED,COUNT_MC_KILLED,COUNT_MC_INJURED,PRIMARY_RAMP,SECONDARY_RAMP,LATITUDE,LONGITUDE,COUNTY,CITY,POINT_X,POINT_Y
82388929,2024,2024-05-14,3010,2024-05-09,537,1224,NA,4,5,6,3010,0,0,0,NA,0,006,BEACH BL - SR39 BLVD,SLATER AVE,57,S,N,A,-,Y,ORA,NA,39,NA,NA,4.121,H,NA,R,N,4,0,1,2,A,-,11,21954,A,N,G,B,D,A,H,-,C,A,0,Y,NA,NA,NA,Y,NA,N,60,0,0,1,0,1,0,0,0,0,-,-,33.70827865600586,-117.98908233642578,ORANGE,HUNTINGTON BEACH,-117.98910522460938,33.70827865600586
82389989,2024,2024-05-15,3001,2024-04-29,1843,A2894,NA,1,5,7,3001,0,0,0,NA,0,NA,SOUTH STREET,MOSAIC ST.,0,NA,Y,A,-,N,NA,NA,NA,NA,NA,NA,NA,NA,NA,Y,4,0,1,2,A,-,09,21801,A,N,D,C,A,A,H,-,A,D,0,NA,NA,NA,NA,Y,NA,A,08,0,0,1,0,0,0,0,0,0,-,-,NA,NA,ORANGE,ANAHEIM,-117.90270233154295,33.828670501708984
82390090,2024,2024-05-15,3019,2024-04-20,1718,3769,NA,6,5,7,3019,0,0,0,NA,0,002,1ST STREET,LACY STREET,10,W,N,A,-,N,NA,NA,NA,NA,NA,NA,NA,NA,NA,Y,4,0,1,2,A,-,08,22107,NA,M,B,C,A,A,H,-,A,D,0,NA,NA,NA,NA,Y,NA,A,01,0,0,1,0,0,0,0,0,0,-,-,33.74563980102539,-117.86083221435548,ORANGE,SANTA ANA,-117.86063385009766,33.745460510253906
82391194,2024,2024-05-16,3019,2024-05-03,1535,3702,NA,5,5,7,3019,0,0,0,NA,0,004,HARBOR BOULEVARD,SEGERSTROM AVENUE,530,N,N,A,-,N,NA,NA,NA,NA,NA,NA,NA,NA,NA,N,4,0,1,2,A,-,08,22107,NA,M,B,C,A,A,H,-,A,D,0,NA,NA,NA,NA,Y,NA,A,07,0,0,1,0,0,0,0,0,0,-,-,33.70886993408203,-117.92003631591795,ORANGE,SANTA ANA,-117.91976165771484,33.71010208129883
82392305,2024,2024-05-17,3010,2024-05-15,928,3042,NA,3,5,6,3010,0,0,0,NA,0,004,MAIN ST,6TH ST,0,NA,Y,B,-,N,NA,NA,NA,NA,NA,NA,NA,NA,NA,Y,4,0,1,2,A,-,09,21801,A,N,D,C,A,A,H,-,A,A,0,NA,NA,NA,NA,Y,NA,A,01,0,0,1,0,0,0,0,0,0,-,-,33.66053009033203,-118.00007629394533,ORANGE,HUNTINGTON BEACH,-117.9989013671875,33.661537170410156
82392350,2024,2024-05-17,3008,2024-02-22,1731,1640,NA,4,5,6,3008,0,0,0,NA,0,NA,CHAPMAN AVE,STATE COLLEGE BLVD,0,NA,Y,B,-,N,NA,NA,NA,NA,NA,NA,NA,NA,NA,Y,4,0,1,2,A,-,09,21801,A,N,D,C,A,A,H,-,B,A,0,NA,NA,NA,NA,Y,NA,A,01,0,0,1,0,0,0,0,0,0,-,-,33.874351501464844,-117.88977813720705,ORANGE,FULLERTON,-117.88961791992188,33.874210357666016
82394536,2024,2024-05-21,3001,2024-05-16,1715,A1906,NA,4,5,7,3001,0,0,0,NA,0,D-1,BEACH BOULEVARD,BALL ROAD,92,N,N,B,-,Y,NA,NA,NA,NA,NA,NA,NA,NA,NA,Y,4,0,1,2,A,-,08,22107,NA,N,B,C,A,A,H,-,A,A,0,NA,NA,NA,NA,Y,NA,A,08,0,0,1,0,0,0,0,0,0,-,-,NA,NA,ORANGE,ANAHEIM,-117.9931640625,33.81768035888672
82394540,2024,2024-05-21,3001,2024-05-17,1457,A2882,NA,5,5,7,3001,0,0,0,NA,0,D-4,SANTA ANA CANYON ROAD,FESTIVAL DRIVE,0,NA,Y,A,-,N,NA,NA,NA,NA,NA,NA,NA,NA,NA,N,4,0,1,2,A,-,03,22350,NA,N,C,D,A,A,H,-,A,C,0,NA,NA,NA,NA,Y,NA,A,01,0,0,1,0,0,0,0,0,0,-,-,33.86825942993164,-117.75231170654295,ORANGE,ANAHEIM,-117.7524871826172,33.86851119995117
82394609,2024,2024-05-21,3010,2024-05-17,1758,2209,NA,5,5,6,3010,0,0,0,NA,0,005,BEACH BL - SR39 BLVD,GARFIELD AVE,47,S,N,A,-,Y,ORA,NA,39,NA,NA,2.628,H,NA,R,N,4,0,2,2,A,-,04,21703,NA,N,C,C,A,A,H,-,A,A,0,NA,NA,NA,NA,Y,NA,D,22,0,0,2,0,0,0,0,0,0,-,-,33.6864013671875,-117.98867797851563,ORANGE,HUNTINGTON BEACH,-117.98867034912108,33.6864013671875
82396645,2024,2024-05-23,3010,2024-04-17,2115,2036,NA,3,5,6,3010,0,0,0,NA,0,007,WARNER AVE,GOLDENWEST ST,540,W,N,A,-,N,NA,NA,NA,NA,NA,NA,NA,NA,NA,Y,3,0,2,3,A,-,07,21658,A,F,H,C,A,A,H,-,C,D,0,NA,NA,Y,NA,Y,Y,-,99,0,1,1,0,0,0,0,0,2,-,-,33.71556854248047,-118.00672149658205,ORANGE,HUNTINGTON BEACH,-118.00843811035156,33.71548843383789
82400742,2024,2024-05-29,3010,2024-04-11,2121,1048,NA,4,5,6,3010,0,0,0,NA,0,009,7225 EDINGER AVE,NOT STATED,0,NA,-,B,-,N,NA,NA,NA,NA,NA,NA,NA,NA,NA,N,4,0,1,2,A,-,05,21650,1,N,D,G,A,A,H,-,C,D,0,NA,Y,NA,NA,Y,NA,-,-,0,0,1,0,0,0,1,0,0,-,-,33.730018615722656,-118.00010681152344,ORANGE,HUNTINGTON BEACH,-118.002324,33.730124000000004
82401051,2024,2024-05-29,3014,2024-05-15,805,1418,NA,3,5,5,3014,0,0,0,NA,0,A2,OLD NEWPORT BLVD,ORANGE AVE,0,NA,N,B,-,N,NA,NA,NA,NA,NA,NA,NA,NA,NA,N,4,0,1,2,A,-,03,22350,NA,M,H,G,A,A,H,-,A,D,0,NA,NA,NA,NA,Y,NA,A,07,0,0,1,0,0,0,0,0,0,-,-,NA,NA,ORANGE,NEWPORT BEACH,-117.92562103271484,33.62919235229492
82401676,2024,2024-05-30,3001,2024-05-24,1331,A2484,NA,5,5,7,3001,0,0,0,NA,0,D-2,OLIVE STREET,LINCOLN AVENUE,160,S,N,B,-,N,NA,NA,NA,NA,NA,NA,NA,NA,NA,Y,3,0,2,1,A,-,08,22107,NA,N,E,I,A,A,H,-,A,D,0,NA,NA,NA,NA,Y,NA,D,22,0,1,1,0,0,0,0,0,0,-,-,NA,NA,ORANGE,ANAHEIM,-117.91036987304688,33.837066650390625
82401680,2024,2024-05-30,3001,2024-05-27,2306,A2941,NA,1,5,7,3001,0,0,0,NA,0,D-1,BROADWAY,EMPIRE STREET,0,NA,Y,A,-,N,NA,NA,NA,NA,NA,NA,NA,NA,NA,Y,4,0,1,2,A,-,08,22107,NA,N,C,C,A,A,H,-,C,D,0,NA,NA,NA,NA,Y,NA,A,01,0,0,1,0,0,0,0,0,0,-,-,33.828739166259766,-117.95423889160156,ORANGE,ANAHEIM,-117.9544677734375,33.82887649536133
82402528,2024,2024-06-05,3026,2024-05-23,1426,548,NA,4,5,6,3026,0,0,0,NA,0,006,GATEWAY,ALTON PKWY,26,N,N,B,-,N,NA,NA,NA,NA,NA,NA,NA,NA,NA,Y,2,0,1,1,A,-,08,22107,NA,N,F,A,A,A,H,-,A,A,0,NA,NA,NA,Y,Y,NA,F,24,1,0,0,0,0,0,0,0,0,-,-,33.65510940551758,-117.74691009521484,ORANGE,IRVINE,-117.74690246582033,33.655521392822266
82402640,2024,2024-05-30,3014,2024-05-26,1642,1462,NA,7,5,5,3014,0,0,0,NA,0,A4,MARGUERITE AVE,5TH AVE,241,N,N,A,-,N,NA,NA,NA,NA,NA,NA,NA,NA,NA,Y,3,0,1,1,A,-,08,22107,NA,N,E,-,A,A,H,-,A,D,0,NA,NA,NA,NA,Y,NA,D,22,0,1,0,0,0,0,0,0,0,-,-,33.60009002685547,-117.86679077148438,ORANGE,NEWPORT BEACH,-117.86697387695313,33.60025405883789
82402642,2024,2024-05-30,3014,2024-05-22,1155,1503,NA,3,5,5,3014,0,0,0,NA,0,A3,IRVINE AVE,ORCHARD DR,415,E,N,A,-,N,NA,NA,NA,NA,NA,NA,NA,NA,NA,N,3,0,2,2,A,-,05,21650,NA,N,D,G,A,A,H,-,A,D,0,NA,Y,NA,NA,Y,NA,L,04,0,1,1,0,0,0,1,0,0,-,-,33.65950012207031,-117.87998962402344,ORANGE,NEWPORT BEACH,-117.87740325927734,33.660099029541016
82404796,2024,2024-06-04,3001,2024-05-30,1627,A2339,NA,4,5,7,3001,0,0,0,NA,0,D-4,KRAEMER BOULEVARD,CORONADO STREET,500,N,N,A,-,N,NA,NA,NA,NA,NA,NA,NA,NA,NA,N,4,0,2,2,A,-,09,21804,A,N,D,C,A,A,H,-,A,A,0,NA,NA,NA,NA,Y,NA,D,22,0,0,2,0,0,0,0,0,0,-,-,33.8526611328125,-117.85798645019533,ORANGE,ANAHEIM,-117.85903167724608,33.85588073730469
82404859,2024,2024-06-04,3010,2024-05-31,1142,2090,NA,5,5,6,3010,0,0,0,NA,0,003,BEACH BL - SR39 BLVD,KNOXVILLE AVE,113,S,N,B,-,Y,NA,NA,NA,NA,NA,NA,NA,NA,NA,Y,4,0,1,2,A,-,03,22350,NA,N,C,C,A,A,H,-,A,D,0,NA,NA,NA,Y,Y,NA,F,26,0,0,1,0,0,0,0,0,0,-,-,33.66556930541992,-117.98963165283205,ORANGE,HUNTINGTON BEACH,-117.98838806152344,33.666419982910156
82406261,2024,2024-06-05,3008,2024-04-05,2133,1700,NA,5,5,6,3008,0,0,0,NA,0,NA,HARBOR BLVD,HERMOSA DR,339,N,N,A,-,N,NA,NA,NA,NA,NA,NA,NA,NA,NA,Y,3,0,1,1,A,-,09,21801,A,N,E,I,A,A,H,-,C,D,0,NA,NA,NA,NA,Y,NA,A,01,0,1,0,0,0,0,0,0,0,-,-,NA,NA,ORANGE,FULLERTON,-117.9310302734375,33.91039276123047
82406888,2024,2024-06-05,3019,2024-05-15,1922,3414,NA,3,5,7,3019,0,0,0,NA,0,001,TUSTIN AVENUE,17TH STREET,0,NA,Y,A,-,N,NA,NA,NA,NA,NA,NA,NA,NA,NA,Y,4,0,2,2,A,-,09,21453,C,N,A,C,A,A,H,-,A,A,0,NA,NA,NA,NA,Y,NA,A,07,0,0,2,0,0,0,0,0,0,-,-,33.758628845214844,-117.83412933349608,ORANGE,SANTA ANA,-117.83435821533205,33.75981140136719
82408325,2024,2024-06-07,3001,2024-06-05,1854,A1047,NA,3,5,7,3001,0,0,0,NA,0,D-1,LINCOLN AVENUE,EUCLID STREET,269,W,N,A,-,N,NA,NA,NA,NA,NA,NA,NA,NA,NA,N,4,0,1,2,A,-,10,21952,NA,N,G,B,F,A,H,-,A,A,0,Y,NA,NA,NA,Y,NA,A,01,0,0,1,0,1,0,0,0,0,-,-,NA,NA,ORANGE,ANAHEIM,-117.9423599243164,33.83243942260742
82408381,2024,2024-06-07,3019,2024-05-23,2158,3550,NA,4,5,7,3019,0,0,0,NA,0,001,BAKER STREET,22ND STREET,20,N,N,A,-,N,NA,NA,NA,NA,NA,NA,NA,NA,NA,Y,4,0,1,1,A,-,08,22107,NA,N,E,I,A,A,H,-,C,D,0,NA,NA,NA,NA,Y,NA,A,01,0,0,1,0,0,0,0,0,0,-,-,33.76380920410156,-117.88221740722656,ORANGE,SANTA ANA,-117.88246917724608,33.76445388793945
82409384,2024,2024-06-07,3014,2024-06-01,1023,1503,NA,6,5,5,3014,0,0,0,NA,0,A1,VIA ANTIBES,VIA LIDO SOUD,3,E,N,B,-,N,NA,NA,NA,NA,NA,NA,NA,NA,NA,N,4,0,1,2,A,-,03,22350,NA,N,G,B,B,A,H,-,A,A,0,Y,NA,NA,NA,Y,NA,A,07,0,0,1,0,1,0,0,0,0,-,-,33.61568832397461,-117.92359924316406,ORANGE,NEWPORT BEACH,-117.92359924316406,33.615699768066406
82412166,2024,2024-06-12,3022,2024-04-21,1336,1435,NA,7,5,5,3022,0,0,0,NA,0,NA,NEWPORT AV,NISSON RD,250,S,N,A,-,N,NA,NA,NA,NA,NA,NA,NA,NA,NA,Y,3,0,1,2,A,-,09,21804,A,N,D,C,A,A,H,-,A,D,0,NA,NA,NA,NA,Y,NA,A,01,0,1,0,0,0,0,0,0,0,-,-,33.7365608215332,-117.82347869873048,ORANGE,TUSTIN,-117.82401275634766,33.736175537109375
82412211,2024,2024-06-12,3010,2024-06-09,203,3042,NA,7,5,6,3010,0,0,0,NA,0,003,BEACH BL - SR39 BLVD,GARFIELD AVE,855,S,N,B,-,Y,ORA,NA,39,NA,NA,2.649,H,NA,L,Y,3,0,1,2,A,-,01,23152,A,N,C,E,A,A,H,-,C,D,0,NA,NA,NA,NA,Y,Y,D,22,0,1,0,0,0,0,0,0,0,-,-,33.686710357666016,-117.9892120361328,ORANGE,HUNTINGTON BEACH,-117.9888916015625,33.68671417236328
82413234,2024,2024-06-12,3014,2024-06-05,1115,1527,NA,3,5,5,3014,0,0,0,NA,0,A3,BRISTOL ST N,BIRCH ST,0,NA,Y,A,-,N,NA,NA,NA,NA,NA,NA,NA,NA,NA,Y,4,0,1,2,A,-,09,21453,B,N,C,C,A,A,H,-,A,D,0,NA,NA,NA,NA,Y,NA,A,01,0,0,1,0,0,0,0,0,0,-,-,33.661590576171875,-117.87290191650392,ORANGE,NEWPORT BEACH,-117.8728256225586,33.6616096496582
82414592,2024,2024-06-14,3019,2024-06-04,1508,3716,NA,2,5,7,3019,0,0,0,NA,0,002,4TH STREET,PARKCENTER DRIVE,0,NA,Y,A,-,N,NA,NA,NA,NA,NA,NA,NA,NA,NA,Y,4,0,2,3,A,-,09,21801,A,N,D,C,A,A,H,-,A,D,0,NA,NA,NA,NA,Y,NA,A,01,0,0,2,0,0,0,0,0,0,-,-,33.74699020385742,-117.83638763427734,ORANGE,SANTA ANA,-117.83625030517578,33.748111724853516
82415229,2024,2024-06-17,3015,2024-06-13,653,1545,NA,4,5,6,3015,0,0,0,NA,0,721M,GROVE AVE,BATAVIA ST (N),1075,E,N,B,-,N,NA,NA,NA,NA,NA,NA,NA,NA,NA,N,4,0,1,2,A,-,09,21804,A,N,D,C,A,A,H,-,A,D,0,NA,NA,NA,NA,Y,NA,A,01,0,0,1,0,0,0,0,0,0,-,-,33.82046890258789,-117.86144256591795,ORANGE,ORANGE,-117.85855102539063,33.82094955444336
82417973,2024,2024-06-19,3019,2024-05-18,1450,3726,NA,6,5,7,3019,0,0,0,NA,0,004,BRISTOL STREET,MACARTHUR BOULEVARD,69,S,N,A,-,N,NA,NA,NA,NA,NA,NA,NA,NA,NA,N,4,0,2,4,A,-,03,22350,NA,N,C,C,A,A,H,-,A,A,0,NA,NA,NA,NA,Y,NA,A,01,0,0,2,0,0,0,0,0,0,-,-,33.699981689453125,-117.88549041748048,ORANGE,SANTA ANA,-117.88561248779295,33.699729919433594
82419746,2024,2024-06-20,3026,2024-05-24,753,455,NA,5,5,6,3026,0,0,0,NA,0,009,PORTOLA SPRINGS,MODJESKA,0,NA,Y,B,-,N,NA,NA,NA,NA,NA,NA,NA,NA,NA,Y,4,0,1,2,A,-,12,21453,A,N,D,C,A,A,H,-,A,A,0,NA,NA,NA,NA,Y,NA,D,22,0,0,1,0,0,0,0,0,0,-,-,NA,NA,ORANGE,IRVINE,-117.71231079101563,33.691890716552734
82420037,2024,2024-06-21,3019,2024-06-12,620,2801,NA,3,5,7,3019,0,0,0,NA,0,002,MAIN STREET,TOWN AND COUNTRY ROAD,172,S,N,B,-,N,NA,NA,NA,NA,NA,NA,NA,NA,NA,Y,4,0,1,3,A,-,03,22350,NA,N,C,C,A,A,H,-,A,D,0,NA,NA,NA,NA,Y,NA,A,01,0,0,1,0,0,0,0,0,0,-,-,33.776390075683594,-117.86711120605467,ORANGE,SANTA ANA,-117.86724853515624,33.77606964111328
82422470,2024,2024-06-25,3019,2024-05-31,1729,3783,NA,5,5,7,3019,0,0,0,NA,0,001,17TH STREET,FAIRVIEW STREET,0,NA,Y,A,-,N,NA,NA,NA,NA,NA,NA,NA,NA,NA,N,4,0,1,2,A,-,03,22350,NA,M,C,C,A,A,H,-,A,A,0,NA,NA,NA,NA,Y,NA,A,01,0,0,1,0,0,0,0,0,0,-,-,33.75988006591797,-117.90255737304688,ORANGE,SANTA ANA,-117.90286254882813,33.75984573364258
82422472,2024,2024-06-25,3019,2024-06-01,1424,3947,NA,6,5,7,3019,0,0,0,NA,0,003,GRAND AVENUE,SAINT GERTRUDE PLACE,0,NA,Y,A,-,N,NA,NA,NA,NA,NA,NA,NA,NA,NA,Y,4,0,2,2,A,-,09,21801,A,N,B,C,A,A,H,-,A,A,0,NA,NA,NA,NA,Y,NA,A,01,0,0,2,0,0,0,0,0,0,-,-,33.71950912475586,-117.85050201416016,ORANGE,SANTA ANA,-117.85055541992188,33.71955490112305
82423238,2024,2024-06-25,3014,2024-06-18,654,1527,NA,2,5,5,3014,0,0,0,NA,0,A1,W BALBOA BLVD,20TH ST,20,W,N,B,-,N,NA,NA,NA,NA,NA,NA,NA,NA,NA,N,3,0,1,2,A,-,03,22350,NA,N,C,C,A,A,H,-,A,D,0,NA,NA,NA,NA,Y,NA,D,22,0,1,0,0,0,0,0,0,0,-,-,33.6083984375,-117.92729949951172,ORANGE,NEWPORT BEACH,-117.9272689819336,33.608455657958984
82423247,2024,2024-06-25,3014,2024-06-19,1043,1483,NA,3,5,5,3014,0,0,0,NA,0,A4,SR-1 (E COAST HWY),MARGUERITE,68,W,N,B,-,Y,NA,NA,NA,NA,NA,NA,NA,NA,NA,N,4,0,1,2,A,-,03,22350,NA,N,C,C,A,A,H,-,A,A,0,NA,NA,NA,NA,Y,NA,D,22,0,0,1,0,0,0,0,0,0,-,-,33.59640121459961,-117.87109375,ORANGE,NEWPORT BEACH,-117.87104034423828,33.596431732177734
82423406,2024,2024-06-25,3026,2024-06-17,736,4779,NA,1,5,6,3026,0,0,0,NA,0,009,PORTOLA SPRINGS,BORREGO,6,E,N,B,-,N,NA,NA,NA,NA,NA,NA,NA,NA,NA,N,2,0,1,2,A,-,-,NA,NA,N,H,G,A,A,H,-,A,A,0,NA,Y,NA,NA,Y,NA,L,04,1,0,0,0,0,0,1,0,0,-,-,33.697330474853516,-117.72147369384766,ORANGE,IRVINE,-117.7123794555664,33.69781494140625
82423605,2024,2024-06-26,3019,2024-06-18,832,2801,NA,2,5,7,3019,0,0,0,NA,0,002,CEDAR STREET,1ST STREET,32,S,N,A,-,N,NA,NA,NA,NA,NA,NA,NA,NA,NA,N,4,0,1,2,A,-,05,21650,1,N,B,G,A,A,H,-,A,D,0,NA,Y,NA,NA,Y,NA,L,04,0,0,1,0,0,0,1,0,0,-,-,33.745609283447266,-117.85852813720705,ORANGE,SANTA ANA,-117.8582763671875,33.745361328125
82424519,2024,2024-06-28,3001,2024-06-18,110,A1278,NA,2,5,7,3001,0,0,0,NA,0,D-2,EUCLID STREET,LA PALMA AVENUE,0,NA,Y,B,-,N,NA,NA,NA,NA,NA,NA,NA,NA,NA,N,3,0,1,2,D,-,00,NA,NA,N,D,G,A,A,H,-,C,A,0,NA,Y,NA,NA,Y,NA,-,-,0,1,0,0,0,0,1,0,0,-,-,33.846248626708984,-117.94123840332033,ORANGE,ANAHEIM,-117.9416732788086,33.84709930419922
82425568,2024,2024-06-28,3001,2024-06-24,2110,A1962,NA,1,5,7,3001,0,0,0,NA,0,D-2,LINCOLN AVENUE,LARCH STREET,70,W,N,A,-,N,NA,NA,NA,NA,NA,NA,NA,NA,NA,Y,4,0,1,1,A,-,01,23152,A,N,E,I,A,A,D,-,C,D,0,NA,NA,NA,NA,Y,Y,A,01,0,0,1,0,0,0,0,0,0,-,-,NA,NA,ORANGE,ANAHEIM,-117.89712524414063,33.83937454223633
82428052,2024,2024-07-02,3010,2024-06-23,1821,1107,NA,7,5,6,3010,0,0,0,NA,0,004,PACIFIC COAST HWY - SR1,MAIN ST,0,NA,Y,A,-,Y,NA,NA,NA,NA,NA,NA,NA,NA,NA,N,4,0,1,2,A,-,11,21456,B,N,G,B,D,A,H,-,A,A,0,Y,NA,NA,NA,Y,NA,N,60,0,0,1,0,1,0,0,0,0,-,-,33.65616989135742,-118.00330352783205,ORANGE,HUNTINGTON BEACH,-118.00189971923828,33.65714645385742
82428079,2024,2024-07-02,3019,2024-06-18,1818,3941,NA,2,5,7,3019,0,0,0,NA,0,002,HEMLOCK WAY,BAKER STREET,60,W,N,A,-,N,NA,NA,NA,NA,NA,NA,NA,NA,NA,N,4,0,1,2,A,-,11,21954,A,N,G,B,D,A,H,-,A,D,0,Y,NA,NA,NA,Y,NA,N,60,0,0,1,0,1,0,0,0,0,-,-,33.709739685058594,-117.88314056396484,ORANGE,SANTA ANA,-117.88358306884766,33.70979690551758
82430623,2024,2024-07-04,3019,2024-07-02,1438,3201,NA,2,5,7,3019,0,0,0,NA,0,004,MACARTHUR BOULEVARD,HOME DEPOT,0,NA,Y,A,-,N,NA,NA,NA,NA,NA,NA,NA,NA,NA,Y,2,0,2,2,A,-,09,21801,A,N,D,C,A,A,H,-,A,D,0,NA,NA,Y,NA,Y,NA,A,01,1,1,0,0,0,0,0,0,1,-,-,33.70241928100586,-117.91718292236328,ORANGE,SANTA ANA,-117.9171142578125,33.70196533203125
82432190,2024,2024-07-08,3016,2024-05-25,1644,1295,NA,6,5,5,3016,0,0,0,NA,0,001,IMPERIAL HIGHWAY,ROSE DRIVE,37,E,N,A,-,N,NA,NA,NA,NA,NA,NA,NA,NA,NA,Y,3,0,3,3,A,-,09,21804,A,N,D,C,A,A,H,-,A,A,0,NA,NA,NA,NA,Y,NA,A,01,0,3,0,0,0,0,0,0,0,-,-,33.904659271240234,-117.8423080444336,ORANGE,PLACENTIA,-117.84207153320313,33.90431213378906
82433528,2024,2024-07-09,3010,2024-07-03,1621,0147,NA,3,5,6,3010,0,0,0,NA,0,006,MAGNOLIA ST,WARNER AVE,912,N,N,A,-,N,NA,NA,NA,NA,NA,NA,NA,NA,NA,N,3,0,1,1,A,-,03,22350,NA,N,E,I,A,A,H,-,A,A,0,NA,Y,NA,NA,Y,NA,L,04,0,1,0,0,0,0,1,0,0,-,-,33.71556854248047,-117.9716796875,ORANGE,HUNTINGTON BEACH,-117.97196197509766,33.718387603759766
82435657,2024,2024-07-11,3019,2024-06-10,1927,3931,NA,1,5,7,3019,0,0,0,NA,0,004,PENDLETON AVENUE,SUSAN STREET (W),60,E,N,A,-,N,NA,NA,NA,NA,NA,NA,NA,NA,NA,N,4,0,1,2,D,-,00,NA,NA,F,D,C,A,A,H,-,B,A,0,NA,NA,NA,NA,Y,NA,-,-,0,0,1,0,0,0,0,0,0,-,-,33.7156982421875,-117.91314697265624,ORANGE,SANTA ANA,-117.91274261474608,33.71561813354492
82438170,2024,2024-07-12,3014,2024-07-01,924,1527,NA,1,5,5,3014,0,0,0,NA,0,A2,GALAXY DR,ALDEBARAN CIR,130,S,N,A,-,N,NA,NA,NA,NA,NA,NA,NA,NA,NA,N,3,0,1,2,A,-,03,22350,NA,N,H,G,A,A,H,-,A,D,0,NA,NA,NA,NA,Y,NA,M,91,0,1,0,0,0,0,0,0,0,-,-,33.62989044189453,-117.89219665527344,ORANGE,NEWPORT BEACH,-117.89227294921876,33.630062103271484
82440442,2024,2024-07-16,3026,2024-07-08,1120,737,NA,1,5,6,3026,0,0,0,NA,0,009,PORTOLA PARKWAY,PEARBLOSSOM,1000,W,N,A,-,N,NA,NA,NA,NA,NA,NA,NA,NA,NA,N,2,0,1,2,A,-,03,22350,NA,N,E,E,A,A,H,-,A,D,0,NA,Y,NA,NA,Y,NA,L,04,1,0,0,0,0,0,1,0,0,-,-,NA,NA,ORANGE,IRVINE,-117.70424652099608,33.69432067871094
82440850,2024,2024-07-16,3014,2024-07-10,817,1527,NA,3,5,5,3014,0,0,0,NA,0,A3,JAMBOREE RD,FORD RD,895,N,N,B,-,N,NA,NA,NA,NA,NA,NA,NA,NA,NA,Y,4,0,1,3,A,-,03,22350,NA,N,C,C,A,A,H,-,A,D,0,NA,NA,NA,NA,Y,NA,A,01,0,0,1,0,0,0,0,0,0,-,-,33.633399963378906,-117.87290191650392,ORANGE,NEWPORT BEACH,-117.87295532226563,33.63315200805664
82440987,2024,2024-07-17,3015,2024-07-05,1348,1545,NA,5,5,6,3015,0,0,0,NA,0,721M,KATELLA AVE,GLASSELL ST,362,E,N,A,-,N,NA,NA,NA,NA,NA,NA,NA,NA,NA,Y,4,0,2,2,A,-,09,21804,A,N,D,C,A,A,H,-,A,D,0,NA,NA,NA,NA,Y,NA,A,07,0,0,2,0,0,0,0,0,0,-,-,33.80849838256836,-117.85260772705078,ORANGE,ORANGE,-117.85301971435548,33.80908966064453
82442119,2024,2024-07-18,3019,2024-07-16,1758,3929,NA,2,5,7,3019,0,0,0,NA,0,NA,17TH STREET,SPURGEON STREET,0,NA,Y,A,-,N,NA,NA,NA,NA,NA,NA,NA,NA,NA,N,4,0,1,2,A,-,08,22107,NA,N,B,G,A,A,H,-,A,A,0,NA,Y,NA,NA,Y,NA,A,01,0,0,1,0,0,0,1,0,0,-,-,33.76020050048828,-117.86518096923828,ORANGE,SANTA ANA,-117.86520385742188,33.75996398925781