CASE_ID,ACCIDENT_YEAR,PROC_DATE,JURIS,COLLISION_DATE,COLLISION_TIME,OFFICER_ID,REPORTING_DISTRICT,DAY_OF_WEEK,CHP_SHIFT,POPULATION,CNTY_CITY_LOC,SPECIAL_COND,BEAT_TYPE,CHP_BEAT_TYPE,CITY_DIVISION_LAPD,CHP_BEAT_CLASS,BEAT_NUMBER,PRIMARY_RD,SECONDARY_RD,DISTANCE,DIRECTION,INTERSECTION,WEATHER_1,WEATHER_2,STATE_HWY_IND,CALTRANS_COUNTY,CALTRANS_DISTRICT,STATE_ROUTE,ROUTE_SUFFIX,POSTMILE_PREFIX,POSTMILE,LOCATION_TYPE,RAMP_INTERSECTION,SIDE_OF_HWY,TOW_AWAY,COLLISION_SEVERITY,NUMBER_KILLED,NUMBER_INJURED,PARTY_COUNT,PRIMARY_COLL_FACTOR,PCF_CODE_OF_VIOL,PCF_VIOL_CATEGORY,PCF_VIOLATION,PCF_VIOL_SUBSECTION,HIT_AND_RUN,TYPE_OF_COLLISION,MVIW,PED_ACTION,ROAD_SURFACE,ROAD_COND_1,ROAD_COND_2,LIGHTING,CONTROL_DEVICE,CHP_ROAD_TYPE,PEDESTRIAN_ACCIDENT,BICYCLE_ACCIDENT,MOTORCYCLE_ACCIDENT,TRUCK_ACCIDENT,NOT_PRIVATE_PROPERTY,ALCOHOL_INVOLVED,STWD_VEHTYPE_AT_FAULT,CHP_VEHTYPE_AT_FAULT,COUNT_SEVERE_INJ,COUNT_VISIBLE_INJ,COUNT_COMPLAINT_PAIN,COUNT_PED_KILLED,COUNT_PED_INJURED,COUNT_BICYCLIST_KILLED,COUNT_BICYCLIST_INJURED,COUNT_MC_KILLED,COUNT_MC_INJURED,PRIMARY_RAMP,SECONDARY_RAMP,LATITUDE,LONGITUDE,COUNTY,CITY,POINT_X,POINT_Y
84372317,2024,2024-08-27,3026,2024-08-26,800,4779,NA,1,5,6,3026,0,0,0,NA,0,001,MACARTHUR BLVD,RED HILL AVE,192,W,N,A,-,N,NA,NA,NA,NA,NA,NA,NA,NA,NA,N,4,0,1,2,A,-,21,22106,NA,N,C,C,A,A,H,-,A,A,0,NA,NA,NA,NA,Y,NA,D,22,0,0,1,0,0,0,0,0,0,-,-,33.6940803527832,-117.85482788085938,ORANGE,IRVINE,-117.85533142089844,33.694297790527344
84374324,2024,2024-08-29,3001,2024-08-19,122,A1047,NA,1,5,7,3001,0,0,0,NA,0,D-3,ORANGEWOOD AVENUE,HARBOR BOULEVARD,0,NA,Y,A,-,N,NA,NA,NA,NA,NA,NA,NA,NA,NA,Y,4,0,3,2,A,-,12,21453,A,N,D,C,A,A,H,-,C,A,0,NA,NA,NA,NA,Y,NA,A,01,0,0,3,0,0,0,0,0,0,-,-,NA,NA,ORANGE,ANAHEIM,-117.91519165039063,33.79607009887695
8437446,2017,2017-09-22,3024,2017-09-05,1529,329,P38,2,5,5,3024,0,0,0,NA,0,EAST,EDINGER AV,ORD WY,6,W,N,A,-,N,NA,NA,NA,NA,NA,NA,NA,NA,NA,Y,3,0,2,2,A,-,09,21801,A,N,A,C,A,A,H,-,A,D,0,NA,NA,NA,NA,Y,NA,A,07,0,2,0,0,0,0,0,0,0,-,-,NA,NA,ORANGE,WESTMINSTER,-117.97912969,33.73027
8437513,2017,2017-11-09,3000,2017-07-18,2135,921,921H1,2,5,4,3045,0,0,0,NA,0,445,AVENIDA DE LA CARLOTA,LOS ALISOS BL,12,W,N,A,-,N,NA,NA,NA,NA,NA,NA,NA,NA,NA,N,3,0,1,2,A,-,08,22101,D,N,H,G,A,A,H,-,C,A,0,NA,Y,NA,NA,Y,NA,A,01,0,1,0,0,0,0,1,0,0,-,-,NA,NA,ORANGE,LAGUNA HILLS,-117.69948595,33.60657006
84376228,2024,2024-08-30,3010,2024-08-21,709,0147,NA,3,5,6,3010,0,0,0,NA,0,009,SPRINGDALE ST,MEADOWLARK DR,146,N,N,A,-,N,NA,NA,NA,NA,NA,NA,NA,NA,NA,N,4,0,1,2,A,-,08,22107,NA,N,D,C,A,A,H,-,A,D,0,NA,NA,NA,NA,Y,NA,A,07,0,0,1,0,0,0,0,0,0,-,-,33.72595977783203,-118.02375793457033,ORANGE,HUNTINGTON BEACH,-118.02413940429688,33.726348876953125
8437728,2017,2017-08-28,3015,2017-07-15,1052,1440,54,6,5,6,3015,0,0,0,NA,0,903,EAST CHAPMAN AV,S JAMES,202,E,N,A,-,N,NA,NA,NA,NA,NA,NA,NA,NA,NA,Y,4,0,1,2,A,-,09,21804,A,N,A,C,A,A,H,-,A,D,0,NA,NA,NA,NA,Y,NA,A,07,0,0,1,0,0,0,0,0,0,-,-,NA,NA,ORANGE,ORANGE,-117.81293682,33.78778
8437744,2017,2017-08-28,3015,2017-07-26,1232,1364,16E,3,5,6,3015,0,0,0,NA,0,903,NORTH TUSTIN AV,ORANGE GROVE,51,E,N,A,-,N,NA,NA,NA,NA,NA,NA,NA,NA,NA,Y,4,0,1,2,A,-,09,21801,A,N,D,C,A,A,H,-,A,D,0,NA,NA,Y,NA,Y,NA,C,02,0,0,1,0,0,0,0,0,1,-,-,NA,NA,ORANGE,ORANGE,-117.83567,33.79652
84380300,2024,2024-09-04,3026,2024-08-20,11,742,NA,2,5,6,3026,0,0,0,NA,0,005,ALTON PARKWAY,CULVER DRIVE,0,NA,Y,A,-,N,NA,NA,NA,NA,NA,NA,NA,NA,NA,Y,4,0,2,2,A,-,12,21453,A,N,D,C,A,A,H,-,C,A,0,NA,NA,NA,NA,Y,NA,B,07,0,0,2,0,0,0,0,0,0,-,-,NA,NA,ORANGE,IRVINE,-117.81159973144533,33.680870056152344
8438050,2017,2017-08-25,3014,2017-08-05,2500,1395,RD15,6,5,5,3014,0,0,0,NA,0,0A1,BALBOA BL,32ND ST,40,E,N,A,-,N,NA,NA,NA,NA,NA,NA,NA,NA,NA,N,4,0,1,2,A,-,03,22350,NA,M,C,C,A,A,H,-,C,A,0,NA,NA,NA,NA,Y,NA,A,01,0,0,1,0,0,0,0,0,0,-,-,33.6146,-117.9323,ORANGE,NEWPORT BEACH,-117.93249753,33.61466862
8438302,2017,2017-09-01,3001,2017-07-09,2004,A1252,NA,7,5,7,3001,0,0,0,NA,0,0D1,WEST BROADWAY,LOARA ST,15,W,N,B,-,N,NA,NA,NA,NA,NA,NA,NA,NA,NA,N,4,0,1,2,A,-,08,22100,B,N,D,G,A,A,H,-,B,A,0,NA,Y,NA,NA,Y,Y,L,04,0,0,1,0,0,0,0,0,0,-,-,NA,NA,ORANGE,ANAHEIM,-117.93719926,33.82892907
8438323,2017,2017-08-29,3013,2017-07-07,1730,199,NA,5,5,3,3013,0,0,0,NA,0,NA,KATELLA AV,CHESTNUT ST,0,NA,Y,A,-,N,NA,NA,NA,NA,NA,NA,NA,NA,NA,Y,4,0,1,2,A,-,06,21755,NA,N,D,C,A,A,H,-,A,D,0,NA,NA,Y,NA,Y,Y,C,02,0,0,1,0,0,0,0,0,1,-,-,NA,NA,ORANGE,LOS ALAMITOS,-118.07320004,33.80303005
84383281,2024,2024-09-06,3001,2024-08-27,1918,A1278,NA,2,5,7,3001,0,0,0,NA,0,D-3,BROADWAY,HESSEL STREET,0,NA,Y,A,-,N,NA,NA,NA,NA,NA,NA,NA,NA,NA,Y,4,0,1,2,A,-,09,21802,A,N,D,C,A,A,H,-,B,A,0,NA,NA,NA,NA,Y,NA,D,22,0,0,1,0,0,0,0,0,0,-,-,NA,NA,ORANGE,ANAHEIM,-117.9318618774414,33.82902145385742
8438332,2017,2017-08-28,3000,2017-07-18,1607,5163,951E6,2,5,5,3040,0,0,0,NA,0,903,PACIFIC ISLAND DR,BELLE MAISON,340,N,N,A,-,N,NA,NA,NA,NA,NA,NA,NA,NA,NA,N,3,0,1,1,A,-,08,22107,NA,N,H,I,A,A,H,-,A,D,0,NA,Y,NA,NA,Y,NA,L,04,0,1,0,0,0,0,1,0,0,-,-,NA,NA,ORANGE,LAGUNA NIGUEL,-117.72507905,33.51885371
84383380,2024,2024-09-06,3010,2024-08-29,1432,0147,NA,4,5,6,3010,0,0,0,NA,0,002,NEWLAND ST,INDIANAPOLIS AVE,0,NA,Y,A,-,N,NA,NA,NA,NA,NA,NA,NA,NA,NA,Y,3,0,1,3,A,-,12,21453,A,N,D,C,A,A,H,-,A,A,0,NA,NA,NA,NA,Y,NA,D,22,0,1,0,0,0,0,0,0,0,-,-,33.664939880371094,-117.9796905517578,ORANGE,HUNTINGTON BEACH,-117.97981262207033,33.664939880371094
8438365,2017,2017-08-28,3001,2017-06-27,1518,1851,NA,2,5,7,3001,0,0,0,NA,0,NA,WEST LA PALMA AV,N WOODLAND DR,87,E,N,A,-,N,NA,NA,NA,NA,NA,NA,NA,NA,NA,Y,4,0,1,2,B,-,22,NA,NA,N,E,I,A,A,H,-,A,D,0,NA,NA,NA,NA,Y,NA,A,07,0,0,1,0,0,0,0,0,0,-,-,NA,NA,ORANGE,ANAHEIM,-117.97897413,33.84682
8438373,2017,2017-08-30,3001,2017-06-29,1309,1410,NA,4,5,7,3001,0,0,0,NA,0,0D2,EAST SOUTH ST,S MELROSE ST,0,NA,Y,A,-,N,NA,NA,NA,NA,NA,NA,NA,NA,NA,Y,4,0,1,4,A,-,09,21801,A,N,D,C,A,A,H,-,A,D,0,NA,NA,NA,NA,Y,NA,A,08,0,0,1,0,0,0,0,0,0,-,-,NA,NA,ORANGE,ANAHEIM,-117.90613009,33.82786002
8438384,2017,2017-08-28,3019,2017-07-21,1628,3155,SE,5,5,7,3019,0,0,0,NA,0,003,WARNER AV,BROADWAY,0,NA,Y,A,-,N,NA,NA,NA,NA,NA,NA,NA,NA,NA,Y,3,0,3,3,A,-,06,21755,NA,N,D,C,F,A,H,-,A,D,0,Y,NA,NA,NA,Y,NA,A,01,0,2,1,0,1,0,0,0,0,-,-,33.71626,-117.86976,ORANGE,SANTA ANA,-117.86972011,33.71604009
84385157,2024,2024-09-09,3019,2024-09-05,1743,3575,NA,4,5,7,3019,0,0,0,NA,0,001,FAIRVIEW STREET,BOLIVAR CIRCLE,80,N,N,A,-,N,NA,NA,NA,NA,NA,NA,NA,NA,NA,Y,3,0,2,2,A,-,03,22350,NA,N,C,C,A,A,H,-,A,D,0,NA,NA,NA,NA,Y,NA,A,01,0,1,1,0,0,0,0,0,0,-,-,33.7689208984375,-117.90286254882813,ORANGE,SANTA ANA,-117.90294647216795,33.768898010253906
84387546,2024,2024-09-10,3019,2024-08-09,2309,3451,NA,5,5,7,3019,0,0,0,NA,0,003,STANDARD AVENUE,EDINGER AVENUE,200,N,N,A,-,N,NA,NA,NA,NA,NA,NA,NA,NA,NA,N,4,0,2,2,A,-,05,21651,B,F,A,C,A,A,H,-,D,D,0,NA,NA,NA,NA,Y,NA,A,01,0,0,2,0,0,0,0,0,0,-,-,33.72684860229492,-117.85627746582033,ORANGE,SANTA ANA,-117.85645294189452,33.72732925415039
84389468,2024,2025-01-02,3010,2024-09-07,645,1022,NA,6,5,6,3010,0,0,0,NA,0,007,EDWARDS ST,WRENFIELD DR,130,S,N,A,-,N,NA,NA,NA,NA,NA,NA,NA,NA,NA,Y,3,0,2,2,A,-,00,23103,A,N,B,D,A,A,H,-,A,D,0,NA,NA,NA,Y,Y,NA,F,76,0,2,0,0,0,0,0,0,0,-,-,33.7127685546875,-118.01513671875,ORANGE,HUNTINGTON BEACH,-118.01520538330078,33.7125129699707
84390918,2024,2024-09-12,3008,2024-07-26,1752,1523,NA,5,5,6,3008,0,0,0,NA,0,NA,FENDER AVE,PLACENTIA AVE,19,W,N,A,-,N,NA,NA,NA,NA,NA,NA,NA,NA,NA,Y,4,0,1,3,A,-,08,22107,NA,M,A,C,A,A,H,-,A,A,0,NA,NA,NA,NA,Y,NA,A,07,0,0,1,0,0,0,0,0,0,-,-,33.86688995361328,-117.88052368164063,ORANGE,FULLERTON,-117.88072204589844,33.868160247802734
8439192,2017,2017-09-11,3000,2017-07-13,1604,9696,951F1,4,5,5,3040,0,0,0,NA,0,743,ALICIA PKWY,ALISO CREEK RD,0,NA,Y,A,-,N,NA,NA,NA,NA,NA,NA,NA,NA,NA,Y,4,0,1,3,A,-,08,22107,NA,N,B,C,A,A,H,-,A,A,0,NA,NA,NA,NA,Y,NA,D,22,0,0,1,0,0,0,0,0,0,-,-,NA,NA,ORANGE,LAGUNA NIGUEL,-117.71805002,33.5554501
84393841,2024,2024-09-13,3014,2024-09-03,1918,1532,NA,2,5,5,3014,0,0,0,NA,0,A3,CAMELCACK ST,BISON AVE,760,N,N,A,-,N,NA,NA,NA,NA,NA,NA,NA,NA,NA,Y,3,0,5,2,A,-,03,22350,NA,N,C,C,A,A,H,-,A,D,0,NA,NA,NA,NA,Y,NA,M,96,0,5,0,0,0,0,0,0,0,-,-,33.639801025390625,-117.86469268798828,ORANGE,NEWPORT BEACH,-117.8647232055664,33.6397819519043
84396437,2024,2024-09-17,3008,2024-08-06,1250,1407,NA,2,5,6,3008,0,0,0,NA,0,NA,LEMON ST,ORANGETHORPE AVE,238,N,N,A,-,N,NA,NA,NA,NA,NA,NA,NA,NA,NA,Y,4,0,1,2,A,-,09,21801,A,N,B,C,A,A,H,-,A,D,0,NA,NA,NA,NA,Y,NA,A,01,0,0,1,0,0,0,0,0,0,-,-,33.859439849853516,-117.91990661621094,ORANGE,FULLERTON,-117.91988372802734,33.86016082763672
84398040,2024,2024-09-17,3026,2024-09-11,1237,11846,NA,3,5,6,3026,0,0,0,NA,0,004,BARRANCA PKWY,HARVARD AVE,17,E,N,A,-,N,NA,NA,NA,NA,NA,NA,NA,NA,NA,Y,3,0,1,2,A,-,12,21453,A,N,E,I,A,A,H,-,A,A,0,NA,NA,NA,NA,Y,NA,A,01,0,1,0,0,0,0,0,0,0,-,-,33.68817901611328,-117.8185577392578,ORANGE,IRVINE,-117.8186264038086,33.688411712646484
84399744,2024,2024-09-19,3022,2024-09-03,1444,1096,NA,2,5,5,3022,0,0,0,NA,0,NA,NEWPORT AV,EL CAMINO REAL,0,NA,Y,A,-,N,NA,NA,NA,NA,NA,NA,NA,NA,NA,N,3,0,1,2,A,-,09,21453,B,N,D,C,A,A,H,-,A,A,0,NA,NA,NA,NA,Y,NA,A,07,0,1,0,0,0,0,0,0,0,-,-,33.73807144165039,-117.82225799560548,ORANGE,TUSTIN,-117.82222747802734,33.738136291503906
84399746,2024,2024-09-19,3022,2024-09-07,2155,1457,NA,6,5,5,3022,0,0,0,NA,0,NA,PASADENA AV,MC FADDEN AV,530,S,N,A,-,N,NA,NA,NA,NA,NA,NA,NA,NA,NA,Y,4,0,1,2,A,-,09,21804,A,N,D,C,A,A,H,-,C,D,0,NA,NA,NA,NA,Y,NA,A,08,0,0,1,0,0,0,0,0,0,-,-,33.733768463134766,-117.83175659179688,ORANGE,TUSTIN,-117.83177947998048,33.732398986816406
84403129,2024,2024-09-23,3015,2024-09-17,1711,1545,NA,2,5,6,3015,0,0,0,NA,0,721M,GLASSELL ST,ALMOND AVE,0,NA,Y,A,-,N,NA,NA,NA,NA,NA,NA,NA,NA,NA,N,3,0,2,3,A,-,10,21950,A,N,G,B,B,A,H,-,A,A,0,Y,NA,NA,NA,Y,NA,A,07,0,1,1,0,2,0,0,0,0,-,-,33.78546905517578,-117.85314178466795,ORANGE,ORANGE,-117.85311126708984,33.78603744506836
84406979,2024,2024-09-25,3015,2024-09-19,1403,1250,NA,4,5,6,3015,0,0,0,NA,0,711M,SANTIAGO BLVD,MEATS AVE,50,S,N,A,-,N,NA,NA,NA,NA,NA,NA,NA,NA,NA,N,4,0,3,2,A,-,03,22350,NA,N,C,C,A,A,H,-,A,A,0,NA,NA,NA,NA,Y,NA,A,07,0,0,3,0,0,0,0,0,0,-,-,33.823089599609375,-117.8258819580078,ORANGE,ORANGE,-117.82578277587892,33.822959899902344
8440963,2017,2017-10-02,3016,2017-08-23,2131,1251,11,3,5,5,3016,0,0,0,NA,0,001,VALENCIA AV,YORBA LINDA BL,0,NA,Y,A,-,N,NA,NA,NA,NA,NA,NA,NA,NA,NA,Y,3,0,4,2,A,-,09,21801,A,N,D,C,A,A,H,-,C,A,0,NA,NA,NA,NA,Y,NA,A,01,0,1,3,0,0,0,0,0,0,-,-,33.88932,-117.85496,ORANGE,PLACENTIA,-117.85485003,33.88934011
8440971,2017,2017-10-02,3016,2017-08-30,0742,1153,27,3,5,5,3016,0,0,0,NA,0,002,ALTA VISTA ST,HOLLYHOCK LN,0,NA,Y,A,-,N,NA,NA,NA,NA,NA,NA,NA,NA,NA,Y,3,0,1,2,A,-,05,21650,NA,N,D,C,A,A,H,-,A,D,0,NA,NA,NA,NA,Y,NA,A,01,0,1,0,0,0,0,0,0,0,-,-,33.87635,-117.86069,ORANGE,PLACENTIA,-117.86085011,33.87643003
8441026,2017,2017-09-11,3020,2017-08-18,2235,437,NA,5,5,4,3020,0,0,0,NA,0,NORTH,SEAL BEACH BL,ROSSMOOR CENTER WY,0,NA,Y,A,-,N,NA,NA,NA,NA,NA,NA,NA,NA,NA,Y,2,0,1,2,A,-,12,21453,A,N,D,C,A,A,H,-,C,A,0,NA,NA,NA,NA,Y,NA,M,NA,1,0,0,0,0,0,0,0,0,-,-,NA,NA,ORANGE,SEAL BEACH,-118.07205003,33.78447004
8441151,2017,2017-09-12,3000,2017-07-18,2130,7734,891H6,2,5,5,3028,0,0,0,NA,0,752,LOS ALISOS BL,MUIRLANDS BL,0,NA,Y,A,-,N,NA,NA,NA,NA,NA,NA,NA,NA,NA,Y,3,0,1,2,D,-,00,NA,NA,N,D,C,A,A,H,-,C,A,0,NA,NA,NA,NA,Y,NA,-,-,0,1,0,0,0,0,0,0,0,-,-,NA,NA,ORANGE,MISSION VIEJO,-117.69274002,33.61720006
8441346,2017,2017-09-21,3019,2017-08-07,1954,3448,SE,1,5,7,3019,0,0,0,NA,0,003,MCFADDEN AV,LYON ST,125,E,N,A,-,N,NA,NA,NA,NA,NA,NA,NA,NA,NA,Y,4,0,2,3,A,-,03,22350,NA,N,C,C,A,A,H,-,B,D,0,NA,NA,NA,NA,Y,NA,A,01,0,0,2,0,0,0,0,0,0,-,-,33.73362,-117.84466,ORANGE,SANTA ANA,-117.84457988,33.733773479999996
84415473,2024,2024-10-01,3014,2024-09-16,1841,1562,NA,1,5,5,3014,0,0,0,NA,0,A4,NEWPORT COAST DR,OCEAN RIDGE DR,30,N,N,B,-,N,NA,NA,NA,NA,NA,NA,NA,NA,NA,Y,4,0,1,1,A,-,08,22107,NA,N,E,I,A,A,H,-,B,A,0,NA,NA,NA,NA,Y,NA,D,22,0,0,1,0,0,0,0,0,0,-,-,33.59590148925781,-117.83519744873048,ORANGE,NEWPORT BEACH,-117.83529663085938,33.595760345458984
84417272,2024,2024-10-03,3001,2024-09-06,1932,A2891,NA,5,5,7,3001,0,0,0,NA,0,D-3,HARBOR BOULEVARD,BALL ROAD,0,NA,Y,A,-,N,NA,NA,NA,NA,NA,NA,NA,NA,NA,Y,4,0,1,3,A,-,17,21451,A,N,B,C,A,A,H,-,C,A,0,NA,NA,Y,NA,Y,NA,C,02,0,0,1,0,0,0,0,0,1,-,-,33.817840576171875,-117.91510009765624,ORANGE,ANAHEIM,-117.91549682617188,33.818031311035156
8441789,2017,2017-09-29,3019,2017-08-15,1515,2875,NE,2,5,7,3019,0,0,0,NA,0,002,MAIN ST,18TH ST N,0,NA,Y,A,-,N,NA,NA,NA,NA,NA,NA,NA,NA,NA,N,3,0,1,2,A,-,09,21802,A,N,G,B,E,A,H,-,A,A,0,Y,NA,NA,NA,Y,NA,A,07,0,1,0,0,1,0,0,0,0,-,-,33.76141,-117.86754,ORANGE,SANTA ANA,-117.86756005,33.76115
84418836,2024,2024-10-04,3010,2024-09-16,1302,0147,NA,1,5,6,3010,0,0,0,NA,0,004,GARFIELD AVE,EDWARDS ST,0,NA,Y,-,-,N,NA,NA,NA,NA,NA,NA,NA,NA,NA,Y,4,0,1,2,A,-,21,22106,NA,N,D,C,A,A,H,-,A,A,0,NA,NA,Y,Y,Y,NA,C,02,0,0,1,0,0,0,0,0,1,-,-,33.686641693115234,-118.01471710205078,ORANGE,HUNTINGTON BEACH,-118.0148696899414,33.6865234375
84418869,2024,2024-10-04,3010,2024-09-29,900,2090,NA,7,5,6,3010,0,0,0,NA,0,005,NEWLAND ST,ELLIS AVE,51,S,N,A,-,N,NA,NA,NA,NA,NA,NA,NA,NA,NA,N,4,0,1,2,A,-,03,22350,NA,M,C,C,A,A,H,-,A,A,0,NA,NA,NA,NA,Y,NA,A,01,0,0,1,0,0,0,0,0,0,-,-,NA,NA,ORANGE,HUNTINGTON BEACH,-117.98021697998048,33.69382858276367
84420582,2024,2024-10-07,3008,2024-08-18,845,1484,NA,7,5,6,3008,0,0,0,NA,0,NA,STATE COLLEGE BLVD,NUTWOOD AVE,0,NA,Y,A,-,N,NA,NA,NA,NA,NA,NA,NA,NA,NA,Y,3,0,3,2,A,-,12,21453,A,N,D,C,A,A,H,-,A,A,0,NA,NA,NA,NA,Y,NA,A,01,0,2,1,0,0,0,0,0,0,-,-,33.87784957885742,-117.88973236083984,ORANGE,FULLERTON,-117.88975524902344,33.87770080566406
84420587,2024,2024-10-07,3008,2024-08-25,1301,1706,NA,7,5,6,3008,0,0,0,NA,0,NA,STATE COLLEGE BLVD,YORBA LINDA BLVD,0,NA,Y,A,-,N,NA,NA,NA,NA,NA,NA,NA,NA,NA,Y,3,0,3,2,D,-,00,NA,NA,N,A,C,A,A,H,-,A,A,0,NA,NA,NA,NA,Y,NA,-,-,0,2,1,0,0,0,0,0,0,-,-,33.8879508972168,-117.89028930664063,ORANGE,FULLERTON,-117.89009857177734,33.887935638427734
84422202,2024,2024-10-08,3001,2024-09-11,1300,A1622,NA,3,5,7,3001,0,0,0,NA,0,D-3,STATE COLLEGE BOULEVARD,ALMONT AVENUE (S),73,N,N,A,-,N,NA,NA,NA,NA,NA,NA,NA,NA,NA,Y,4,0,1,1,A,-,08,22107,NA,N,E,I,A,A,H,-,A,D,0,NA,NA,NA,NA,Y,NA,A,01,0,0,1,0,0,0,0,0,0,-,-,33.817928314208984,-117.88939666748048,ORANGE,ANAHEIM,-117.88937377929688,33.820011138916016
84423832,2024,2024-10-09,3022,2024-09-13,1140,1308,NA,5,5,5,3022,0,0,0,NA,0,NA,TUSTIN RANCH RD,PARKCENTER LN,37,N,N,A,-,N,NA,NA,NA,NA,NA,NA,NA,NA,NA,N,4,0,1,2,A,-,03,22350,NA,M,C,C,A,A,H,-,A,A,0,NA,NA,NA,Y,Y,NA,F,26,0,0,1,0,0,0,0,0,0,-,-,33.73418045043945,-117.79634857177734,ORANGE,TUSTIN,-117.7963638305664,33.734344482421875
84425600,2024,2024-10-10,3019,2024-09-09,1540,3749,NA,1,5,7,3019,0,0,0,NA,0,004,EDINGER AVENUE,FAIRVIEW STREET,0,NA,Y,A,-,N,NA,NA,NA,NA,NA,NA,NA,NA,NA,N,2,0,1,3,-,-,-,NA,NA,F,-,D,A,A,H,-,A,A,0,NA,NA,Y,NA,Y,NA,-,-,1,0,0,0,0,0,0,0,1,-,-,33.72732162475586,-117.90615844726563,ORANGE,SANTA ANA,-117.90616607666016,33.72731018066406
8442683,2017,2017-09-09,3008,2017-04-24,1339,1448,NJC,1,5,6,3008,0,0,0,NA,0,003,EUCLID AV,VALENCIA AV,60,S,N,A,-,N,NA,NA,NA,NA,NA,NA,NA,NA,NA,N,4,0,1,2,A,-,03,22350,NA,N,C,C,A,A,H,-,A,A,0,NA,NA,NA,NA,Y,NA,D,22,0,0,1,0,0,0,0,0,0,-,-,NA,NA,ORANGE,FULLERTON,-117.94193578,33.86642554
8442685,2017,2017-09-01,3015,2017-07-20,1305,1440,55E,4,5,6,3015,0,0,0,NA,0,716,EAST KATELLA AV,N SHAFFER,88,W,N,A,-,N,NA,NA,NA,NA,NA,NA,NA,NA,NA,Y,3,0,1,7,A,-,01,23152,A,N,B,E,A,A,H,-,A,D,0,NA,NA,NA,NA,Y,NA,D,22,0,1,0,0,0,0,0,0,0,-,-,NA,NA,ORANGE,ORANGE,-117.84905892,33.80911465
84431993,2024,2024-10-15,3014,2024-09-04,1625,1503,NA,3,5,5,3014,0,0,0,NA,0,A3,FORD RD,BAY HILL DR,0,NA,Y,A,-,N,NA,NA,NA,NA,NA,NA,NA,NA,NA,N,3,0,1,1,A,-,08,22107,NA,N,H,A,A,A,H,-,A,D,0,NA,NA,NA,NA,Y,NA,M,91,0,1,0,0,0,0,0,0,0,-,-,33.628700256347656,-117.86469268798828,ORANGE,NEWPORT BEACH,-117.86477661132813,33.62876892089844
84432464,2024,2024-10-16,3001,2024-10-12,2046,A2872,NA,6,5,7,3001,0,0,0,NA,0,NA,LA PALMA AVENUE,ONONDAGA AVENUE (W),0,NA,Y,A,-,N,NA,NA,NA,NA,NA,NA,NA,NA,NA,Y,3,0,2,2,A,-,01,23152,G,F,C,C,A,A,H,-,C,D,0,NA,NA,NA,NA,Y,Y,A,01,0,1,1,0,0,0,0,0,0,-,-,33.8474006652832,-117.9465103149414,ORANGE,ANAHEIM,-117.9464874267578,33.8470573425293
8443670,2017,2017-09-11,3001,2017-08-20,2022,A1252,NA,7,5,7,3001,0,0,0,NA,0,0D2,SUNKIST ST,E LINCOLN AV,0,NA,Y,A,-,N,NA,NA,NA,NA,NA,NA,NA,NA,NA,Y,4,0,3,2,A,-,09,21801,A,N,A,C,A,A,H,-,C,A,0,NA,NA,NA,NA,Y,NA,A,01,0,0,3,0,0,0,0,0,0,-,-,NA,NA,ORANGE,ANAHEIM,-117.88049003,33.83855011
84437347,2024,2024-10-21,3019,2024-08-01,1512,3891,NA,4,5,7,3019,0,0,0,NA,0,004,EDINGER AVENUE,PARTON STREET,0,NA,Y,A,-,N,NA,NA,NA,NA,NA,NA,NA,NA,NA,Y,4,0,2,3,A,-,03,22350,NA,N,C,C,A,A,H,-,A,D,0,NA,NA,Y,NA,Y,NA,A,01,0,0,2,0,0,0,0,0,1,-,-,33.726539611816406,-117.8750228881836,ORANGE,SANTA ANA,-117.87456512451172,33.727210998535156
84437356,2024,2024-10-21,3019,2024-09-05,1556,3931,NA,4,5,7,3019,0,0,0,NA,0,003,1ST STREET,HALLADAY STREET,0,NA,Y,A,-,N,NA,NA,NA,NA,NA,NA,NA,NA,NA,N,4,0,1,2,A,-,08,22107,NA,N,D,C,A,A,H,-,A,D,0,NA,NA,NA,NA,Y,NA,A,07,0,0,1,0,0,0,0,0,0,-,-,33.744598388671875,-117.85974884033205,ORANGE,SANTA ANA,-117.8596420288086,33.74546432495117
84437624,2024,2024-10-21,3015,2024-10-06,1754,1739,NA,7,5,6,3015,0,0,0,NA,0,222,HEIM AVE,BORTZ ST,28,W,N,A,-,N,NA,NA,NA,NA,NA,NA,NA,NA,NA,Y,3,0,1,2,A,-,08,22107,NA,N,B,E,A,A,H,-,A,D,0,NA,NA,NA,NA,Y,NA,A,01,0,1,0,0,0,0,0,0,0,-,-,33.83021926879883,-117.84081268310548,ORANGE,ORANGE,-117.84087371826172,33.83021926879883
84438001,2024,2024-10-21,3008,2024-09-10,727,1407,NA,2,5,6,3008,0,0,0,NA,0,NA,HARBOR BLVD,LAS PALMAS DR,243,S,N,A,-,N,NA,NA,NA,NA,NA,NA,NA,NA,NA,Y,4,0,2,2,A,-,03,22350,NA,N,C,C,A,A,H,-,A,A,0,NA,NA,NA,NA,Y,NA,A,01,0,0,2,0,0,0,0,0,0,-,-,33.91141128540039,-117.93035888671876,ORANGE,FULLERTON,-117.93124389648438,33.9113883972168