CASE_ID,ACCIDENT_YEAR,PROC_DATE,JURIS,COLLISION_DATE,COLLISION_TIME,OFFICER_ID,REPORTING_DISTRICT,DAY_OF_WEEK,CHP_SHIFT,POPULATION,CNTY_CITY_LOC,SPECIAL_COND,BEAT_TYPE,CHP_BEAT_TYPE,CITY_DIVISION_LAPD,CHP_BEAT_CLASS,BEAT_NUMBER,PRIMARY_RD,SECONDARY_RD,DISTANCE,DIRECTION,INTERSECTION,WEATHER_1,WEATHER_2,STATE_HWY_IND,CALTRANS_COUNTY,CALTRANS_DISTRICT,STATE_ROUTE,ROUTE_SUFFIX,POSTMILE_PREFIX,POSTMILE,LOCATION_TYPE,RAMP_INTERSECTION,SIDE_OF_HWY,TOW_AWAY,COLLISION_SEVERITY,NUMBER_KILLED,NUMBER_INJURED,PARTY_COUNT,PRIMARY_COLL_FACTOR,PCF_CODE_OF_VIOL,PCF_VIOL_CATEGORY,PCF_VIOLATION,PCF_VIOL_SUBSECTION,HIT_AND_RUN,TYPE_OF_COLLISION,MVIW,PED_ACTION,ROAD_SURFACE,ROAD_COND_1,ROAD_COND_2,LIGHTING,CONTROL_DEVICE,CHP_ROAD_TYPE,PEDESTRIAN_ACCIDENT,BICYCLE_ACCIDENT,MOTORCYCLE_ACCIDENT,TRUCK_ACCIDENT,NOT_PRIVATE_PROPERTY,ALCOHOL_INVOLVED,STWD_VEHTYPE_AT_FAULT,CHP_VEHTYPE_AT_FAULT,COUNT_SEVERE_INJ,COUNT_VISIBLE_INJ,COUNT_COMPLAINT_PAIN,COUNT_PED_KILLED,COUNT_PED_INJURED,COUNT_BICYCLIST_KILLED,COUNT_BICYCLIST_INJURED,COUNT_MC_KILLED,COUNT_MC_INJURED,PRIMARY_RAMP,SECONDARY_RAMP,LATITUDE,LONGITUDE,COUNTY,CITY,POINT_X,POINT_Y
84579336,2025,2025-02-14,3019,2025-01-21,1837,3603,NA,2,5,7,3019,0,0,0,NA,0,003,CHESTNUT AVENUE,MAIN STREET (E),0,NA,Y,A,-,N,NA,NA,NA,NA,NA,NA,NA,NA,NA,N,4,0,1,2,A,-,11,21950,B,F,G,B,B,A,H,-,C,A,0,Y,NA,NA,NA,Y,NA,A,01,0,0,1,0,1,0,0,0,0,-,-,33.74190139770508,-117.84409332275392,ORANGE,SANTA ANA,-117.86769104003906,33.7424201965332
84579356,2025,2025-02-14,3019,2025-02-06,1413,3969,NA,4,5,7,3019,0,0,0,NA,0,002,4TH STREET,STANDARD AVENUE,20,E,N,A,-,N,NA,NA,NA,NA,NA,NA,NA,NA,NA,Y,4,0,4,2,A,-,09,21802,A,N,D,C,A,A,H,-,A,D,0,NA,NA,NA,NA,Y,NA,D,22,0,0,4,0,0,0,0,0,0,-,-,33.74810028076172,-117.85787200927734,ORANGE,SANTA ANA,NA,NA
84580743,2024,2025-02-17,3008,2024-12-20,135,1470,NA,5,5,6,3008,0,0,0,NA,0,NA,MALVERN AVE,TARGET WAY,260,W,N,E,-,N,NA,NA,NA,NA,NA,NA,NA,NA,NA,Y,3,0,1,1,A,-,01,23152,A,N,E,I,A,A,H,-,C,D,0,NA,NA,NA,NA,Y,Y,A,01,0,1,0,0,0,0,0,0,0,-,-,33.87723922729492,-117.96132659912108,ORANGE,FULLERTON,NA,NA
84580910,2025,2025-02-17,3014,2025-02-03,1414,1483,NA,1,5,5,3014,0,0,0,NA,0,A2,GALAXY DR,MARINERS DR,871,S,N,A,-,N,NA,NA,NA,NA,NA,NA,NA,NA,NA,Y,3,0,4,3,A,-,03,22350,NA,N,A,E,A,A,E,-,A,D,0,NA,NA,NA,NA,Y,NA,A,01,0,1,3,0,0,0,0,0,0,-,-,33.629798889160156,-117.89208984375,ORANGE,NEWPORT BEACH,-117.8924560546875,33.630218505859375
84581447,2025,2025-02-17,3010,2025-02-11,1501,1015,NA,2,5,6,3010,0,0,0,NA,0,003,MAGNOLIA ST,GARFIELD AVE,65,S,N,A,-,N,NA,NA,NA,NA,NA,NA,NA,NA,NA,Y,4,0,1,2,A,-,09,21453,B,N,C,C,A,A,H,-,A,A,0,NA,NA,NA,NA,Y,NA,A,07,0,0,1,0,0,0,0,0,0,-,-,33.6870002746582,-117.97115325927734,ORANGE,HUNTINGTON BEACH,-117.971435546875,33.68663024902344
84581866,2025,2025-02-18,3010,2025-01-19,318,6064,NA,7,5,6,3010,0,0,0,NA,0,005,BEACH BL - SR39 BLVD,ELLIS AVE,0,NA,Y,-,-,Y,ORA,NA,39,NA,NA,3.12,H,NA,L,Y,4,0,4,2,A,-,12,21453,A,N,D,C,A,A,H,-,C,A,0,NA,NA,NA,NA,Y,NA,-,-,0,0,4,0,0,0,0,0,0,-,-,33.6939582824707,-117.98916625976563,ORANGE,HUNTINGTON BEACH,-117.98895263671876,33.6939582824707
84581916,2025,2025-02-18,3008,2025-01-02,1842,1484,NA,4,5,6,3008,0,0,0,NA,0,NA,HUGHES DR,GILBERT ST,0,NA,Y,B,-,N,NA,NA,NA,NA,NA,NA,NA,NA,NA,N,4,0,1,2,A,-,06,21755,NA,N,B,C,A,A,H,-,C,A,0,NA,NA,NA,NA,Y,NA,M,94,0,0,1,0,0,0,0,0,0,-,-,NA,NA,ORANGE,FULLERTON,-117.96588134765624,33.882991790771484
84582600,2025,2025-02-18,3014,2025-01-08,1313,1503,NA,3,5,5,3014,0,0,0,NA,0,A2,SR-1 (W. COAST HWY),SUPERIOR AVE,72,E,N,A,-,Y,NA,NA,NA,NA,NA,NA,NA,NA,NA,N,4,0,1,1,C,-,18,NA,NA,N,H,A,A,A,H,-,A,D,0,NA,NA,NA,NA,Y,NA,-,-,0,0,1,0,0,0,0,0,0,-,-,NA,NA,ORANGE,NEWPORT BEACH,-117.93902587890624,33.62298583984375
84583207,2025,2025-02-19,3026,2025-02-04,1726,620,NA,2,5,6,3026,0,0,0,NA,0,002,MAIN ST,SKY PARK S,125,W,N,A,-,N,NA,NA,NA,NA,NA,NA,NA,NA,NA,Y,3,0,1,2,A,-,03,22350,NA,N,C,C,A,A,H,-,C,A,0,NA,NA,NA,NA,Y,NA,A,01,0,1,0,0,0,0,0,0,0,-,-,33.68722915649414,-117.85903930664063,ORANGE,IRVINE,-117.86004638671876,33.68729782104492
84583326,2025,2025-02-20,3001,2025-01-16,1541,A1397,NA,4,5,7,3001,0,0,0,NA,0,D-4,LA PALMA AVENUE,SHEPARD STREET,402,E,N,A,-,N,NA,NA,NA,NA,NA,NA,NA,NA,NA,Y,4,0,2,3,A,-,03,22350,NA,N,C,C,A,A,H,-,A,D,0,NA,NA,NA,NA,Y,NA,A,01,0,0,2,0,0,0,0,0,0,-,-,NA,NA,ORANGE,ANAHEIM,-117.8517608642578,33.85251998901367
84584955,2025,2025-02-20,3026,2025-02-08,2030,737,NA,6,5,6,3026,0,0,0,NA,0,006,SAND CANYON AVE,5 SB TO SAND CANYON RAMP SB,0,NA,Y,A,-,N,NA,NA,NA,NA,NA,NA,NA,NA,NA,Y,4,0,2,2,D,-,00,NA,NA,N,D,C,A,A,H,-,D,A,0,NA,NA,NA,NA,Y,NA,-,-,0,0,2,0,0,0,0,0,0,-,-,33.676490783691406,-117.7581024169922,ORANGE,IRVINE,-117.75698089599608,33.67906188964844
84586782,2025,2025-02-24,3019,2025-02-13,1436,3737,NA,4,5,7,3019,0,0,0,NA,0,001,NEWHOPE STREET,ACAPULCO AVENUE,230,N,N,C,-,N,NA,NA,NA,NA,NA,NA,NA,NA,NA,Y,4,0,3,2,A,-,09,21804,A,N,D,C,A,B,H,-,A,D,0,NA,NA,NA,NA,Y,NA,A,01,0,0,3,0,0,0,0,0,0,-,-,33.73923873901367,-117.92897033691406,ORANGE,SANTA ANA,-117.92867279052734,33.739891052246094
84587039,2025,2025-02-24,3016,2025-01-21,1218,1257,NA,2,5,5,3016,0,0,0,NA,0,002,RICHFIELD ROAD,MIRALOMA AVENUE,0,NA,Y,A,-,N,NA,NA,NA,NA,NA,NA,NA,NA,NA,Y,3,0,2,2,A,-,09,21801,A,N,D,C,A,A,H,-,A,A,0,NA,NA,NA,NA,Y,NA,A,07,0,2,0,0,0,0,0,0,0,-,-,33.8619499206543,-117.82581329345705,ORANGE,PLACENTIA,-117.82593536376952,33.861995697021484
84587093,2025,2025-02-24,3010,2025-02-17,1350,1107,NA,1,5,6,3010,0,0,0,NA,0,NA,INDIANAPOLIS AVE,ALABAMA ST,0,NA,Y,A,-,N,NA,NA,NA,NA,NA,NA,NA,NA,NA,N,4,0,1,2,A,-,12,22450,A,N,D,G,A,A,H,-,A,A,0,NA,Y,NA,NA,Y,NA,M,91,0,0,1,0,0,0,1,0,0,-,-,33.66468048095703,-117.99669647216795,ORANGE,HUNTINGTON BEACH,-117.99664306640624,33.66484069824219
84589812,2025,2025-02-26,3014,2025-02-17,758,1503,NA,1,5,5,3014,0,0,0,NA,0,A4,UNIVERSITY DR,SR-73/UNIVERSITY OFF,13,W,N,A,-,N,NA,NA,NA,NA,NA,NA,NA,NA,NA,N,3,0,1,2,A,-,12,21453,A,F,E,G,A,A,H,-,A,A,0,NA,Y,NA,NA,Y,NA,-,99,0,1,0,0,0,0,1,0,0,-,-,33.649391174316406,-117.86209106445313,ORANGE,NEWPORT BEACH,-117.85358428955078,33.65083694458008
8459064,2017,2017-10-03,3026,2017-09-13,1639,6352,CROSS,3,5,6,3026,0,0,0,NA,0,006,BARRANCA PKWY,PACIFICA,271,W,N,A,-,N,NA,NA,NA,NA,NA,NA,NA,NA,NA,N,2,0,1,2,A,-,08,22107,NA,N,H,G,A,A,H,-,A,A,0,NA,Y,NA,NA,Y,NA,A,01,1,0,0,0,0,0,1,0,0,-,-,NA,NA,ORANGE,IRVINE,-117.75565941,33.65849735
8459076,2017,2017-10-03,3026,2017-09-11,1446,7094,UNIVE,1,5,6,3026,0,0,0,NA,0,003,UNIVERSITY DR,CULVER DR,927,E,N,A,-,N,NA,NA,NA,NA,NA,NA,NA,NA,NA,Y,4,0,5,5,A,-,03,22350,NA,N,C,C,A,A,H,-,A,A,0,NA,NA,NA,NA,Y,NA,A,07,0,0,5,0,0,0,0,0,0,-,-,NA,NA,ORANGE,IRVINE,-117.82482358,33.65733213
8459349,2017,2018-06-19,3024,2017-09-17,1448,422,P13,7,5,5,3024,0,0,0,NA,0,EAST,23RD ST,RT 39,45,E,N,A,-,Y,ORA,12,39,-,-,8.009,I,6,N,Y,4,0,1,2,A,-,21,22106,NA,N,B,C,A,A,H,-,A,D,0,NA,NA,NA,NA,Y,NA,D,22,0,0,1,0,0,0,0,0,0,-,-,33.76449,-117.9896,ORANGE,WESTMINSTER,-117.98961364,33.76468802
84593740,2025,2025-03-03,3022,2025-02-06,845,1410,NA,4,5,5,3022,0,0,0,NA,0,NA,JAMBOREE RD,BARRANCA PKWY,19,N,N,B,C,N,NA,NA,NA,NA,NA,NA,NA,NA,NA,Y,3,0,2,2,A,-,10,21950,A,N,G,B,B,B,H,-,A,A,0,Y,NA,NA,NA,Y,NA,A,01,0,2,0,0,1,0,0,0,0,-,-,33.694000244140625,-117.82705688476563,ORANGE,TUSTIN,-117.82669830322266,33.69422149658203
84593835,2025,2025-03-18,3008,2025-01-11,1548,1700,NA,6,5,6,3008,0,0,0,NA,0,NA,BROOKHURST RD,VALENCIA DR,99,S,N,A,-,N,NA,NA,NA,NA,NA,NA,NA,NA,NA,Y,4,0,1,3,A,-,03,22350,NA,N,C,C,A,A,H,-,A,A,0,NA,NA,NA,NA,Y,NA,A,01,0,0,1,0,0,0,0,0,0,-,-,33.86629104614258,-117.95925903320313,ORANGE,FULLERTON,-117.95939636230467,33.866249084472656
84594837,2024,2025-03-03,3014,2024-12-08,1357,1593,NA,7,5,5,3014,0,0,0,NA,0,A2,COAST HWY W,DOVER DR,0,NA,Y,A,-,Y,ORA,NA,1,NA,R,18.404,H,NA,R,N,3,0,1,1,A,-,08,22107,NA,N,F,A,A,A,H,-,A,A,0,NA,NA,Y,NA,Y,NA,C,02,0,1,0,0,0,0,0,0,1,-,-,33.61650085449219,-117.90659332275392,ORANGE,NEWPORT BEACH,-117.9065399169922,33.61638641357422
84594841,2025,2025-07-10,3014,2025-02-21,1606,1532,NA,5,5,5,3014,0,0,0,NA,0,A3,JAMBOREE RD,MACARTHUR BLVD,0,NA,Y,A,-,N,NA,NA,NA,NA,NA,NA,NA,NA,NA,Y,3,0,3,2,A,-,12,21453,NA,N,A,C,A,A,H,-,A,A,0,NA,NA,NA,NA,Y,NA,A,07,0,3,0,0,0,0,0,0,0,-,-,NA,NA,ORANGE,NEWPORT BEACH,-117.86282348632813,33.6576042175293
8459637,2017,2018-05-25,3010,2017-09-20,1526,1176,433,3,5,6,3010,0,0,0,NA,0,003,RT 39,YORKTOWN,633,S,N,A,-,Y,ORA,12,39,-,-,2.02,H,-,S,Y,3,0,2,2,A,-,09,21801,A,N,D,C,A,A,H,-,A,D,0,NA,NA,NA,NA,Y,NA,A,01,0,1,1,0,0,0,0,0,0,-,-,NA,NA,ORANGE,HUNTINGTON BEACH,-117.98875572,33.67769307
84596622,2025,2025-03-05,3011,2025-02-16,1622,31613,NA,7,5,4,3011,0,0,0,NA,0,003,SR1 COAST HIGHWAY,BLUE LAGOON,0,N,-,A,-,Y,NA,NA,NA,NA,NA,NA,NA,NA,NA,Y,3,0,1,2,A,-,09,21801,A,N,D,C,A,A,H,-,A,D,0,NA,NA,NA,NA,Y,NA,A,01,0,1,0,0,0,0,0,0,0,-,-,NA,NA,ORANGE,LAGUNA BEACH,-117.75886535644533,33.51777267456055
84597972,2025,2025-03-18,3001,2025-01-25,1525,A2844,NA,6,5,7,3001,0,0,0,NA,0,D-1,MAGNOLIA AVENUE,MADISON CIRCLE,24,S,N,A,-,N,NA,NA,NA,NA,NA,NA,NA,NA,NA,Y,3,0,1,3,A,-,08,22107,NA,N,C,E,A,A,H,-,A,D,0,NA,NA,NA,NA,Y,NA,A,01,0,1,0,0,0,0,0,0,0,-,-,NA,NA,ORANGE,ANAHEIM,-117.97604370117188,33.83674240112305
84599305,2025,2025-03-17,3019,2025-02-22,730,3910,NA,6,5,7,3019,0,0,0,NA,0,004,WARNER AVENUE,GREENVILLE STREET,0,NA,Y,A,-,N,NA,NA,NA,NA,NA,NA,NA,NA,NA,Y,3,0,1,2,A,-,12,21453,A,N,A,C,A,A,H,-,A,A,0,NA,NA,NA,NA,Y,NA,D,22,0,1,0,0,0,0,0,0,0,-,-,33.71527099609375,-117.90435791015624,ORANGE,SANTA ANA,-117.90413665771484,33.71525955200195
8460088,2017,2017-10-03,3022,2017-09-16,1646,1296,NORTH,6,5,5,3022,0,0,0,NA,0,NA,RED HILL AV,SAN JUAN ST,0,NA,Y,A,-,N,NA,NA,NA,NA,NA,NA,NA,NA,NA,Y,3,0,1,3,A,-,09,21801,A,N,A,C,A,A,H,-,A,A,0,NA,NA,NA,NA,Y,NA,A,01,0,1,0,0,0,0,0,0,0,-,-,33.73645,-117.81262,ORANGE,TUSTIN,-117.81266011,33.73629005
84603447,2025,2025-03-18,3019,2025-03-06,900,3737,NA,4,5,7,3019,0,0,0,NA,0,003,MCFADDEN AVENUE,BIRCH STREET,0,NA,Y,A,-,N,NA,NA,NA,NA,NA,NA,NA,NA,NA,Y,4,0,2,2,A,-,09,21801,A,N,A,C,A,A,H,-,A,D,0,NA,NA,NA,NA,Y,NA,A,01,0,0,2,0,0,0,0,0,0,-,-,33.73442840576172,-117.87098693847656,ORANGE,SANTA ANA,-117.87103271484376,33.734519958496094
84604577,2025,2025-03-18,3001,2025-02-17,1737,A2755,NA,1,5,7,3001,0,0,0,NA,0,D-4,SERRANO AVENUE,OAK CANYON DRIVE,0,NA,Y,A,-,N,NA,NA,NA,NA,NA,NA,NA,NA,NA,Y,4,0,2,2,A,-,09,21801,A,N,D,C,A,A,H,-,A,A,0,NA,NA,NA,NA,Y,NA,A,01,0,0,2,0,0,0,0,0,0,-,-,NA,NA,ORANGE,ANAHEIM,-117.73516082763672,33.85512924194336
84604743,2025,2025-03-18,3008,2025-01-29,1754,1706,NA,3,5,6,3008,0,0,0,NA,0,NA,ORANGETHORPE AVE,VINE AVE,128,W,N,A,-,N,NA,NA,NA,NA,NA,NA,NA,NA,NA,Y,2,0,1,2,A,-,11,21950,B,N,G,B,D,A,H,-,C,A,0,Y,NA,NA,NA,Y,NA,N,60,1,0,0,0,1,0,0,0,0,-,-,NA,NA,ORANGE,FULLERTON,-117.9748306274414,33.8591194152832
84612169,2025,2025-03-20,3026,2025-03-18,1437,4779,NA,2,5,6,3026,0,0,0,NA,0,009,BAKE PKWY,MARINE WAY,417,E,N,A,-,N,NA,NA,NA,NA,NA,NA,NA,NA,NA,Y,4,0,1,2,A,-,03,22350,NA,N,C,C,A,A,H,-,A,A,0,NA,NA,NA,NA,Y,NA,D,22,0,0,1,0,0,0,0,0,0,-,-,33.637168884277344,-117.72499847412108,ORANGE,IRVINE,NA,NA
8461246,2017,2017-11-22,3015,2017-09-10,1637,1372,15,7,5,6,3015,0,0,0,NA,0,732M,NORTH MAIN ST,WEST STRUCK AV,320,S,N,A,-,N,NA,NA,NA,NA,NA,NA,NA,NA,NA,Y,3,0,1,4,A,-,01,23152,A,N,B,C,A,A,H,-,A,D,0,NA,NA,NA,NA,Y,Y,D,22,0,1,0,0,0,0,0,0,0,-,-,NA,NA,ORANGE,ORANGE,-117.86701497,33.80517655
8461258,2017,2017-10-21,3015,2017-09-01,1854,1589,87,5,5,6,3015,0,0,0,NA,0,00N,NORTH TUSTIN ST,MEATS AV,15,N,N,A,-,N,NA,NA,NA,NA,NA,NA,NA,NA,NA,N,4,0,1,2,A,-,03,22350,NA,N,C,C,A,A,H,-,A,A,0,NA,NA,NA,NA,Y,NA,D,22,0,0,1,0,0,0,0,0,0,-,-,NA,NA,ORANGE,ORANGE,-117.83603133,33.8229511
8461266,2017,2017-11-22,3015,2017-09-08,1854,1589,57S,5,5,6,3015,0,0,0,NA,0,00N,NORTH TUSTIN ST,BIXBY AV,300,N,N,A,-,N,NA,NA,NA,NA,NA,NA,NA,NA,NA,Y,4,0,1,2,A,-,16,29004,NA,N,A,J,A,A,H,-,B,D,0,NA,NA,NA,NA,Y,NA,D,22,0,0,1,0,0,0,0,0,0,-,-,NA,NA,ORANGE,ORANGE,-117.83477017,33.8390131
8461414,2017,2017-10-13,3015,2017-08-09,0926,1364,127S,3,5,6,3015,0,0,0,NA,0,713,E MEATS AV,E MARYWOOD DR,0,NA,Y,A,-,N,NA,NA,NA,NA,NA,NA,NA,NA,NA,Y,4,0,1,2,A,-,09,21802,A,N,D,C,A,A,H,-,A,A,0,NA,NA,NA,NA,Y,NA,A,01,0,0,1,0,0,0,0,0,0,-,-,NA,NA,ORANGE,ORANGE,-117.81465008,33.83080005
8461905,2017,2017-10-06,3003,2017-09-25,1918,605,NA,1,5,5,3003,0,0,0,NA,0,NA,CRESCENT AV,PIERCE DR,5,E,N,B,-,N,NA,NA,NA,NA,NA,NA,NA,NA,NA,N,4,0,1,2,A,-,11,21954,A,N,G,B,D,A,H,-,C,A,0,Y,NA,NA,NA,Y,NA,N,60,0,0,1,0,1,0,0,0,0,-,-,33.8931,-118.006,ORANGE,BUENA PARK,-118.00626357,33.83928
8462176,2017,2017-10-20,3007,2017-09-22,0618,1140,27,5,5,5,3007,0,0,0,NA,0,002,EUCLID,BLUE ALLIUM,0,NA,Y,A,-,N,NA,NA,NA,NA,NA,NA,NA,NA,NA,N,4,0,1,2,A,-,09,21801,A,N,D,C,A,A,H,-,B,D,0,NA,NA,NA,NA,Y,NA,A,01,0,0,1,0,0,0,0,0,0,-,-,NA,NA,ORANGE,FOUNTAIN VALLEY,-117.93715009,33.72581012
8462495,2017,2017-10-20,3001,2017-09-15,1853,415,NA,5,5,7,3001,0,0,0,NA,0,0D2,REMNEYA DR,ROBIN ST,12,W,N,A,-,N,NA,NA,NA,NA,NA,NA,NA,NA,NA,N,3,0,1,2,A,-,11,21954,A,N,G,B,D,A,H,-,B,D,0,Y,NA,NA,NA,Y,NA,N,60,0,1,0,0,1,0,0,0,0,-,-,NA,NA,ORANGE,ANAHEIM,-117.931031,33.850768
8462671,2017,2017-11-28,3019,2017-09-21,2035,2938,WE,4,5,7,3019,0,0,0,NA,0,001,17TH ST,ENGLISH ST,3,E,N,A,-,N,NA,NA,NA,NA,NA,NA,NA,NA,NA,N,4,0,1,3,A,-,03,22350,NA,N,C,C,A,A,H,-,C,A,0,NA,NA,NA,NA,Y,NA,A,01,0,0,1,0,0,0,0,0,0,-,-,33.76007,-117.89676,ORANGE,SANTA ANA,-117.89665016,33.75991018
84626853,2025,2025-03-26,3026,2025-03-23,1422,694,NA,7,5,6,3026,0,0,0,NA,0,004,HARVARD AVE,WARNER AVE,328,N,N,A,-,N,NA,NA,NA,NA,NA,NA,NA,NA,NA,Y,2,0,2,1,A,-,03,22350,NA,N,E,I,A,A,H,-,A,D,0,NA,NA,Y,NA,Y,NA,C,02,1,1,0,0,0,0,0,0,2,-,-,33.6927490234375,-117.81266784667967,ORANGE,IRVINE,-117.81160736083984,33.69272994995117
84629067,2025,2025-03-27,3026,2025-03-24,2016,698,NA,1,5,6,3026,0,0,0,NA,0,001,SAN MARINO,ALCAZAR,0,NA,Y,A,-,N,NA,NA,NA,NA,NA,NA,NA,NA,NA,N,3,0,1,2,A,-,10,21950,A,N,G,B,D,A,H,-,C,D,0,Y,NA,NA,NA,Y,NA,A,01,0,1,0,0,1,0,0,0,0,-,-,33.681671142578125,-117.82644653320313,ORANGE,IRVINE,-117.82691955566406,33.68186950683594
84629754,2025,2025-03-31,3001,2025-02-01,1122,A2843,NA,6,5,7,3001,0,0,0,NA,0,024,MAYWOOD STREET,DIANA AVENUE,25,N,N,A,-,N,NA,NA,NA,NA,NA,NA,NA,NA,NA,Y,3,0,1,3,A,-,03,22350,NA,N,D,E,A,A,H,-,A,D,0,NA,NA,NA,NA,Y,NA,A,01,0,1,0,0,0,0,0,0,0,-,-,33.82939147949219,-117.89679718017578,ORANGE,ANAHEIM,-117.8964614868164,33.829376220703125
84629845,2025,2025-03-28,3019,2025-03-17,1750,3675,NA,1,5,7,3019,0,0,0,NA,0,NA,GRAND AVENUE,17TH STREET,242,N,N,A,-,N,NA,NA,NA,NA,NA,NA,NA,NA,NA,Y,2,0,1,2,A,-,03,22350,NA,N,A,G,A,A,H,-,A,D,0,NA,Y,NA,NA,Y,NA,A,01,1,0,0,0,0,0,1,0,0,-,-,33.75992965698242,-117.85192108154295,ORANGE,SANTA ANA,-117.85189819335938,33.760581970214844
84631436,2025,2025-03-31,3008,2025-02-07,1320,1387,NA,5,5,6,3008,0,0,0,NA,0,NA,HIGHLAND AVE,ELM AVE,0,NA,Y,B,-,N,NA,NA,NA,NA,NA,NA,NA,NA,NA,N,3,0,1,2,A,-,09,21801,A,N,D,G,A,B,H,-,A,A,0,NA,Y,NA,NA,Y,NA,A,07,0,1,0,0,0,0,1,0,0,-,-,NA,NA,ORANGE,FULLERTON,-117.92868041992188,33.86445236206055
84631639,2025,2025-04-02,3008,2025-02-11,1146,1495,NA,2,5,6,3008,0,0,0,NA,0,NA,VALENCIA DR,RICHMAN AVE,799,W,N,A,B,N,NA,NA,NA,NA,NA,NA,NA,NA,NA,Y,3,0,3,2,A,-,09,21804,A,N,D,C,A,A,H,-,A,D,0,NA,NA,NA,NA,Y,NA,D,22,0,2,1,0,0,0,0,0,0,-,-,33.866580963134766,-117.93296813964844,ORANGE,FULLERTON,-117.93562316894533,33.86661148071289
84633658,2025,2025-04-02,3010,2025-03-27,1453,6105,NA,4,5,6,3010,0,0,0,NA,0,003,ADAMS AVE,NEWLAND ST,101,E,N,A,-,N,NA,NA,NA,NA,NA,NA,NA,NA,NA,Y,4,0,1,2,A,-,03,22350,NA,N,C,C,A,A,H,-,A,A,0,NA,NA,NA,NA,Y,NA,A,07,0,0,1,0,0,0,0,0,0,-,-,33.672210693359375,-117.97965240478516,ORANGE,HUNTINGTON BEACH,-117.97959136962892,33.67216873168945
84633689,2025,2025-04-02,3019,2025-03-10,1612,3980,NA,1,5,7,3019,0,0,0,NA,0,003,GRAND AVENUE,1ST STREET,40,S,N,A,-,N,NA,NA,NA,NA,NA,NA,NA,NA,NA,N,4,0,1,2,A,-,10,21950,A,F,G,B,C,A,H,-,A,D,0,Y,NA,NA,NA,Y,NA,A,01,0,0,1,0,1,0,0,0,0,-,-,33.74443817138672,-117.85198974609376,ORANGE,SANTA ANA,-117.85183715820313,33.745479583740234
84635282,2025,2025-04-04,3001,2025-02-16,2203,A2844,NA,7,5,7,3001,0,0,0,NA,0,D-1,MAGNOLIA AVENUE,BROADWAY,0,NA,Y,A,-,N,NA,NA,NA,NA,NA,NA,NA,NA,NA,Y,1,1,0,2,A,-,01,23152,A,N,A,C,A,A,H,-,C,A,0,NA,NA,NA,NA,Y,Y,A,01,0,0,0,0,0,0,0,0,0,-,-,33.82868957519531,-117.97575378417967,ORANGE,ANAHEIM,-117.97595977783205,33.82857894897461
84637042,2025,2025-04-04,3010,2025-03-10,1914,3119,NA,1,5,6,3010,0,0,0,NA,0,002,ATLANTA AVE,BROOKHURST ST,40,W,N,A,-,N,NA,NA,NA,NA,NA,NA,NA,NA,NA,N,4,0,1,2,A,-,04,21703,NA,N,C,G,A,A,H,-,C,D,0,NA,Y,NA,NA,Y,NA,L,04,0,0,1,0,0,0,1,0,0,-,-,33.65618896484375,-117.95494842529295,ORANGE,HUNTINGTON BEACH,-117.95388793945313,33.65782928466797
84639084,2025,2025-04-09,3008,2025-02-21,1319,1158,NA,5,5,6,3008,0,0,0,NA,0,NA,HARBOR BLVD,ORANGEFAIR AVE,0,NA,Y,A,-,N,NA,NA,NA,NA,NA,NA,NA,NA,NA,N,4,0,1,2,A,-,12,21453,A,N,D,C,A,A,H,-,A,A,0,NA,NA,NA,NA,Y,NA,A,07,0,0,1,0,0,0,0,0,0,-,-,33.85559844970703,-117.92434692382813,ORANGE,FULLERTON,-117.9243621826172,33.85630798339844
8464446,2017,2017-11-02,3006,2017-09-13,0830,320,9,3,5,3,3006,0,0,0,NA,0,001,WALKER,MARVIEW DR,168,N,N,A,-,N,NA,NA,NA,NA,NA,NA,NA,NA,NA,Y,4,0,1,2,A,-,03,22350,NA,N,C,C,A,A,D,-,A,A,0,NA,NA,NA,NA,Y,NA,A,01,0,0,1,0,0,0,0,0,0,-,-,NA,NA,ORANGE,LA PALMA,-118.03737,33.85194033
84647510,2025,2025-04-14,3022,2025-04-02,1120,1486,NA,3,5,5,3022,0,0,0,NA,0,NA,NEWPORT AV,1ST ST,97,N,N,A,-,N,NA,NA,NA,NA,NA,NA,NA,NA,NA,N,4,0,1,2,A,-,21,22106,NA,N,C,C,A,A,H,-,A,A,0,NA,NA,NA,NA,Y,NA,A,07,0,0,1,0,0,0,0,0,0,-,-,NA,NA,ORANGE,TUSTIN,-117.81458282470705,33.74566650390625
84647516,2025,2025-04-14,3001,2025-04-08,1926,A1397,NA,2,5,7,3001,0,0,0,NA,0,D-1,GREENACRE AVENUE,GRAMERCY AVENUE,80,W,N,A,-,N,NA,NA,NA,NA,NA,NA,NA,NA,NA,Y,3,0,3,4,A,-,01,23152,A,N,C,E,E,A,H,-,A,D,0,Y,NA,NA,NA,Y,Y,D,22,0,1,2,0,1,0,0,0,0,-,-,NA,NA,ORANGE,ANAHEIM,-117.96602630615234,33.84189987182617
8464810,2017,2017-10-18,3001,2017-09-28,1957,2187,NA,4,5,7,3001,0,0,0,NA,0,0D3,WEST CHAPMAN AV,S WILLOWBROOK LN,93,W,N,A,-,N,NA,NA,NA,NA,NA,NA,NA,NA,NA,Y,4,0,3,4,A,-,03,22350,NA,N,C,C,A,A,H,-,C,D,0,NA,NA,NA,NA,Y,NA,A,01,0,0,3,0,0,0,0,0,0,-,-,NA,NA,ORANGE,ANAHEIM,-117.91242536,33.78891