CASE_ID,ACCIDENT_YEAR,PROC_DATE,JURIS,COLLISION_DATE,COLLISION_TIME,OFFICER_ID,REPORTING_DISTRICT,DAY_OF_WEEK,CHP_SHIFT,POPULATION,CNTY_CITY_LOC,SPECIAL_COND,BEAT_TYPE,CHP_BEAT_TYPE,CITY_DIVISION_LAPD,CHP_BEAT_CLASS,BEAT_NUMBER,PRIMARY_RD,SECONDARY_RD,DISTANCE,DIRECTION,INTERSECTION,WEATHER_1,WEATHER_2,STATE_HWY_IND,CALTRANS_COUNTY,CALTRANS_DISTRICT,STATE_ROUTE,ROUTE_SUFFIX,POSTMILE_PREFIX,POSTMILE,LOCATION_TYPE,RAMP_INTERSECTION,SIDE_OF_HWY,TOW_AWAY,COLLISION_SEVERITY,NUMBER_KILLED,NUMBER_INJURED,PARTY_COUNT,PRIMARY_COLL_FACTOR,PCF_CODE_OF_VIOL,PCF_VIOL_CATEGORY,PCF_VIOLATION,PCF_VIOL_SUBSECTION,HIT_AND_RUN,TYPE_OF_COLLISION,MVIW,PED_ACTION,ROAD_SURFACE,ROAD_COND_1,ROAD_COND_2,LIGHTING,CONTROL_DEVICE,CHP_ROAD_TYPE,PEDESTRIAN_ACCIDENT,BICYCLE_ACCIDENT,MOTORCYCLE_ACCIDENT,TRUCK_ACCIDENT,NOT_PRIVATE_PROPERTY,ALCOHOL_INVOLVED,STWD_VEHTYPE_AT_FAULT,CHP_VEHTYPE_AT_FAULT,COUNT_SEVERE_INJ,COUNT_VISIBLE_INJ,COUNT_COMPLAINT_PAIN,COUNT_PED_KILLED,COUNT_PED_INJURED,COUNT_BICYCLIST_KILLED,COUNT_BICYCLIST_INJURED,COUNT_MC_KILLED,COUNT_MC_INJURED,PRIMARY_RAMP,SECONDARY_RAMP,LATITUDE,LONGITUDE,COUNTY,CITY,POINT_X,POINT_Y
8611862,2017,2018-04-25,3008,2017-11-02,1125,1297,NA,4,5,6,3008,0,0,0,NA,0,003,VICTORIA DR,FERN DR,0,NA,Y,B,-,N,NA,NA,NA,NA,NA,NA,NA,NA,NA,N,3,0,1,2,A,-,09,21802,NA,N,-,G,A,A,H,-,A,A,0,NA,Y,NA,NA,Y,NA,L,04,0,1,0,0,0,0,1,0,0,-,-,NA,NA,ORANGE,FULLERTON,-117.89625009,33.8809501
8612040,2017,2018-06-08,3008,2017-12-04,1722,1297,NA,1,5,6,3008,0,0,0,NA,0,001,BROOKHURST RD,RT 91,110,N,N,A,-,N,NA,NA,NA,NA,NA,NA,NA,NA,NA,N,4,0,1,2,A,-,03,22350,NA,N,E,J,A,A,H,-,C,D,0,NA,NA,Y,NA,Y,NA,C,02,0,0,1,0,0,0,0,0,1,-,-,NA,NA,ORANGE,FULLERTON,-117.95924,33.85426
8612186,2018,2018-04-27,3000,2018-03-30,1424,10576,892F4,5,5,5,3028,0,0,0,NA,0,753,ALICIA PKWY,LANZAROTE,16,E,N,A,-,N,NA,NA,NA,NA,NA,NA,NA,NA,NA,Y,3,0,2,2,A,-,09,21802,A,N,D,C,A,A,H,-,A,D,0,NA,NA,NA,NA,Y,NA,A,01,0,1,1,0,0,0,0,0,0,-,-,NA,NA,ORANGE,MISSION VIEJO,-117.63774871826172,33.62754440307617
8612841,2017,2018-05-01,3008,2017-09-22,0910,1544,NA,5,5,6,3008,0,0,0,NA,0,Z 1,MAGNOLIA AV,VALENCIA DR,0,NA,Y,A,-,N,NA,NA,NA,NA,NA,NA,NA,NA,NA,Y,3,0,2,2,A,-,09,21801,A,N,A,C,A,A,H,-,A,A,0,NA,NA,NA,NA,Y,NA,A,01,0,2,0,0,0,0,0,0,0,-,-,NA,NA,ORANGE,FULLERTON,-117.97633001,33.86641003
8613113,2018,2018-05-21,3019,2018-04-15,1803,3457,NE,7,5,7,3019,0,0,0,NA,0,002,TUSTIN AV,WELLINGTON AV,10,N,N,A,-,N,NA,NA,NA,NA,NA,NA,NA,NA,NA,Y,4,0,1,3,A,-,08,22107,NA,N,E,I,A,A,H,-,A,A,0,NA,NA,NA,NA,Y,NA,A,01,0,0,1,0,0,0,0,0,0,-,-,33.75498962402344,-117.83429718017578,ORANGE,SANTA ANA,-117.83422088623048,33.755226135253906
8614026,2018,2018-04-27,3009,2018-04-05,2151,4587,123,4,5,6,3009,0,0,0,NA,0,021,CHAPMAN AV,ELLEN ST,0,NA,Y,A,-,N,NA,NA,NA,NA,NA,NA,NA,NA,NA,Y,4,0,1,2,A,-,09,21801,A,M,B,C,A,A,H,-,C,A,0,NA,NA,NA,NA,Y,Y,A,01,0,0,1,0,0,0,0,0,0,-,-,33.78866958618164,-117.94126129150392,ORANGE,GARDEN GROVE,-117.94342041015624,33.788658142089844
8615714,2018,2019-01-16,3002,2018-04-03,1923,1632,NA,2,5,4,3002,0,0,0,NA,0,012,KRAEMER BL,IMPERIAL HWY,45,S,N,A,-,Y,ORA,12,90,-,-,6.576,I,6,E,N,4,0,1,3,A,-,07,21658,A,F,B,C,A,A,H,-,A,A,0,NA,NA,NA,NA,Y,NA,-,99,0,0,1,0,0,0,0,0,0,-,-,NA,NA,ORANGE,BREA,-117.86376190185548,33.91096496582031
8616704,2018,2018-05-15,3011,2018-05-02,0801,31407,35,3,5,4,3011,0,0,0,NA,0,001,GLENNEYRE ST,PARK AV,25,S,N,B,-,N,NA,NA,NA,NA,NA,NA,NA,NA,NA,N,4,0,1,2,A,-,03,22350,NA,N,C,C,A,B,H,-,A,A,0,NA,NA,NA,NA,Y,NA,A,07,0,0,1,0,0,0,0,0,0,-,-,NA,NA,ORANGE,LAGUNA BEACH,-117.78204345703124,33.54188537597656
8617541,2018,2018-08-23,3002,2018-05-10,1525,1562,NA,4,5,4,3002,0,0,0,NA,0,012,IMPERIAL HWY,KRAEMER BL,788,E,N,A,-,Y,ORA,12,90,-,-,6.76,H,-,W,N,4,0,1,2,A,-,07,21658,A,N,B,C,A,A,H,-,A,A,0,NA,NA,NA,NA,Y,NA,A,01,0,0,1,0,0,0,0,0,0,-,-,NA,NA,ORANGE,BREA,-117.86070251464844,33.91117858886719
8617921,2018,2018-05-25,3009,2018-05-09,2110,4401,146,3,5,6,3009,0,0,0,NA,0,2-3,HARBOR BL,WESTMINSTER AV,400,N,N,A,-,N,NA,NA,NA,NA,NA,NA,NA,NA,NA,Y,4,0,1,3,A,-,03,22350,NA,N,C,C,A,A,H,-,C,A,0,NA,NA,NA,NA,Y,NA,A,01,0,0,1,0,0,0,0,0,0,-,-,NA,NA,ORANGE,GARDEN GROVE,-117.92035675048828,33.760948181152344
8618597,2018,2018-08-23,3010,2018-05-01,1828,1208,422,2,5,6,3010,0,0,0,NA,0,005,RT 39,GARFIELD,75,S,N,A,-,Y,ORA,12,39,-,-,0.264,H,-,N,Y,4,0,1,2,A,-,07,21658,A,N,C,C,A,A,H,-,A,A,0,NA,NA,Y,NA,Y,NA,A,01,0,0,1,0,0,0,0,0,1,-,-,NA,NA,ORANGE,HUNTINGTON BEACH,-117.98818969726563,33.65240478515625
8619459,2018,2018-05-23,3013,2018-04-13,1739,199,L02,5,5,3,3013,0,0,0,NA,0,004,KATELLA AV,BLOOMFIELD ST,169,E,N,A,-,N,NA,NA,NA,NA,NA,NA,NA,NA,NA,N,4,0,1,2,A,-,07,21658,A,N,B,C,A,A,H,-,A,D,0,NA,NA,Y,NA,Y,NA,C,02,0,0,1,0,0,0,0,0,1,-,-,NA,NA,ORANGE,LOS ALAMITOS,-118.06261444091795,33.80315017700195
8619719,2018,2018-05-24,3002,2018-04-26,1655,9211,740D2,4,5,5,3025,0,0,0,NA,0,001,BASTANCHURY RD,SECRETARIAT WY,595,W,N,A,-,N,NA,NA,NA,NA,NA,NA,NA,NA,NA,Y,4,0,1,2,A,-,07,21658,A,N,C,C,A,A,H,-,A,D,0,NA,NA,NA,NA,Y,NA,A,01,0,0,1,0,0,0,0,0,0,-,-,NA,NA,ORANGE,YORBA LINDA,-117.80463409423828,33.901702880859375
8619723,2018,2018-05-24,3000,2018-04-28,1317,9696,922A7,6,5,5,3040,0,0,0,NA,0,741,CROWN VALLEY PKWY,CABOT RD,35,W,N,A,-,N,NA,NA,NA,NA,NA,NA,NA,NA,NA,Y,4,0,2,2,A,-,03,22350,NA,N,B,D,A,A,H,-,A,A,0,NA,NA,NA,NA,Y,NA,A,07,0,0,2,0,0,0,0,0,0,-,-,NA,NA,ORANGE,LAGUNA NIGUEL,-117.67918395996094,33.55705642700195
8619740,2018,2018-05-24,3001,2018-04-12,1445,2187,NA,4,5,7,3001,0,0,0,NA,0,002,SOUTH CITRON ST,WEST CHESTNUT ST,0,NA,Y,A,-,N,NA,NA,NA,NA,NA,NA,NA,NA,NA,Y,3,0,2,2,A,-,09,21802,A,N,D,C,A,A,H,-,A,A,0,NA,NA,NA,NA,Y,NA,A,01,0,2,0,0,0,0,0,0,0,-,-,NA,NA,ORANGE,ANAHEIM,-117.92292785644533,33.83222961425781
8619889,2018,2018-05-23,3001,2018-04-02,0528,A1555,D2,1,5,7,3001,0,0,0,NA,0,026,NORTH EAST ST,EAST SYCAMORE ST,0,NA,Y,B,-,N,NA,NA,NA,NA,NA,NA,NA,NA,NA,N,3,0,1,2,A,-,10,21950,A,N,G,B,B,A,H,-,C,A,0,Y,NA,NA,NA,Y,NA,A,01,0,1,0,0,1,0,0,0,0,-,-,NA,NA,ORANGE,ANAHEIM,-117.90408325195313,33.84244155883789
8621262,2018,2018-05-24,3019,2018-05-01,1319,3444,SE,2,5,7,3019,0,0,0,NA,0,003,1ST ST,LYON ST,100,W,N,A,-,N,NA,NA,NA,NA,NA,NA,NA,NA,NA,N,4,0,1,2,A,-,09,21804,A,N,D,C,A,A,H,-,A,A,0,NA,NA,NA,NA,Y,NA,A,01,0,0,1,0,0,0,0,0,0,-,-,33.74544906616211,-117.84522247314452,ORANGE,SANTA ANA,-117.84532165527344,33.745601654052734
8621559,2018,2018-06-04,3012,2018-04-06,0918,571,33,5,5,5,3012,0,0,0,NA,0,003,LAMBERT RD,IDAHO ST,600,E,N,A,-,N,NA,NA,NA,NA,NA,NA,NA,NA,NA,N,4,0,1,2,A,-,03,22350,NA,N,C,C,A,A,C,-,A,D,0,NA,NA,NA,NA,Y,NA,-,NA,0,0,1,0,0,0,0,0,0,-,-,NA,NA,ORANGE,LA HABRA,-117.95720672607422,33.92464828491211
8621927,2018,2018-05-29,3019,2018-05-04,0818,3535,SC,5,5,7,3019,0,0,0,NA,0,004,WILLITS ST,SULLIVAN ST,100,E,N,A,-,N,NA,NA,NA,NA,NA,NA,NA,NA,NA,Y,3,0,1,2,A,-,08,22107,NA,N,B,C,A,A,H,-,A,D,0,NA,NA,NA,NA,Y,NA,A,01,0,1,0,0,0,0,0,0,0,-,-,33.74003982543945,-117.90264892578124,ORANGE,SANTA ANA,-117.90225982666016,33.739952087402344
8622647,2018,2018-06-06,3005,2018-05-10,1637,8202,C35,4,5,4,3005,0,0,0,NA,0,003,VALLEY VIEW ST,CERRITOS AV,18,N,N,A,-,N,NA,NA,NA,NA,NA,NA,NA,NA,NA,Y,4,0,1,2,A,-,12,21453,A,N,D,C,A,A,H,-,A,A,0,NA,NA,NA,NA,Y,NA,D,22,0,0,1,0,0,0,0,0,0,-,-,NA,NA,ORANGE,CYPRESS,-118.02825164794922,33.80991744995117
8623306,2018,2018-06-08,3000,2018-04-27,1037,2621,921F1,5,5,3,3051,0,0,0,NA,0,080,AVENIDA SEVILLA,AVENIDA CASTILLA,152,E,N,A,-,N,NA,NA,NA,NA,NA,NA,NA,NA,NA,Y,4,0,1,3,A,-,08,22107,NA,N,B,E,A,A,H,-,A,D,0,NA,NA,NA,NA,Y,NA,A,01,0,0,1,0,0,0,0,0,0,-,-,NA,NA,ORANGE,LAGUNA WOODS,-117.71853637695313,33.610225677490234
8623970,2018,2018-07-27,3000,2018-04-28,2346,8198,971-J,6,5,4,3029,0,0,0,NA,0,335,PACIFIC COAST HWY,DEL OBISPO ST,36,N,N,A,-,N,NA,NA,NA,NA,NA,NA,NA,NA,NA,N,4,0,1,2,A,-,03,22350,NA,N,C,C,A,A,H,-,C,A,0,NA,NA,NA,NA,Y,NA,A,01,0,0,1,0,0,0,0,0,0,-,-,NA,NA,ORANGE,DANA POINT,-117.68764495849608,33.46510696411133
8625530,2018,2018-05-30,3019,2018-05-10,0941,3551,WE,4,5,7,3019,0,0,0,NA,0,002,MCFADDEN AV,HARBOR BL,0,NA,Y,A,-,N,NA,NA,NA,NA,NA,NA,NA,NA,NA,N,4,0,1,2,A,-,11,21451,C,N,G,B,B,A,H,-,A,A,0,Y,NA,NA,NA,Y,NA,N,60,0,0,1,0,1,0,0,0,0,-,-,33.73844909667969,-117.9197998046875,ORANGE,SANTA ANA,-117.92009735107422,33.738258361816406
8625961,2018,2018-05-31,3024,2018-05-14,1221,418,P 11,1,5,5,3024,0,0,0,NA,0,WEST,21ST ST,PINE ST,0,NA,Y,A,-,N,NA,NA,NA,NA,NA,NA,NA,NA,NA,Y,4,0,1,2,A,-,09,21804,A,N,D,C,A,A,H,-,A,D,0,NA,NA,NA,NA,Y,NA,A,07,0,0,1,0,0,0,0,0,0,-,-,33.762760162353516,-118.00617218017578,ORANGE,WESTMINSTER,-118.00623321533205,33.76274871826172
8626546,2018,2018-06-06,3010,2018-04-20,2055,109,425,5,5,6,3010,0,0,0,NA,0,003,MAGNOLIA,YORKTOWN,15,S,N,A,-,N,NA,NA,NA,NA,NA,NA,NA,NA,NA,N,4,0,1,2,A,-,10,21950,A,N,A,B,B,A,H,-,C,A,0,Y,NA,NA,NA,Y,NA,A,01,0,0,1,0,1,0,0,0,0,-,-,NA,NA,ORANGE,HUNTINGTON BEACH,-117.97132873535156,33.67942810058594
8628169,2018,2018-06-13,3001,2018-05-11,1000,1278,NA,5,5,7,3001,0,0,0,NA,0,002,ROMNEYA DR,BODEN DR,92,W,N,B,-,N,NA,NA,NA,NA,NA,NA,NA,NA,NA,Y,3,0,1,2,A,-,03,22350,NA,M,C,C,A,A,H,-,A,D,0,NA,NA,NA,NA,Y,NA,D,22,0,1,0,0,0,0,0,0,0,-,-,NA,NA,ORANGE,ANAHEIM,-117.90035247802734,33.85089111328125
8628384,2018,2018-06-14,3000,2018-04-27,1440,9423,921H1,5,5,4,3045,0,0,0,NA,0,146,ALICIA PKWY,RT 5,195,W,N,A,-,N,NA,NA,NA,NA,NA,NA,NA,NA,NA,Y,3,0,2,5,A,-,03,22350,NA,N,C,C,A,A,H,-,A,A,0,NA,NA,NA,NA,Y,NA,A,01,0,1,1,0,0,0,0,0,0,-,SF,NA,NA,ORANGE,LAGUNA HILLS,-117.69099426269533,33.60451889038086
8630150,2018,2018-06-27,3026,2018-05-07,1829,275,CROSS,1,5,6,3026,0,0,0,NA,0,006,PACIFICA,IRVINE CENTER DR,14,N,N,A,-,N,NA,NA,NA,NA,NA,NA,NA,NA,NA,N,4,0,1,2,A,-,10,21950,A,N,G,B,-,A,H,-,A,A,0,Y,NA,NA,NA,Y,NA,A,07,0,0,1,0,1,0,0,0,0,-,-,NA,NA,ORANGE,IRVINE,-117.7486572265625,33.65118408203125
8631103,2018,2018-06-12,3019,2018-05-06,2019,3532,SC,7,5,7,3019,0,0,0,NA,0,004,FAIRVIEW ST,MCFADDEN AV,0,NA,Y,A,-,N,NA,NA,NA,NA,NA,NA,NA,NA,NA,N,4,0,1,2,D,-,00,NA,NA,N,A,C,A,A,H,-,C,A,0,NA,NA,NA,NA,Y,NA,-,-,0,0,1,0,0,0,0,0,0,-,-,33.734500885009766,-117.90654754638672,ORANGE,SANTA ANA,-117.90679168701172,33.734500885009766
8632008,2018,2018-07-30,3003,2018-05-04,1432,1056,NA,5,5,5,3003,0,0,0,NA,0,NA,BEACH BL,STANTON AV,0,NA,Y,A,-,N,NA,NA,NA,NA,NA,NA,NA,NA,NA,Y,4,0,2,2,A,-,12,21453,A,N,D,C,A,A,H,-,A,A,0,NA,NA,NA,NA,Y,NA,A,01,0,0,2,0,0,0,0,0,0,-,-,33.839298248291016,-117.99549865722656,ORANGE,BUENA PARK,-117.99436950683594,33.836700439453125
8632651,2018,2018-06-12,3013,2018-05-02,1739,190,L10,3,5,3,3013,0,0,0,NA,0,004,KATELLA AV,VIA EL MERCADO,0,NA,Y,B,-,N,NA,NA,NA,NA,NA,NA,NA,NA,NA,Y,4,0,3,3,A,-,09,21804,A,N,D,C,A,A,H,-,A,D,0,NA,NA,NA,NA,Y,NA,A,07,0,0,3,0,0,0,0,0,0,-,-,NA,NA,ORANGE,LOS ALAMITOS,-118.03864288330078,33.80305862426758
8633174,2018,2018-06-18,3003,2018-05-28,0925,1200,NA,1,5,5,3003,0,0,0,NA,0,002,WESTERN AV,ARTESIA BL,195,N,N,A,-,N,NA,NA,NA,NA,NA,NA,NA,NA,NA,N,3,0,1,3,A,-,08,22107,NA,N,C,E,A,A,H,-,A,D,0,NA,NA,NA,NA,Y,NA,A,01,0,1,0,0,0,0,0,0,0,-,-,33.87409973144531,-118.00260162353516,ORANGE,BUENA PARK,-118.00264739990234,33.87401580810547
8633545,2018,2018-06-20,3000,2018-05-18,2020,5163,951F4,5,5,5,3040,0,0,0,NA,0,743,NIGUEL RD,KENSINGTON DR,105,N,N,A,-,N,NA,NA,NA,NA,NA,NA,NA,NA,NA,Y,4,0,1,5,A,-,01,23152,F,N,C,E,A,A,H,-,C,D,0,NA,NA,NA,NA,Y,NA,A,01,0,0,1,0,0,0,0,0,0,-,-,NA,NA,ORANGE,LAGUNA NIGUEL,-117.72042083740234,33.53139877319336
8633869,2018,2018-06-18,3000,2018-05-03,1205,1056,922C2,4,5,5,3028,0,0,0,NA,0,051,MARGUERITE PKWY,CIVIC CENTER,59,S,N,A,-,N,NA,NA,NA,NA,NA,NA,NA,NA,NA,Y,4,0,2,4,A,-,08,22107,NA,N,B,C,A,A,H,-,A,D,0,NA,NA,NA,NA,Y,NA,A,01,0,0,2,0,0,0,0,0,0,-,-,33.597381591796875,-117.65522003173828,ORANGE,MISSION VIEJO,-117.65926361083984,33.594970703125
8636209,2018,2018-07-24,3019,2018-03-13,1935,3378,SC,2,5,7,3019,0,0,0,NA,0,003,EDINGER AV,PACIFIC AV,20,E,N,A,-,N,NA,NA,NA,NA,NA,NA,NA,NA,NA,Y,4,0,1,3,A,-,03,22350,NA,N,C,C,A,A,H,-,B,A,0,NA,NA,NA,NA,Y,NA,A,07,0,0,1,0,0,0,0,0,0,-,-,33.72732925415039,-117.88839721679688,ORANGE,SANTA ANA,-117.88822174072266,33.72719955444336
8636542,2018,2018-06-20,3014,2018-06-05,0935,1046,RD36,2,5,5,3014,0,0,0,NA,0,0A3,JAMBOREE RD,UNIVERSITY DR,36,S,N,B,-,N,NA,NA,NA,NA,NA,NA,NA,NA,NA,N,4,0,1,2,A,-,21,22106,NA,N,C,C,A,A,H,-,A,A,0,NA,NA,NA,NA,Y,NA,A,07,0,0,1,0,0,0,0,0,0,-,-,33.64699935913086,-117.86669921875,ORANGE,NEWPORT BEACH,-117.8667449951172,33.64703369140625
8637427,2018,2018-06-25,3010,2018-05-18,1400,1176,436,5,5,6,3010,0,0,0,NA,0,003,NANTUCKET,BUSHARD,0,NA,Y,A,-,N,NA,NA,NA,NA,NA,NA,NA,NA,NA,Y,3,0,1,2,A,-,09,21802,A,N,D,C,A,A,H,-,A,D,0,NA,NA,NA,NA,Y,NA,D,22,0,1,0,0,0,0,0,0,0,-,-,NA,NA,ORANGE,HUNTINGTON BEACH,-117.96282958984376,33.67766189575195
8638577,2018,2018-06-20,3009,2018-05-30,2033,0030,126,3,5,6,3009,0,0,0,NA,0,023,NEWHOPE ST,WOODBURY,0,NA,Y,A,-,N,NA,NA,NA,NA,NA,NA,NA,NA,NA,Y,4,0,2,2,A,-,09,21801,A,N,D,C,A,A,H,-,A,D,0,NA,NA,NA,NA,Y,NA,A,01,0,0,2,0,0,0,0,0,0,-,-,NA,NA,ORANGE,GARDEN GROVE,-117.92896270751952,33.76375961303711
8638637,2018,2018-06-19,3009,2018-06-02,1801,4087,105,6,5,6,3009,0,0,0,NA,0,013,BROOKHURST ST,TRASK AV,25,N,N,A,-,N,NA,NA,NA,NA,NA,NA,NA,NA,NA,Y,3,0,1,2,A,-,03,22350,NA,N,C,C,A,A,H,-,A,A,0,NA,NA,NA,NA,Y,NA,A,01,0,1,0,0,0,0,0,0,0,-,-,33.766788482666016,-117.955078125,ORANGE,GARDEN GROVE,-117.955078125,33.7668571472168
8638905,2018,2018-07-27,3014,2018-05-05,1252,1462,RD44,6,5,5,3014,0,0,0,NA,0,0A3,RT 1,IRIS AV,75,W,N,A,-,N,NA,NA,NA,NA,NA,NA,NA,NA,NA,Y,4,0,2,3,A,-,03,22350,NA,N,C,C,A,A,H,-,A,A,0,NA,NA,NA,NA,Y,NA,A,01,0,0,2,0,0,0,0,0,0,-,-,33.5989990234375,-117.84200286865234,ORANGE,NEWPORT BEACH,-117.8731689453125,33.598236083984375
8639198,2018,2018-08-22,3011,2018-06-07,1353,31241,25,4,5,4,3011,0,0,0,NA,0,001,RT 1,HIGH DR,50,S,N,A,-,Y,ORA,12,1,-,-,9.94,H,-,S,N,4,0,2,2,A,-,03,22350,NA,N,C,C,A,A,H,-,A,D,0,NA,NA,NA,NA,Y,NA,A,07,0,0,2,0,0,0,0,0,0,-,-,NA,NA,ORANGE,LAGUNA BEACH,-117.79360198974608,33.54573059082031
8639420,2018,2018-08-22,3010,2018-06-04,0750,1261,359,1,5,6,3010,0,0,0,NA,0,004,RT 1,14TH ST,0,NA,Y,B,-,Y,ORA,12,1,-,-,25.331,I,5,N,Y,3,0,1,2,A,-,09,21801,A,N,D,C,A,A,H,-,A,D,0,NA,NA,Y,NA,Y,NA,A,01,0,1,0,0,0,0,0,0,1,-,-,NA,NA,ORANGE,HUNTINGTON BEACH,-118.010009765625,33.663028717041016
8639642,2018,2018-06-26,3015,2018-05-31,1529,1541,43,4,5,6,3015,0,0,0,NA,0,003,EAST CHAPMAN AV,N WAYFIELD,17,W,N,A,-,N,NA,NA,NA,NA,NA,NA,NA,NA,NA,Y,2,0,1,2,A,-,08,22107,NA,N,D,C,A,A,H,-,A,A,0,NA,NA,Y,NA,Y,NA,A,01,1,0,0,0,0,0,0,0,1,-,-,NA,NA,ORANGE,ORANGE,-117.83348846435548,33.7878303527832
8639693,2018,2018-06-28,3015,2018-05-31,1056,1386,22W,4,5,6,3015,0,0,0,NA,0,711,MAIN ST,STEWART AV,100,S,N,A,-,N,NA,NA,NA,NA,NA,NA,NA,NA,NA,Y,4,0,1,2,A,-,03,22350,I,N,C,C,A,A,H,-,A,D,0,NA,NA,NA,NA,Y,NA,D,22,0,0,1,0,0,0,0,0,0,-,-,NA,NA,ORANGE,ORANGE,-117.86732482910156,33.7821159362793
8640286,2018,2018-06-28,3000,2018-05-04,0829,9696,952A1,5,5,5,3040,0,0,0,NA,0,741,CROWN VALLEY PKWY,GREENFIELD DR,245,E,N,A,-,N,NA,NA,NA,NA,NA,NA,NA,NA,NA,N,4,0,1,3,A,-,03,22350,NA,N,C,C,A,A,H,-,A,A,0,NA,NA,NA,NA,Y,NA,A,01,0,0,1,0,0,0,0,0,0,-,-,NA,NA,ORANGE,LAGUNA NIGUEL,-117.68474578857422,33.55422592163086
8640445,2018,2018-08-22,3010,2018-06-11,1726,1059,273,1,5,6,3010,0,0,0,NA,0,006,RT 39,BLAYLOCK DR,0,NA,Y,A,-,Y,ORA,12,39,-,-,4.501,I,5,N,Y,4,0,2,2,A,-,09,21801,A,N,D,C,A,A,H,-,A,D,0,NA,NA,NA,NA,Y,NA,A,07,0,0,2,0,0,0,0,0,0,-,-,NA,NA,ORANGE,HUNTINGTON BEACH,-117.98898315429688,33.71381759643555
8640457,2018,2018-06-27,3010,2018-06-01,1249,1261,165,5,5,6,3010,0,0,0,NA,0,008,HEIL,BOLSA CHICA,247,W,N,A,-,N,NA,NA,NA,NA,NA,NA,NA,NA,NA,Y,4,0,1,2,A,-,09,21801,A,N,D,C,A,A,H,-,A,D,0,NA,NA,NA,NA,Y,NA,A,01,0,0,1,0,0,0,0,0,0,-,-,NA,NA,ORANGE,HUNTINGTON BEACH,-118.04238891601563,33.722572326660156
8640465,2018,2018-06-27,3010,2018-06-10,1640,1118,159,7,5,6,3010,0,0,0,NA,0,007,HOWLAND,LENNOX,118,S,N,A,-,N,NA,NA,NA,NA,NA,NA,NA,NA,NA,Y,3,0,1,2,A,-,01,23152,A,N,A,E,A,A,H,-,A,D,0,NA,NA,NA,NA,Y,Y,A,01,0,1,0,0,0,0,0,0,0,-,-,NA,NA,ORANGE,HUNTINGTON BEACH,-118.01487731933594,33.727237701416016
8640529,2018,2018-06-27,3010,2018-06-11,1703,1059,148,1,5,6,3010,0,0,0,NA,0,009,MCFADDEN AV,HOLIDAY LN,0,NA,Y,A,-,N,NA,NA,NA,NA,NA,NA,NA,NA,NA,Y,4,0,2,2,A,-,09,21802,A,N,D,C,A,A,H,-,A,A,0,NA,NA,NA,NA,Y,NA,A,08,0,0,2,0,0,0,0,0,0,-,-,NA,NA,ORANGE,HUNTINGTON BEACH,-118.02204132080078,33.73727035522461
8642177,2018,2018-06-27,3026,2018-06-03,0309,595,3,7,5,6,3026,0,0,0,NA,0,00U,UNIVERSITY DR,ROSA DREW,395,E,N,A,-,N,NA,NA,NA,NA,NA,NA,NA,NA,NA,Y,3,0,2,2,A,-,01,23153,A,N,B,C,A,A,H,-,E,D,0,NA,NA,NA,NA,Y,Y,A,01,0,1,1,0,0,0,0,0,0,-,-,NA,NA,ORANGE,IRVINE,-117.80619049072266,33.658424377441406
8642219,2018,2018-06-27,3000,2018-06-17,1555,9684,891C6,7,5,4,3045,0,0,0,NA,0,745,SANTA VITTORIA DR,AVENIDA COPETE,294,E,N,A,-,N,NA,NA,NA,NA,NA,NA,NA,NA,NA,Y,4,0,1,2,A,-,01,23152,A,N,C,E,A,A,H,-,A,D,0,NA,NA,NA,NA,Y,Y,A,01,0,0,1,0,0,0,0,0,0,-,-,NA,NA,ORANGE,LAGUNA HILLS,-117.73910522460938,33.62462615966797
8642227,2018,2018-06-27,3000,2018-06-15,1215,2153,891E7,5,5,3,3051,0,0,0,NA,0,080,EL TORO RD,MOULTON PKWY,0,NA,Y,A,-,N,NA,NA,NA,NA,NA,NA,NA,NA,NA,Y,4,0,2,2,A,-,03,22350,NA,N,C,C,A,A,H,-,A,A,0,NA,NA,NA,NA,Y,NA,A,01,0,0,2,0,0,0,0,0,0,-,-,NA,NA,ORANGE,LAGUNA WOODS,-117.72531127929688,33.61014175415039
8642495,2018,2018-07-05,3015,2018-06-18,2025,1344,132,1,5,6,3015,0,0,0,NA,0,024,EAST CHAPMAN AV,SOUTH KATHLEEN LN,38,E,N,A,-,N,NA,NA,NA,NA,NA,NA,NA,NA,NA,N,3,0,1,2,A,-,08,22107,NA,N,B,C,A,A,H,-,C,D,0,NA,NA,Y,NA,Y,NA,A,01,0,1,0,0,0,0,0,0,1,-,-,NA,NA,ORANGE,ORANGE,-117.82112884521484,33.78779983520508
8645964,2018,2018-07-19,3024,2018-06-27,1730,421,P27,3,5,5,3024,0,0,0,NA,0,EAST,MAGNOLIA ST,GREENVILLE AV,6,W,N,A,-,N,NA,NA,NA,NA,NA,NA,NA,NA,NA,N,4,0,1,2,A,-,03,22350,NA,N,C,C,A,A,H,-,A,D,0,NA,NA,NA,NA,Y,NA,D,22,0,0,1,0,0,0,0,0,0,-,-,33.745819091796875,-117.9722137451172,ORANGE,WESTMINSTER,-117.97226715087892,33.7458610534668
8646562,2018,2018-07-05,3007,2018-05-17,1150,1140,65,4,5,5,3007,0,0,0,NA,0,003,BROOKHURST,ELLIS,0,NA,Y,A,-,N,NA,NA,NA,NA,NA,NA,NA,NA,NA,N,3,0,1,2,A,-,06,21750,A,N,D,C,A,A,H,-,A,D,0,NA,NA,NA,NA,Y,NA,A,01,0,1,0,0,0,0,0,0,0,-,-,NA,NA,ORANGE,FOUNTAIN VALLEY,-117.95426940917967,33.69414138793945