CASE_ID,ACCIDENT_YEAR,PROC_DATE,JURIS,COLLISION_DATE,COLLISION_TIME,OFFICER_ID,REPORTING_DISTRICT,DAY_OF_WEEK,CHP_SHIFT,POPULATION,CNTY_CITY_LOC,SPECIAL_COND,BEAT_TYPE,CHP_BEAT_TYPE,CITY_DIVISION_LAPD,CHP_BEAT_CLASS,BEAT_NUMBER,PRIMARY_RD,SECONDARY_RD,DISTANCE,DIRECTION,INTERSECTION,WEATHER_1,WEATHER_2,STATE_HWY_IND,CALTRANS_COUNTY,CALTRANS_DISTRICT,STATE_ROUTE,ROUTE_SUFFIX,POSTMILE_PREFIX,POSTMILE,LOCATION_TYPE,RAMP_INTERSECTION,SIDE_OF_HWY,TOW_AWAY,COLLISION_SEVERITY,NUMBER_KILLED,NUMBER_INJURED,PARTY_COUNT,PRIMARY_COLL_FACTOR,PCF_CODE_OF_VIOL,PCF_VIOL_CATEGORY,PCF_VIOLATION,PCF_VIOL_SUBSECTION,HIT_AND_RUN,TYPE_OF_COLLISION,MVIW,PED_ACTION,ROAD_SURFACE,ROAD_COND_1,ROAD_COND_2,LIGHTING,CONTROL_DEVICE,CHP_ROAD_TYPE,PEDESTRIAN_ACCIDENT,BICYCLE_ACCIDENT,MOTORCYCLE_ACCIDENT,TRUCK_ACCIDENT,NOT_PRIVATE_PROPERTY,ALCOHOL_INVOLVED,STWD_VEHTYPE_AT_FAULT,CHP_VEHTYPE_AT_FAULT,COUNT_SEVERE_INJ,COUNT_VISIBLE_INJ,COUNT_COMPLAINT_PAIN,COUNT_PED_KILLED,COUNT_PED_INJURED,COUNT_BICYCLIST_KILLED,COUNT_BICYCLIST_INJURED,COUNT_MC_KILLED,COUNT_MC_INJURED,PRIMARY_RAMP,SECONDARY_RAMP,LATITUDE,LONGITUDE,COUNTY,CITY,POINT_X,POINT_Y
8751985,2018,2019-01-18,3024,2018-11-24,1501,422,P-05,6,5,5,3024,0,0,0,NA,0,WEST,GOLDENWEST ST,NATAL DR,138,N,N,A,-,N,NA,NA,NA,NA,NA,NA,NA,NA,NA,Y,4,0,2,3,A,-,07,21658,A,N,B,C,A,A,H,-,A,A,0,NA,NA,NA,NA,Y,NA,D,22,0,0,2,0,0,0,0,0,0,-,-,33.77185821533203,-118.00742340087892,ORANGE,WESTMINSTER,-118.00736236572266,33.77219772338867
8752065,2018,2019-01-28,3026,2018-10-18,0914,4991,NA,4,5,6,3026,0,0,0,NA,0,00C,BAKE,RT 5,14,E,N,A,-,Y,ORA,12,5,-,-,20.565,R,4,N,N,4,0,1,2,A,-,03,22350,NA,F,C,C,A,A,H,-,A,A,0,NA,NA,NA,NA,Y,NA,-,NA,0,0,1,0,0,0,0,0,0,-,NF,NA,NA,ORANGE,IRVINE,-117.72772979736328,33.63570022583008
8752066,2018,2019-01-25,3026,2018-11-14,1917,516,U,3,5,6,3026,0,0,0,NA,0,00U,SUMMIT PARK,LONETREE,15,E,N,A,-,N,NA,NA,NA,NA,NA,NA,NA,NA,NA,N,4,0,1,2,A,-,03,22350,NA,N,C,C,A,A,H,-,B,A,0,NA,NA,NA,NA,Y,NA,A,01,0,0,1,0,0,0,0,0,0,-,-,NA,NA,ORANGE,IRVINE,-117.82850646972656,33.62755584716797
8752430,2018,2018-12-11,3014,2018-11-16,0854,1462,RD24,5,5,5,3014,0,0,0,NA,0,0A2,SUPERIOR AV,DANA RD,100,N,N,A,-,N,NA,NA,NA,NA,NA,NA,NA,NA,NA,Y,4,0,1,2,A,-,03,22350,NA,N,C,C,A,A,H,-,A,A,0,NA,NA,NA,NA,Y,NA,A,07,0,0,1,0,0,0,0,0,0,-,-,33.630001068115234,-117.9290008544922,ORANGE,NEWPORT BEACH,-117.92993927001952,33.6297721862793
8752767,2018,2019-01-03,3012,2018-11-02,0810,647,27,5,5,5,3012,0,0,0,NA,0,002,E LA HABRA BL,PALM ST,200,E,N,A,-,N,NA,NA,NA,NA,NA,NA,NA,NA,NA,N,3,0,1,2,A,-,09,21801,A,N,D,C,A,A,H,-,A,A,0,NA,NA,NA,NA,Y,NA,D,22,0,1,0,0,0,0,0,0,0,-,-,NA,NA,ORANGE,LA HABRA,-117.92375183105467,33.93186950683594
8753473,2018,2018-12-28,3010,2018-11-29,1430,1225,411,4,5,6,3010,0,0,0,NA,0,005,GOLDEN WEST,GARFIELD,114,N,N,A,-,N,NA,NA,NA,NA,NA,NA,NA,NA,NA,Y,4,0,3,2,A,-,09,21453,B,N,D,C,A,A,H,-,A,A,0,NA,NA,NA,NA,Y,NA,A,01,0,0,3,0,0,0,0,0,0,-,-,NA,NA,ORANGE,HUNTINGTON BEACH,-118.00628662109376,33.68692398071289
8753570,2018,2019-01-04,3009,2018-11-04,1411,6184,105,7,5,6,3009,0,0,0,NA,0,1 3,CENTRAL AV,DEANANN PL,50,W,N,A,-,N,NA,NA,NA,NA,NA,NA,NA,NA,NA,Y,3,0,1,3,A,-,01,23152,A,N,E,E,A,A,H,-,A,D,0,NA,NA,NA,NA,Y,Y,D,22,0,1,0,0,0,0,0,0,0,-,-,33.770450592041016,-117.94965362548828,ORANGE,GARDEN GROVE,-117.95038604736328,33.77043914794922
8754277,2018,2018-12-13,3024,2018-11-29,1135,162,P33,4,5,5,3024,0,0,0,NA,0,EAST,BOLSA AV,NEWLAND ST,0,NA,Y,B,C,N,NA,NA,NA,NA,NA,NA,NA,NA,NA,N,3,0,1,2,A,-,05,21650,1,N,D,G,A,B,H,-,A,D,0,NA,Y,NA,NA,Y,NA,L,04,0,1,0,0,0,0,1,0,0,-,-,NA,NA,ORANGE,WESTMINSTER,-117.98090362548828,33.744720458984375
8754357,2018,2018-12-21,3010,2018-11-22,0140,3087,441,4,5,6,3010,0,0,0,NA,0,004,MAIN ST,12TH ST,204,N,N,C,-,N,NA,NA,NA,NA,NA,NA,NA,NA,NA,Y,4,0,1,3,A,-,01,23152,A,N,C,E,A,B,H,-,C,D,0,NA,NA,NA,NA,Y,Y,A,01,0,0,1,0,0,0,0,0,0,-,-,NA,NA,ORANGE,HUNTINGTON BEACH,-118.00112915039063,33.66944885253906
8754490,2018,2018-12-17,3010,2018-11-26,1214,1019,177,1,5,6,3010,0,0,0,NA,0,008,WARNER,GRAHAM,30,W,N,A,-,N,NA,NA,NA,NA,NA,NA,NA,NA,NA,Y,4,0,1,2,A,-,09,21801,A,N,D,C,A,A,H,-,A,A,0,NA,NA,NA,NA,Y,NA,A,01,0,0,1,0,0,0,0,0,0,-,-,NA,NA,ORANGE,HUNTINGTON BEACH,-118.03279113769533,33.7153205871582
8755173,2018,2018-12-12,3000,2018-10-21,1710,9704,892B6,7,5,5,3028,0,0,0,NA,0,754,CM ADELANTO,CL GANADOR,0,NA,Y,A,-,N,NA,NA,NA,NA,NA,NA,NA,NA,NA,N,3,0,1,1,A,-,03,22350,NA,N,E,I,A,A,H,-,A,D,0,NA,NA,Y,NA,Y,NA,C,03,0,1,0,0,0,0,0,0,1,-,-,NA,NA,ORANGE,MISSION VIEJO,-117.67232,33.6169
8755183,2018,2018-12-17,3000,2018-11-07,2355,7734,892E2,3,5,5,3028,0,0,0,NA,0,7552,LA BARCA,MARGUERITE PKWY,458,E,N,B,-,N,NA,NA,NA,NA,NA,NA,NA,NA,NA,Y,3,0,1,2,A,-,01,23152,G,N,B,E,A,A,H,-,C,D,0,NA,NA,NA,NA,Y,Y,A,01,0,1,0,0,0,0,0,0,0,-,-,NA,NA,ORANGE,MISSION VIEJO,-117.64194488525392,33.645145416259766
8756675,2018,2018-12-12,3007,2018-10-26,1913,246,62,5,5,5,3007,0,0,0,NA,0,003,NEWLAND,TWINSPAN,680,N,N,A,-,N,NA,NA,NA,NA,NA,NA,NA,NA,NA,Y,3,0,1,1,A,-,03,22350,NA,N,A,I,A,A,H,-,C,-,0,NA,NA,NA,NA,Y,NA,A,01,0,1,0,0,0,0,0,0,0,-,-,NA,NA,ORANGE,FOUNTAIN VALLEY,NA,NA
8759511,2018,2019-01-23,3009,2018-11-13,1736,4156,124,2,5,6,3009,0,0,0,NA,0,2-1,EUCLID ST,ACACIA PKWY,0,NA,Y,A,F,N,NA,NA,NA,NA,NA,NA,NA,NA,NA,Y,4,0,2,2,A,-,12,21453,A,N,D,C,A,A,H,-,B,A,0,NA,NA,NA,NA,Y,NA,A,01,0,0,2,0,0,0,0,0,0,-,-,33.77606964111328,-117.93804168701172,ORANGE,GARDEN GROVE,-117.93804168701172,33.77606964111328
8761010,2018,2019-01-26,3011,2018-12-22,1156,31241,52,6,5,4,3011,0,0,0,NA,0,002,CRESS ST,CARMELITA ST,0,NA,Y,A,-,N,NA,NA,NA,NA,NA,NA,NA,NA,NA,N,4,0,1,2,A,-,08,22107,NA,N,D,C,A,A,H,-,A,D,0,NA,NA,NA,NA,Y,NA,A,07,0,0,1,0,0,0,0,0,0,-,-,NA,NA,ORANGE,LAGUNA BEACH,-117.77298736572266,33.5342903137207
8764713,2018,2019-01-08,3008,2018-07-27,1305,1544,NA,5,5,6,3008,0,0,0,NA,0,0Z2,ORANGETHORPE AV,EUCLID ST,455,E,N,A,-,N,NA,NA,NA,NA,NA,NA,NA,NA,NA,Y,3,0,2,2,A,-,09,21804,A,N,D,C,A,A,H,-,A,A,0,NA,NA,NA,NA,Y,NA,A,01,0,1,1,0,0,0,0,0,0,-,-,NA,NA,ORANGE,FULLERTON,-117.94033813476563,33.859371185302734
8765213,2018,2019-02-04,3008,2018-11-21,0714,1527,NA,3,5,6,3008,0,0,0,NA,0,001,BEACH BL,HAWKSPOINTE DR,890,S,N,A,-,Y,ORA,12,39,-,-,17.67,H,-,N,Y,4,0,1,1,A,-,08,22107,NA,N,E,I,A,A,H,-,A,A,0,NA,NA,NA,NA,Y,NA,A,07,0,0,1,0,0,0,0,0,0,-,-,NA,NA,ORANGE,FULLERTON,-117.98431396484376,33.90053176879883
8765238,2018,2019-01-24,3008,2018-08-09,0133,1505,NA,4,5,6,3008,0,0,0,NA,0,2-1,MAGNOLIA AV,RT 91,0,NA,-,A,-,Y,ORA,12,91,-,R,4.031,R,4,W,N,3,0,1,2,A,-,10,21950,A,F,D,G,A,A,H,-,C,A,0,NA,Y,NA,NA,Y,NA,-,99,0,1,0,0,0,0,1,0,0,-,WF,NA,NA,ORANGE,FULLERTON,-117.97406005859376,33.856773376464844
8765970,2018,2019-01-07,3000,2018-11-25,1615,90704,892D4,7,5,5,3028,0,0,0,NA,0,754,VISTA DEL LAGO,LOS ALISOS BL,459,S,N,A,-,N,NA,NA,NA,NA,NA,NA,NA,NA,NA,Y,3,0,1,1,C,-,18,NA,NA,N,E,I,A,A,H,-,A,D,0,NA,NA,NA,NA,Y,NA,-,-,0,1,0,0,0,0,0,0,0,-,-,NA,NA,ORANGE,MISSION VIEJO,-117.65730285644533,33.63877487182617
8766174,2018,2019-01-03,3000,2018-10-19,1422,8896,971J5,5,5,4,3029,0,0,0,NA,0,738,ST OF EASTERN LANTERN,STREET OF THE GOLDEN LANTERN,0,NA,Y,A,-,N,NA,NA,NA,NA,NA,NA,NA,NA,NA,N,3,0,1,2,A,-,12,22450,A,N,H,G,A,A,H,-,A,D,0,NA,Y,NA,NA,Y,NA,A,01,0,1,0,0,0,0,1,0,0,-,-,NA,NA,ORANGE,DANA POINT,-117.69436,33.46413
8766237,2018,2019-01-02,3000,2018-10-29,0950,3568,NA,1,5,5,3028,0,0,0,NA,0,256,OLYMPIAD,ALICIA PKWY,0,NA,Y,A,-,N,NA,NA,NA,NA,NA,NA,NA,NA,NA,Y,4,0,2,2,A,-,12,21453,A,N,D,C,A,A,H,-,A,A,0,NA,NA,NA,NA,Y,NA,A,01,0,0,2,0,0,0,0,0,0,-,-,NA,NA,ORANGE,MISSION VIEJO,-117.63433074951172,33.62928009033203
8766469,2018,2019-01-03,3024,2018-12-18,2004,149,P-37,2,5,5,3024,0,0,0,NA,0,EAST,MCFADDEN AV,JACKSON ST,0,NA,Y,A,-,N,NA,NA,NA,NA,NA,NA,NA,NA,NA,Y,3,0,1,2,D,-,00,NA,NA,N,H,G,A,A,H,-,C,D,0,NA,Y,NA,NA,Y,NA,-,-,0,1,0,0,0,0,1,0,0,-,-,33.73759841918945,-117.98721313476563,ORANGE,WESTMINSTER,-117.98738861083984,33.73748016357422
8766473,2018,2019-01-03,3024,2018-12-11,2148,411,P-09,2,5,5,3024,0,0,0,NA,0,WEST,WESTMINSTER AV,WILLOW LN,448,W,N,A,-,N,NA,NA,NA,NA,NA,NA,NA,NA,NA,Y,4,0,2,2,A,-,09,21801,A,N,D,C,A,A,H,-,C,D,0,NA,NA,NA,NA,Y,NA,A,01,0,0,2,0,0,0,0,0,0,-,-,33.75914001464844,-118.01856994628906,ORANGE,WESTMINSTER,-118.0206298828125,33.75895309448242
8767010,2018,2019-01-07,3001,2018-09-17,1901,471,NA,1,5,7,3001,0,0,0,NA,0,0D1,N GILBERT ST,WEST CRESCENT AV,189,N,N,A,-,N,NA,NA,NA,NA,NA,NA,NA,NA,NA,Y,3,0,3,2,A,-,09,21804,A,N,D,C,A,A,H,-,B,D,0,NA,NA,NA,NA,Y,NA,A,01,0,3,0,0,0,0,0,0,0,-,-,NA,NA,ORANGE,ANAHEIM,-117.96774291992188,33.84021759033203
8767981,2018,2019-01-10,3001,2018-09-25,1746,1880,D2,2,5,7,3001,0,0,0,NA,0,NA,E COMMERCIAL ST,NORTH ANAHEIM BL,2,E,N,A,-,N,NA,NA,NA,NA,NA,NA,NA,NA,NA,N,4,0,1,2,A,-,08,22100,A,N,B,C,A,A,H,-,A,A,0,NA,NA,NA,NA,Y,NA,D,22,0,0,1,0,0,0,0,0,0,-,-,NA,NA,ORANGE,ANAHEIM,-117.91986083984376,33.8526496887207
8768036,2018,2019-01-30,3000,2018-09-27,2110,4601,971-F,4,5,4,3029,0,0,0,NA,0,638,PACIFIC COAST HWY,SELVA RD,0,NA,Y,A,-,N,NA,NA,NA,NA,NA,NA,NA,NA,NA,Y,4,0,1,2,A,-,12,21453,A,N,D,C,A,A,H,-,C,A,0,NA,NA,NA,NA,Y,NA,A,01,0,0,1,0,0,0,0,0,0,-,-,NA,NA,ORANGE,DANA POINT,-117.7132568359375,33.470680236816406
8768116,2018,2019-02-04,3010,2018-12-11,2021,1675,432,2,5,6,3010,0,0,0,NA,0,003,RT 39,YORKTOWN AV,90,S,N,A,-,Y,ORA,12,39,-,-,2.12,H,-,S,N,3,0,1,2,A,-,11,21954,A,N,G,B,D,A,H,-,C,A,0,Y,NA,NA,NA,Y,NA,N,60,0,1,0,0,1,0,0,0,0,-,-,NA,NA,ORANGE,HUNTINGTON BEACH,-117.98877716064452,33.67913055419922
8768342,2018,2019-01-08,3009,2018-11-28,1510,4351,124,3,5,6,3009,0,0,0,NA,0,021,ACACIA PKWY,8TH ST,8,W,N,A,-,N,NA,NA,NA,NA,NA,NA,NA,NA,NA,N,4,0,1,2,A,-,09,21802,A,N,D,C,A,A,H,-,A,A,0,NA,NA,NA,NA,Y,NA,A,08,0,0,1,0,0,0,0,0,0,-,-,33.775001525878906,-117.93329620361328,ORANGE,GARDEN GROVE,-117.93340301513672,33.776119232177734
8768350,2018,2019-01-08,3009,2018-11-04,1747,4444,085,7,5,6,3009,0,0,0,NA,0,013,GILBERT ST,CENTRAL,4,N,N,A,-,N,NA,NA,NA,NA,NA,NA,NA,NA,NA,Y,4,0,1,1,A,-,01,23152,A,N,A,I,A,A,H,-,C,D,0,NA,NA,NA,NA,Y,Y,A,01,0,0,1,0,0,0,0,0,0,-,-,NA,NA,ORANGE,GARDEN GROVE,-117.96759033203124,33.77082061767578
8769538,2018,2019-01-08,3001,2018-10-09,0800,A1007,NA,2,5,7,3001,0,0,0,NA,0,00D,SOUTH EUCLID ST,W LINCOLN AV,335,S,N,B,-,N,NA,NA,NA,NA,NA,NA,NA,NA,NA,N,4,0,1,3,A,-,03,22350,NA,N,C,C,A,A,H,-,A,A,0,NA,NA,NA,NA,Y,NA,A,07,0,0,1,0,0,0,0,0,0,-,-,NA,NA,ORANGE,ANAHEIM,-117.94149017333984,33.831520080566406
8770240,2018,2019-01-15,3014,2018-12-15,1248,1462,RD44,6,5,5,3014,0,0,0,NA,0,0A4,SEAVIEW AV,NARCISSUS AV,0,NA,Y,A,-,N,NA,NA,NA,NA,NA,NA,NA,NA,NA,N,3,0,1,2,A,-,09,21802,A,N,D,C,A,A,H,-,A,A,0,NA,NA,NA,NA,Y,NA,A,01,0,1,0,0,0,0,0,0,0,-,-,33.59379959106445,-117.87069702148438,ORANGE,NEWPORT BEACH,-117.87077331542967,33.5937614440918
8770428,2018,2019-01-11,3001,2018-09-23,0925,1007,NA,7,5,7,3001,0,0,0,NA,0,D-1,SOUTH BROOKHURST ST,W HARRIET LN,460,N,N,A,-,N,NA,NA,NA,NA,NA,NA,NA,NA,NA,Y,4,0,1,2,A,-,03,22350,NA,N,C,C,A,A,H,-,A,D,0,NA,NA,NA,NA,Y,NA,A,01,0,0,1,0,0,0,0,0,0,-,-,NA,NA,ORANGE,ANAHEIM,-117.95890045166016,33.81330108642578
8770472,2018,2019-01-11,3001,2018-09-19,1841,A1252,NA,3,5,7,3001,0,0,0,NA,0,0D2,W LINCOLN AV,NORTH HARBOR BL,165,W,N,A,-,N,NA,NA,NA,NA,NA,NA,NA,NA,NA,N,3,0,3,2,A,-,04,21703,NA,N,C,C,A,A,H,-,A,D,0,NA,NA,NA,NA,Y,NA,A,01,0,2,1,0,0,0,0,0,0,-,-,NA,NA,ORANGE,ANAHEIM,-117.9201431274414,33.834068298339844
8771533,2018,2019-01-04,3000,2018-12-08,1438,1520,797H1,6,5,4,3021,0,0,0,NA,0,221,CERRITOS AV,WESTERN AV,135,NA,N,A,-,N,NA,NA,NA,NA,NA,NA,NA,NA,NA,N,3,0,1,2,A,-,05,21650,NA,N,A,G,A,A,H,-,A,D,0,NA,Y,NA,NA,Y,NA,L,04,0,1,0,0,0,0,1,0,0,-,-,NA,NA,ORANGE,STANTON,-118.0019989013672,33.81005859375
8772313,2018,2019-01-10,3001,2018-10-14,2313,A2367,D2,7,5,7,3001,0,0,0,NA,0,022,W LINCOLN AV,RT 5,0,NA,Y,A,-,Y,NA,NA,NA,NA,NA,NA,NA,NA,NA,Y,3,0,2,2,A,-,12,21453,A,N,D,C,A,A,H,-,C,A,0,NA,NA,NA,NA,Y,NA,A,01,0,1,1,0,0,0,0,0,0,-,SF,NA,NA,ORANGE,ANAHEIM,-117.93245697021484,33.832359313964844
8772349,2018,2019-01-09,3006,2018-12-15,0920,316,19,6,5,3,3006,0,0,0,NA,0,001,LA PALMA AV,INWOOD,18,W,N,A,-,N,NA,NA,NA,NA,NA,NA,NA,NA,NA,N,4,0,1,2,A,-,08,22107,NA,N,D,G,A,A,H,-,A,-,0,NA,Y,NA,NA,Y,NA,A,07,0,0,1,0,0,0,1,0,0,-,-,NA,NA,ORANGE,LA PALMA,-118.04342651367188,33.84635925292969
8773579,2018,2019-01-04,3001,2018-10-13,1815,1397,NA,6,5,7,3001,0,0,0,NA,0,0D4,MIRALOMA AV,BLUE GUM ST,0,NA,Y,B,-,N,NA,NA,NA,NA,NA,NA,NA,NA,NA,Y,4,0,6,2,A,-,12,21453,A,N,D,C,A,A,H,-,C,A,0,NA,NA,NA,NA,Y,NA,-,-,0,0,6,0,0,0,0,0,0,-,-,NA,NA,ORANGE,ANAHEIM,-117.87225341796876,33.854888916015625
8773927,2019,2019-02-11,3024,2019-01-08,1546,400,P15,2,5,5,3024,0,0,0,NA,0,WEST,WESTMINSTER BL,SHERWOOD ST,120,W,N,A,-,N,NA,NA,NA,NA,NA,NA,NA,NA,NA,N,4,0,1,2,A,-,09,21801,A,N,D,C,A,A,H,-,A,A,0,NA,NA,NA,NA,Y,NA,A,01,0,0,1,0,0,0,0,0,0,-,-,NA,NA,ORANGE,WESTMINSTER,-118.02613067626952,33.75905990600586
8774680,2018,2019-02-05,3007,2018-12-23,1012,273,65,7,5,5,3007,0,0,0,NA,0,003,TALBERT,BROOKHURST,350,E,N,A,-,N,NA,NA,NA,NA,NA,NA,NA,NA,NA,Y,3,0,2,2,A,-,09,21804,A,N,D,C,A,A,H,-,A,D,0,NA,NA,NA,NA,Y,NA,A,01,0,1,1,0,0,0,0,0,0,-,-,NA,NA,ORANGE,FOUNTAIN VALLEY,-117.95328521728516,33.701759338378906
8775097,2018,2019-01-12,3004,2018-11-12,1452,P459,07,1,5,6,3004,0,0,0,NA,0,015,E 19TH ST,ORANGE AV,0,NA,Y,A,-,N,NA,NA,NA,NA,NA,NA,NA,NA,NA,Y,4,0,1,2,A,-,12,22450,A,N,D,C,A,A,H,-,A,D,0,NA,NA,NA,NA,Y,NA,-,-,0,0,1,0,0,0,0,0,0,-,-,33.640899658203125,-117.91310119628906,ORANGE,COSTA MESA,-117.91313934326172,33.6409912109375
8775853,2018,2019-01-25,3007,2018-12-03,1054,250,57,1,5,5,3007,0,0,0,NA,0,002,SOUTHPARK,NEWHOPE,0,NA,Y,A,-,N,NA,NA,NA,NA,NA,NA,NA,NA,NA,Y,4,0,2,2,A,-,12,21453,A,N,D,C,A,A,H,-,A,A,0,NA,NA,NA,NA,Y,NA,A,01,0,0,2,0,0,0,0,0,0,-,-,NA,NA,ORANGE,FOUNTAIN VALLEY,-117.93451690673828,33.70370864868164
8777415,2018,2019-01-23,3000,2018-11-07,1504,5013,952A1,3,5,5,3040,0,0,0,NA,0,741,CROWN VALLEY PKWY,FORBES RD,211,E,N,A,-,N,NA,NA,NA,NA,NA,NA,NA,NA,NA,Y,2,0,1,2,A,-,07,21658,A,N,B,C,A,A,H,-,A,A,0,NA,NA,Y,NA,Y,NA,A,07,1,0,0,0,0,0,0,0,1,-,-,NA,NA,ORANGE,LAGUNA NIGUEL,-117.67585754394533,33.55837631225586
8777535,2018,2019-01-24,3009,2018-12-20,1538,1234,092,4,5,6,3009,0,0,0,NA,0,012,ROYAL PALM BL,BROOKHURST ST,146,W,N,A,-,N,NA,NA,NA,NA,NA,NA,NA,NA,NA,N,3,0,1,2,A,-,09,21804,A,N,D,C,A,A,H,-,A,D,0,NA,NA,NA,NA,Y,NA,A,01,0,1,0,0,0,0,0,0,0,-,-,NA,NA,ORANGE,GARDEN GROVE,-117.95925903320313,33.79438018798828
8779666,2018,2019-01-29,3011,2018-12-20,1718,31462,81,4,5,4,3011,0,0,0,NA,0,003,COAST HWY,MONTAGE RESORT DR,200,S,N,A,-,Y,ORA,12,1,-,-,6.91,H,-,S,Y,4,0,1,3,A,-,03,22350,NA,N,C,C,A,A,H,-,C,D,0,NA,NA,NA,NA,Y,NA,A,07,0,0,1,0,0,0,0,0,0,-,-,NA,NA,ORANGE,LAGUNA BEACH,-117.7568817138672,33.51568603515625
8779670,2018,2019-01-29,3010,2018-12-31,1310,1059,252,1,5,6,3010,0,0,0,NA,0,007,RT 39,CENTER AV,505,N,N,B,-,Y,ORA,12,39,-,-,5.82,H,-,S,N,2,0,2,2,A,-,08,22107,NA,F,C,C,A,A,G,-,A,D,0,NA,NA,NA,NA,Y,NA,A,01,1,0,1,0,0,0,0,0,0,-,-,NA,NA,ORANGE,HUNTINGTON BEACH,-117.98947143554688,33.73283004760742
8781130,2018,2019-02-19,3001,2018-12-22,1006,406,NA,6,5,7,3001,0,0,0,NA,0,0D2,ANAHEIM BL,RT 91,93,NA,N,A,-,Y,ORA,12,91,-,-,3.678,R,4,E,N,4,0,1,2,A,-,03,22350,NA,N,C,C,A,A,H,-,A,D,0,NA,NA,NA,NA,Y,NA,A,07,0,0,1,0,0,0,0,0,0,-,EO,NA,NA,ORANGE,ANAHEIM,-117.91695404052734,33.8538818359375
8781146,2018,2019-02-12,3001,2018-12-25,2319,A2286,1,2,5,7,3001,0,0,0,NA,0,014,DALE AV,W LINCOLN AV,407,S,N,A,-,N,NA,NA,NA,NA,NA,NA,NA,NA,NA,Y,4,0,1,5,A,-,00,22651,B,N,B,E,A,A,H,-,C,A,0,NA,NA,NA,NA,Y,NA,A,01,0,0,1,0,0,0,0,0,0,-,-,NA,NA,ORANGE,ANAHEIM,-117.9847412109375,33.832088470458984
8781760,2019,2019-02-05,3009,2019-01-15,1219,4087,111,2,5,6,3009,0,0,0,NA,0,2-1,EUCLID ST,KATELLA AV,200,S,N,A,-,N,NA,NA,NA,NA,NA,NA,NA,NA,NA,Y,4,0,1,2,A,-,03,22350,NA,N,C,C,A,A,H,-,A,A,0,NA,NA,NA,NA,Y,NA,A,01,0,0,1,0,0,0,0,0,0,-,-,NA,NA,ORANGE,GARDEN GROVE,-117.94151306152344,33.80253219604492
8781763,2019,2019-02-05,3010,2019-01-19,0028,3004,443,6,5,6,3010,0,0,0,NA,0,003,NEWLAND,INDIANAPOLIS,575,N,N,A,-,N,NA,NA,NA,NA,NA,NA,NA,NA,NA,Y,3,0,3,4,A,-,01,23153,A,N,C,E,A,A,H,-,C,D,0,NA,NA,NA,NA,Y,Y,A,01,0,3,0,0,0,0,0,0,0,-,-,NA,NA,ORANGE,HUNTINGTON BEACH,-117.97984313964844,33.6665153503418
8782904,2019,2019-02-05,3014,2019-01-04,1020,1435,RD33,5,5,5,3014,0,0,0,NA,0,0A3,MACARTHUR,CAMPUS DR,344,E,N,A,-,N,NA,NA,NA,NA,NA,NA,NA,NA,NA,N,4,0,1,2,A,-,03,22350,NA,N,C,C,A,A,H,-,A,D,0,NA,NA,NA,NA,Y,NA,A,01,0,0,1,0,0,0,0,0,0,-,-,33.670501708984375,-117.86440277099608,ORANGE,NEWPORT BEACH,-117.86371612548828,33.672611236572266
8783204,2018,2019-01-31,3000,2018-10-22,1254,10077,891J4,1,5,5,3050,0,0,0,NA,0,764,EL TORO RD,TOLEDO WY,0,NA,Y,A,-,N,NA,NA,NA,NA,NA,NA,NA,NA,NA,Y,4,0,1,3,A,-,12,21453,A,N,D,C,A,A,H,-,A,A,0,NA,NA,NA,NA,Y,NA,D,22,0,0,1,0,0,0,0,0,0,-,-,NA,NA,ORANGE,LAKE FOREST,-117.68563842773438,33.63261032104492
8783414,2018,2019-01-26,3008,2018-10-13,0012,1546,NA,6,5,6,3008,0,0,0,NA,0,002,HARBOR BL,HOUSTON AV,0,NA,Y,C,-,N,NA,NA,NA,NA,NA,NA,NA,NA,NA,Y,4,0,1,1,A,-,03,22350,NA,N,A,I,A,B,H,-,C,A,0,NA,NA,NA,NA,Y,NA,A,01,0,0,1,0,0,0,0,0,0,-,-,NA,NA,ORANGE,FULLERTON,-117.92434692382813,33.85541915893555
8783512,2018,2019-01-26,3008,2018-11-02,1724,1466,NJC,5,5,6,3008,0,0,0,NA,0,003,RAYMOND AV,BURTON ST,0,NA,Y,A,-,N,NA,NA,NA,NA,NA,NA,NA,NA,NA,N,4,0,1,2,A,-,09,21802,A,N,D,C,A,A,H,-,C,A,0,NA,NA,Y,NA,Y,NA,-,-,0,0,1,0,0,0,0,0,1,-,-,NA,NA,ORANGE,FULLERTON,-117.90675354003906,33.855140686035156
8783543,2018,2019-02-02,3008,2018-09-24,0158,1546,NA,1,5,6,3008,0,0,0,NA,0,002,COMMONWEALTH AV,POMONA AV,184,W,N,A,-,N,NA,NA,NA,NA,NA,NA,NA,NA,NA,N,4,0,2,3,A,-,05,21651,B,F,G,B,E,A,H,-,C,D,0,Y,NA,NA,NA,Y,Y,-,99,0,0,2,0,2,0,0,0,0,-,-,NA,NA,ORANGE,FULLERTON,-117.92268371582033,33.87036895751953
8784572,2019,2019-02-14,3024,2019-01-16,0620,412,P-04,3,5,5,3024,0,0,0,NA,0,WEST,GARDEN GROVE BL,PALOMAR ST,599,E,N,C,-,N,NA,NA,NA,NA,NA,NA,NA,NA,NA,Y,4,0,2,3,A,-,03,22350,NA,N,C,C,A,B,H,-,A,D,0,NA,NA,NA,NA,Y,NA,A,01,0,0,2,0,0,0,0,0,0,-,-,33.77397155761719,-118.01409149169922,ORANGE,WESTMINSTER,-118.01214599609376,33.77387619018555