CASE_ID,ACCIDENT_YEAR,PROC_DATE,JURIS,COLLISION_DATE,COLLISION_TIME,OFFICER_ID,REPORTING_DISTRICT,DAY_OF_WEEK,CHP_SHIFT,POPULATION,CNTY_CITY_LOC,SPECIAL_COND,BEAT_TYPE,CHP_BEAT_TYPE,CITY_DIVISION_LAPD,CHP_BEAT_CLASS,BEAT_NUMBER,PRIMARY_RD,SECONDARY_RD,DISTANCE,DIRECTION,INTERSECTION,WEATHER_1,WEATHER_2,STATE_HWY_IND,CALTRANS_COUNTY,CALTRANS_DISTRICT,STATE_ROUTE,ROUTE_SUFFIX,POSTMILE_PREFIX,POSTMILE,LOCATION_TYPE,RAMP_INTERSECTION,SIDE_OF_HWY,TOW_AWAY,COLLISION_SEVERITY,NUMBER_KILLED,NUMBER_INJURED,PARTY_COUNT,PRIMARY_COLL_FACTOR,PCF_CODE_OF_VIOL,PCF_VIOL_CATEGORY,PCF_VIOLATION,PCF_VIOL_SUBSECTION,HIT_AND_RUN,TYPE_OF_COLLISION,MVIW,PED_ACTION,ROAD_SURFACE,ROAD_COND_1,ROAD_COND_2,LIGHTING,CONTROL_DEVICE,CHP_ROAD_TYPE,PEDESTRIAN_ACCIDENT,BICYCLE_ACCIDENT,MOTORCYCLE_ACCIDENT,TRUCK_ACCIDENT,NOT_PRIVATE_PROPERTY,ALCOHOL_INVOLVED,STWD_VEHTYPE_AT_FAULT,CHP_VEHTYPE_AT_FAULT,COUNT_SEVERE_INJ,COUNT_VISIBLE_INJ,COUNT_COMPLAINT_PAIN,COUNT_PED_KILLED,COUNT_PED_INJURED,COUNT_BICYCLIST_KILLED,COUNT_BICYCLIST_INJURED,COUNT_MC_KILLED,COUNT_MC_INJURED,PRIMARY_RAMP,SECONDARY_RAMP,LATITUDE,LONGITUDE,COUNTY,CITY,POINT_X,POINT_Y
90033318,2015,2015-10-19,9675,2015-10-09,1850,020746,NA,5,2,7,3019,0,1,3,NA,2,552,SR-55 NORTHBOUND,EDINGER AVE,1000,S,N,A,-,Y,NA,NA,55,NA,NA,NA,NA,NA,N,Y,4,0,1,2,A,-,03,22350,NA,N,C,C,A,A,H,-,C,A,0,NA,NA,NA,NA,Y,NA,A,01,0,0,1,0,0,0,0,0,0,-,-,33.72399,-117.83646,ORANGE,SANTA ANA,-117.83652774,33.72404602
90033320,2015,2015-10-19,9675,2015-10-09,1835,020746,NA,5,2,7,3019,0,1,1,NA,2,503,I-5 NORTHBOUND,FIRST STREET,200,S,N,A,-,Y,NA,NA,5,NA,NA,NA,NA,NA,N,Y,4,0,2,2,A,-,03,22350,NA,N,C,C,A,A,H,-,C,A,0,NA,NA,NA,NA,Y,NA,A,01,0,0,2,0,0,0,0,0,0,-,-,33.7448,-117.84166,ORANGE,SANTA ANA,-117.84168949,33.74477833
90035392,2015,2015-10-21,9675,2015-10-13,1835,018834,NA,2,2,6,3015,0,1,3,NA,2,222,SR-22 WESTBOUND,CAMBRIDGE ST,300,W,N,A,-,Y,NA,NA,22,NA,NA,NA,NA,NA,W,Y,4,0,1,4,A,-,03,22350,NA,N,C,C,A,A,H,-,B,D,0,NA,NA,NA,NA,Y,NA,D,22,0,0,1,0,0,0,0,0,0,-,-,33.77583,-117.84608,ORANGE,ORANGE,-117.84606022,33.77575632
90035814,2015,2015-10-21,9675,2015-10-15,1859,018027,NA,4,2,7,3001,0,1,3,NA,2,095,SR-91 EASTBOUND,GYPSUM CYN ROAD,300,E,N,A,-,Y,NA,NA,91,NA,NA,NA,NA,NA,E,Y,4,0,1,2,A,-,21,22106,NA,N,C,C,A,A,H,-,C,D,0,NA,NA,NA,NA,Y,NA,A,01,0,0,1,0,0,0,0,0,0,-,-,33.86729,-117.70977,ORANGE,ANAHEIM,-117.70984412,33.86746048
90036029,2015,2015-10-22,9675,2015-10-09,1057,018005,NA,5,1,6,3026,0,1,3,NA,2,074,SR-73 NORTHBOUND,BONITA CYN DR,690,N,N,A,-,Y,NA,NA,73,NA,NA,NA,NA,NA,N,Y,3,0,1,1,A,-,08,22107,NA,N,E,I,A,A,H,-,A,D,0,NA,NA,NA,NA,Y,NA,A,01,0,1,0,0,0,0,0,0,0,-,-,33.63207,-117.84476,ORANGE,IRVINE,-117.84478524,33.63198295
90036228,2015,2015-10-22,9675,2015-10-16,1600,018733,NA,5,2,5,3022,0,1,3,NA,2,551,SR-55 NORTHBOUND,1ST ST,100,S,N,A,-,Y,NA,NA,55,NA,NA,NA,NA,NA,N,Y,4,0,1,4,A,-,03,22350,NA,N,C,C,A,A,H,-,A,D,0,NA,NA,NA,NA,Y,NA,A,07,0,0,1,0,0,0,0,0,0,-,-,33.74526,-117.83308,ORANGE,TUSTIN,-117.8331607,33.74528308
90039821,2015,2015-10-29,9690,2015-10-22,0830,020446,NA,4,1,4,3045,0,1,1,NA,2,055,I-5 S/B (SAN DIEGO FRWY),ALICIA PKWY,510,S,N,A,-,Y,NA,NA,5,NA,NA,NA,NA,NA,S,Y,4,0,1,2,A,-,03,22350,NA,N,C,C,A,A,H,-,A,D,0,NA,NA,NA,NA,Y,NA,A,07,0,0,1,0,0,0,0,0,0,-,-,33.60171,-117.68578,ORANGE,LAGUNA HILLS,-117.68574545,33.60179327
90040838,2015,2015-10-29,9675,2015-10-24,1905,019979,NA,6,2,6,3004,0,1,1,NA,2,405,I-405 NORTHBOUND,HARBOR BLVD,1000,N,N,A,-,Y,NA,NA,405,NA,NA,NA,NA,NA,N,Y,4,0,1,2,A,-,03,22350,NA,N,C,C,A,A,H,-,A,D,0,NA,NA,NA,NA,Y,NA,A,01,0,0,1,0,0,0,0,0,0,-,-,33.69141,-117.92415,ORANGE,COSTA MESA,-117.92418355,33.69132277
90041506,2015,2015-10-30,9675,2015-10-26,1225,020594,NA,1,1,7,3019,0,1,1,NA,2,502,I-5 N/B,MAIN ST,1300,S,N,A,-,Y,NA,NA,5,NA,NA,NA,NA,NA,N,Y,4,0,1,2,A,-,03,22350,NA,N,C,C,A,A,H,-,A,D,0,NA,NA,NA,Y,Y,NA,F,26,0,0,1,0,0,0,0,0,0,-,-,33.76619,-117.86613,ORANGE,SANTA ANA,-117.86626276,33.76611334
90042044,2015,2015-11-09,9675,2015-11-01,2259,019652,NA,7,3,7,3019,0,1,1,NA,2,502,I-5 NORTHBOUND,SR-22 EASTBOUND,900,S,N,A,B,Y,NA,NA,5,NA,NA,NA,NA,NA,N,Y,4,0,1,2,A,-,01,23152,A,N,B,C,A,A,H,-,C,D,0,NA,NA,NA,NA,Y,Y,A,07,0,0,1,0,0,0,0,0,0,-,-,33.77386,-117.87173,ORANGE,SANTA ANA,-117.87177549,33.77382168
9004353,2019,2020-01-21,3001,2019-11-01,1306,A2382,D1,5,5,7,3001,0,0,0,NA,0,NA,MAGNOLIA AV,CHANTICLEER RD,26,N,N,A,-,N,NA,NA,NA,NA,NA,NA,NA,NA,NA,N,4,0,1,2,A,-,07,21658,A,N,B,C,A,A,H,-,A,D,0,NA,NA,NA,NA,Y,NA,D,22,0,0,1,0,0,0,0,0,0,-,-,33.812129974365234,-117.9760284423828,ORANGE,ANAHEIM,-117.97579193115234,33.812591552734375
90044241,2015,2015-11-04,9675,2015-11-02,1742,016944,NA,1,2,6,3026,0,1,1,NA,2,504,I-5 N/B,JEFFREY RD.,100,N,N,A,C,Y,NA,NA,5,NA,NA,NA,NA,NA,N,Y,4,0,2,2,A,-,03,22350,NA,N,C,C,A,A,H,-,C,D,0,NA,NA,NA,NA,Y,NA,A,01,0,0,2,0,0,0,0,0,0,-,-,33.69109,-117.76868,ORANGE,IRVINE,-117.76882171,33.69099797
90046073,2015,2015-11-06,9675,2015-11-05,1820,017833,NA,4,2,6,3026,0,1,1,NA,2,503,I-5 NORTHBOUND,JAMBOREE RD,1300,S,N,A,-,Y,NA,NA,NA,NA,NA,NA,NA,NA,NA,N,4,0,1,2,A,-,03,22350,NA,N,C,C,A,A,H,-,C,D,0,NA,NA,NA,NA,Y,NA,A,01,0,0,1,0,0,0,0,0,0,-,-,33.71489,-117.70778,ORANGE,IRVINE,-117.79491,33.71964
90046663,2015,2015-11-09,9690,2015-10-30,0936,016128,NA,5,1,5,3028,0,1,1,NA,2,056,I-5 N/B (SAN DIEGO FRWY),OSO PARKWAY OVERCROSSING,800,S,N,A,-,Y,NA,NA,5,NA,NA,NA,NA,NA,N,Y,3,0,1,1,A,-,08,22107,NA,N,A,I,A,A,H,-,A,D,0,NA,NA,NA,NA,Y,NA,A,01,0,1,0,0,0,0,0,0,0,-,-,33.57775,-117.67152,ORANGE,MISSION VIEJO,-117.67166546,33.57775325
90046743,2015,2015-11-09,9690,2015-10-31,1230,018479,NA,6,1,5,3050,0,1,1,NA,2,055,I-5 N/B (SAN DIEGO FRWY),EL TORO RD,1600,S,N,A,-,Y,NA,NA,NA,NA,NA,NA,NA,NA,NA,Y,4,0,1,2,A,-,03,22350,NA,N,C,D,A,A,H,-,A,D,0,NA,NA,NA,NA,Y,NA,A,01,0,0,1,0,0,0,0,0,0,-,-,33.60985,-117.70773,ORANGE,LAKE FOREST,-117.70390452,33.61172376
90048404,2015,2015-12-09,9675,2015-11-10,0900,016984,NA,2,1,6,3026,0,1,1,NA,2,503,I-5 NORTHBOUND,CULVER DR,2000,S,N,A,-,Y,NA,NA,5,NA,NA,NA,NA,NA,N,Y,4,0,1,2,A,-,03,22350,NA,N,C,C,A,A,H,-,A,D,0,NA,NA,NA,NA,Y,NA,A,01,0,0,1,0,0,0,0,0,0,-,-,33.70455,-117.77752,ORANGE,IRVINE,-117.77767533,33.704449
9005120,2019,2020-06-09,3015,2019-12-28,1634,1372,RD51,6,5,6,3015,0,0,0,NA,0,732M,ORANGEWOOD AV,RT 57,0,NA,Y,A,-,Y,ORA,12,57,-,-,11.707,R,4,S,Y,4,0,2,2,A,-,12,21453,A,N,A,C,A,A,H,-,B,A,0,NA,NA,NA,NA,Y,NA,D,22,0,0,2,0,0,0,0,0,0,-,-,33.795509338378906,-117.8779296875,ORANGE,ORANGE,-117.878662109375,33.7943000793457
90052102,2015,2015-11-17,9675,2015-11-10,1830,018834,NA,2,2,6,3026,0,1,1,NA,2,407,I-405 NORTHBOUND,LAGUNA CANYON RD,500,N,N,A,-,Y,NA,NA,405,NA,NA,NA,NA,NA,N,N,4,0,1,2,A,-,03,22350,NA,F,C,C,A,A,H,-,C,D,0,NA,NA,NA,NA,Y,NA,A,01,0,0,1,0,0,0,0,0,0,-,-,33.65423,-117.77109,ORANGE,IRVINE,-117.77115716,33.65409214
90052223,2015,2015-11-17,9675,2015-11-10,1550,018834,NA,2,2,6,3004,0,1,3,NA,2,553,SR-55 NORTHBOUND,BRISTOL ST,200,S,N,A,-,Y,NA,NA,55,NA,NA,NA,NA,NA,N,Y,4,0,5,2,A,-,03,22350,NA,N,C,C,A,A,H,-,A,D,0,NA,NA,NA,NA,Y,NA,D,22,0,0,5,0,0,0,0,0,0,-,-,33.67172,-117.88804,ORANGE,COSTA MESA,-117.88817269,33.67189085
9005264,2019,2020-02-18,3015,2019-12-16,0720,1631,22E,1,5,6,3015,0,0,0,NA,0,212,W LA VETA AV,S LA VETA PARK CIR,75,E,N,A,-,N,NA,NA,NA,NA,NA,NA,NA,NA,NA,Y,3,0,1,2,A,-,08,22107,NA,N,D,C,A,A,H,-,A,D,0,NA,NA,NA,NA,Y,NA,D,22,0,1,0,0,0,0,0,0,0,-,-,NA,NA,ORANGE,ORANGE,-117.8581314086914,33.78059005737305
90054039,2015,2015-11-19,9690,2015-10-30,1720,020125,NA,5,2,4,3045,0,1,1,NA,2,055,I-5 S/B (SAN DIEGO FRWY),LA PAZ RD,1584,N,N,A,-,Y,NA,NA,NA,NA,NA,NA,NA,NA,NA,Y,4,0,1,2,A,-,03,22350,NA,N,C,C,A,A,H,-,A,D,0,NA,NA,NA,NA,Y,NA,A,01,0,0,1,0,0,0,0,0,0,-,-,33.36039,-117.40536,ORANGE,LAGUNA HILLS,-117.68109088,33.59996403
90054205,2015,2015-11-19,9670,2015-11-04,1745,019120,NA,3,2,6,3008,0,1,3,NA,2,094,SR-91 E/B,GILBERT ST,380,W,N,A,-,Y,NA,NA,91,NA,NA,NA,NA,NA,E,Y,4,0,1,2,A,-,03,22350,NA,N,C,C,A,A,H,-,C,D,0,NA,NA,NA,NA,Y,NA,A,01,0,0,1,0,0,0,0,0,0,-,-,33.85485,-117.96917,ORANGE,FULLERTON,-117.96913954,33.85493821
9005655,2019,2020-03-03,3015,2019-12-17,0046,1578,23W,2,5,6,3015,0,0,0,NA,0,112,CHAPMAN AV,PLAZA SQUARE,0,NA,Y,A,-,N,NA,NA,NA,NA,NA,NA,NA,NA,NA,Y,4,0,1,1,A,-,01,23152,A,N,A,I,A,A,H,-,C,D,0,NA,NA,Y,NA,Y,Y,-,-,0,0,1,0,0,0,0,0,1,-,-,NA,NA,ORANGE,ORANGE,-117.85350036621094,33.787879943847656
90058866,2015,2015-11-24,9675,2015-11-19,0850,019693,NA,4,1,5,3022,0,1,3,NA,2,552,SR-55 NORTHBOUND,MCFADDEN AVE,1250,S,N,A,-,Y,NA,NA,55,NA,NA,NA,NA,NA,N,N,4,0,1,2,A,-,03,22350,NA,N,C,C,A,A,H,-,A,D,0,NA,NA,NA,NA,Y,NA,A,01,0,0,1,0,0,0,0,0,0,-,-,33.73086,-117.83341,ORANGE,TUSTIN,-117.83380952,33.73086264
90058926,2015,2015-11-24,9670,2015-11-09,0825,017788,NA,1,1,6,3009,0,1,3,NA,2,024,SR-22 E/B (GARDEN GROVE FREEWAY),PEARCE ST. PED OVER CROSSING,500,W,N,A,-,Y,NA,NA,22,NA,NA,NA,NA,NA,E,Y,4,0,1,5,A,-,03,22350,NA,N,C,C,A,A,H,-,A,D,0,NA,NA,NA,NA,Y,NA,A,01,0,0,1,0,0,0,0,0,0,-,-,33.76982,-117.91381,ORANGE,GARDEN GROVE,-117.91388467,33.77002459
90058961,2015,2015-11-24,9670,2015-11-09,1350,014303,NA,1,1,7,3001,0,1,3,NA,2,094,SR-91 E/B (RIVERSIDE FWY),EUCLID STREET,200,W,N,A,-,Y,NA,NA,91,NA,NA,NA,NA,NA,E,Y,4,0,2,2,A,-,03,22350,NA,N,C,C,A,A,D,-,A,D,0,NA,NA,NA,NA,Y,NA,A,01,0,0,2,0,0,0,0,0,0,-,-,33.85393,-117.94417,ORANGE,ANAHEIM,-117.94417231,33.85404812
90061847,2015,2015-11-30,9670,2015-11-14,0723,021139,NA,6,1,5,3003,0,1,3,NA,2,092,SR- 91 EASTBOUND (RIVERSIDE FREEWAY),KNOTT AVENUE,75,E,N,A,-,Y,NA,NA,NA,NA,NA,NA,NA,NA,NA,Y,3,0,1,1,A,-,08,22107,NA,N,E,I,A,A,H,-,A,D,0,NA,NA,NA,NA,Y,NA,A,01,0,1,0,0,0,0,0,0,0,-,-,33.51215,-118.00386,ORANGE,BUENA PARK,-118.01102353,33.855900750000004
90061977,2015,2015-11-30,9675,2015-11-20,1825,020766,NA,5,2,6,3015,0,1,3,NA,2,551,SR-55 S/B,CHAPMAN AVE,1000,S,N,A,-,Y,NA,NA,55,NA,NA,NA,NA,NA,S,Y,4,0,1,3,A,-,03,22350,NA,F,C,C,A,A,H,-,C,D,0,NA,NA,NA,NA,Y,NA,A,01,0,0,1,0,0,0,0,0,0,-,-,33.78251,-117.83139,ORANGE,ORANGE,-117.83124509,33.78250965
90062729,2015,2015-12-01,9675,2015-11-23,0825,019404,NA,1,1,5,3022,0,1,3,NA,2,551,SR-55 SOUTHBOUND,17TH ST,1000,S,N,A,-,Y,NA,NA,55,NA,NA,NA,NA,NA,S,N,4,0,1,2,A,-,03,22350,NA,N,C,C,A,A,H,-,A,D,0,NA,NA,NA,NA,Y,NA,A,01,0,0,1,0,0,0,0,0,0,-,-,33.75584,-117.83168,ORANGE,TUSTIN,-117.83154176,33.755827
90063076,2015,2015-12-01,9670,2015-11-19,0850,014751,NA,4,1,6,3009,0,1,3,NA,2,024,SR-22 E/B,EUCLID STREET,2500,W,N,A,-,Y,NA,NA,22,NA,NA,NA,NA,NA,E,Y,4,0,1,3,A,-,07,21658,A,N,C,C,A,A,H,-,A,A,0,NA,NA,NA,NA,Y,NA,A,01,0,0,1,0,0,0,0,0,0,-,-,33.76577,-117.94336,ORANGE,GARDEN GROVE,-117.94336155,33.76598322
90064150,2015,2015-12-02,9670,2015-11-12,1517,016793,NA,4,2,7,3001,0,1,3,NA,2,093,SR-91 W/B,STATE COLLEGE BLVD. U/C,1190,W,N,A,-,Y,NA,NA,91,NA,NA,NA,NA,NA,W,Y,3,0,1,3,A,-,03,22350,NA,N,B,C,A,A,D,-,A,D,0,NA,NA,Y,NA,Y,NA,C,02,0,1,0,0,0,0,0,0,1,-,-,33.85415,-117.89336,ORANGE,ANAHEIM,-117.89336477,33.85423614
90064909,2015,2015-12-03,9670,2015-11-21,1145,016209,NA,6,1,7,3001,0,1,1,NA,2,501,I-5 S/B TO BROOKHURST ST. S/B,BROOKHURST ST.,8,N,N,A,-,Y,NA,NA,5,NA,NA,NA,R,NA,S,N,4,0,1,2,A,-,21,22106,NA,N,C,C,A,A,H,-,A,A,0,NA,NA,NA,NA,Y,NA,A,01,0,0,1,0,0,0,0,0,0,-,-,33.8449,-117.95912,ORANGE,ANAHEIM,-117.95912,33.8449
90066787,2015,2015-12-07,9690,2015-11-29,0855,020446,NA,7,1,9,3000,0,1,3,NA,1,074,SR-74 (ORTEGA HWY),MPM 8,22,W,N,A,-,Y,NA,NA,74,NA,NA,NA,NA,NA,NA,Y,2,0,1,2,A,-,09,21801,A,N,D,C,A,A,H,-,A,A,0,NA,NA,Y,NA,Y,NA,D,22,1,0,0,0,0,0,0,0,1,-,-,33.5397,-117.54866,ORANGE,UNINCORPORATED,-117.54877289,33.53973436
90067411,2015,2015-12-08,9675,2015-11-28,0018,019492,NA,6,3,7,3019,0,1,1,NA,2,502,I-5 NORTHBOUND,STATE COLLEGE BLVD,300,S,N,A,-,Y,NA,NA,5,NA,NA,NA,NA,NA,N,Y,3,0,1,2,A,-,07,21658,A,F,B,C,A,A,H,-,C,D,0,NA,NA,NA,NA,Y,NA,A,01,0,1,0,0,0,0,0,0,0,-,-,33.77291,-117.87188,ORANGE,SANTA ANA,-117.87136965,33.77333999
9006825,2019,2020-02-15,3007,2019-12-31,1541,304,37,2,5,5,3007,0,0,0,NA,0,002,HEIL,EUCLID,0,NA,Y,A,-,N,NA,NA,NA,NA,NA,NA,NA,NA,NA,N,3,0,1,2,A,-,10,21950,A,N,D,G,A,A,H,-,A,A,0,NA,Y,NA,NA,Y,NA,A,01,0,1,0,0,0,0,1,0,0,-,-,NA,NA,ORANGE,FOUNTAIN VALLEY,-117.93726348876952,33.723628997802734
9006853,2019,2020-02-15,3007,2019-12-27,1540,313,46,5,5,5,3007,0,0,0,NA,0,002,SLATER,WARD,124,E,N,A,-,N,NA,NA,NA,NA,NA,NA,NA,NA,NA,Y,3,0,1,2,A,-,03,22350,NA,N,C,C,A,A,H,-,A,D,0,NA,NA,Y,NA,Y,NA,C,02,0,1,0,0,0,0,0,0,1,-,-,NA,NA,ORANGE,FOUNTAIN VALLEY,-117.9452896118164,33.709041595458984
90074910,2015,2015-12-16,9675,2015-12-08,1105,019693,NA,2,1,6,3008,0,1,3,NA,2,570,SR-57 SOUTHBOUND,YORBA LINDA BLVD,2700,N,N,A,-,Y,NA,NA,NA,NA,NA,NA,NA,NA,NA,Y,4,0,2,3,A,-,03,22350,NA,N,C,C,A,A,H,-,A,D,0,NA,NA,NA,NA,Y,NA,A,01,0,0,2,0,0,0,0,0,0,-,-,33.90194,-114.88132,ORANGE,FULLERTON,-117.88106637,33.89641374
90075157,2015,2015-12-16,9670,2015-12-07,1815,018212,NA,1,2,5,3007,0,1,1,NA,2,040,I-405 N/B (SAN DIEGO FREEWAY),MAGNOLIA ST,528,S,N,A,-,Y,NA,NA,405,NA,NA,NA,NA,NA,N,N,4,0,1,2,A,-,03,22350,NA,N,C,C,A,A,H,-,D,D,0,NA,NA,NA,NA,Y,NA,A,01,0,0,1,0,0,0,0,0,0,-,-,33.71809,-117.9693,ORANGE,FOUNTAIN VALLEY,-117.96936276,33.71800827
90076753,2015,2015-12-17,9675,2015-11-20,1745,020582,NA,5,2,6,3026,0,1,1,NA,2,503,I-5 S/B,CULVER DR.,400,S,N,A,-,Y,NA,NA,5,NA,NA,NA,NA,NA,S,Y,4,0,1,2,A,-,03,22350,NA,N,C,C,A,A,H,-,C,D,0,NA,NA,NA,NA,Y,NA,A,01,0,0,1,0,0,0,0,0,0,-,-,33.70381,-117.77781,ORANGE,IRVINE,-117.77770619,33.70387796
90079031,2015,2015-12-21,9670,2015-12-18,1850,020194,NA,5,2,7,3001,0,1,3,NA,2,093,SR-91 W/B,HARBOR BLVD,500,E,N,A,-,Y,NA,NA,91,NA,NA,NA,NA,NA,W,N,4,0,1,2,A,-,03,22350,NA,N,C,C,A,A,H,-,C,D,0,NA,NA,NA,NA,Y,NA,A,01,0,0,1,0,0,0,0,0,0,-,-,33.85412,-117.92395,ORANGE,ANAHEIM,-117.9239371,33.85399723
90079185,2015,2015-12-21,9675,2015-12-12,1235,016923,NA,6,1,9,3000,0,3,5,NA,2,002,DODGE AVE W/B,WHEMBLY DR,0,NA,Y,A,-,Y,NA,NA,NA,NA,NA,NA,NA,NA,NA,Y,4,0,1,2,A,-,07,21658,A,N,B,C,A,A,H,-,A,D,0,NA,NA,NA,NA,Y,NA,A,01,0,0,1,0,0,0,0,0,0,-,-,33.76594,-117.7984,ORANGE,UNINCORPORATED,-117.79855013,33.76592002
90081087,2015,2015-12-23,9670,2015-12-21,0725,018887,NA,1,1,6,3010,0,1,1,NA,2,043,I-405 (S/B) (SAN DIEGO FREEWAY),BOLSA AVE,2090,S,N,B,-,Y,NA,NA,405,NA,NA,NA,NA,NA,NA,Y,4,0,1,1,A,-,03,22350,NA,N,F,A,A,A,H,-,A,D,0,NA,NA,Y,NA,Y,NA,C,02,0,0,1,0,0,0,0,0,1,-,-,33.74039,-118.00018,ORANGE,HUNTINGTON BEACH,-118.00004749,33.74055196
90084630,2015,2015-12-29,9675,2015-12-15,1525,016944,NA,2,2,7,3001,0,1,3,NA,2,572,SR-57 N/B,KATELLA AVE.,100,N,N,A,-,Y,NA,NA,57,NA,NA,NA,NA,NA,N,Y,4,0,1,3,A,-,08,22107,NA,N,A,C,A,A,H,-,A,D,0,NA,NA,NA,NA,Y,NA,A,01,0,0,1,0,0,0,0,0,0,-,-,33.80731,-117.87992,ORANGE,ANAHEIM,-117.87995768,33.80731849
90086032,2015,2015-12-31,9675,2015-12-30,1813,018832,NA,3,2,6,3015,0,1,3,NA,2,222,SR-22 W/B,CAMBRIDGE ST,800,W,N,A,-,Y,NA,NA,22,NA,NA,NA,NA,NA,W,N,4,0,1,2,A,-,03,22350,NA,N,C,C,A,A,H,-,D,D,0,NA,NA,NA,NA,Y,NA,A,01,0,0,1,0,0,0,0,0,0,-,-,33.77577,-117.8467,ORANGE,ORANGE,-117.84666061,33.77560143
90086056,2015,2015-12-31,9690,2015-12-25,1230,020588,NA,5,1,9,3000,0,2,4,NA,2,037,LIVE OAK CANYON ROAD,O'NEILL REGIONAL PARK ENTRANCE,2042,N,N,A,-,N,NA,NA,NA,NA,NA,NA,NA,NA,NA,Y,3,0,1,1,A,-,03,22350,NA,N,F,A,A,A,H,-,A,D,0,NA,NA,Y,NA,Y,NA,C,02,0,1,0,0,0,0,0,0,1,-,-,33.65867,-117.60083,ORANGE,UNINCORPORATED,NA,NA
90089460,2015,2016-01-06,9675,2015-11-23,1913,017993,NA,1,2,7,3001,0,1,3,NA,2,093,SR-91 EASTBOUND,IMPERIAL HIGHWAY,2400,W,N,A,-,Y,NA,NA,91,NA,NA,NA,NA,NA,E,Y,3,0,1,2,A,-,07,21658,NA,N,B,C,A,A,H,-,D,D,0,NA,NA,NA,Y,Y,NA,-,-,0,1,0,0,0,0,0,0,0,-,-,33.85418,-117.79856,ORANGE,ANAHEIM,-117.79855927,33.85422435
90092370,2016,2016-01-11,9670,2016-01-03,2240,019925,NA,7,3,7,3001,0,1,3,NA,2,093,SR-91 W/B,EAST ST.,200,W,N,A,-,Y,NA,NA,91,NA,NA,NA,NA,NA,W,N,4,0,4,5,A,-,03,22350,NA,N,C,C,A,A,H,-,C,D,0,NA,NA,NA,NA,Y,NA,A,01,0,0,4,0,0,0,0,0,0,-,-,33.85447,-117.9187,ORANGE,ANAHEIM,-117.91871505,33.8542783
90095701,2016,2016-01-14,9675,2016-01-13,1820,020668,NA,3,2,6,3004,0,1,3,NA,2,073,SR-73 N/B,BEAR STREET,1000,N,N,A,-,Y,NA,NA,73,NA,NA,NA,NA,NA,N,Y,4,0,2,3,A,-,03,22350,NA,N,C,C,A,A,H,-,C,D,0,NA,NA,NA,NA,Y,NA,A,07,0,0,2,0,0,0,0,0,0,-,-,33.68607,-117.8971,ORANGE,COSTA MESA,-117.89721867,33.68595929
90097646,2015,2016-01-19,9675,2015-12-13,0050,014533,NA,7,3,6,3008,0,1,3,NA,2,571,SR-57 S/B (ORANGE FREEWAY),CHAPMAN AVE,300,S,N,A,-,Y,NA,NA,NA,NA,NA,NA,NA,NA,NA,Y,3,0,1,2,A,-,11,21954,A,N,E,I,E,A,H,-,C,D,0,Y,NA,NA,NA,Y,NA,N,60,0,1,0,0,0,0,0,0,0,-,-,33.79503,-117.87837,ORANGE,FULLERTON,-117.88052,33.87413
9010141,2019,2020-01-09,3009,2019-11-10,1101,2724,156,7,5,6,3009,0,0,0,NA,0,023,TRASK AV,CLINTON ST,0,NA,Y,A,-,N,NA,NA,NA,NA,NA,NA,NA,NA,NA,Y,4,0,2,2,A,-,09,21801,A,N,A,C,A,A,H,-,A,A,0,NA,NA,NA,NA,Y,NA,A,01,0,0,2,0,0,0,0,0,0,-,-,33.76710891723633,-117.9116668701172,ORANGE,GARDEN GROVE,-117.9116668701172,33.76710891723633
90101995,2016,2016-01-25,9675,2016-01-19,1305,016199,NA,2,1,6,3026,0,1,1,NA,2,504,I-5 N/B (SANTA ANA FWY),ALTON PKWY,2112,S,N,A,-,Y,NA,NA,5,NA,NA,NA,NA,NA,N,Y,3,0,1,1,A,-,08,22107,NA,N,E,I,A,A,H,-,A,D,0,NA,NA,NA,NA,Y,NA,A,01,0,1,0,0,0,0,0,0,0,-,-,33.65217,-117.74107,ORANGE,IRVINE,-117.74096402,33.65225384
90103941,2016,2016-01-27,9690,2016-01-25,0800,016128,NA,1,1,5,3050,0,1,1,NA,2,055,I-5 N/B (SAN DIEGO FRWY),LOS ALISOS BLVD. OVERCROSSING,500,N,N,A,-,Y,NA,NA,5,NA,NA,NA,NA,NA,N,Y,4,0,1,2,A,-,03,22350,NA,N,C,C,A,A,H,-,A,D,0,NA,NA,NA,NA,Y,NA,A,01,0,0,1,0,0,0,0,0,0,-,-,33.60933,-117.69970000000001,ORANGE,LAKE FOREST,-117.69972668,33.60926919
90104677,2016,2016-01-28,9675,2016-01-25,1325,016984,NA,1,1,7,3019,0,1,3,NA,2,222,SR-22 EASTBOUND,THE CITY DRIVE,1000,W,N,A,-,Y,NA,NA,NA,NA,NA,NA,NA,NA,NA,N,4,0,1,2,A,-,03,22350,NA,N,B,C,A,A,H,-,A,D,0,NA,NA,NA,NA,Y,NA,A,01,0,0,1,0,0,0,0,0,0,-,-,33.77877,-117.89415,ORANGE,SANTA ANA,-117.89227279,33.77892302
90108606,2016,2016-02-03,9675,2016-01-29,1545,020594,NA,5,2,6,3026,0,1,1,NA,2,504,I-5 N/B,SR-133 NORTHBOUND,100,N,N,A,-,Y,NA,NA,5,NA,NA,NA,NA,NA,N,N,4,0,1,3,A,-,03,22350,NA,N,C,C,A,A,H,-,A,D,0,NA,NA,NA,Y,Y,NA,F,26,0,0,1,0,0,0,0,0,0,-,-,33.67028,-117.75521,ORANGE,IRVINE,-117.75495145,33.67037497
90108875,2016,2016-02-04,9675,2016-01-30,0745,018005,NA,6,1,6,3004,0,1,1,NA,2,405,I-405 SOUTHBOUND,HARBOR BLVD,2200,N,N,B,-,Y,NA,NA,405,NA,NA,NA,NA,NA,S,Y,4,0,1,2,A,-,07,21658,A,F,E,I,A,A,H,-,A,D,0,NA,NA,NA,NA,Y,NA,A,07,0,0,1,0,0,0,0,0,0,-,-,33.69156,-117.92594,ORANGE,COSTA MESA,-117.9258839,33.69169344