CASE_ID,ACCIDENT_YEAR,PROC_DATE,JURIS,COLLISION_DATE,COLLISION_TIME,OFFICER_ID,REPORTING_DISTRICT,DAY_OF_WEEK,CHP_SHIFT,POPULATION,CNTY_CITY_LOC,SPECIAL_COND,BEAT_TYPE,CHP_BEAT_TYPE,CITY_DIVISION_LAPD,CHP_BEAT_CLASS,BEAT_NUMBER,PRIMARY_RD,SECONDARY_RD,DISTANCE,DIRECTION,INTERSECTION,WEATHER_1,WEATHER_2,STATE_HWY_IND,CALTRANS_COUNTY,CALTRANS_DISTRICT,STATE_ROUTE,ROUTE_SUFFIX,POSTMILE_PREFIX,POSTMILE,LOCATION_TYPE,RAMP_INTERSECTION,SIDE_OF_HWY,TOW_AWAY,COLLISION_SEVERITY,NUMBER_KILLED,NUMBER_INJURED,PARTY_COUNT,PRIMARY_COLL_FACTOR,PCF_CODE_OF_VIOL,PCF_VIOL_CATEGORY,PCF_VIOLATION,PCF_VIOL_SUBSECTION,HIT_AND_RUN,TYPE_OF_COLLISION,MVIW,PED_ACTION,ROAD_SURFACE,ROAD_COND_1,ROAD_COND_2,LIGHTING,CONTROL_DEVICE,CHP_ROAD_TYPE,PEDESTRIAN_ACCIDENT,BICYCLE_ACCIDENT,MOTORCYCLE_ACCIDENT,TRUCK_ACCIDENT,NOT_PRIVATE_PROPERTY,ALCOHOL_INVOLVED,STWD_VEHTYPE_AT_FAULT,CHP_VEHTYPE_AT_FAULT,COUNT_SEVERE_INJ,COUNT_VISIBLE_INJ,COUNT_COMPLAINT_PAIN,COUNT_PED_KILLED,COUNT_PED_INJURED,COUNT_BICYCLIST_KILLED,COUNT_BICYCLIST_INJURED,COUNT_MC_KILLED,COUNT_MC_INJURED,PRIMARY_RAMP,SECONDARY_RAMP,LATITUDE,LONGITUDE,COUNTY,CITY,POINT_X,POINT_Y
9011125,2019,2020-02-14,3000,2019-12-08,0935,1644,951F1,7,5,5,3040,0,0,0,NA,0,6M44,ALICIA PKWY,BIKE XING,0,NA,Y,B,-,N,NA,NA,NA,NA,NA,NA,NA,NA,NA,Y,4,0,1,2,A,-,03,22350,NA,N,C,C,A,B,H,-,A,A,0,NA,NA,NA,NA,Y,NA,A,01,0,0,1,0,0,0,0,0,0,-,-,NA,NA,ORANGE,LAGUNA NIGUEL,NA,NA
9011140,2019,2020-01-07,3000,2019-11-29,1724,6018,951J3,5,5,5,3040,0,0,0,NA,0,642,GOLDEN LANTERN,PASEO DE COLINAS,0,NA,Y,B,-,N,NA,NA,NA,NA,NA,NA,NA,NA,NA,Y,4,0,1,2,A,-,12,21453,A,N,D,C,A,A,H,-,C,A,0,NA,NA,NA,NA,Y,NA,A,01,0,0,1,0,0,0,0,0,0,-,-,NA,NA,ORANGE,LAGUNA NIGUEL,-117.68586730957033,33.537811279296875
9011283,2019,2020-02-04,3002,2019-12-05,0205,3893,739J5,4,5,5,3025,0,0,0,NA,0,001,JEFFERSON ST,CUMBERLAND CIR,67,S,N,B,-,N,NA,NA,NA,NA,NA,NA,NA,NA,NA,Y,3,0,1,2,A,-,03,22350,NA,N,C,E,A,B,H,-,C,D,0,NA,NA,NA,NA,Y,NA,A,07,0,1,0,0,0,0,0,0,0,-,-,NA,NA,ORANGE,YORBA LINDA,-117.8372802734375,33.88209533691406
9011298,2019,2020-02-14,3000,2019-12-17,0651,1920,797J5,2,5,4,3021,0,0,0,NA,0,721,LAMPSON AV,BEACH BL,251,W,N,A,-,N,NA,NA,NA,NA,NA,NA,NA,NA,NA,Y,4,0,2,2,A,-,07,21658,A,N,D,C,A,A,H,-,A,D,0,NA,NA,NA,NA,Y,NA,D,22,0,0,2,0,0,0,0,0,0,-,-,NA,NA,ORANGE,STANTON,-117.99380493164063,33.78110885620117
9011342,2019,2020-02-05,3002,2019-11-19,1637,10165,741B5,2,5,5,3025,0,0,0,NA,0,701,LA PALMA AV,VIA DEL RIO,0,NA,Y,A,-,N,NA,NA,NA,NA,NA,NA,NA,NA,NA,Y,4,0,1,4,A,-,09,21802,A,N,D,C,A,A,H,-,C,D,0,NA,NA,NA,NA,Y,NA,I,11,0,0,1,0,0,0,0,0,0,-,-,NA,NA,ORANGE,YORBA LINDA,-117.73748779296876,33.881710052490234
90113849,2016,2016-02-11,9670,2016-02-09,1945,018516,NA,2,2,5,3024,0,1,1,NA,2,043,I-405 S/B,WESTMINSTER BLVD,528,S,N,A,-,Y,NA,NA,405,NA,NA,NA,NA,NA,S,Y,4,0,1,2,A,-,03,22350,NA,N,C,C,A,A,H,-,B,D,0,NA,NA,NA,NA,Y,NA,A,01,0,0,1,0,0,0,0,0,0,-,-,33.75773,-118.02064,ORANGE,WESTMINSTER,-118.02063182,33.75773983
90114077,2016,2016-02-12,9675,2016-02-03,0713,021224,NA,3,1,6,3015,0,1,3,NA,2,550,SR-55 SOUTHBOUND,CHAPMAN AVENUE,300,N,N,A,-,Y,NA,NA,55,NA,NA,NA,NA,NA,S,N,4,0,2,3,A,-,03,22350,NA,N,C,C,A,A,H,-,A,D,0,NA,NA,NA,NA,Y,NA,D,22,0,0,2,0,0,0,0,0,0,-,-,33.78961,-117.83102,ORANGE,ORANGE,-117.83113685,33.7896126
90115893,2016,2016-02-16,9690,2016-02-04,0720,016430,NA,4,1,5,3017,0,1,1,NA,2,059,I-5 N/B (SAN DIEGO FRWY),CAMINNO DE ESTRELLA,1801,S,N,A,-,Y,NA,NA,5,NA,NA,NA,NA,NA,N,Y,4,0,1,3,A,-,03,22350,NA,N,C,C,A,A,D,-,A,D,0,NA,NA,NA,NA,Y,NA,A,01,0,0,1,0,0,0,0,0,0,-,-,33.45603,-117.65095,ORANGE,SAN CLEMENTE,-117.65091894,33.45609653
90116870,2016,2016-02-17,9690,2016-02-15,1920,018349,NA,1,2,5,3017,0,1,1,NA,2,059,I-5 N/B (SAN DIEGO FRWY),EL CAMINO REAL,1250,S,N,A,-,Y,NA,NA,5,NA,NA,NA,NA,NA,N,N,4,0,1,2,A,-,07,21658,NA,N,B,C,A,A,H,-,D,D,0,NA,NA,NA,NA,Y,NA,A,01,0,0,1,0,0,0,0,0,0,-,-,33.41657,-117.6036,ORANGE,SAN CLEMENTE,-117.60374139,33.41649845
90119681,2016,2016-02-22,9690,2016-02-03,1605,015713,NA,3,2,4,3018,0,1,1,NA,2,057,I-5 S/B (SAN DIEGO FRWY),SR 74 W/B (ORTEGA HWY),2640,N,N,A,-,Y,NA,NA,5,NA,NA,NA,NA,NA,S,Y,2,0,1,2,C,-,18,NA,NA,N,B,C,A,A,H,-,A,D,0,NA,NA,NA,NA,Y,NA,-,-,1,0,0,0,0,0,0,0,0,-,-,33.50753,-117.66051,ORANGE,SAN JUAN CAPISTRANO,-117.66037999,33.50758804
90119684,2016,2016-02-22,9675,2016-02-06,0655,015011,NA,6,1,6,3026,0,1,1,NA,2,047,I-405 S/B (SAN DIEGO FREEWAY),IRVINE CENTER DR,1998,S,N,A,-,Y,NA,NA,405,NA,NA,NA,NA,NA,S,Y,3,0,1,1,A,-,08,22107,NA,N,E,J,A,A,H,-,B,D,0,NA,NA,Y,NA,Y,NA,C,02,0,1,0,0,0,0,0,0,1,-,-,33.64635,-117.74144,ORANGE,IRVINE,-117.74145874,33.64628603
9012107,2019,2019-12-30,3026,2019-09-26,1728,8929,NA,4,5,6,3026,0,0,0,NA,0,NA,MAIN ST,CARTWRIGHT RD,59,E,N,A,-,N,NA,NA,NA,NA,NA,NA,NA,NA,NA,NA,4,0,1,3,A,-,03,22350,NA,N,C,C,A,A,H,-,A,D,0,NA,NA,NA,NA,Y,NA,A,01,0,0,1,0,0,0,0,0,0,-,-,33.68302917480469,-117.84481048583984,ORANGE,IRVINE,-117.84452056884766,33.682865142822266
90128881,2016,2016-03-03,9670,2016-02-23,0840,018212,NA,2,1,5,3024,0,1,1,NA,2,042,I-405 N/B (SAN DIEGO FREEWAY),EDWARDS ST,528,S,N,A,-,Y,NA,NA,405,NA,NA,NA,NA,NA,N,Y,4,0,1,2,A,-,03,22350,NA,N,C,C,A,A,H,-,A,D,0,NA,NA,NA,NA,Y,NA,A,01,0,0,1,0,0,0,0,0,0,-,-,33.75706,-118.01929,ORANGE,WESTMINSTER,-118.01937959,33.75695497
90130348,2016,2016-03-07,9675,2016-02-24,2212,019897,NA,3,3,4,3002,0,3,5,NA,2,001,BREA BLVD.,TONNER CYN RD,1200,S,N,A,-,N,NA,NA,NA,NA,NA,NA,NA,NA,NA,Y,4,0,1,1,A,-,08,22107,NA,N,E,I,A,A,H,-,C,D,0,NA,NA,NA,NA,Y,NA,A,07,0,0,1,0,0,0,0,0,0,-,-,33.93983,-117.89057,ORANGE,BREA,NA,NA
90130414,2016,2016-03-07,9675,2016-03-03,0830,021206,NA,4,1,6,3015,0,1,3,NA,2,051,SR-55 SOUTHBOUND,SANTIAGO CREEK,10,N,N,A,-,Y,NA,NA,55,NA,NA,NA,NA,NA,S,Y,3,0,1,2,A,-,03,22350,NA,N,C,C,A,A,H,-,A,D,0,NA,NA,NA,NA,Y,NA,A,01,0,1,0,0,0,0,0,0,0,-,-,33.7846,-117.83104,ORANGE,ORANGE,-117.83124008,33.78460048
90131269,2016,2016-03-08,9675,2016-02-22,0405,018039,NA,1,3,6,3026,0,1,1,NA,2,407,I-405 SOUTHBOUND,BAKE PARKWAY,1200,N,N,A,-,Y,NA,NA,405,NA,NA,NA,NA,NA,S,Y,2,0,3,3,A,-,08,22107,NA,N,E,I,A,A,H,-,D,D,0,NA,NA,NA,Y,Y,NA,A,01,1,0,2,0,0,0,0,0,0,-,-,33.64617,-117.74123,ORANGE,IRVINE,-117.74121678,33.64621513
90132300,2016,2016-03-09,9675,2016-03-03,0001,018017,NA,4,3,7,3001,0,1,3,NA,2,094,SR-91 EASTBOUND,IMPERIAL HIGHWAY,1000,W,N,A,-,Y,NA,NA,91,NA,NA,NA,NA,NA,E,N,4,0,1,2,A,-,03,22350,NA,F,C,C,A,A,H,-,C,D,0,NA,NA,NA,NA,Y,NA,D,22,0,0,1,0,0,0,0,0,0,-,-,33.87079,-117.74021,ORANGE,ANAHEIM,-117.74021038,33.87081569
90132640,2016,2016-03-09,9675,2016-03-06,0630,018834,NA,7,1,7,3019,0,1,3,NA,2,552,SR-55 NORTHBOUND,DYER RD,1500,S,N,B,C,Y,NA,NA,55,NA,NA,NA,NA,NA,N,Y,4,0,1,1,A,-,03,22350,NA,N,E,I,A,B,H,-,B,D,0,NA,NA,NA,NA,Y,NA,D,22,0,0,1,0,0,0,0,0,0,-,-,33.70361,-117.85652,ORANGE,SANTA ANA,-117.85662139,33.70370814
90133550,2016,2016-03-10,9675,2016-02-27,1700,020712,NA,6,2,9,3000,0,3,5,NA,2,001,NEWPORT AVE,SMOKE TREE,0,NA,Y,A,-,N,NA,NA,NA,NA,NA,NA,NA,NA,NA,Y,4,0,1,2,A,-,09,21802,A,N,D,C,A,A,H,-,A,A,0,NA,NA,NA,NA,Y,NA,A,01,0,0,1,0,0,0,0,0,0,-,-,33.76743,-117.79512,ORANGE,UNINCORPORATED,-117.79470008,33.76739005
90140442,2016,2016-03-21,9670,2016-03-13,0555,018180,NA,7,3,7,3001,0,1,1,NA,2,503,I-5 S/B (SANTA ANA FREEWAY),LINCOLN AVE,288,S,N,A,-,Y,NA,NA,5,NA,NA,NA,NA,NA,S,Y,3,0,1,2,A,-,03,22350,NA,N,C,C,A,A,H,-,C,D,0,NA,NA,NA,Y,Y,NA,A,01,0,1,0,0,0,0,0,0,0,-,-,33.83146,-117.93114,ORANGE,ANAHEIM,-117.93126595,33.83131913
9014154,2019,2020-02-01,3001,2019-12-25,1615,A2382,NA,3,5,7,3001,0,0,0,NA,0,0D2,OLIVE ST,ADELLE ST,0,NA,Y,B,-,N,NA,NA,NA,NA,NA,NA,NA,NA,NA,Y,4,0,1,3,A,-,09,21802,A,N,D,C,A,B,H,-,B,A,0,NA,NA,NA,NA,Y,NA,A,01,0,0,1,0,0,0,0,0,0,-,-,33.8390007019043,-117.91130065917967,ORANGE,ANAHEIM,-117.91120910644533,33.83964157104492
90142614,2016,2016-03-24,9675,2016-03-10,1000,018929,NA,4,1,6,3008,0,1,3,NA,2,571,SR-57 SOUTHBOUND,SR-91 EASTBOUND,2000,N,N,A,-,Y,NA,NA,NA,NA,NA,NA,NA,NA,NA,N,4,0,1,3,A,-,03,22350,NA,N,C,C,A,A,H,-,A,D,0,NA,NA,NA,NA,Y,NA,D,22,0,0,1,0,0,0,0,0,0,-,-,33.85966,-117.87705,ORANGE,FULLERTON,NA,NA
90144487,2016,2016-03-28,9670,2016-03-12,1825,020597,NA,6,2,4,3020,0,1,1,NA,2,045,I-405 S/B,SEAL BEACH BLVD,2640,S,N,A,-,Y,NA,NA,405,NA,NA,NA,NA,NA,S,Y,4,0,1,2,A,-,03,22350,NA,N,C,C,A,A,H,-,C,D,0,NA,NA,NA,NA,Y,NA,A,01,0,0,1,0,0,0,0,0,0,-,-,33.77425,-118.06398,ORANGE,SEAL BEACH,-118.06397995,33.77423044
90144734,2016,2016-03-28,9670,2016-03-17,0650,015041,NA,4,1,6,3009,0,1,3,NA,2,023,SR-22 W/B (GARDEN GROVE FREEWAY),DEODARA DRIVE,189,W,N,A,-,Y,NA,NA,22,NA,NA,NA,NA,NA,W,Y,3,0,1,1,A,-,08,22107,NA,N,E,I,A,A,H,-,A,D,0,NA,NA,NA,NA,Y,NA,A,07,0,1,0,0,0,0,0,0,0,-,-,33.76598,-117.96639,ORANGE,GARDEN GROVE,-117.9663897,33.76594628
9014569,2019,2020-01-06,3026,2019-10-04,1536,8929,NA,5,5,6,3026,0,0,0,NA,0,NA,REDHILL AV,MACARTHUR BL,0,NA,Y,-,-,N,NA,NA,NA,NA,NA,NA,NA,NA,NA,Y,4,0,1,2,-,-,-,NA,NA,N,D,C,A,A,H,-,A,A,0,NA,NA,NA,NA,Y,NA,-,-,0,0,1,0,0,0,0,0,0,-,-,33.6940803527832,-117.85482788085938,ORANGE,IRVINE,-117.85491180419922,33.69390869140625
9014597,2019,2020-07-27,3008,2019-12-05,1201,1387,ZONE1,4,5,6,3008,0,0,0,NA,0,001,ROSECRANS AV,GILBERT ST,0,NA,Y,A,-,N,NA,NA,NA,NA,NA,NA,NA,NA,NA,Y,3,0,2,2,A,-,09,21801,A,N,D,C,A,A,H,-,A,A,0,NA,NA,NA,NA,Y,NA,A,01,0,2,0,0,0,0,0,0,0,-,-,NA,NA,ORANGE,FULLERTON,-117.9658432006836,33.896121978759766
9014623,2019,2019-12-31,3001,2019-11-01,0854,A1740,NA,5,5,7,3001,0,0,0,NA,0,D-3,BALL RD,SUNKIST ST,0,NA,Y,-,-,N,NA,NA,NA,NA,NA,NA,NA,NA,NA,Y,3,0,2,2,A,-,01,23152,F,N,D,C,A,A,H,-,A,A,0,NA,NA,NA,NA,Y,NA,A,01,0,1,1,0,0,0,0,0,0,-,-,33.81644058227539,-117.8807373046875,ORANGE,ANAHEIM,-117.88056182861328,33.81809997558594
90147899,2016,2016-03-30,9670,2016-03-25,1215,017858,NA,5,1,7,3001,0,1,3,NA,2,093,SR-91 W/B,EUCLID ST,50,W,N,A,-,Y,NA,NA,91,NA,NA,NA,NA,NA,W,Y,4,0,1,3,A,-,03,22350,NA,N,C,C,A,A,H,-,A,D,0,NA,NA,NA,NA,Y,NA,A,01,0,0,1,0,0,0,0,0,0,-,-,33.85433,-117.94362,ORANGE,ANAHEIM,-117.94361946,33.85423454
9015051,2019,2020-02-12,3004,2019-12-18,1227,P681,20,3,5,6,3004,0,0,0,NA,0,008,FAIRVIEW RD,MCCORMACK LN,68,S,N,A,-,N,NA,NA,NA,NA,NA,NA,NA,NA,NA,Y,4,0,1,2,A,-,03,22350,NA,N,F,A,A,A,H,-,A,A,0,NA,NA,Y,NA,Y,NA,C,02,0,0,1,0,0,0,0,0,1,-,-,33.684600830078125,-117.9076919555664,ORANGE,COSTA MESA,-117.90785217285156,33.68461227416992
90150551,2016,2016-04-05,9675,2016-04-02,1910,019407,NA,6,2,7,3001,0,1,3,NA,2,093,SR-91 WESTBOUND,RIVERDALE AVE.,400,W,N,A,-,Y,NA,NA,91,NA,NA,NA,NA,NA,W,N,4,0,1,2,A,-,01,23152,A,N,B,C,A,A,H,-,C,D,0,NA,NA,NA,NA,Y,Y,A,01,0,0,1,0,0,0,0,0,0,-,-,33.8488,-117.8341,ORANGE,ANAHEIM,-117.83407116,33.84883818
90152575,2016,2016-04-07,9675,2016-03-23,0845,015207,NA,3,1,6,3026,0,1,1,NA,2,504,I-5 N/B,RED HILL AVE.,1056,N,N,A,-,Y,NA,NA,NA,NA,NA,NA,NA,NA,NA,N,4,0,1,2,A,-,03,22350,NA,N,C,C,A,A,H,-,A,D,0,NA,NA,NA,NA,Y,NA,D,22,0,0,1,0,0,0,0,0,0,-,-,33.72987,-117.81137,ORANGE,IRVINE,-117.81799845,33.73542389
90152796,2016,2016-04-07,9675,2016-03-29,1521,013300,NA,2,2,6,3026,0,1,1,NA,2,406,I-405 SOUTHBOUND,HARVARD AVE,1080,S,N,A,-,Y,NA,NA,NA,NA,NA,NA,NA,NA,NA,Y,3,0,2,2,A,-,03,22350,NA,N,C,C,A,A,H,-,A,D,0,NA,NA,NA,NA,Y,NA,A,01,0,1,1,0,0,0,0,0,0,-,-,33.65334,-117.78543,ORANGE,IRVINE,-117.82857374,33.67130789
90153626,2016,2016-04-08,9675,2016-03-29,0620,016199,NA,2,1,9,3000,0,2,4,NA,2,010,SANTIAGO CANYON ROAD (8700 BLOCK),SCHOOL RD.,1584,W,N,A,-,N,NA,NA,NA,NA,NA,NA,NA,NA,NA,Y,3,0,1,1,C,-,18,NA,NA,N,E,H,A,A,C,-,B,D,0,NA,NA,Y,NA,Y,NA,-,-,0,1,0,0,0,0,0,0,1,-,-,33.73413,-117.65033,ORANGE,UNINCORPORATED,NA,NA
90155039,2016,2016-04-11,9675,2016-03-24,1125,015207,NA,4,1,6,3004,0,1,1,NA,2,405,I-405 S/B,SR-73 NORTHBOUND,180,S,N,A,-,Y,NA,NA,405,NA,NA,NA,NA,NA,S,Y,4,0,1,2,A,-,03,22350,NA,N,C,C,A,A,H,-,A,D,0,NA,NA,NA,NA,Y,NA,A,01,0,0,1,0,0,0,0,0,0,-,-,33.68715,-117.89394,ORANGE,COSTA MESA,-117.89393772,33.6874262
90157377,2016,2016-04-14,9675,2016-04-11,1520,017192,NA,1,2,5,3022,0,1,1,NA,2,503,I-5 N/B (SANTA ANA FREEWAY),TUSTIN RANCH RD,100,N,N,A,-,Y,NA,NA,5,NA,NA,NA,NA,NA,N,Y,4,0,1,3,A,-,03,22350,NA,N,C,C,A,A,H,-,A,D,0,NA,NA,NA,NA,Y,NA,D,22,0,0,1,0,0,0,0,0,0,-,-,33.72671,-117.80424,ORANGE,TUSTIN,-117.80455532,33.72623862
90159350,2016,2016-04-18,9675,2016-04-02,1750,020668,NA,6,2,7,3019,0,1,1,NA,2,520,I-5 N/B,MAIN STREET,500,S,N,A,-,Y,NA,NA,5,NA,NA,NA,NA,NA,N,Y,4,0,1,2,A,-,03,22350,NA,N,C,C,A,A,H,-,A,D,0,NA,NA,NA,NA,Y,NA,A,01,0,0,1,0,0,0,0,0,0,-,-,33.76629,-117.86657,ORANGE,SANTA ANA,-117.8664107,33.76637667
90159474,2016,2016-04-18,9675,2016-04-11,0236,020545,NA,1,3,6,3026,0,1,1,NA,2,504,I-5 SOUTHBOUND,LAKE FOREST DR,470,N,N,A,-,Y,NA,NA,5,NA,NA,NA,NA,NA,S,Y,3,0,1,2,A,-,01,23152,A,N,C,C,A,A,H,-,C,D,0,NA,NA,NA,Y,Y,Y,A,01,0,1,0,0,0,0,0,0,0,-,-,33.62882,-117.72166,ORANGE,IRVINE,-117.72146872,33.62899787
90160823,2016,2016-04-19,9675,2016-04-10,1301,016923,NA,7,1,7,3001,0,1,3,NA,2,093,SR-91 W/B (RIVERSIDE FWY),IMPERIAL HWY,2500,W,N,A,-,Y,NA,NA,NA,NA,NA,NA,NA,NA,NA,Y,3,0,2,3,A,-,08,22107,NA,N,B,C,A,A,H,-,A,D,0,NA,NA,NA,NA,Y,NA,A,07,0,1,1,0,0,0,0,0,0,-,-,33.78817,-117.83241,ORANGE,ANAHEIM,NA,NA
9016157,2020,2020-08-03,3001,2020-05-07,1830,A1047,NA,4,5,7,3001,0,0,0,NA,0,0D1,BALL RD,KNOTT AV,0,NA,Y,A,-,N,NA,NA,NA,NA,NA,NA,NA,NA,NA,N,4,0,1,2,D,-,00,NA,NA,N,D,C,A,A,H,-,A,A,0,NA,NA,NA,NA,Y,NA,-,-,0,0,1,0,0,0,0,0,0,-,-,33.8173713684082,-118.01094818115234,ORANGE,ANAHEIM,-118.01080322265624,33.8172492980957
90163569,2016,2016-04-22,9675,2016-04-07,0805,015207,NA,4,1,5,3022,0,1,3,NA,2,052,SR-55 N/B,WARNER AVE.,528,N,N,A,-,Y,NA,NA,NA,NA,NA,NA,NA,NA,NA,N,4,0,1,2,A,-,08,22107,NA,N,B,C,A,A,H,-,A,D,0,NA,NA,NA,NA,Y,NA,A,01,0,0,1,0,0,0,0,0,0,-,-,33.71682,-117.84227,ORANGE,TUSTIN,-117.84348045,33.71671838
90164842,2016,2016-04-25,9670,2016-04-15,1642,020597,NA,5,2,9,3000,0,3,5,NA,2,005,BOLSA AVE,HARPER ST,0,NA,Y,A,-,N,NA,NA,NA,NA,NA,NA,NA,NA,NA,N,4,0,1,2,A,-,05,21650,NA,N,H,G,A,A,H,-,A,A,0,NA,Y,NA,NA,Y,NA,L,04,0,0,1,0,0,0,1,0,0,-,-,33.7448,-117.98207,ORANGE,UNINCORPORATED,-117.98199005,33.74472005
90166324,2016,2016-04-27,9675,2016-04-12,1725,019618,NA,2,2,5,3022,0,1,3,NA,2,552,SR-55 S/B,MCFADDEN ST,500,S,N,A,-,Y,NA,NA,55,NA,NA,NA,NA,NA,S,Y,4,0,2,3,A,-,03,22350,NA,N,C,C,A,A,H,-,A,D,0,NA,NA,NA,NA,Y,NA,A,01,0,0,2,0,0,0,0,0,0,-,-,33.73186,-117.83413,ORANGE,TUSTIN,-117.83380286,33.73185781
90166372,2016,2016-04-27,9675,2016-04-13,0725,012857,NA,3,1,6,3026,0,1,1,NA,2,407,I-405 NORTHBOUND,SR-133 NORTHBOUND,100,N,N,B,-,Y,NA,NA,405,NA,NA,NA,NA,NA,N,Y,4,0,1,3,A,-,03,22350,NA,F,C,C,A,A,H,-,A,D,0,NA,NA,NA,NA,Y,Y,A,01,0,0,1,0,0,0,0,0,0,-,-,33.65382,-117.77012,ORANGE,IRVINE,-117.7702118,33.65363157
90167743,2016,2016-04-28,9690,2016-04-27,1810,016493,NA,3,2,4,3045,0,1,1,NA,2,055,I-5 S/B (SAN DIEGO FRWY),LAKE FOREST DR,1200,S,N,A,-,Y,NA,NA,5,NA,NA,NA,NA,NA,S,N,4,0,1,2,A,-,03,22350,NA,N,C,C,A,A,H,-,A,D,0,NA,NA,NA,NA,Y,NA,D,22,0,0,1,0,0,0,0,0,0,-,-,33.62444,-117.71741,ORANGE,LAGUNA HILLS,-117.71731381,33.62453127
90171410,2016,2016-05-03,9675,2016-04-20,0655,014558,NA,3,1,6,3015,0,1,3,NA,2,222,SR-22 E/B,TUSTIN AVENUE,350,W,N,A,-,Y,NA,NA,22,NA,NA,NA,NA,NA,E,Y,4,0,1,5,A,-,03,22350,NA,N,C,C,A,A,H,-,A,D,0,NA,NA,NA,NA,Y,NA,A,08,0,0,1,0,0,0,0,0,0,-,-,33.77659,-117.83986,ORANGE,ORANGE,-117.83985979,33.77658562
90173318,2016,2016-05-05,9675,2016-04-05,0802,015207,NA,2,1,6,3004,0,1,1,NA,2,405,I-405 S/B,HARBOR BLVD.,1056,N,N,A,-,Y,NA,NA,NA,NA,NA,NA,NA,NA,NA,Y,3,0,1,2,A,-,08,22107,NA,N,C,C,A,A,H,-,A,D,0,NA,NA,Y,NA,Y,NA,C,02,0,1,0,0,0,0,0,0,1,-,-,33.90686,-117.9232,ORANGE,COSTA MESA,-117.91953,33.68935
90173350,2016,2016-05-05,9675,2016-04-22,2300,019018,NA,5,3,7,3001,0,1,3,NA,2,093,STATE ROUTE 91 E/B (RIVERSIDE FREEWAY),LA PALMA AVE.,100,E,N,A,-,Y,NA,NA,NA,NA,NA,NA,NA,NA,NA,Y,4,0,1,2,A,-,03,22350,NA,N,C,C,A,A,H,-,C,D,0,NA,NA,NA,NA,Y,NA,A,01,0,0,1,0,0,0,0,0,0,-,-,33.8746,-117.87114,ORANGE,ANAHEIM,-117.87092541,33.847463
90173356,2016,2016-05-05,9690,2016-04-29,0710,018646,NA,5,1,5,3050,0,1,1,NA,2,055,I-5 N/B FROM E/B EL TORO RD,EL TORO RD,100,S,N,A,-,Y,NA,NA,5,NA,NA,NA,R,NA,N,N,4,0,1,2,A,-,07,21658,A,N,B,C,A,A,H,-,A,A,0,NA,NA,NA,NA,Y,NA,A,01,0,0,1,0,0,0,0,0,0,-,-,33.6152,-117.70671,ORANGE,LAKE FOREST,-117.70671,33.6152
90175835,2016,2016-05-10,9675,2016-04-26,1525,020780,NA,2,2,7,3019,0,1,1,NA,2,502,I-5 NORTHBOUND,MAIN ST,800,S,N,A,-,Y,NA,NA,5,NA,NA,NA,NA,NA,N,Y,4,0,1,3,A,-,03,22350,NA,N,C,C,A,A,H,-,A,D,0,NA,NA,NA,NA,Y,NA,A,01,0,0,1,0,0,0,0,0,0,-,-,33.76644,-117.86628,ORANGE,SANTA ANA,-117.86640744,33.76637067
90176077,2016,2016-05-10,9675,2016-04-25,1815,014818,NA,1,2,7,3001,0,1,3,NA,2,095,SR-91 EASTBOUND,GYPSUM CYN ROAD,500,E,N,B,-,Y,NA,NA,91,NA,NA,NA,NA,NA,E,Y,4,0,1,2,A,-,21,22106,NA,N,C,C,A,A,H,-,A,D,0,NA,NA,NA,NA,Y,NA,A,01,0,0,1,0,0,0,0,0,0,-,-,33.87089,-117.70202,ORANGE,ANAHEIM,-117.70207957,33.87102165
90177842,2016,2016-05-12,9690,2016-05-09,1030,015713,NA,1,1,5,3017,0,1,1,NA,2,059,I-5 N/B (SAN DIEGO FRWY),AVENIDA VISTA HERMOSA,1620,N,N,B,-,Y,NA,NA,5,NA,NA,NA,NA,NA,N,Y,4,0,4,5,A,-,03,22350,NA,F,C,C,A,A,H,-,A,D,0,NA,NA,NA,NA,Y,NA,A,07,0,0,4,0,0,0,0,0,0,-,-,33.44797,-117.63624,ORANGE,SAN CLEMENTE,-117.63620833,33.4480288
90178550,2016,2016-05-13,9675,2016-05-03,1600,018834,NA,2,2,6,3015,0,1,3,NA,2,222,SR-22 WESTBOUND,CAMBRIDGE ST,200,E,N,A,-,Y,NA,NA,22,NA,NA,NA,NA,NA,W,Y,4,0,1,2,A,-,03,22350,NA,N,C,C,A,A,H,-,A,D,0,NA,NA,NA,NA,Y,NA,D,22,0,0,1,0,0,0,0,0,0,-,-,33.77649,-117.84385,ORANGE,ORANGE,-117.84381791,33.77638831
90181112,2016,2016-05-17,9690,2016-05-06,1449,018840,NA,5,2,4,3029,0,1,1,NA,2,058,I-5 S/B (SAN DIEGO FRWY),VIA CALIFORNIA,100,S,N,A,-,Y,NA,NA,5,NA,NA,NA,NA,NA,S,Y,4,0,3,4,A,-,03,22350,NA,N,C,C,A,A,D,-,A,D,0,NA,NA,NA,NA,Y,NA,A,07,0,0,3,0,0,0,0,0,0,-,-,33.46533,-117.66718,ORANGE,DANA POINT,-117.66717917,33.46533122
90181252,2016,2016-05-17,9670,2016-05-10,1440,016209,NA,2,2,5,3003,0,1,3,NA,2,192,SR-91 E/B (ARTESIA FREEWAY),BEACH BLVD.,1600,E,N,A,-,Y,NA,NA,91,NA,NA,NA,NA,NA,E,Y,4,0,4,2,A,-,07,21658,A,N,C,C,A,A,H,-,A,D,0,NA,NA,NA,NA,Y,NA,A,01,0,0,4,0,0,0,0,0,0,-,-,33.85607,-117.99253,ORANGE,BUENA PARK,-117.99252981,33.8560307