CASE_ID,ACCIDENT_YEAR,PROC_DATE,JURIS,COLLISION_DATE,COLLISION_TIME,OFFICER_ID,REPORTING_DISTRICT,DAY_OF_WEEK,CHP_SHIFT,POPULATION,CNTY_CITY_LOC,SPECIAL_COND,BEAT_TYPE,CHP_BEAT_TYPE,CITY_DIVISION_LAPD,CHP_BEAT_CLASS,BEAT_NUMBER,PRIMARY_RD,SECONDARY_RD,DISTANCE,DIRECTION,INTERSECTION,WEATHER_1,WEATHER_2,STATE_HWY_IND,CALTRANS_COUNTY,CALTRANS_DISTRICT,STATE_ROUTE,ROUTE_SUFFIX,POSTMILE_PREFIX,POSTMILE,LOCATION_TYPE,RAMP_INTERSECTION,SIDE_OF_HWY,TOW_AWAY,COLLISION_SEVERITY,NUMBER_KILLED,NUMBER_INJURED,PARTY_COUNT,PRIMARY_COLL_FACTOR,PCF_CODE_OF_VIOL,PCF_VIOL_CATEGORY,PCF_VIOLATION,PCF_VIOL_SUBSECTION,HIT_AND_RUN,TYPE_OF_COLLISION,MVIW,PED_ACTION,ROAD_SURFACE,ROAD_COND_1,ROAD_COND_2,LIGHTING,CONTROL_DEVICE,CHP_ROAD_TYPE,PEDESTRIAN_ACCIDENT,BICYCLE_ACCIDENT,MOTORCYCLE_ACCIDENT,TRUCK_ACCIDENT,NOT_PRIVATE_PROPERTY,ALCOHOL_INVOLVED,STWD_VEHTYPE_AT_FAULT,CHP_VEHTYPE_AT_FAULT,COUNT_SEVERE_INJ,COUNT_VISIBLE_INJ,COUNT_COMPLAINT_PAIN,COUNT_PED_KILLED,COUNT_PED_INJURED,COUNT_BICYCLIST_KILLED,COUNT_BICYCLIST_INJURED,COUNT_MC_KILLED,COUNT_MC_INJURED,PRIMARY_RAMP,SECONDARY_RAMP,LATITUDE,LONGITUDE,COUNTY,CITY,POINT_X,POINT_Y
91263415,2020,2020-07-06,9675,2020-06-27,1553,021834,NA,6,2,7,3001,0,1,3,NA,2,094,SR-91 EASTBOUND,WEIR CYN RD,3000,W,N,A,-,Y,NA,NA,91,NA,NA,NA,NA,NA,E,Y,4,0,2,3,A,-,03,22350,NA,F,C,C,A,A,D,-,A,D,0,NA,NA,NA,NA,Y,NA,A,01,0,0,2,0,0,0,0,0,0,-,-,33.865909576416016,-117.76561737060548,ORANGE,ANAHEIM,-117.7656021118164,33.86587905883789
91263794,2020,2020-07-06,9675,2020-06-28,1513,021377,NA,7,2,7,3001,0,1,3,NA,2,094,SR-91 WESTBOUND,IMPERIAL HIGHWAY,2000,W,N,B,-,Y,NA,NA,91,NA,NA,NA,NA,NA,W,N,3,0,1,3,A,-,03,22350,NA,N,C,C,A,A,H,-,A,D,0,NA,NA,NA,NA,Y,NA,A,01,0,1,0,0,0,0,0,0,0,-,-,33.85438919067383,-117.79611206054688,ORANGE,ANAHEIM,-117.79611206054688,33.854427337646484
91264167,2020,2020-07-07,9675,2020-07-02,1220,017773,NA,4,1,6,3026,0,1,1,NA,2,407,I-405 S/B,SAND CANYON AVE,1584,S,N,A,-,Y,NA,NA,405,NA,NA,NA,NA,NA,S,N,4,0,2,2,A,-,03,22350,NA,N,C,C,A,A,H,-,A,D,0,NA,NA,NA,NA,Y,NA,A,07,0,0,2,0,0,0,0,0,0,-,-,33.65549850463867,-117.77439880371094,ORANGE,IRVINE,-117.77439880371094,33.65549850463867
91264613,2020,2020-07-07,9670,2020-07-02,1235,015207,NA,4,1,6,3010,0,1,1,NA,2,041,I-405 S/B,EDINGER AVE,200,S,N,A,-,Y,NA,NA,405,NA,NA,NA,NA,NA,S,Y,4,0,1,3,A,-,03,22350,NA,N,C,C,A,A,H,-,A,D,0,NA,NA,NA,NA,Y,NA,D,22,0,0,1,0,0,0,0,0,0,-,-,33.72856140136719,-117.98368072509766,ORANGE,HUNTINGTON BEACH,-117.9836654663086,33.728580474853516
91273036,2020,2020-07-23,9675,2020-07-17,2130,020732,NA,5,2,6,3026,0,1,1,NA,2,407,I-405 NORTHBOUND TO IRVINE CENTER DRIVE,IRVINE CENTER DR,1570,S,N,A,-,Y,NA,NA,405,NA,NA,NA,R,NA,N,Y,3,0,1,1,A,-,01,23152,A,N,E,I,A,A,H,-,C,D,0,NA,NA,NA,NA,Y,Y,A,01,0,1,0,0,0,0,0,0,0,-,-,33.647518157958984,-117.74398040771484,ORANGE,IRVINE,-117.74398040771484,33.647518157958984
91273091,2020,2020-07-23,9675,2020-07-13,0033,021984,NA,1,3,7,3001,0,1,3,NA,2,094,SR-91 EASTBOUND,IMPERIAL HIGHWAY,4840,E,N,A,-,Y,NA,NA,91,NA,NA,NA,NA,NA,E,Y,2,0,1,2,A,-,01,23152,A,M,C,C,A,A,H,-,C,D,0,NA,NA,NA,NA,Y,Y,A,07,1,0,0,0,0,0,0,0,0,-,-,33.86051940917969,-117.7765884399414,ORANGE,ANAHEIM,-117.776611328125,33.86056137084961
9127567,2020,2020-11-12,3001,2020-07-22,1605,A2115,NA,3,5,7,3001,0,0,0,NA,0,0D2,EUCLID ST,CATHERINE DR,11,N,N,A,-,N,NA,NA,NA,NA,NA,NA,NA,NA,NA,N,3,0,1,3,A,-,01,23152,A,N,C,C,A,A,H,-,A,D,0,NA,NA,NA,NA,Y,Y,A,01,0,1,0,0,0,0,0,0,0,-,-,33.845149993896484,-117.9416275024414,ORANGE,ANAHEIM,-117.94164276123048,33.84492111206055
9127593,2020,2020-11-05,3026,2020-07-19,1641,600,HJC,7,5,6,3026,0,0,0,NA,0,00U,MACARTHUR BL,RT 405,0,NA,Y,A,-,N,NA,NA,NA,NA,NA,NA,NA,NA,NA,Y,4,0,2,2,A,-,01,23152,A,N,D,C,A,A,H,-,A,A,0,NA,NA,NA,NA,Y,Y,A,01,0,0,2,0,0,0,0,0,0,-,SF,NA,NA,ORANGE,IRVINE,-117.85723114013672,33.68267059326172
91276337,2020,2020-07-29,9690,2020-07-23,1230,014849,NA,4,1,5,3028,0,1,1,NA,2,056,I-5 N/B (SAN DIEGO FRWY),CROWN VALLEY PKWY,50,S,N,A,-,Y,NA,NA,5,NA,NA,NA,NA,NA,N,Y,3,0,2,2,A,-,03,22350,NA,N,C,C,A,A,D,-,A,D,0,NA,NA,NA,Y,Y,NA,D,22,0,1,1,0,0,0,0,0,0,-,-,33.55767822265625,-117.67239379882813,ORANGE,MISSION VIEJO,-117.67284393310548,33.55766296386719
91278877,2020,2020-07-31,9675,2020-07-24,1347,021274,NA,5,1,7,3001,0,1,3,NA,2,093,STATE ROUTE 91 E/B,LA PALMA AVE,1692,E,N,A,-,Y,NA,NA,91,NA,NA,NA,NA,NA,E,Y,3,0,3,1,A,-,08,22107,NA,N,E,I,A,A,H,-,A,D,0,NA,NA,NA,NA,Y,NA,A,01,0,2,1,0,0,0,0,0,0,-,-,33.846168518066406,-117.86563873291016,ORANGE,ANAHEIM,-117.86563110351563,33.84627914428711
9127986,2020,2020-10-02,3004,2020-07-15,1242,P640,04,3,5,6,3004,0,0,0,NA,0,015,IRVINE AV,E 18TH ST,0,NA,Y,A,-,N,NA,NA,NA,NA,NA,NA,NA,NA,NA,Y,3,0,2,2,A,-,09,21802,A,N,D,C,A,A,H,-,A,A,0,NA,NA,NA,NA,Y,NA,A,08,0,2,0,0,0,0,0,0,0,-,-,33.63124084472656,-117.90603637695313,ORANGE,COSTA MESA,-117.90592956542967,33.63119888305664
9127989,2020,2020-10-02,3004,2020-07-06,1406,P648,25,1,5,6,3004,0,0,0,NA,0,004,SOUTH COAST DR,HARBOR BL,14,W,N,A,-,N,NA,NA,NA,NA,NA,NA,NA,NA,NA,N,3,0,1,2,A,-,03,22350,NA,N,C,C,A,A,H,-,A,A,0,NA,NA,NA,NA,Y,NA,A,07,0,1,0,0,0,0,0,0,0,-,-,33.69150161743164,-117.9198989868164,ORANGE,COSTA MESA,-117.91958618164063,33.691619873046875
9127990,2020,2020-10-02,3004,2020-07-12,1903,P677,11,7,5,6,3004,0,0,0,NA,0,007,WEST 19TH ST,HARBOR BL,0,NA,Y,A,-,N,NA,NA,NA,NA,NA,NA,NA,NA,NA,N,3,0,1,2,A,-,05,21650,NA,N,H,G,A,A,H,-,B,A,0,NA,Y,NA,NA,Y,NA,L,04,0,1,0,0,0,0,1,0,0,-,-,33.64360046386719,-117.91880035400392,ORANGE,COSTA MESA,-117.9189682006836,33.643489837646484
91280596,2020,2020-08-04,9675,2020-08-03,0840,020627,NA,1,1,7,3019,0,1,1,NA,2,503,I-5 SOUTHBOUND,4TH ST,100,S,N,A,-,Y,NA,NA,NA,NA,NA,NA,NA,NA,NA,Y,3,0,1,3,A,-,03,22350,NA,N,C,C,A,A,H,-,A,D,0,NA,NA,NA,NA,Y,NA,A,01,0,1,0,0,0,0,0,0,0,-,-,33.44498825073242,-117.50372314453124,ORANGE,SANTA ANA,-117.84340667724608,33.74803924560547
91281342,2020,2020-08-05,9675,2020-07-28,1710,021377,NA,2,2,7,3001,0,1,3,NA,2,095,SR-91 EASTBOUND,COAL CYN RD,5280,W,N,A,-,Y,NA,NA,91,NA,NA,NA,NA,NA,E,Y,4,0,2,3,A,-,03,22350,NA,N,C,C,A,A,H,-,A,D,0,NA,NA,NA,NA,Y,NA,D,22,0,0,2,0,0,0,0,0,0,-,-,33.87234878540039,-117.6989517211914,ORANGE,ANAHEIM,-117.69898986816406,33.872432708740234
9128273,2020,2020-12-02,3011,2020-07-17,1209,31241,46,5,5,4,3011,0,0,0,NA,0,003,RT 1,UPLAND RD,376,N,N,A,-,Y,ORA,12,1,-,-,7.74,H,-,N,Y,3,0,3,4,A,-,08,22100,B,N,C,C,A,A,H,-,A,D,0,NA,NA,NA,NA,Y,NA,A,01,0,1,2,0,0,0,0,0,0,-,-,NA,NA,ORANGE,LAGUNA BEACH,-117.76639556884766,33.52485656738281
9128330,2020,2020-12-01,3001,2020-06-11,0449,A2280,R4,4,5,7,3001,0,0,0,NA,0,041,KRAEMER BL,RT 91,11,N,N,A,-,Y,ORA,12,91,-,-,7.538,R,4,W,Y,3,0,1,2,A,-,12,21453,A,N,D,C,A,A,H,-,A,A,0,NA,NA,NA,NA,Y,NA,-,-,0,1,0,0,0,0,0,0,0,-,WF,NA,NA,ORANGE,ANAHEIM,-117.85246276855467,33.84879684448242
91283545,2020,2020-08-10,9675,2020-08-03,1655,021982,NA,1,2,7,3001,0,1,3,NA,2,094,SR-91 E/B,WEIR CYN RD,800,W,N,A,-,Y,NA,NA,91,NA,NA,NA,NA,NA,E,N,4,0,1,2,A,-,03,22350,NA,N,C,C,A,A,H,-,A,D,0,NA,NA,NA,NA,Y,NA,A,01,0,0,1,0,0,0,0,0,0,-,-,33.864498138427734,-117.7684326171875,ORANGE,ANAHEIM,-117.7684326171875,33.8645133972168
9128480,2020,2020-09-21,3002,2020-06-03,0828,9149,740B2,3,5,5,3025,0,0,0,NA,0,002,IMPERIAL HWY,YORBA LINDA BL,0,NA,Y,A,-,N,NA,NA,NA,NA,NA,NA,NA,NA,NA,Y,4,0,2,2,A,-,12,21453,NA,N,A,C,A,A,H,-,A,A,0,NA,NA,NA,NA,Y,NA,-,-,0,0,2,0,0,0,0,0,0,-,-,NA,NA,ORANGE,YORBA LINDA,-117.81340789794922,33.88861083984375
91285485,2020,2020-08-13,9670,2020-08-01,1400,018516,NA,6,2,5,3003,0,1,3,NA,2,092,SR-91 E/B,KNOTT AVENUE,2640,W,N,A,-,Y,NA,NA,91,NA,NA,NA,NA,NA,E,N,4,0,2,2,A,-,03,22350,NA,M,C,C,A,A,H,-,A,D,0,NA,NA,NA,NA,Y,NA,-,99,0,0,2,0,0,0,0,0,0,-,-,33.855770111083984,-118.01998901367188,ORANGE,BUENA PARK,-118.01998901367188,33.8558349609375
91288386,2020,2020-08-18,9675,2020-08-12,1545,021274,NA,3,2,7,3001,0,1,3,NA,2,092,STATE ROUTE 91 E/B,RIVERDALE AVENUE,205,E,N,A,-,Y,NA,NA,91,NA,NA,NA,NA,NA,E,Y,2,0,1,2,A,-,03,22350,NA,N,C,C,A,A,H,-,A,D,0,NA,NA,Y,NA,Y,NA,C,02,1,0,0,0,0,0,0,0,1,-,-,33.84703826904297,-117.83194732666016,ORANGE,ANAHEIM,-117.83200073242188,33.84696960449219
91290363,2020,2020-08-21,9675,2020-08-19,0700,018733,NA,3,1,6,3015,0,1,3,NA,2,550,SR-55 NORTHBOUND,LINCOLN AVE,800,N,N,A,-,Y,NA,NA,55,NA,NA,NA,NA,NA,N,Y,3,0,1,1,A,-,08,22107,NA,N,F,A,A,A,H,-,A,D,0,NA,NA,NA,NA,Y,NA,D,22,0,1,0,0,0,0,0,0,0,-,-,33.84056091308594,-117.83245086669922,ORANGE,ORANGE,-117.83245086669922,33.8405647277832
91290507,2020,2020-08-21,9675,2020-08-20,1230,020627,NA,4,1,6,3015,0,1,3,NA,2,220,SR-22 EASTBOUND,LEWIS ST,500,E,N,A,-,Y,NA,NA,NA,NA,NA,NA,NA,NA,NA,Y,4,0,1,2,A,-,03,22350,NA,N,C,A,A,A,H,-,A,D,0,NA,NA,NA,NA,Y,NA,A,01,0,0,1,0,0,0,0,0,0,-,-,33.46424102783203,-117.5344467163086,ORANGE,ORANGE,-117.8948974609375,33.77873992919922
9129235,2020,2020-09-03,3003,2020-06-23,1509,1200,NA,2,5,5,3003,0,0,0,NA,0,NA,LA PALMA AV,WESTERN AV,0,NA,Y,A,-,N,NA,NA,NA,NA,NA,NA,NA,NA,NA,Y,4,0,1,2,A,-,12,21453,A,N,D,C,A,A,H,-,A,A,0,NA,NA,NA,NA,Y,NA,A,07,0,0,1,0,0,0,0,0,0,-,-,33.8468017578125,-118.00229644775392,ORANGE,BUENA PARK,-118.00238037109376,33.84663009643555
91292601,2020,2020-08-26,9670,2020-08-20,1717,017022,NA,4,2,5,3024,0,1,1,NA,2,042,I-405 N/B,GOLDENWEST STREET,50,N,N,A,-,Y,NA,NA,405,NA,NA,NA,NA,NA,N,Y,4,0,1,3,A,-,03,22350,NA,N,C,C,A,A,D,E,A,D,0,NA,NA,NA,NA,Y,NA,A,07,0,0,1,0,0,0,0,0,0,-,-,33.746891021728516,-118.00729370117188,ORANGE,WESTMINSTER,-118.00733184814452,33.7468376159668
91293676,2020,2020-08-27,9690,2020-08-21,0800,021875,NA,5,1,5,3028,0,1,1,NA,2,056,I-5 S/B (SAN DIEGO FRWY),CROWN VALLEY PKWY,2640,N,N,A,-,Y,NA,NA,5,NA,NA,NA,NA,NA,S,Y,4,0,1,2,A,-,03,22350,NA,N,C,C,A,A,H,-,A,D,0,NA,NA,NA,NA,Y,NA,A,01,0,0,1,0,0,0,0,0,0,-,-,33.564998626708984,-117.67259216308594,ORANGE,MISSION VIEJO,-117.67257690429688,33.564998626708984
91295361,2020,2020-08-28,9675,2020-08-20,1633,020545,NA,4,2,6,3026,0,1,1,NA,2,503,INTERSTATE 5 NORTHBOUND,CULVER DRIVE,1500,N,N,A,-,Y,NA,NA,5,NA,NA,NA,NA,NA,N,N,4,0,1,2,A,-,08,22107,NA,N,B,C,A,A,H,-,A,D,0,NA,NA,NA,NA,Y,NA,A,01,0,0,1,0,0,0,0,0,0,-,-,33.713809967041016,-117.78643035888672,ORANGE,IRVINE,-117.78646850585938,33.713748931884766
91297169,2020,2020-09-01,9675,2020-08-29,1707,021274,NA,6,2,7,3001,0,1,3,NA,2,570,STATE ROUTE 57 NORTHBOUND,MIRALOMA AVENUE,255,N,N,A,-,Y,NA,NA,57,NA,NA,NA,NA,NA,N,Y,4,0,1,2,A,-,08,22107,NA,N,C,C,A,A,H,-,A,D,0,NA,NA,NA,NA,Y,NA,A,07,0,0,1,0,0,0,0,0,0,-,-,33.85496139526367,-117.8752899169922,ORANGE,ANAHEIM,-117.8753662109375,33.85495376586914
91298699,2020,2020-09-03,9675,2020-08-30,1639,020699,NA,7,2,6,3026,0,1,1,NA,2,406,I-405 SOUTHBOUND,VON KARMAN AVE,100,N,N,A,-,Y,NA,NA,405,NA,NA,NA,NA,NA,S,Y,4,0,1,2,A,-,03,22350,NA,N,C,C,A,A,G,-,A,D,0,NA,NA,NA,NA,Y,NA,A,07,0,0,1,0,0,0,0,0,0,-,-,33.68024826049805,-117.85182189941406,ORANGE,IRVINE,-117.851806640625,33.68028259277344
91299472,2020,2020-09-04,9675,2020-08-27,1826,020550,NA,4,2,7,3019,0,1,1,NA,2,502,I-5 SOUTHBOUND TO GRAND AVENUE,E. SANTA ANA BOULEVARD,60,N,N,A,-,Y,NA,NA,5,NA,NA,NA,R,NA,S,Y,4,0,1,2,A,-,03,22350,NA,N,C,C,A,A,H,-,A,A,0,NA,NA,NA,NA,Y,NA,A,01,0,0,1,0,0,0,0,0,0,-,-,33.75437927246094,-117.85379791259766,ORANGE,SANTA ANA,-117.85379791259766,33.75437927246094
9130057,2020,2021-01-07,3001,2020-07-27,1738,A1880,NA,1,5,7,3001,0,0,0,NA,0,D-1,LINCOLN AV,BROOKHURST ST,50,W,N,A,-,N,NA,NA,NA,NA,NA,NA,NA,NA,NA,N,4,0,3,3,A,-,03,22350,NA,N,C,C,A,A,H,-,A,D,0,NA,NA,NA,NA,Y,NA,A,01,0,0,3,0,0,0,0,0,0,-,-,33.8324089050293,-117.95868682861328,ORANGE,ANAHEIM,-117.95913696289063,33.83258819580078
91301730,2020,2020-09-09,9675,2020-09-08,2000,021960,NA,2,2,9,3000,0,1,3,NA,2,240,SR-241 N/B,SANTIAGO CANYON ROAD,6336,N,N,A,-,Y,NA,NA,241,NA,NA,NA,NA,NA,N,Y,4,0,1,1,A,-,08,22107,NA,N,E,I,A,A,H,-,C,D,0,NA,NA,NA,NA,Y,NA,A,01,0,0,1,0,0,0,0,0,0,-,-,33.79420852661133,-117.73232269287108,ORANGE,UNINCORPORATED,-117.73233795166016,33.79423522949219
91302838,2020,2020-09-11,9690,2020-09-10,1630,014765,NA,4,2,5,3028,0,1,1,NA,2,056,I-5 S/B (SAN DIEGO FRWY),CROWN VALLEY PARKWAY,2112,N,N,F,-,Y,NA,NA,NA,NA,NA,NA,NA,NA,NA,Y,4,0,2,2,A,-,03,22350,NA,N,C,C,A,A,D,-,A,D,0,NA,NA,NA,NA,Y,NA,A,07,0,0,2,0,0,0,0,0,0,-,-,33.33543014526367,-117.40213012695313,ORANGE,MISSION VIEJO,-117.67254638671876,33.565032958984375
91303041,2020,2020-09-11,9675,2020-09-09,0645,020627,NA,3,1,7,3001,0,1,3,NA,2,572,SR-57 S/B TO ORANGEWOOD AVENUE,ORANGEWOOD AVENUE,10,N,N,A,-,Y,NA,NA,NA,NA,NA,NA,NA,NA,NA,N,4,0,1,2,A,-,03,22350,NA,N,C,C,A,A,H,-,A,A,0,NA,NA,NA,NA,Y,NA,A,01,0,0,1,0,0,0,0,0,0,-,-,33.47452926635742,-117.52417755126952,ORANGE,ANAHEIM,NA,NA
91304724,2020,2020-09-15,9690,2020-08-29,2305,020629,NA,6,3,9,3000,0,3,5,NA,2,005,VISTA DEL VERDE,VIA PAJARO,0,NA,Y,A,-,N,NA,NA,NA,NA,NA,NA,NA,NA,NA,N,4,0,2,2,A,-,12,22450,A,M,D,C,A,A,H,-,C,A,0,NA,NA,NA,NA,Y,NA,A,01,0,0,2,0,0,0,0,0,0,-,-,33.621299743652344,-117.58300018310548,ORANGE,UNINCORPORATED,-117.5830535888672,33.62131881713867
91307391,2020,2020-09-18,9675,2020-09-17,0815,021613,NA,4,1,7,3019,0,1,1,NA,2,502,I-5 SOUTHBOUND,MAIN ST,500,S,N,A,-,Y,NA,NA,5,NA,NA,NA,NA,NA,S,Y,4,0,1,2,A,-,03,22350,NA,N,C,C,A,A,H,-,A,D,0,NA,NA,NA,NA,Y,NA,A,07,0,0,1,0,0,0,0,0,0,-,-,33.7630500793457,-117.86493682861328,ORANGE,SANTA ANA,-117.86491394042967,33.763065338134766
91308631,2020,2020-09-29,9670,2020-09-20,0450,022065,NA,7,3,6,3010,0,1,1,NA,2,041,I-405 S/B,MAGNOLIA ST,1584,N,N,A,-,Y,NA,NA,405,NA,NA,NA,NA,NA,S,Y,4,0,1,2,A,-,03,22350,NA,N,C,C,A,A,D,E,D,D,0,NA,NA,NA,NA,Y,NA,A,01,0,0,1,0,0,0,0,0,0,-,-,33.72332000732422,-117.97630310058594,ORANGE,HUNTINGTON BEACH,-117.97625732421876,33.7233772277832
9130904,2020,2020-10-05,3010,2020-07-31,2228,1208,476,5,5,6,3010,0,0,0,NA,0,002,BROOKHURST,BAYBREEZE DR,0,NA,Y,A,-,N,NA,NA,NA,NA,NA,NA,NA,NA,NA,Y,3,0,4,2,A,-,09,21802,A,N,D,C,A,A,H,-,C,A,0,NA,NA,NA,NA,Y,NA,A,01,0,3,1,0,0,0,0,0,0,-,-,NA,NA,ORANGE,HUNTINGTON BEACH,-117.95498657226563,33.64543151855469
91313758,2020,2020-09-29,9670,2020-09-20,0219,022081,NA,7,3,3,3013,0,1,1,NA,2,061,I-605 S/B,KATELLA AVENUE,250,N,N,A,-,Y,NA,NA,605,NA,NA,NA,NA,NA,S,Y,3,0,1,1,A,-,08,22107,NA,N,E,I,A,A,H,-,D,D,0,NA,NA,NA,NA,Y,Y,A,01,0,1,0,0,0,0,0,0,0,-,-,33.80350875854492,-118.08168792724608,ORANGE,LOS ALAMITOS,-118.081787109375,33.80353546142578
91315062,2020,2020-09-30,9675,2020-09-27,1626,021834,NA,7,2,7,3019,0,1,3,NA,2,552,SR-55 NORTHBOUND,MCFADDEN AVE,2600,S,N,A,-,Y,NA,NA,55,NA,NA,NA,NA,NA,N,Y,4,0,2,2,A,-,03,22350,NA,N,C,C,A,A,H,-,A,D,0,NA,NA,NA,NA,Y,NA,A,01,0,0,2,0,0,0,0,0,0,-,-,33.72663879394531,-117.83467864990234,ORANGE,SANTA ANA,-117.83486175537108,33.72672653198242
91316202,2020,2020-10-02,9675,2020-09-23,1645,019135,NA,3,2,7,3001,0,1,3,NA,2,572,SR-57 SOUTHBOUND,CERRITOS AVE,400,S,N,A,-,Y,NA,NA,57,NA,NA,NA,NA,NA,S,Y,3,0,1,3,A,-,03,22350,NA,N,C,C,A,A,H,-,A,D,0,NA,NA,NA,NA,Y,NA,A,01,0,1,0,0,0,0,0,0,0,-,-,33.810359954833984,-117.87885284423828,ORANGE,ANAHEIM,-117.87902069091795,33.81043243408203
91317951,2020,2020-10-05,9675,2020-10-02,1150,016299,NA,5,1,7,3001,0,1,3,NA,2,095,STATE ROUTE 91 EASTBOUND,COAL CANYON ROAD,2112,W,N,A,-,Y,NA,NA,91,NA,NA,NA,NA,NA,E,Y,4,0,1,2,A,-,07,21658,A,N,B,C,A,A,H,-,A,D,0,NA,NA,NA,Y,Y,NA,G,25,0,0,1,0,0,0,0,0,0,-,-,33.87348175048828,-117.6936492919922,ORANGE,ANAHEIM,-117.6936492919922,33.8736457824707
9131808,2020,2020-10-08,3009,2020-07-09,1658,4352,112,4,5,6,3009,0,0,0,NA,0,2-1,CHAPMAN AV,NELSON ST,0,NA,Y,A,-,N,NA,NA,NA,NA,NA,NA,NA,NA,NA,Y,4,0,1,2,A,-,09,21801,A,N,B,C,A,A,H,-,A,A,0,NA,NA,NA,NA,Y,NA,A,01,0,0,1,0,0,0,0,0,0,-,-,NA,NA,ORANGE,GARDEN GROVE,-117.94558715820313,33.78865051269531
91320138,2020,2020-10-08,9690,2020-10-01,1040,016128,NA,4,1,9,3000,0,1,3,NA,1,074,SR 74 E/B (ORTEGA HWY),"LAZY W"" RANCH ROAD""",6600,E,N,A,-,Y,NA,NA,74,NA,NA,NA,NA,NA,E,Y,3,0,1,1,A,-,03,22350,NA,N,E,I,A,A,H,-,A,D,0,NA,NA,Y,NA,Y,NA,C,02,0,1,0,0,0,0,0,0,1,-,-,33.59212875366211,-117.49700927734376,ORANGE,UNINCORPORATED,-117.49703216552734,33.5921630859375
91322179,2020,2020-10-12,9690,2020-10-08,0143,020463,NA,4,3,9,3000,0,3,5,NA,2,004,CROWN VALLEY PKWY,O'NEILL DR.,1000,E,N,A,-,N,NA,NA,NA,NA,NA,NA,NA,NA,NA,Y,3,0,1,1,A,-,08,22107,NA,N,E,I,A,A,H,-,C,D,0,NA,NA,NA,NA,Y,NA,A,01,0,1,0,0,0,0,0,0,0,-,-,33.56679916381836,-117.63932800292967,ORANGE,UNINCORPORATED,-117.64070129394533,33.566505432128906
91322512,2020,2020-10-13,9675,2020-10-06,1603,021274,NA,2,2,7,3001,0,1,3,NA,2,095,STATE ROUTE 91 E/B,ORANGE COUNTY LINE,50,W,N,A,-,Y,NA,NA,91,NA,NA,NA,NA,NA,E,Y,4,0,1,3,A,-,03,22350,NA,N,C,C,A,A,H,-,A,D,0,NA,NA,NA,NA,Y,NA,A,01,0,0,1,0,0,0,0,0,0,-,-,33.86927032470703,-117.67218017578124,ORANGE,ANAHEIM,-117.67221832275392,33.86939239501953
91322884,2020,2020-10-13,9675,2020-10-09,1905,022038,NA,5,2,7,3019,0,1,1,NA,2,502,I-5 N/B (SANTA ANA FWY),GRAND AVE,630,N,N,A,-,Y,NA,NA,5,NA,NA,NA,NA,NA,N,Y,4,0,1,3,A,-,03,22350,NA,F,C,C,A,A,H,-,A,D,0,NA,NA,NA,NA,Y,NA,-,99,0,0,1,0,0,0,0,0,0,-,-,33.75590133666992,-117.85385131835938,ORANGE,SANTA ANA,-117.85382080078124,33.75596618652344
91323446,2020,2020-10-14,9670,2020-10-01,1015,019502,NA,4,1,6,3010,0,1,1,NA,2,041,I-405 S/B,EDINGER AVE,185,N,N,A,-,Y,NA,NA,405,NA,NA,NA,NA,NA,S,Y,2,0,1,1,A,-,03,22350,NA,N,F,A,A,A,D,-,A,D,0,NA,NA,NA,NA,Y,NA,A,07,1,0,0,0,0,0,0,0,0,-,-,33.73023986816406,-117.98570251464844,ORANGE,HUNTINGTON BEACH,-117.9858169555664,33.730072021484375
9132907,2020,2020-09-18,3015,2020-07-23,1512,1507,RD36,4,5,6,3015,0,0,0,NA,0,721M,KATELLA AV,RT 55,75,W,N,A,-,Y,ORA,12,55,-,-,15.109,R,4,S,Y,4,0,1,2,A,-,01,23152,G,N,C,C,A,A,H,-,A,A,0,NA,NA,NA,NA,Y,Y,A,01,0,0,1,0,0,0,0,0,0,-,-,33.81016159057617,-117.83216094970705,ORANGE,ORANGE,-117.83204650878906,33.808021545410156
91329219,2020,2020-10-22,9675,2020-10-14,1328,018102,NA,3,1,6,3026,0,1,3,NA,2,261,SR-261 NORTHBOUND,IRVINE BOULEVARD,1500,N,N,A,-,Y,NA,NA,261,NA,NA,NA,NA,NA,N,Y,3,0,3,1,A,-,08,22107,NA,N,E,I,A,A,H,-,A,D,0,NA,NA,NA,NA,Y,NA,A,01,0,2,1,0,0,0,0,0,0,-,-,33.73060989379883,-117.77532196044922,ORANGE,IRVINE,-117.77519989013672,33.73051071166992