CASE_ID,ACCIDENT_YEAR,PROC_DATE,JURIS,COLLISION_DATE,COLLISION_TIME,OFFICER_ID,REPORTING_DISTRICT,DAY_OF_WEEK,CHP_SHIFT,POPULATION,CNTY_CITY_LOC,SPECIAL_COND,BEAT_TYPE,CHP_BEAT_TYPE,CITY_DIVISION_LAPD,CHP_BEAT_CLASS,BEAT_NUMBER,PRIMARY_RD,SECONDARY_RD,DISTANCE,DIRECTION,INTERSECTION,WEATHER_1,WEATHER_2,STATE_HWY_IND,CALTRANS_COUNTY,CALTRANS_DISTRICT,STATE_ROUTE,ROUTE_SUFFIX,POSTMILE_PREFIX,POSTMILE,LOCATION_TYPE,RAMP_INTERSECTION,SIDE_OF_HWY,TOW_AWAY,COLLISION_SEVERITY,NUMBER_KILLED,NUMBER_INJURED,PARTY_COUNT,PRIMARY_COLL_FACTOR,PCF_CODE_OF_VIOL,PCF_VIOL_CATEGORY,PCF_VIOLATION,PCF_VIOL_SUBSECTION,HIT_AND_RUN,TYPE_OF_COLLISION,MVIW,PED_ACTION,ROAD_SURFACE,ROAD_COND_1,ROAD_COND_2,LIGHTING,CONTROL_DEVICE,CHP_ROAD_TYPE,PEDESTRIAN_ACCIDENT,BICYCLE_ACCIDENT,MOTORCYCLE_ACCIDENT,TRUCK_ACCIDENT,NOT_PRIVATE_PROPERTY,ALCOHOL_INVOLVED,STWD_VEHTYPE_AT_FAULT,CHP_VEHTYPE_AT_FAULT,COUNT_SEVERE_INJ,COUNT_VISIBLE_INJ,COUNT_COMPLAINT_PAIN,COUNT_PED_KILLED,COUNT_PED_INJURED,COUNT_BICYCLIST_KILLED,COUNT_BICYCLIST_INJURED,COUNT_MC_KILLED,COUNT_MC_INJURED,PRIMARY_RAMP,SECONDARY_RAMP,LATITUDE,LONGITUDE,COUNTY,CITY,POINT_X,POINT_Y
91861417,2022,2022-09-12,9675,2022-09-09,1940,021982,NA,5,2,7,3019,0,1,1,NA,2,502,INTERSTATE 5 NORTHBOUND FROM 17TH STREET EASTBOUND,17TH STREET,16,S,N,B,C,Y,NA,NA,NA,NA,NA,NA,NA,NA,NA,N,2,0,1,3,A,-,03,22350,NA,N,E,8,E,B,H,-,C,D,0,Y,NA,NA,NA,Y,NA,A,01,1,0,0,0,1,0,0,0,0,-,-,33.75973892211914,-117.86019897460938,ORANGE,SANTA ANA,-117.86019897460938,33.75973892211914
9186169,2020,2020-12-05,3001,2020-09-26,0820,A2318,D2,6,5,7,3001,0,0,0,NA,0,0D2,HARBOR BL,BROADWAY,8,S,N,B,-,N,NA,NA,NA,NA,NA,NA,NA,NA,NA,NA,4,0,1,2,D,-,00,NA,NA,N,G,B,B,A,H,-,B,A,0,Y,NA,NA,NA,Y,NA,-,-,0,0,1,0,1,0,0,0,0,-,-,33.83189010620117,-117.9188995361328,ORANGE,ANAHEIM,-117.91889190673828,33.83198928833008
9186349,2020,2021-01-04,3008,2020-10-03,0224,1508,ZONE3,6,5,6,3008,0,0,0,NA,0,NA,ORANGETHORPE AV,RAYMOND AV,0,NA,Y,A,-,N,NA,NA,NA,NA,NA,NA,NA,NA,NA,NA,4,0,3,2,A,-,07,21658,A,N,D,D,A,A,H,-,C,A,0,NA,NA,NA,NA,Y,NA,-,NA,0,0,3,0,0,0,0,0,0,-,-,NA,NA,ORANGE,FULLERTON,-117.90676879882813,33.859580993652344
91864028,2022,2022-09-14,9675,2022-09-03,0001,021388,NA,6,3,6,3026,0,1,1,NA,2,407,I-405 SOUTHBOUND TO IRVINE CENTER DRIVE,IRVINE CENTER DR,820,N,N,A,-,Y,ORA,NA,405,NA,NA,1.119,H,NA,L,Y,4,0,1,1,A,-,01,23152,A,N,E,I,A,A,H,-,C,D,0,NA,NA,NA,NA,Y,Y,A,01,0,0,1,0,0,0,0,0,0,-,-,33.64850997924805,-117.7498016357422,ORANGE,IRVINE,-117.74971771240234,33.648704528808594
91865660,2022,2022-09-15,9675,2022-09-06,0917,020018,NA,2,1,6,3015,0,1,1,NA,2,520,SR-55 SOUTHBOUND,COLLINS AVENUE,500,S,N,A,-,Y,ORA,NA,55,NA,NA,14.67,H,NA,L,Y,3,0,1,2,A,-,03,22350,NA,N,C,C,A,A,H,-,A,D,0,NA,NA,Y,NA,Y,NA,C,02,0,1,0,0,0,0,0,0,1,-,-,33.80170822143555,-117.83162689208984,ORANGE,ORANGE,-117.83170318603516,33.80170440673828
91866285,2022,2022-09-16,9670,2022-09-05,2115,022455,NA,1,2,9,3000,0,3,5,NA,2,004,MAGNOLIA AVE,KATELLA AVE,50,N,N,A,-,N,NA,NA,NA,NA,NA,NA,NA,NA,NA,N,4,0,1,2,A,-,07,21658,A,F,B,C,A,A,H,-,C,D,0,NA,NA,Y,NA,Y,NA,A,01,0,0,1,0,0,0,0,0,1,-,-,33.80339813232422,-117.97561645507813,ORANGE,UNINCORPORATED,-117.97565460205078,33.803287506103516
91867672,2022,2022-09-19,9675,2022-09-12,0444,021225,NA,1,3,7,3019,0,1,1,NA,2,502,I-5 SOUTHBOUND TO LA VETA AVENUE,LA VETA AVENUE,330,S,N,A,-,Y,NA,NA,NA,NA,NA,NA,NA,NA,NA,Y,4,0,1,1,A,-,01,23152,A,N,E,I,A,A,H,-,C,D,0,NA,NA,NA,NA,Y,Y,A,01,0,0,1,0,0,0,0,0,0,-,-,33.779388427734375,-117.87992095947266,ORANGE,SANTA ANA,-117.87992095947266,33.779388427734375
91868622,2022,2022-09-20,9675,2022-09-12,1745,020544,NA,1,2,6,3004,0,1,1,NA,2,405,I-405 NORTHBOUND,BEAR ST,180,N,N,A,-,Y,ORA,NA,405,NA,NA,9.932,H,NA,R,N,4,0,1,3,A,-,03,22350,NA,N,C,C,A,A,H,-,A,D,0,NA,NA,NA,NA,Y,NA,A,01,0,0,1,0,0,0,0,0,0,-,-,33.68756103515625,-117.89286041259766,ORANGE,COSTA MESA,-117.89286041259766,33.68756866455078
91869032,2022,2022-09-20,9670,2022-09-20,0830,017641,NA,2,1,6,3009,0,1,3,NA,2,020,SR-22 E/B (GARDEN GROVE FREEWAY),BEACH BLVD.,528,W,N,A,-,Y,ORA,NA,22,NA,R,3.21,H,NA,R,N,4,0,1,2,A,-,03,22350,NA,N,C,C,A,A,H,-,A,D,0,NA,NA,NA,NA,Y,NA,A,01,0,0,1,0,0,0,0,0,0,-,-,33.771270751953125,-117.99842834472656,ORANGE,GARDEN GROVE,-117.99842071533205,33.77137756347656
91869716,2022,2022-09-21,9690,2022-09-10,0908,016638,NA,6,1,9,3000,0,1,3,NA,2,072,SR 73 S/B (SAN JOAQUIN HILLS TRANS COR),THE SAND CANYON WILDLIFE U/C #1,2640,S,N,B,-,Y,ORA,NA,73,NA,NA,18.745,H,NA,L,Y,3,0,2,2,A,-,01,23153,F,N,C,E,A,A,H,-,A,D,0,NA,NA,NA,NA,Y,NA,A,01,0,2,0,0,0,0,0,0,0,-,-,33.60268020629883,-117.78968811035156,ORANGE,UNINCORPORATED,-117.78966522216795,33.60274124145508
91870711,2022,2022-09-22,9670,2022-09-15,1800,020809,NA,4,2,7,3001,0,1,3,NA,2,093,STATE ROUTE 91 WESTBOUND,STATE COLLEGE BOULEVARD,1584,W,N,A,-,Y,ORA,NA,91,NA,NA,4.952,H,NA,L,N,4,0,1,3,A,-,03,22350,NA,N,C,C,A,A,H,-,A,D,0,NA,NA,NA,NA,Y,NA,A,07,0,0,1,0,0,0,0,0,0,-,-,33.854190826416016,-117.89482879638672,ORANGE,ANAHEIM,-117.8948211669922,33.85414123535156
91871056,2022,2022-09-22,9670,2022-09-12,1040,016271,NA,1,1,4,3020,0,1,1,NA,2,450,I-405 S/B,SEAL BEACH BLVD,5500,S,N,A,-,Y,ORA,NA,405,NA,NA,21.551,H,NA,L,Y,4,0,1,2,A,-,07,21658,A,F,B,C,A,A,H,-,A,D,0,NA,NA,NA,NA,Y,NA,-,99,0,0,1,0,0,0,0,0,0,-,-,33.77412033081055,-118.0561981201172,ORANGE,SEAL BEACH,-118.0561981201172,33.77422332763672
9187164,2020,2020-12-15,3022,2020-10-15,1333,1323,NA,4,5,5,3022,0,0,0,NA,0,NA,NEWPORT AV,EL CAMINO REAL,247,S,N,A,-,Y,ORA,12,5,-,-,29.728,R,4,N,Y,3,0,5,3,A,-,08,22107,NA,N,B,C,A,A,H,-,A,D,0,NA,NA,NA,Y,Y,NA,A,01,0,4,1,0,0,0,0,0,0,-,-,33.73807144165039,-117.82225036621094,ORANGE,TUSTIN,-117.82482147216795,33.737796783447266
91871852,2022,2022-09-23,9670,2022-09-22,1733,017022,NA,4,2,9,3000,0,3,5,NA,2,005,NEWLAND STREET (14600 BLOCK),ROOSEVELT AVENUE,150,S,N,A,-,N,NA,NA,NA,NA,NA,NA,NA,NA,NA,N,4,0,1,2,A,-,03,22350,NA,N,C,C,A,A,H,-,A,D,0,NA,NA,NA,NA,Y,NA,A,01,0,0,1,0,0,0,0,0,0,-,-,33.74985885620117,-117.98092651367188,ORANGE,UNINCORPORATED,-117.98091888427734,33.74981689453125
91875556,2022,2022-09-28,9675,2022-09-19,1308,021716,NA,1,1,7,3019,1,1,1,NA,2,502,I-5 SOUTHBOUND,4TH ST.,80,N,N,A,-,Y,ORA,NA,5,NA,NA,30.987,H,NA,R,N,4,0,1,2,A,-,03,22350,NA,N,C,C,A,A,H,-,A,D,0,NA,NA,NA,NA,Y,NA,H,17,0,0,1,0,0,0,0,0,0,-,-,33.746829986572266,-117.84236145019533,ORANGE,SANTA ANA,-117.84260559082033,33.746768951416016
91879069,2022,2022-09-30,9670,2022-09-14,1840,019290,NA,3,2,4,3020,0,1,1,NA,2,044,I-405 N/B (SAN DIEGO FWY),SEAL BEACH BLVD,70,S,N,A,-,Y,ORA,NA,405,NA,NA,22.618,H,NA,R,N,3,0,1,2,A,-,03,22350,NA,N,C,A,A,A,D,-,A,D,0,NA,NA,Y,NA,Y,NA,C,02,0,1,0,0,0,0,0,0,1,-,-,33.77455139160156,-118.0745086669922,ORANGE,SEAL BEACH,-118.0745086669922,33.77449035644531
91884058,2022,2022-10-06,9675,2022-09-25,1918,021694,NA,7,2,7,3019,0,1,3,NA,2,551,SR-55 SOUTHBOUND,17TH STREET,475,N,N,A,-,Y,ORA,NA,55,NA,NA,11.883,H,NA,L,Y,3,0,1,3,A,-,07,21658,A,F,C,C,A,A,H,-,C,D,0,NA,NA,NA,NA,Y,NA,-,99,0,1,0,0,0,0,0,0,0,-,-,33.7612190246582,-117.83116149902344,ORANGE,SANTA ANA,-117.83118438720705,33.7612190246582
9188431,2020,2020-11-25,3004,2020-10-08,1505,P634,35,4,5,6,3004,0,0,0,NA,0,002,NEWPORT BL,DEL MAR AV,0,NA,Y,A,-,N,NA,NA,55,NA,NA,NA,NA,NA,NA,Y,2,0,1,2,A,-,12,21453,A,N,D,C,A,A,H,-,A,A,0,NA,NA,NA,NA,Y,Y,D,22,1,0,0,0,0,0,0,0,0,-,-,33.662841796875,-117.89713287353516,ORANGE,COSTA MESA,-117.89752960205078,33.663230895996094
9188709,2020,2021-01-06,3009,2020-10-16,1442,2313,131,5,5,6,3009,0,0,0,NA,0,021,ORANGE,WEST ST,17,W,N,A,-,N,NA,NA,NA,NA,NA,NA,NA,NA,NA,N,3,0,1,2,A,-,12,22450,A,M,G,G,A,-,H,-,C,A,0,NA,Y,NA,NA,Y,NA,-,99,0,1,0,0,0,0,1,0,0,-,-,NA,NA,ORANGE,GARDEN GROVE,NA,NA
91894046,2022,2022-10-19,9675,2022-10-11,0535,020018,NA,2,3,7,3019,0,1,1,NA,2,520,I-5 SOUTHBOUND,MAIN STREET,400,S,N,A,-,Y,NA,NA,NA,NA,NA,NA,NA,NA,NA,Y,4,0,1,2,A,-,07,21658,A,M,B,C,A,D,H,-,C,D,0,NA,NA,NA,NA,Y,NA,-,99,0,0,1,0,0,0,0,0,0,-,-,33.765071868896484,-117.86660003662108,ORANGE,SANTA ANA,-117.8662338256836,33.765289306640625
91895581,2022,2022-10-20,9675,2022-10-13,0940,019652,NA,4,1,7,3019,0,1,3,NA,2,552,SR-55 SOUTHBOUND,MCFADDEN AVE,5,S,N,B,-,Y,ORA,NA,55,NA,R,9.949,H,NA,L,N,3,0,1,2,A,-,03,22350,NA,N,C,C,A,A,H,-,A,D,0,NA,NA,NA,NA,Y,NA,A,01,0,1,0,0,0,0,0,0,0,-,-,33.73366928100586,-117.83413696289063,ORANGE,SANTA ANA,-117.83399963378906,33.73366928100586
91899792,2022,2022-10-26,9675,2022-10-18,1038,017998,NA,2,1,6,3004,0,1,3,NA,2,553,SR-55 SOUTHBOUND FROM FAIR DR,FAIR DR,859,S,N,A,-,Y,ORA,NA,55,NA,R,3.601,H,NA,L,Y,3,0,3,2,A,-,03,22350,NA,N,C,C,A,A,H,-,A,D,0,NA,NA,NA,NA,Y,NA,D,22,0,1,2,0,0,0,0,0,0,-,-,33.66144943237305,-117.89971160888672,ORANGE,COSTA MESA,-117.89955139160156,33.66134262084961
91901064,2022,2022-10-27,9675,2022-10-26,0740,018087,NA,3,1,7,3019,0,1,3,NA,2,551,SR-55 SOUTHBOUND,SANTA CLARA AVE,528,S,N,A,-,Y,ORA,NA,55,NA,NA,12.185,H,NA,L,Y,4,0,1,2,A,-,03,22350,NA,N,C,C,A,A,H,-,A,D,0,NA,NA,NA,NA,Y,NA,D,22,0,0,1,0,0,0,0,0,0,-,-,33.765628814697266,-117.83120727539063,ORANGE,SANTA ANA,-117.83116912841795,33.765628814697266
9190486,2020,2020-12-21,3002,2020-11-21,0436,1696,NA,6,5,4,3002,0,0,0,NA,0,012,CARBON CANYON RD,RUBY ST,958,W,N,A,-,Y,ORA,12,142,-,-,4.13,H,-,E,Y,3,0,1,2,A,-,05,21650,NA,N,A,C,A,A,H,-,D,D,0,NA,NA,NA,NA,Y,NA,A,01,0,1,0,0,0,0,0,0,0,-,-,33.926910400390625,-117.80300903320313,ORANGE,BREA,-117.80845642089844,33.92435073852539
91906381,2022,2022-11-01,9675,2022-10-21,1000,014424,NA,5,1,6,3026,0,1,1,NA,2,406,I-405 NORTHBOUND,MACARTHUR BOULEVARD,1056,S,N,A,-,Y,ORA,NA,405,NA,NA,7.578,H,NA,R,Y,3,0,1,2,A,-,03,22350,NA,N,C,C,A,A,H,-,A,D,0,NA,NA,NA,NA,Y,NA,A,01,0,1,0,0,0,0,0,0,0,-,-,33.6815185546875,-117.85350799560548,ORANGE,IRVINE,-117.85359954833984,33.6813850402832
91907530,2022,2022-11-02,9675,2022-10-27,0010,022074,NA,4,3,6,3008,0,1,3,NA,2,570,SR-57 NORTHBOUND,ROLLING HILLS DR,100,S,N,A,-,Y,ORA,NA,57,NA,NA,19.322,H,NA,R,Y,4,0,2,2,A,-,03,22350,NA,N,C,C,A,A,H,-,C,D,0,NA,NA,NA,NA,Y,NA,A,01,0,0,2,0,0,0,0,0,0,-,-,33.903160095214844,-117.880859375,ORANGE,FULLERTON,-117.88085174560548,33.903160095214844
91911071,2022,2022-11-07,9675,2022-10-26,0450,021834,NA,3,3,6,3026,0,1,1,NA,2,407,I-405 SOUTHBOUND,SAND CANYON AVENUE,1900,N,N,A,-,Y,ORA,NA,405,NA,NA,3.249,H,NA,L,Y,3,0,2,1,A,-,08,22107,NA,N,E,8,A,A,H,-,D,D,0,NA,NA,NA,NA,Y,NA,A,01,0,1,1,0,0,0,0,0,0,-,-,33.6605110168457,-117.78350830078124,ORANGE,IRVINE,-117.78341674804688,33.660640716552734
91913494,2022,2022-11-09,9690,2022-10-19,1858,019319,NA,3,2,9,3000,0,3,5,NA,2,004,O'NEILL DRIVE,MCGWIRE ROAD,4,S,N,A,-,Y,NA,NA,NA,NA,NA,NA,NA,NA,NA,Y,3,0,1,2,A,-,09,21804,NA,N,D,G,A,A,H,-,D,D,0,NA,Y,NA,NA,Y,NA,L,04,0,1,0,0,0,0,1,0,0,-,-,33.56678009033203,-117.6440200805664,ORANGE,UNINCORPORATED,-117.64397430419922,33.566837310791016
91915630,2022,2022-11-11,9670,2022-11-01,0648,016454,NA,2,1,6,3009,0,1,3,NA,2,025,SR-22 W/B FROM HARBOR BLVD,WEST EDGE OF HARBOR BOULEVARD,40,W,N,A,-,Y,NA,NA,NA,NA,NA,NA,NA,NA,NA,N,3,0,1,2,A,-,03,22350,NA,N,H,G,A,A,H,-,B,D,0,NA,Y,NA,NA,Y,NA,A,01,0,1,0,0,0,0,1,0,0,-,-,33.768218994140625,-117.92066192626952,ORANGE,GARDEN GROVE,-117.92066192626952,33.768218994140625
9191732,2020,2021-02-01,3015,2020-11-18,1046,1098,61,3,5,6,3015,0,0,0,NA,0,731M,LA VETA AV,SILKTREE CIR,0,NA,Y,A,-,N,NA,NA,NA,NA,NA,NA,NA,NA,NA,N,4,0,2,2,A,-,09,21802,A,N,D,D,A,A,H,-,A,A,0,NA,NA,NA,NA,Y,NA,A,07,0,0,2,0,0,0,0,0,0,-,-,33.78030014038086,-117.87213134765624,ORANGE,ORANGE,-117.87207794189452,33.78031921386719
91918187,2022,2022-11-15,9675,2022-11-04,1554,019779,NA,5,2,6,3026,0,1,1,NA,2,504,I-5 NORTHBOUND,CULVER DR,1320,S,N,A,-,Y,ORA,NA,5,NA,R,26.342,H,NA,R,N,4,0,1,2,A,-,03,22350,NA,N,C,C,A,A,H,-,A,D,0,NA,NA,NA,NA,Y,NA,A,01,0,0,1,0,0,0,0,0,0,-,-,33.70716094970703,-117.77960968017578,ORANGE,IRVINE,-117.77955627441406,33.70718765258789
91918357,2022,2022-11-15,9670,2022-11-07,1730,021355,NA,1,2,6,3008,0,1,1,NA,2,503,I-5 S/B,BALL RD.,1056,N,N,A,-,Y,ORA,NA,5,NA,NA,38.562,H,NA,L,N,4,0,1,2,A,-,03,22350,NA,M,C,C,A,A,H,-,A,D,0,NA,NA,NA,NA,Y,NA,-,99,0,0,1,0,0,0,0,0,0,-,-,33.828548431396484,-117.92833709716795,ORANGE,FULLERTON,-117.9283447265625,33.828548431396484
91919238,2022,2022-11-16,9675,2022-11-06,0924,020018,NA,7,1,7,3019,0,1,1,NA,2,502,I-5 NORTHBOUND TO 4TH STREET,4TH STREET,30,S,N,A,-,Y,NA,NA,NA,NA,NA,NA,NA,NA,NA,Y,3,0,1,1,A,-,03,22350,NA,N,E,I,A,A,H,-,A,D,0,NA,NA,NA,NA,Y,NA,A,01,0,1,0,0,0,0,0,0,0,-,-,33.74795913696289,-117.8425521850586,ORANGE,SANTA ANA,-117.8425521850586,33.74795913696289
9192058,2020,2021-01-07,3010,2020-11-01,2340,3024,462,7,5,6,3010,0,0,0,NA,0,002,RT 1,HUNTINGTON,244,N,N,E,-,Y,ORA,12,1,-,-,24.22,H,-,S,Y,4,0,1,2,A,-,01,23152,A,N,C,E,A,A,H,-,E,D,0,NA,NA,NA,NA,Y,Y,A,01,0,0,1,0,0,0,0,0,0,-,-,NA,NA,ORANGE,HUNTINGTON BEACH,-117.99495697021484,33.65275192260742
9192250,2020,2021-01-07,3011,2020-11-24,0841,31407,84,2,5,4,3011,0,0,0,NA,0,003,RT 1,EAGLE ROCK WY,0,NA,Y,A,-,Y,ORA,12,1,-,-,5.851,I,5,N,N,4,0,1,2,A,-,10,21950,A,N,G,B,B,A,H,-,A,A,0,Y,NA,NA,NA,Y,NA,A,01,0,0,1,0,1,0,0,0,0,-,-,NA,NA,ORANGE,LAGUNA BEACH,-117.7451400756836,33.503578186035156
91927930,2022,2022-11-28,9675,2022-11-17,1405,020131,NA,4,2,6,3026,0,1,1,NA,2,503,I-5 NORTHBOUND,CULVER DR.,2000,S,N,B,-,Y,ORA,NA,5,NA,R,26.03,H,NA,R,N,4,0,1,4,A,-,03,22350,NA,N,C,C,A,A,H,-,A,D,0,NA,NA,NA,NA,Y,NA,A,01,0,0,1,0,0,0,0,0,0,-,-,33.70320129394531,-117.77691650390624,ORANGE,IRVINE,-117.7768783569336,33.70322036743164
91928954,2022,2022-11-29,9670,2022-11-17,0144,020134,NA,4,3,7,3001,0,1,1,NA,2,500,INTERSTATE 5 TO STATE ROUTE 91,MAGNOLIA STREET,5000,S,N,A,-,Y,ORA,NA,5,NA,NA,41.788,H,NA,R,Y,4,0,1,1,A,-,01,23152,A,N,E,I,A,A,H,-,C,D,0,NA,NA,NA,NA,Y,Y,A,01,0,0,1,0,0,0,0,0,0,-,-,33.85409927368164,-117.97444152832033,ORANGE,ANAHEIM,-117.97455596923828,33.8539924621582
91940692,2022,2022-12-13,9675,2022-12-03,1750,019394,NA,6,2,6,3026,0,1,1,NA,2,503,I-5 NORTHBOUND,SR-261 NORTHBOUND,1200,S,N,A,-,Y,ORA,NA,5,NA,R,27.213,H,NA,R,N,4,0,2,2,A,-,03,22350,NA,N,C,C,A,A,H,-,C,D,0,NA,NA,NA,NA,Y,NA,A,07,0,0,2,0,0,0,0,0,0,-,-,33.716270446777344,-117.78988647460938,ORANGE,IRVINE,-117.78997039794922,33.716190338134766
91941968,2022,2022-12-14,9690,2022-12-12,1509,020364,NA,1,2,9,3000,0,3,5,NA,2,003,MEANDERING TRAIL,POPPYFIELD LANE,55,S,N,A,-,N,NA,NA,NA,NA,NA,NA,NA,NA,NA,Y,4,0,1,4,A,-,01,23152,A,N,B,E,A,A,H,-,A,D,0,NA,NA,NA,NA,Y,Y,A,01,0,0,1,0,0,0,0,0,0,-,-,33.58393096923828,-117.62313842773438,ORANGE,UNINCORPORATED,-117.62313079833984,33.58401870727539
91943759,2022,2022-12-15,9675,2022-12-07,0955,020131,NA,3,1,6,3015,0,1,3,NA,2,550,SR-55 SOUTHBOUND,WALNUT AVENUE,500,S,N,A,-,Y,ORA,NA,55,NA,NA,14.063,H,NA,L,N,4,0,1,3,A,-,03,22350,NA,N,C,C,A,A,H,-,A,D,0,NA,NA,NA,NA,Y,NA,D,22,0,0,1,0,0,0,0,0,0,-,-,33.79291915893555,-117.83113098144533,ORANGE,ORANGE,-117.8311004638672,33.79291915893555
91948635,2022,2022-12-22,9675,2022-12-12,0452,022222,NA,1,3,5,3022,0,1,3,NA,2,551,SR-55 SOUTHBOUND,E. MAIN ST,300,N,N,C,-,Y,ORA,NA,55,NA,NA,10.601,H,NA,L,Y,3,0,1,2,A,-,03,22350,NA,N,C,C,A,B,H,-,D,D,0,NA,NA,NA,NA,Y,NA,A,01,0,1,0,0,0,0,0,0,0,-,-,33.7429084777832,-117.83384704589844,ORANGE,TUSTIN,-117.83389282226563,33.74291229248047
91949131,2022,2022-12-22,9690,2022-12-13,1328,012712,NA,2,1,9,3000,0,1,3,NA,1,074,SR-74 (ORTEGA HIGHWAY),REATA ROAD,528,E,N,B,-,Y,ORA,NA,74,NA,R,2.259,H,NA,R,N,3,0,1,3,A,-,03,22350,NA,N,C,C,A,B,H,-,A,D,0,NA,NA,NA,Y,Y,NA,F,26,0,1,0,0,0,0,0,0,0,-,-,33.51905059814453,-117.62551879882813,ORANGE,UNINCORPORATED,-117.62551879882813,33.51903533935547
91951684,2021,2022-12-23,9675,2021-12-09,1333,019135,NA,4,1,6,3026,0,1,1,NA,2,407,INTERSTATE 405 SOUTHBOUND,IRVINE CENTER DRIVE,70,N,N,C,-,Y,NA,NA,405,NA,NA,NA,NA,NA,S,Y,1,1,2,2,A,-,01,23152,F,N,D,C,A,B,H,-,A,D,0,NA,NA,NA,NA,Y,NA,A,01,1,1,0,0,0,0,0,0,0,-,-,33.648258209228516,-117.74716949462892,ORANGE,IRVINE,-117.74725341796876,33.64798355102539
91952176,2022,2022-12-26,9690,2022-12-18,0745,020236,NA,7,1,5,3028,0,1,1,NA,2,056,I-5 N/B (SAN DIEGO FRWY),LA PAZ ROAD,540,S,N,A,-,Y,ORA,NA,5,NA,NA,16.453,H,NA,R,N,3,0,3,5,A,-,03,22350,NA,N,C,C,A,A,H,-,A,D,0,NA,NA,NA,NA,Y,NA,A,07,0,1,2,0,0,0,0,0,0,-,-,33.59709930419922,-117.67549896240234,ORANGE,MISSION VIEJO,-117.67533111572266,33.59724426269531
91952952,2022,2022-12-27,9675,2022-12-16,1745,019135,NA,5,2,7,3001,0,1,3,NA,2,072,SR-57 NORTHBOUND,WAGNER AVE,500,S,N,A,-,Y,ORA,NA,57,NA,NA,13.833,H,NA,R,Y,4,0,2,2,A,-,03,22350,NA,N,C,C,A,A,H,-,C,D,0,NA,NA,NA,NA,Y,NA,D,22,0,0,2,0,0,0,0,0,0,-,-,33.824180603027344,-117.87606048583984,ORANGE,ANAHEIM,-117.87599182128906,33.824180603027344
91953240,2022,2022-12-27,9670,2022-12-22,1920,020809,NA,4,2,7,3001,0,1,1,NA,2,502,INTERSTATE 5 NORTHBOUND,LINCOLN AVENUE,2112,S,N,A,-,Y,ORA,NA,5,NA,NA,38.459,H,NA,R,N,4,0,1,2,A,-,03,22350,NA,N,C,C,A,A,H,-,C,D,0,NA,NA,NA,NA,Y,NA,A,01,0,0,1,0,0,0,0,0,0,-,-,33.827518463134766,-117.92655181884766,ORANGE,ANAHEIM,-117.9266357421875,33.827457427978516
91954067,2022,2022-12-28,9675,2022-12-18,1440,021694,NA,7,2,7,3019,0,1,3,NA,2,552,SR-55 SOUTHBOUND,DYER ROAD,850,N,N,A,-,Y,ORA,NA,55,NA,R,8.037,H,NA,L,Y,3,0,1,3,A,-,03,22350,NA,N,C,C,A,A,H,-,A,D,0,NA,NA,NA,NA,Y,NA,A,01,0,1,0,0,0,0,0,0,0,-,-,33.710479736328125,-117.85009765625,ORANGE,SANTA ANA,-117.8500747680664,33.7104606628418
91955139,2022,2022-12-29,9675,2022-12-16,0300,022074,NA,5,3,7,3019,0,1,1,NA,2,520,I-5 SOUTHBOUND,LINCOLN AVE,100,N,N,A,-,Y,ORA,NA,5,NA,NA,32.106,H,NA,L,Y,4,0,1,1,A,-,01,23152,A,N,E,I,A,A,H,-,C,D,0,NA,NA,NA,NA,Y,Y,A,01,0,0,1,0,0,0,0,0,0,-,-,33.75693893432617,-117.85672760009766,ORANGE,SANTA ANA,-117.8568115234375,33.75681686401367
91956268,2022,2022-12-30,9690,2022-12-23,1740,020086,NA,5,2,4,3018,0,1,1,NA,2,057,I-5 S/B (SAN DIEGO FRWY),SR-74 ORTEGA HWY,1050,N,N,A,-,Y,ORA,NA,5,NA,NA,9.816,H,NA,L,N,3,0,1,2,A,-,08,22107,NA,N,B,C,A,A,H,-,D,D,0,NA,NA,NA,NA,Y,NA,-,-,0,1,0,0,0,0,0,0,0,-,-,33.50539016723633,-117.65943908691406,ORANGE,SAN JUAN CAPISTRANO,-117.65941619873048,33.50539779663086