CASE_ID,ACCIDENT_YEAR,PROC_DATE,JURIS,COLLISION_DATE,COLLISION_TIME,OFFICER_ID,REPORTING_DISTRICT,DAY_OF_WEEK,CHP_SHIFT,POPULATION,CNTY_CITY_LOC,SPECIAL_COND,BEAT_TYPE,CHP_BEAT_TYPE,CITY_DIVISION_LAPD,CHP_BEAT_CLASS,BEAT_NUMBER,PRIMARY_RD,SECONDARY_RD,DISTANCE,DIRECTION,INTERSECTION,WEATHER_1,WEATHER_2,STATE_HWY_IND,CALTRANS_COUNTY,CALTRANS_DISTRICT,STATE_ROUTE,ROUTE_SUFFIX,POSTMILE_PREFIX,POSTMILE,LOCATION_TYPE,RAMP_INTERSECTION,SIDE_OF_HWY,TOW_AWAY,COLLISION_SEVERITY,NUMBER_KILLED,NUMBER_INJURED,PARTY_COUNT,PRIMARY_COLL_FACTOR,PCF_CODE_OF_VIOL,PCF_VIOL_CATEGORY,PCF_VIOLATION,PCF_VIOL_SUBSECTION,HIT_AND_RUN,TYPE_OF_COLLISION,MVIW,PED_ACTION,ROAD_SURFACE,ROAD_COND_1,ROAD_COND_2,LIGHTING,CONTROL_DEVICE,CHP_ROAD_TYPE,PEDESTRIAN_ACCIDENT,BICYCLE_ACCIDENT,MOTORCYCLE_ACCIDENT,TRUCK_ACCIDENT,NOT_PRIVATE_PROPERTY,ALCOHOL_INVOLVED,STWD_VEHTYPE_AT_FAULT,CHP_VEHTYPE_AT_FAULT,COUNT_SEVERE_INJ,COUNT_VISIBLE_INJ,COUNT_COMPLAINT_PAIN,COUNT_PED_KILLED,COUNT_PED_INJURED,COUNT_BICYCLIST_KILLED,COUNT_BICYCLIST_INJURED,COUNT_MC_KILLED,COUNT_MC_INJURED,PRIMARY_RAMP,SECONDARY_RAMP,LATITUDE,LONGITUDE,COUNTY,CITY,POINT_X,POINT_Y
92135579,2023,2023-08-03,9670,2023-07-23,1520,020860,NA,7,2,6,3010,0,1,1,NA,2,041,I-405 S/B,NEWLAND STREET,50,S,N,B,-,Y,ORA,NA,405,NA,NA,15.881,H,NA,L,N,4,0,1,2,A,-,03,22350,NA,N,C,C,A,A,D,E,A,D,0,NA,NA,Y,NA,Y,NA,C,02,0,0,1,0,0,0,0,0,1,-,-,33.72650146484375,-117.98052978515624,ORANGE,HUNTINGTON BEACH,-117.98058319091795,33.72644805908203
92137004,2023,2023-08-07,9675,2023-07-26,135,021914,NA,3,3,6,3004,0,1,3,NA,2,553,SR-55 NORTHBOUND,SR-73 NORTHBOUND,1500,N,N,A,-,Y,ORA,NA,55,NA,R,5.049,H,NA,R,N,2,0,1,1,A,-,01,23152,A,N,E,I,A,A,H,-,D,D,0,NA,NA,NA,NA,Y,Y,A,01,1,0,0,0,0,0,0,0,0,-,-,33.676700592041016,-117.88237762451172,ORANGE,COSTA MESA,-117.88226318359376,33.67662048339844
92137017,2023,2023-08-07,9675,2023-07-26,325,022058,NA,3,3,6,3026,0,1,1,NA,2,503,I-5 SOUTHBOUND,JEFFREY ROAD,2882,N,N,A,-,Y,ORA,NA,5,NA,R,25.547,H,NA,L,Y,3,0,1,2,A,-,01,23152,A,N,C,C,A,A,H,-,C,D,0,NA,NA,NA,Y,Y,Y,A,01,0,1,0,0,0,0,0,0,0,-,-,33.69688034057617,-117.7732391357422,ORANGE,IRVINE,-117.77317810058594,33.69690704345703
92137085,2023,2023-08-07,9675,2023-07-26,1800,019779,NA,3,2,6,3026,0,1,1,NA,2,407,I-405 NORTHBOUND,JEFFRY RD,2692,S,N,A,-,Y,ORA,NA,405,NA,NA,3.418,H,NA,R,Y,4,0,1,2,A,-,03,22350,NA,N,C,C,A,A,H,-,A,D,0,NA,NA,NA,NA,Y,NA,A,01,0,0,1,0,0,0,0,0,0,-,-,33.662109375,-117.7857666015625,ORANGE,IRVINE,-117.78581237792967,33.66200637817383
9213789,2021,2021-03-09,3000,2021-01-07,1958,6717,892C1,4,5,5,3050,0,0,0,NA,0,18762,NORMANDALE DR,EL TORO RD,11,N,N,A,-,N,NA,NA,NA,NA,NA,NA,NA,NA,NA,N,3,0,1,2,B,-,22,NA,NA,N,D,G,A,A,H,-,C,A,0,NA,Y,NA,NA,Y,NA,L,04,0,1,0,0,0,0,1,0,0,-,-,NA,NA,ORANGE,LAKE FOREST,-117.65899658203124,33.65446090698242
92138350,2023,2023-08-08,9675,2023-07-27,1650,023116,NA,4,2,6,3026,0,1,1,NA,2,406,I-405 SOUTHBOUND,JEFFREY ROAD,1720,N,N,A,-,Y,ORA,NA,405,NA,NA,4.281,H,NA,L,Y,4,0,1,3,A,-,03,22350,NA,N,C,C,A,A,H,-,A,D,0,NA,NA,NA,NA,Y,NA,A,01,0,0,1,0,0,0,0,0,0,-,-,33.66402053833008,-117.80078125,ORANGE,IRVINE,-117.80076599121094,33.66409683227539
92139157,2023,2023-08-09,9675,2023-07-28,1625,021633,NA,5,2,7,3001,0,1,3,NA,2,094,SR-91 EASTBOUND,WEIR CANYON ROAD,5966,W,N,A,-,Y,ORA,NA,91,NA,R,13.273,H,NA,R,Y,4,0,1,2,A,-,03,22350,NA,N,C,C,A,A,H,-,A,D,0,NA,NA,NA,NA,Y,NA,A,01,0,0,1,0,0,0,0,0,0,-,-,33.866600036621094,-117.76390075683594,ORANGE,ANAHEIM,-117.76395416259766,33.866676330566406
92140185,2023,2023-08-10,9675,2023-07-29,1832,023341,NA,6,2,6,3004,0,1,1,NA,2,405,INTERSTATE 405 NORTHBOUND,BRISTOL ST,985,N,N,A,-,Y,ORA,NA,405,NA,NA,9.709,H,NA,R,Y,3,0,1,3,A,-,03,22350,NA,N,C,C,A,A,H,-,A,D,0,NA,NA,NA,NA,Y,NA,-,-,0,1,0,0,0,0,0,0,0,-,-,33.6876106262207,-117.8890380859375,ORANGE,COSTA MESA,-117.8890380859375,33.687538146972656
92145356,2023,2023-08-16,9675,2023-08-04,2000,022283,NA,5,2,5,3022,0,1,3,NA,2,553,SR-55 NB FROM PASADENA,NEWPORT AVENUE,491,W,N,A,-,Y,NA,NA,NA,NA,NA,NA,NA,NA,NA,Y,3,0,1,1,A,-,08,22107,NA,N,E,I,A,A,H,-,C,D,0,NA,NA,NA,NA,Y,NA,A,01,0,1,0,0,0,0,0,0,0,-,-,33.73060989379883,-117.83187103271484,ORANGE,TUSTIN,-117.83187103271484,33.73060989379883
92146924,2023,2023-08-18,9675,2023-08-16,1626,020699,NA,3,2,6,3026,0,1,1,NA,2,504,I-5 NORTHBOUND (TRUCK BYPASS),LAKE FOREST DR.,1400,N,N,A,-,Y,ORA,NA,5,NA,NA,20.164,H,NA,R,N,4,0,1,2,A,-,01,23152,A,N,C,C,A,A,H,-,A,D,0,NA,NA,NA,NA,Y,NA,A,07,0,0,1,0,0,0,0,0,0,-,-,33.63140106201172,-117.72324371337892,ORANGE,IRVINE,-117.72335052490234,33.63130569458008
92149255,2023,2023-08-22,9675,2023-08-11,1800,018887,NA,5,2,6,3026,0,1,1,NA,2,407,I-405 NORTHBOUND,SAND CANYON AVENUE,1584,N,N,A,-,Y,ORA,NA,405,NA,NA,3.328,H,NA,R,N,3,0,1,2,A,-,08,22107,NA,F,B,C,A,A,H,-,A,D,0,NA,NA,Y,NA,Y,NA,-,99,0,1,0,0,0,0,0,0,1,-,-,33.6613883972168,-117.78443145751952,ORANGE,IRVINE,-117.78441619873048,33.66141891479492
92151749,2023,2023-08-23,9675,2023-08-14,525,018714,NA,1,3,7,3001,0,1,3,NA,2,194,SR-91 WESTBOUND,LAKEVIEW AVE,200,E,N,A,-,Y,ORA,NA,91,NA,R,10.194,H,NA,L,Y,4,0,1,2,A,-,03,22350,NA,N,C,C,A,A,H,-,B,D,0,NA,NA,NA,Y,Y,NA,F,26,0,0,1,0,0,0,0,0,0,-,-,33.85197067260742,-117.81317138671876,ORANGE,ANAHEIM,-117.8132781982422,33.85205841064453
92152425,2023,2023-10-09,9675,2023-08-15,1345,021834,NA,2,1,7,3001,0,1,3,NA,2,094,SR-91 EASTBOUND,WEIR CANYON ROAD,500,W,N,A,-,Y,ORA,NA,91,NA,R,14.353,H,NA,R,N,4,0,1,2,A,-,08,22107,NA,N,C,C,A,A,H,-,A,D,0,NA,NA,NA,Y,Y,NA,G,25,0,0,1,0,0,0,0,0,0,-,-,33.86996841430664,-117.74607849121094,ORANGE,ANAHEIM,-117.74609375,33.87004470825195
92154773,2023,2023-08-25,9675,2023-08-17,826,014614,NA,4,1,7,3001,0,1,3,NA,2,093,SR-91 EASTBOUND (RIVERSIDE FREEWAY),KRAEMER BOULEVARD,1700,W,N,A,-,Y,ORA,NA,91,NA,NA,7.164,H,NA,R,N,4,0,1,3,A,-,03,22350,NA,N,C,C,A,A,H,-,A,D,0,NA,NA,NA,NA,Y,NA,A,01,0,0,1,0,0,0,0,0,0,-,-,33.847049713134766,-117.85870361328124,ORANGE,ANAHEIM,-117.85869598388672,33.8470344543457
92156227,2023,2023-08-28,9675,2023-08-18,1740,019779,NA,5,2,5,3022,0,1,1,NA,2,530,I-5 NORTHBOUND,RED HILL AVE,1584,N,N,A,-,Y,ORA,NA,5,NA,R,29.439,H,NA,R,N,4,0,1,2,A,-,03,22350,NA,N,C,C,A,A,H,-,A,D,0,NA,NA,NA,Y,Y,NA,F,26,0,0,1,0,0,0,0,0,0,-,-,33.736209869384766,-117.82010650634766,ORANGE,TUSTIN,-117.82008361816406,33.736270904541016
92158851,2023,2023-08-30,9675,2023-08-20,1350,020018,NA,7,1,7,3001,0,1,3,NA,2,194,SR-91 EASTBOUND,WEIR CANYON ROAD,2000,E,N,C,-,Y,ORA,NA,91,NA,R,15.167,H,NA,R,Y,4,0,1,3,A,-,08,22107,NA,N,C,C,A,B,H,-,A,D,0,NA,NA,NA,NA,Y,NA,B,07,0,0,1,0,0,0,0,0,0,-,-,33.869781494140625,-117.73255920410156,ORANGE,ANAHEIM,-117.73260498046876,33.86968994140625
92159810,2023,2023-08-31,9675,2023-08-30,1235,015914,NA,3,1,6,3026,0,1,1,NA,2,407,I-405 NORTHBOUND,LAGUNA CANYON ROAD,300,N,N,A,-,Y,ORA,NA,405,NA,NA,2.281,H,NA,R,N,3,0,1,1,A,-,08,22107,NA,N,E,I,A,A,H,-,A,D,0,NA,NA,NA,NA,Y,NA,A,01,0,1,0,0,0,0,0,0,0,-,-,33.653350830078125,-117.7693099975586,ORANGE,IRVINE,-117.7693099975586,33.653343200683594
92160636,2023,2023-09-01,9675,2023-08-23,1820,020699,NA,3,2,7,3001,0,1,3,NA,2,093,SR-91 WESTBOUND,KRAEMER BLVD.,2600,W,N,A,-,Y,ORA,NA,91,NA,NA,6.817,H,NA,L,N,3,0,1,2,A,-,01,23152,A,N,C,C,A,A,H,-,A,D,0,NA,NA,NA,NA,Y,Y,A,01,0,1,0,0,0,0,0,0,0,-,-,33.84640121459961,-117.86443328857422,ORANGE,ANAHEIM,-117.86443328857422,33.84648132324219
9216066,2021,2021-03-11,3005,2021-01-17,1832,8095,C42,7,5,4,3005,0,0,0,NA,0,003,KATELLA AV,MERIDIAN DR,0,NA,Y,A,-,N,NA,NA,NA,NA,NA,NA,NA,NA,NA,N,4,0,3,3,A,-,09,21453,C,N,A,C,A,A,H,-,C,A,0,NA,NA,NA,NA,Y,NA,A,01,0,0,3,0,0,0,0,0,0,-,-,NA,NA,ORANGE,CYPRESS,-118.01434326171876,33.802974700927734
9216204,2020,2021-02-23,3008,2020-12-16,1817,1479,ZONE2,3,5,6,3008,0,0,0,NA,0,NA,HARBOR BL,KNEPP AV,60,N,N,A,-,NA,NA,NA,NA,NA,NA,NA,NA,NA,NA,Y,3,0,1,2,A,-,09,21804,A,N,D,C,A,A,H,-,C,D,0,NA,NA,Y,NA,Y,NA,D,22,0,1,0,0,0,0,0,0,1,-,-,NA,NA,ORANGE,FULLERTON,-117.92427825927734,33.8628044128418
92163189,2023,2023-09-06,9670,2023-08-28,930,014558,NA,1,1,6,3009,0,1,3,NA,2,024,SR-22 E/B (GARDEN GROVE FREEWAY),NEWHOPE STREET,100,E,N,A,-,Y,ORA,NA,22,NA,R,7.338,H,NA,R,N,4,0,2,3,A,-,03,22350,NA,N,C,C,A,A,H,-,A,A,0,NA,NA,NA,NA,Y,NA,A,01,0,0,2,0,0,0,0,0,0,-,-,33.766048431396484,-117.92878723144533,ORANGE,GARDEN GROVE,-117.92878723144533,33.76601791381836
92165504,2023,2023-09-08,9670,2023-09-04,125,022519,NA,1,3,7,3001,0,1,1,NA,2,052,I-5 N/B,LINCOLN AVE,500,N,N,A,-,Y,ORA,NA,5,NA,NA,39.026,H,NA,R,N,3,0,4,3,A,-,08,22107,NA,N,C,C,A,A,H,-,C,D,0,NA,NA,NA,NA,Y,NA,A,01,0,4,0,0,0,0,0,0,0,-,-,33.83332824707031,-117.93347930908205,ORANGE,ANAHEIM,-117.93342590332033,33.83340072631836
92169259,2023,2023-09-13,9675,2023-09-05,144,023337,NA,2,3,6,3015,0,1,3,NA,2,550,SR-55 SOUTHBOUND,CHAPMAN AVENUE,1450,N,N,A,-,Y,ORA,NA,55,NA,NA,14.057,H,NA,L,N,3,0,1,2,A,-,03,22350,NA,N,C,C,A,A,H,-,C,D,0,NA,NA,NA,NA,Y,NA,A,01,0,1,0,0,0,0,0,0,0,-,-,33.79283142089844,-117.83119201660156,ORANGE,ORANGE,-117.8311004638672,33.79283142089844
92170363,2023,2023-09-14,9690,2023-09-04,2140,016516,NA,1,2,5,3017,0,1,1,NA,2,059,I-5 N/B,EL CAMINO REAL,100,N,N,A,-,Y,ORA,NA,5,NA,NA,1.738,H,NA,R,Y,3,0,3,4,C,-,18,NA,NA,N,E,J,A,A,H,-,D,D,0,NA,NA,NA,NA,Y,NA,-,-,0,2,1,0,0,0,0,0,0,-,-,33.41944885253906,-117.60546875,ORANGE,SAN CLEMENTE,-117.60546875,33.41944885253906
9217511,2021,2021-03-10,3022,2021-01-15,0712,1368,NA,5,5,5,3022,0,0,0,NA,0,NA,RED HILL AV,SAN JUAN ST,0,NA,Y,A,-,N,NA,NA,NA,NA,NA,NA,NA,NA,NA,Y,3,0,2,2,A,-,09,21801,A,N,A,C,A,A,H,-,A,A,0,NA,NA,NA,NA,Y,NA,A,01,0,1,1,0,0,0,0,0,0,-,-,33.736000061035156,-117.81259155273438,ORANGE,TUSTIN,-117.81266021728516,33.73629379272461
9217514,2021,2021-03-10,3022,2021-01-08,1707,1309,NA,5,5,5,3022,0,0,0,NA,0,NA,MAIN ST,PACIFIC ST E,46,W,N,A,-,N,NA,NA,NA,NA,NA,NA,NA,NA,NA,N,2,0,1,2,A,-,01,23152,F,N,B,C,A,-,H,-,C,D,0,NA,NA,NA,NA,Y,NA,A,01,1,0,0,0,0,0,0,0,0,-,-,33.74197006225586,-117.82901000976563,ORANGE,TUSTIN,-117.82991790771484,33.742088317871094
92175399,2023,2023-09-20,9690,2023-09-09,1215,020066,NA,6,1,4,3018,0,1,3,NA,2,051,SR-1 (PCH),DOHENY PARK ROAD,150,S,N,A,-,Y,ORA,NA,1,NA,R,0.779,H,NA,R,N,4,0,2,2,A,-,03,22350,NA,N,C,C,A,A,H,-,A,D,0,NA,NA,NA,NA,Y,NA,A,07,0,0,2,0,0,0,0,0,0,-,-,33.464088439941406,-117.67890167236328,ORANGE,SAN JUAN CAPISTRANO,-117.67886352539063,33.46417236328125
92175411,2023,2023-09-20,9690,2023-09-10,35,021924,NA,7,3,9,3000,0,2,4,NA,2,037,LIVE  OAK CANYON  ROAD,MONASTERY ROAD,500,S,N,A,-,N,NA,NA,NA,NA,NA,NA,NA,NA,NA,Y,4,0,2,1,A,-,08,22107,NA,N,F,0,A,A,H,-,D,D,0,NA,NA,NA,NA,Y,NA,A,01,0,0,2,0,0,0,0,0,0,-,-,33.669368743896484,-117.60195922851563,ORANGE,UNINCORPORATED,-117.60195922851563,33.66935729980469
92175441,2023,2023-09-21,9675,2023-09-12,1515,019779,NA,2,2,6,3015,0,1,3,NA,2,551,SR-55 NORTHBOUND,LINCOLN AVE,2112,N,N,A,-,Y,ORA,NA,55,NA,NA,17.43,H,NA,R,N,4,0,1,2,A,-,08,22107,NA,N,B,C,A,A,H,-,A,D,0,NA,NA,NA,NA,Y,NA,D,22,0,0,1,0,0,0,0,0,0,-,-,33.84046936035156,-117.8324966430664,ORANGE,ORANGE,-117.83253479003906,33.84049606323242
92177074,2023,2023-09-22,9670,2023-09-19,850,016209,NA,2,1,5,3003,0,1,3,NA,2,091,SR-91 W/B (ARTESIA FREEWAY),HOLDER ST. PEDESTRIAN OVERCROSSING,300,W,N,B,-,Y,ORA,NA,91,NA,R,1.258,H,NA,L,Y,3,0,1,3,A,-,03,22350,NA,N,C,C,A,A,H,-,A,D,0,NA,NA,NA,NA,Y,NA,D,22,0,1,0,0,0,0,0,0,0,-,-,33.8560905456543,-118.02156829833984,ORANGE,BUENA PARK,-118.02156829833984,33.856021881103516
92178051,2023,2023-10-03,9675,2023-09-17,220,022398,NA,7,3,6,3026,0,1,1,NA,2,530,I-5 SOUTHBOUND,JEFFREY RD,1320,N,N,C,-,Y,ORA,NA,5,NA,R,25.244,H,NA,L,Y,3,0,2,2,A,-,03,22350,NA,F,C,2,A,B,H,-,D,D,0,NA,NA,NA,NA,Y,NA,-,99,0,1,1,0,0,0,0,0,0,-,-,33.693119049072266,-117.77053833007813,ORANGE,IRVINE,-117.77064514160156,33.69306945800781
9218435,2020,2021-02-19,3011,2020-12-31,1110,31241,84,4,5,4,3011,0,0,0,NA,0,003,RT 1,EAGLE ROCK WY,150,N,N,A,-,Y,ORA,12,1,-,-,5.88,H,-,N,N,3,0,1,2,A,-,09,21804,A,N,D,G,A,A,H,-,A,D,0,NA,Y,NA,NA,Y,NA,A,07,0,1,0,0,0,0,1,0,0,-,-,NA,NA,ORANGE,LAGUNA BEACH,-117.74539184570313,33.503936767578125
92184990,2023,2023-10-02,9675,2023-09-22,1630,023310,NA,5,2,7,3019,0,1,1,NA,2,502,I-5 NORTHBOUND,GRAND AVENUE,490,N,N,A,-,Y,ORA,NA,5,NA,NA,31.892,H,NA,R,Y,4,0,1,2,A,-,03,22350,NA,N,C,C,A,A,H,-,A,D,0,NA,NA,NA,NA,Y,NA,A,01,0,0,1,0,0,0,0,0,0,-,-,33.75579071044922,-117.85346221923828,ORANGE,SANTA ANA,-117.85344696044922,33.75580978393555
92187549,2023,2023-10-02,9670,2023-09-30,2211,021900,NA,6,3,7,3001,0,1,1,NA,2,500,I-5 N/B,BROOKHURST ST,0.5,N,N,A,-,Y,ORA,NA,5,NA,NA,41.328,H,NA,R,Y,4,0,2,2,A,-,03,22350,NA,N,C,C,A,A,H,-,C,D,0,NA,NA,NA,NA,Y,NA,A,01,0,0,2,0,0,0,0,0,0,-,-,33.85013961791992,-117.96781158447266,ORANGE,ANAHEIM,-117.9678192138672,33.85013198852539
92187787,2023,2023-10-02,9670,2023-09-29,1315,018180,NA,5,1,7,3001,0,1,3,NA,2,093,SR-91 W/B (RIVERSIDE FREEWAY),BROOKHURST ST.,2112,E,N,A,-,Y,ORA,NA,91,NA,NA,1.65,H,NA,L,Y,3,0,1,2,A,-,08,22107,NA,N,B,C,A,A,H,-,A,D,0,NA,NA,NA,Y,Y,NA,B,01,0,1,0,0,0,0,0,0,0,-,-,33.8542594909668,-117.9521484375,ORANGE,ANAHEIM,-117.9521484375,33.854122161865234
9218960,2020,2021-02-22,3009,2020-12-24,1911,4720,063,4,5,6,3009,0,0,0,NA,0,1-2,LAMPSON AV,ARROWHEAD ST,0,NA,Y,A,-,N,NA,NA,NA,NA,NA,NA,NA,NA,NA,N,4,0,1,2,A,-,08,22107,NA,N,D,C,A,A,H,-,C,D,0,NA,NA,NA,NA,Y,NA,D,22,0,0,1,0,0,0,0,0,0,-,-,NA,NA,ORANGE,GARDEN GROVE,-117.9873275756836,33.781131744384766
9219429,2021,2021-03-18,3000,2021-01-15,1035,5013,951J5,5,5,5,3040,0,0,0,NA,0,741,TESSIER ST,HIDDEN HILLS RD,340,S,N,A,-,N,NA,NA,NA,NA,NA,NA,NA,NA,NA,Y,2,0,1,4,A,-,08,22107,NA,N,B,E,A,A,H,-,A,D,0,NA,NA,NA,NA,Y,NA,A,01,1,0,0,0,0,0,0,0,0,-,-,NA,NA,ORANGE,LAGUNA NIGUEL,-117.68730926513672,33.527957916259766
92195317,2023,2023-10-10,9675,2023-10-01,1420,021960,NA,7,2,6,3004,0,1,3,NA,2,553,SR-55 SOUTHBOUND,SR-73,1584,N,N,A,-,Y,ORA,NA,55,NA,R,5.05,H,NA,L,N,3,0,1,1,C,-,18,NA,NA,N,F,A,A,A,H,-,A,D,0,NA,NA,Y,NA,Y,NA,-,-,0,1,0,0,0,0,0,0,1,-,-,33.676788330078125,-117.88247680664063,ORANGE,COSTA MESA,-117.88242340087892,33.67675018310547
92195818,2023,2023-10-11,9675,2023-10-03,912,023341,NA,2,1,7,3001,0,1,3,NA,2,093,SR-91 WESTBOUND,KRAMER BLVD,1300,E,N,A,-,Y,ORA,NA,91,NA,NA,7.618,H,NA,L,Y,4,0,1,3,A,-,03,22350,NA,N,C,C,A,A,H,-,A,D,0,NA,NA,NA,NA,Y,NA,A,07,0,0,1,0,0,0,0,0,0,-,-,33.84917068481445,-117.85114288330078,ORANGE,ANAHEIM,-117.8511199951172,33.849098205566406
9219613,2020,2021-02-23,3000,2020-12-25,1135,10422,891F7,5,5,4,3045,0,0,0,NA,0,847,AVANEDA DE LA CAROLTA,PLAZA LN,0,NA,Y,A,-,N,NA,NA,NA,NA,NA,NA,NA,NA,NA,Y,4,0,1,1,A,-,08,22107,NA,N,E,I,A,A,H,-,A,A,0,NA,NA,NA,NA,Y,NA,A,01,0,0,1,0,0,0,0,0,0,-,-,NA,NA,ORANGE,LAGUNA HILLS,NA,NA
92197048,2023,2023-10-12,9670,2023-10-05,820,020523,NA,4,1,6,3008,0,1,1,NA,2,501,I-5 S/B,LA PALMA AVE,25,N,N,A,-,Y,ORA,NA,5,NA,NA,40.946,H,NA,L,Y,4,0,2,3,A,-,03,22350,NA,N,C,C,A,A,H,-,A,D,0,NA,NA,NA,NA,Y,NA,A,01,0,0,2,0,0,0,0,0,0,-,-,33.84722900390625,-117.96266174316406,ORANGE,FULLERTON,-117.96268463134766,33.84719467163086
92197531,2023,2023-10-12,9670,2023-09-29,1900,021355,NA,5,2,9,3000,0,1,1,NA,2,040,W. BROADWAY (2200 BLOCK),BROOKHURST ST,1056,W,N,A,-,N,NA,NA,NA,NA,NA,NA,NA,NA,NA,N,4,0,1,2,A,-,03,22350,NA,N,C,C,A,A,H,-,A,D,0,NA,NA,NA,NA,Y,NA,A,01,0,0,1,0,0,0,0,0,0,-,-,33.828861236572266,-117.96102905273438,ORANGE,UNINCORPORATED,-117.96241760253906,33.828834533691406
92198739,2023,2023-10-13,9675,2023-10-06,722,023116,NA,5,1,6,3004,0,1,3,NA,2,553,SR-55 SOUTHBOUND,PAULARINO AVENUE,35,S,N,A,-,Y,ORA,NA,55,NA,R,5.504,H,NA,L,Y,4,0,1,2,A,-,08,22107,NA,N,C,C,A,A,H,-,A,D,0,NA,NA,NA,NA,Y,NA,A,08,0,0,1,0,0,0,0,0,0,-,-,33.68190002441406,-117.87763214111328,ORANGE,COSTA MESA,-117.8776397705078,33.681907653808594
92201614,2023,2023-10-18,9675,2023-10-09,521,019599,NA,1,3,6,3026,0,1,1,NA,2,503,I-5 SOUTHBOUND,CULVER DR.,1600,N,N,A,-,Y,ORA,NA,5,NA,R,26.991,H,NA,L,Y,4,0,1,2,A,-,03,22350,NA,N,C,C,A,A,H,-,A,D,0,NA,NA,NA,NA,Y,NA,D,22,0,0,1,0,0,0,0,0,0,-,-,33.71397018432617,-117.78724670410156,ORANGE,IRVINE,-117.78728485107422,33.713932037353516
92205810,2023,2023-10-23,9690,2023-10-11,815,017988,NA,3,1,4,3045,0,1,1,NA,2,055,I-5 S/B (SAN DIEGO FRWY),LOS ALISOS BLVD.,2000,S,N,B,-,Y,ORA,NA,5,NA,NA,17.881,H,NA,L,Y,3,0,2,3,A,-,03,22350,NA,N,C,C,A,A,H,-,A,D,0,NA,NA,NA,NA,Y,NA,D,22,0,1,1,0,0,0,0,0,0,-,-,33.60755157470703,-117.69656372070313,ORANGE,LAGUNA HILLS,-117.69654846191406,33.607566833496094
92206243,2023,2023-10-23,9675,2023-10-14,540,022222,NA,6,3,7,3019,0,1,1,NA,2,502,I-5 N/B TO 4TH STREET,4TH STREET,100,S,N,B,-,Y,ORA,NA,5,NA,NA,30.872,H,NA,R,N,2,0,1,2,A,-,11,21954,A,F,G,B,E,A,H,-,D,D,0,Y,NA,NA,NA,Y,NA,N,60,1,0,0,0,1,0,0,0,0,-,-,33.7452392578125,-117.84182739257813,ORANGE,SANTA ANA,-117.84196472167967,33.745182037353516
92207966,2023,2023-10-25,9670,2023-10-10,1747,020505,NA,2,2,7,3001,0,1,3,NA,2,193,SR-91 W/B,STATE COLLEGE BLVD,50,W,N,A,-,Y,ORA,NA,91,NA,NA,5.24,H,NA,L,N,4,0,1,3,A,-,03,22350,NA,M,C,C,A,A,H,-,A,D,0,NA,NA,NA,NA,Y,NA,-,99,0,0,1,0,0,0,0,0,0,-,-,33.854251861572266,-117.8898696899414,ORANGE,ANAHEIM,-117.8898696899414,33.85430908203125
9222235,2021,2021-03-22,3000,2021-01-15,1215,2731,797J4,5,5,4,3021,0,0,0,NA,0,024,BEACH BL,BEVER PL,356,S,N,A,-,Y,ORA,12,39,-,-,9.79,H,-,S,Y,3,0,1,1,D,-,00,NA,NA,N,F,I,A,A,H,-,A,-,0,NA,NA,NA,NA,Y,NA,-,-,0,1,0,0,0,0,0,0,0,-,-,NA,NA,ORANGE,STANTON,-117.99308013916016,33.790008544921875
9222291,2020,2021-03-23,3000,2020-12-13,1640,10392,798A4,7,5,4,3021,0,0,0,NA,0,223,GARDEN GROVE BL,BEACH BL,0,NA,Y,A,-,Y,ORA,12,39,-,-,8.665,I,5,S,Y,4,0,1,2,A,-,12,21453,A,F,D,C,A,A,H,-,A,A,0,NA,NA,NA,NA,Y,NA,A,01,0,0,1,0,0,0,0,0,0,-,-,NA,NA,ORANGE,STANTON,-117.99292755126952,33.77363586425781
9222300,2021,2021-04-07,3012,2021-03-04,1533,649,37,4,5,5,3012,0,0,0,NA,0,003,BEACH BL,HILLSBORUGH,858,N,N,A,-,Y,ORA,12,39,-,-,18.49,H,-,N,N,4,0,1,2,A,-,03,22350,NA,N,C,C,A,A,H,-,A,A,0,NA,NA,NA,NA,Y,NA,A,01,0,0,1,0,0,0,0,0,0,-,-,NA,NA,ORANGE,LA HABRA,-117.97602081298828,33.90999984741211
92223911,2023,2023-10-31,9690,2023-10-29,1834,020349,NA,7,2,9,3000,0,1,3,NA,1,074,SR-74,LUCAS CANYON RD,2640,W,N,A,-,N,NA,NA,NA,NA,NA,NA,NA,NA,NA,Y,4,0,1,1,A,-,01,23152,A,N,F,A,A,A,H,-,D,D,0,NA,NA,NA,NA,Y,Y,A,01,0,0,1,0,0,0,0,0,0,-,-,33.55522918701172,-117.54921722412108,ORANGE,UNINCORPORATED,-117.54920959472656,33.55522918701172