CASE_ID,ACCIDENT_YEAR,PROC_DATE,JURIS,COLLISION_DATE,COLLISION_TIME,OFFICER_ID,REPORTING_DISTRICT,DAY_OF_WEEK,CHP_SHIFT,POPULATION,CNTY_CITY_LOC,SPECIAL_COND,BEAT_TYPE,CHP_BEAT_TYPE,CITY_DIVISION_LAPD,CHP_BEAT_CLASS,BEAT_NUMBER,PRIMARY_RD,SECONDARY_RD,DISTANCE,DIRECTION,INTERSECTION,WEATHER_1,WEATHER_2,STATE_HWY_IND,CALTRANS_COUNTY,CALTRANS_DISTRICT,STATE_ROUTE,ROUTE_SUFFIX,POSTMILE_PREFIX,POSTMILE,LOCATION_TYPE,RAMP_INTERSECTION,SIDE_OF_HWY,TOW_AWAY,COLLISION_SEVERITY,NUMBER_KILLED,NUMBER_INJURED,PARTY_COUNT,PRIMARY_COLL_FACTOR,PCF_CODE_OF_VIOL,PCF_VIOL_CATEGORY,PCF_VIOLATION,PCF_VIOL_SUBSECTION,HIT_AND_RUN,TYPE_OF_COLLISION,MVIW,PED_ACTION,ROAD_SURFACE,ROAD_COND_1,ROAD_COND_2,LIGHTING,CONTROL_DEVICE,CHP_ROAD_TYPE,PEDESTRIAN_ACCIDENT,BICYCLE_ACCIDENT,MOTORCYCLE_ACCIDENT,TRUCK_ACCIDENT,NOT_PRIVATE_PROPERTY,ALCOHOL_INVOLVED,STWD_VEHTYPE_AT_FAULT,CHP_VEHTYPE_AT_FAULT,COUNT_SEVERE_INJ,COUNT_VISIBLE_INJ,COUNT_COMPLAINT_PAIN,COUNT_PED_KILLED,COUNT_PED_INJURED,COUNT_BICYCLIST_KILLED,COUNT_BICYCLIST_INJURED,COUNT_MC_KILLED,COUNT_MC_INJURED,PRIMARY_RAMP,SECONDARY_RAMP,LATITUDE,LONGITUDE,COUNTY,CITY,POINT_X,POINT_Y
92224535,2023,2023-10-31,9675,2023-10-21,1710,021960,NA,6,2,4,3002,0,1,3,NA,2,570,SR-57 SOUTHBOUND TO LAMBERT RD.,LAMBERT RD.,180,N,N,A,-,Y,NA,NA,NA,NA,NA,NA,NA,NA,NA,N,4,0,1,3,A,-,03,22350,NA,N,C,C,A,A,H,-,A,D,0,NA,NA,NA,NA,Y,NA,D,22,0,0,1,0,0,0,0,0,0,-,-,33.92591857910156,-117.88105010986328,ORANGE,BREA,-117.88105010986328,33.92591857910156
92226225,2023,2023-11-02,9670,2023-10-19,1710,019304,NA,4,2,5,3007,0,1,1,NA,2,041,I-405 S/B,WARNER AVE,20,N,N,A,-,Y,ORA,NA,405,NA,NA,14.837,H,NA,L,Y,2,0,2,1,A,-,08,22107,NA,N,F,A,A,A,D,-,A,D,0,NA,NA,NA,NA,Y,NA,A,07,1,1,0,0,0,0,0,0,0,-,-,33.71614074707031,-117.96752166748048,ORANGE,FOUNTAIN VALLEY,-117.967529296875,33.71613311767578
92227905,2023,2023-11-03,9675,2023-10-31,1600,019779,NA,2,2,6,3026,0,1,1,NA,2,407,I-405 SOUTHBOUND,JEFFREY RD,1636,N,N,A,-,Y,ORA,NA,405,NA,NA,4.274,H,NA,L,N,4,0,1,2,A,-,03,22350,NA,N,C,A,A,A,H,-,A,D,0,NA,NA,NA,NA,Y,NA,A,08,0,0,1,0,0,0,0,0,0,-,-,33.66400146484375,-117.80065155029295,ORANGE,IRVINE,-117.80063629150392,33.66407775878906
92229350,2023,2023-11-06,9675,2023-10-28,1535,021305,NA,6,2,7,3019,0,1,3,NA,2,052,SR-55 NORTHBOUND,DYER ROAD,581,S,N,A,-,Y,ORA,NA,55,NA,R,7.749,H,NA,R,N,4,0,3,4,A,-,03,22350,NA,N,C,C,A,A,H,-,A,D,0,NA,NA,NA,NA,Y,NA,A,07,0,0,3,0,0,0,0,0,0,-,-,33.707210540771484,-117.85308837890624,ORANGE,SANTA ANA,-117.85301971435548,33.70716094970703
92229491,2023,2023-11-07,9675,2023-10-29,530,021397,NA,7,3,7,3019,0,1,3,NA,2,552,SR-55 SOUTHBOUND,EDINGER AVE.,1700,S,N,A,-,Y,ORA,NA,55,NA,R,9.124,H,NA,L,Y,4,0,2,2,A,-,07,21658,A,N,C,C,A,A,H,-,C,D,0,NA,NA,NA,Y,Y,NA,A,01,0,0,2,0,0,0,0,0,0,-,-,33.722591400146484,-117.83802032470705,ORANGE,SANTA ANA,-117.83800506591795,33.72257995605469
92231141,2023,2023-11-08,9690,2023-10-28,1815,020038,NA,6,2,9,3000,0,3,5,NA,2,003,TRABUCO CREEK ROAD,TRABUCO CANYON ROAD,13200,E,N,A,-,N,NA,NA,NA,NA,NA,NA,NA,NA,NA,Y,4,0,1,1,A,-,08,22107,NA,N,E,I,A,A,H,-,B,D,0,NA,NA,NA,NA,Y,NA,A,07,0,0,1,0,0,0,0,0,0,-,-,33.672080993652344,-117.55197143554688,ORANGE,UNINCORPORATED,-117.5488052368164,33.67366027832031
92232352,2023,2023-11-09,9670,2023-11-02,1430,020809,NA,4,2,6,3009,0,1,3,NA,2,025,STATE ROUTE 22 WESTBOUND,HARBOR BOULEVARD,100,W,N,A,-,Y,ORA,NA,22,NA,R,7.813,H,NA,L,N,4,0,1,2,A,-,08,22107,NA,N,B,C,A,A,H,-,A,D,0,NA,NA,NA,NA,Y,NA,A,07,0,0,1,0,0,0,0,0,0,-,-,33.76771926879883,-117.9209213256836,ORANGE,GARDEN GROVE,-117.92091369628906,33.7677001953125
92234469,2023,2023-11-13,9690,2023-11-01,1446,021875,NA,3,2,9,3000,0,2,4,NA,2,034,ANTONIO PKWY,SEACOUNTY LN,150,N,N,A,-,N,NA,NA,NA,NA,NA,NA,NA,NA,NA,N,4,0,2,2,A,-,03,22350,NA,N,C,C,A,A,H,-,A,A,0,NA,NA,NA,NA,Y,NA,A,01,0,0,2,0,0,0,0,0,0,-,-,33.589149475097656,-117.62860107421876,ORANGE,UNINCORPORATED,-117.62860107421876,33.58908462524414
92235624,2023,2023-11-14,9675,2023-11-07,915,017998,NA,2,1,6,3026,0,1,1,NA,2,504,I-5 NORTHBOUND,YALE AVE,1100,S,N,B,-,Y,ORA,NA,5,NA,R,25.594,H,NA,R,Y,3,0,3,4,A,-,03,22350,NA,N,C,C,A,A,H,-,A,D,0,NA,NA,NA,NA,Y,NA,A,01,0,1,2,0,0,0,0,0,0,-,-,33.69765853881836,-117.77332305908205,ORANGE,IRVINE,-117.77326202392578,33.697689056396484
92235675,2023,2023-11-14,9675,2023-11-07,1355,020851,NA,2,1,6,3004,0,1,3,NA,2,553,SR-55 N/B TO I-405 S/B,I-405 SOUTHBOUND,565,S,N,A,-,Y,NA,NA,NA,NA,NA,NA,NA,NA,NA,N,4,0,1,2,A,-,03,22350,NA,F,C,C,A,A,H,-,A,D,0,NA,NA,NA,NA,Y,NA,A,01,0,0,1,0,0,0,0,0,0,-,-,33.6855583190918,-117.87272644042967,ORANGE,COSTA MESA,-117.87272644042967,33.6855583190918
9223709,2021,2021-03-29,3009,2021-01-09,1433,4021,NA,6,5,6,3009,0,0,0,NA,0,1-3,GARDEN GROVE,VILLAGE RD,0,NA,Y,A,-,N,NA,NA,NA,NA,NA,NA,NA,NA,NA,N,4,0,1,2,A,-,09,21801,A,N,D,C,A,A,H,-,A,A,0,NA,NA,NA,NA,Y,NA,D,22,0,0,1,0,0,0,0,0,0,-,-,NA,NA,ORANGE,GARDEN GROVE,-117.96450042724608,33.77399444580078
92238924,2023,2023-11-17,9670,2023-11-14,1516,019290,NA,2,2,4,3020,0,1,1,NA,2,044,I-405 N/B,I-605 N/B O/C,50,S,N,A,-,Y,ORA,NA,405,NA,NA,23.997,H,NA,R,Y,4,0,1,3,A,-,07,21658,A,N,B,C,A,A,H,-,A,A,0,NA,NA,NA,NA,Y,NA,A,07,0,0,1,0,0,0,0,0,0,-,-,33.783851623535156,-118.09127807617188,ORANGE,SEAL BEACH,-118.09127807617188,33.783851623535156
92239226,2023,2023-11-17,9670,2023-11-14,1230,016454,NA,2,1,6,3009,0,1,3,NA,2,024,SR-22 E/B,HARBOR BLVD,200,W,N,B,-,Y,ORA,NA,22,NA,R,7.787,H,NA,R,Y,4,0,4,8,A,-,03,22350,NA,N,C,C,A,A,H,-,A,D,0,NA,NA,NA,NA,Y,NA,A,01,0,0,4,0,0,0,0,0,0,-,-,33.767459869384766,-117.92106628417967,ORANGE,GARDEN GROVE,-117.92106628417967,33.767452239990234
92242060,2023,2023-11-21,9675,2023-11-14,1338,021377,NA,2,1,5,3016,0,1,3,NA,2,571,SR-57 SOUTHBOUND,LA JOLLA ST,200,N,N,A,-,Y,ORA,NA,57,NA,NA,16.177,H,NA,L,Y,3,0,1,2,A,-,03,22350,NA,N,C,C,A,A,H,-,A,D,0,NA,NA,NA,NA,Y,NA,A,01,0,1,0,0,0,0,0,0,0,-,-,33.85805892944336,-117.87650299072266,ORANGE,PLACENTIA,-117.87637329101563,33.85808181762695
92245290,2023,2023-11-27,9690,2023-11-15,1855,020236,NA,3,2,4,3018,0,1,1,NA,2,057,I-5 S/B (SAN DIEGO FRWY),SR-73,4350,S,N,C,-,Y,ORA,NA,5,NA,NA,11.833,H,NA,L,Y,4,0,1,2,A,-,08,22107,NA,N,B,C,A,B,H,-,C,D,0,NA,NA,NA,Y,Y,NA,-,-,0,0,1,0,0,0,0,0,0,-,-,33.531211853027344,-117.67417907714844,ORANGE,SAN JUAN CAPISTRANO,-117.67438507080078,33.53113555908203
92246873,2023,2023-11-28,9675,2023-11-19,1555,022639,NA,7,2,7,3001,0,1,3,NA,2,094,SR 91 WESTBOUND,IMPERIAL HWY,1000,E,N,A,-,Y,ORA,NA,91,NA,R,11.872,H,NA,L,N,4,0,2,2,A,-,03,22350,NA,N,C,C,A,A,H,-,A,D,0,NA,NA,NA,NA,Y,NA,D,22,0,0,2,0,0,0,0,0,0,-,-,33.85662078857422,-117.78530883789063,ORANGE,ANAHEIM,-117.78529357910156,33.85659408569336
92248216,2023,2023-11-29,9675,2023-11-25,1800,021716,NA,6,2,7,3019,0,1,3,NA,2,551,SR-55 NORTHBOUND,MCFADDEN AVE,110,N,N,A,-,Y,ORA,NA,55,NA,R,9.989,H,NA,R,N,4,0,1,2,A,-,08,22107,NA,N,B,C,A,A,H,-,C,D,0,NA,NA,NA,NA,Y,NA,A,07,0,0,1,0,0,0,0,0,0,-,-,33.734249114990234,-117.83363342285156,ORANGE,SANTA ANA,-117.83359527587892,33.734249114990234
92252043,2023,2023-12-04,9675,2023-11-23,1552,023521,NA,4,2,7,3001,0,1,3,NA,2,095,SR-91 EASTBOUND,GYPSUM CANYON ROAD,3168,E,N,A,-,Y,ORA,NA,91,NA,R,16.944,H,NA,R,N,3,0,2,2,A,-,08,22107,NA,N,C,C,A,A,H,-,A,D,0,NA,NA,NA,NA,Y,NA,A,01,0,1,1,0,0,0,0,0,0,-,-,33.870521545410156,-117.70342254638672,ORANGE,ANAHEIM,-117.70336151123048,33.87042999267578
9225417,2021,2021-03-18,3004,2021-01-29,0708,P510,07,5,5,6,3004,0,0,0,NA,0,015,E BAY ST,NEWPORT BL,125,E,N,B,-,N,NA,NA,NA,NA,NA,NA,NA,NA,NA,Y,4,0,1,3,A,-,09,21804,A,N,D,C,A,B,H,-,A,D,0,NA,NA,NA,NA,Y,NA,D,22,0,0,1,0,0,0,0,0,0,-,-,33.647830963134766,-117.9117431640625,ORANGE,COSTA MESA,-117.91259002685548,33.64780807495117
92256985,2023,2023-12-08,9670,2023-12-01,418,022519,NA,5,3,4,3020,0,1,1,NA,2,044,I-405 N/B,SEAL BEACH BLVD,500,S,N,A,-,Y,ORA,NA,405,NA,NA,21.8,H,NA,R,N,3,0,1,3,A,-,03,22350,NA,M,C,C,A,A,H,-,C,D,0,NA,NA,NA,NA,Y,NA,-,-,0,1,0,0,0,0,0,0,0,-,-,33.77449035644531,-118.060302734375,ORANGE,SEAL BEACH,-118.060302734375,33.77449417114258
92262539,2023,2023-12-14,9675,2023-12-12,1113,018087,NA,2,1,6,3026,0,1,3,NA,2,130,SR-133 NORTHBOUND,IRVINE BLVD,2218,N,N,A,-,Y,ORA,NA,133,NA,NA,12.339,H,NA,R,N,4,0,1,2,A,-,07,21658,A,N,B,C,A,A,H,-,A,D,0,NA,NA,NA,NA,Y,NA,A,08,0,0,1,0,0,0,0,0,0,-,-,33.701568603515625,-117.7306671142578,ORANGE,IRVINE,-117.73063659667967,33.70154571533203
92265295,2023,2023-12-18,9675,2023-12-08,1635,020699,NA,5,2,6,3004,0,1,3,NA,2,553,SR-55 SOUTHBOUND,BAKER ST.,500,S,N,A,-,Y,ORA,NA,55,NA,R,5.302,H,NA,L,N,4,0,2,2,A,-,03,22350,NA,N,C,C,A,A,H,-,A,D,0,NA,NA,NA,NA,Y,NA,A,01,0,0,2,0,0,0,0,0,0,-,-,33.679588317871094,-117.87982940673828,ORANGE,COSTA MESA,-117.87982940673828,33.679588317871094
9226748,2021,2021-04-13,3008,2021-01-17,2250,1526,ZONE2,7,5,6,3008,0,0,0,NA,0,NA,HARBOR BL,LAS PALMAS DR,0,NA,Y,A,-,N,NA,NA,NA,NA,NA,NA,NA,NA,NA,Y,4,0,1,2,A,-,12,21453,A,N,D,C,A,A,H,-,C,A,0,NA,NA,NA,NA,Y,NA,A,01,0,0,1,0,0,0,0,0,0,-,-,NA,NA,ORANGE,FULLERTON,-117.93140411376952,33.91203689575195
92267682,2023,2023-12-20,9670,2023-12-14,1005,018278,NA,4,1,6,3009,0,1,3,NA,2,021,SR-22 W/B,VALLEY VIEW ST,479,W,N,A,-,Y,ORA,NA,22,NA,R,0.823,H,NA,L,N,4,0,1,2,A,-,03,22350,NA,N,C,C,A,A,H,-,A,D,0,NA,NA,NA,NA,Y,NA,A,01,0,0,1,0,0,0,0,0,0,-,-,33.774810791015625,-118.03917694091795,ORANGE,GARDEN GROVE,-118.03917694091795,33.774837493896484
92268069,2023,2023-12-21,9690,2023-12-11,825,023571,NA,1,1,4,3045,0,1,1,NA,2,055,I-5 S/B (SAN DIEGO FRWY),LOS ALISOS BLVD,100,S,N,A,-,Y,ORA,NA,5,NA,NA,17.953,H,NA,L,Y,4,0,2,2,A,-,03,22350,NA,N,C,C,A,A,H,-,A,D,0,NA,NA,NA,NA,Y,NA,A,07,0,0,2,0,0,0,0,0,0,-,-,33.607948303222656,-117.69772338867188,ORANGE,LAGUNA HILLS,-117.69766998291016,33.608036041259766
92270744,2023,2023-12-26,9670,2023-12-16,915,021272,NA,6,1,9,3000,0,3,5,NA,2,004,GILBERT ST,PACIFIC AVE.,0,NA,Y,A,-,N,NA,NA,NA,NA,NA,NA,NA,NA,NA,Y,4,0,1,2,A,-,09,21800,A,N,D,C,A,A,H,-,A,D,0,NA,NA,NA,NA,Y,NA,A,01,0,0,1,0,0,0,0,0,0,-,-,33.80718994140625,-117.96758270263672,ORANGE,UNINCORPORATED,-117.9675750732422,33.807743072509766
92273432,2023,2023-12-28,9690,2023-12-16,805,019426,NA,6,1,5,3017,0,1,1,NA,2,059,I-5 N/B,AVE PICO,1214,S,N,A,-,Y,ORA,NA,5,NA,NA,3.141,H,NA,R,Y,3,0,1,1,A,-,03,22350,NA,N,F,A,A,A,H,-,A,D,0,NA,NA,NA,NA,Y,NA,A,01,0,1,0,0,0,0,0,0,0,-,-,33.43666076660156,-117.61858367919922,ORANGE,SAN CLEMENTE,-117.61865234375,33.43660354614258
9227456,2021,2021-04-19,3012,2021-03-06,0903,669,NA,6,5,5,3012,0,0,0,NA,0,NA,W 1ST AV,HAZEL,0,NA,Y,A,-,N,NA,NA,NA,NA,NA,NA,NA,NA,NA,Y,3,0,5,2,A,-,09,21804,A,N,D,C,A,A,H,-,A,-,0,NA,NA,NA,NA,Y,NA,A,01,0,5,0,0,0,0,0,0,0,-,-,NA,NA,ORANGE,LA HABRA,-117.9493408203125,33.93084716796875
92275237,2023,2023-12-29,9675,2023-12-21,1710,018985,NA,4,2,6,3026,0,1,1,NA,2,406,I-405 N/B,YALE AVE.,450,N,N,B,-,Y,ORA,NA,405,NA,NA,4.751,H,NA,R,N,4,0,1,2,A,-,07,21658,A,N,B,C,A,A,H,-,C,D,0,NA,NA,Y,NA,Y,NA,A,01,0,0,1,0,0,0,0,0,1,-,-,33.665531158447266,-117.80856323242188,ORANGE,IRVINE,-117.80856323242188,33.6655158996582
92280294,2023,2024-01-05,9675,2023-12-27,1658,021274,NA,3,2,7,3001,0,1,3,NA,2,093,STATE ROUTE 91 E/B,RIVERDALE AVENUE,270,W,N,A,-,Y,ORA,NA,91,NA,NA,8.776,H,NA,R,N,3,0,3,7,A,-,03,22350,NA,N,B,C,A,A,H,-,B,D,0,NA,NA,NA,NA,Y,NA,A,07,0,1,2,0,0,0,0,0,0,-,-,33.8477897644043,-117.83293151855467,ORANGE,ANAHEIM,-117.8330078125,33.847721099853516
92284266,2024,2024-01-10,9675,2024-01-03,950,021305,NA,3,1,7,3019,0,1,1,NA,2,502,I-5 SOUTHBOUND,GRAND AVE,275,N,N,B,-,Y,ORA,NA,5,NA,NA,31.849,H,NA,L,N,4,0,1,2,A,-,03,22350,NA,N,C,C,A,B,H,-,A,D,0,NA,NA,NA,NA,Y,NA,A,01,0,0,1,0,0,0,0,0,0,-,-,33.7551383972168,-117.85292053222656,ORANGE,SANTA ANA,-117.85294342041016,33.755104064941406
92284688,2024,2024-01-11,9670,2024-01-06,218,022226,NA,6,3,7,3001,0,1,3,NA,2,094,SR-91 E/B (RIVERSIDE FREEWAY),STATE COLLEGE BOULEVARD,1300,W,N,A,-,Y,ORA,NA,91,NA,NA,4.994,H,NA,R,Y,4,0,1,2,A,-,03,22350,NA,N,C,D,A,A,H,-,C,D,0,NA,NA,NA,NA,Y,NA,A,01,0,0,1,0,0,0,0,0,0,-,-,33.85408020019531,-117.89409637451172,ORANGE,ANAHEIM,-117.8940887451172,33.8539924621582
92285134,2024,2024-01-11,9675,2024-01-03,1832,018983,NA,3,2,6,3004,0,1,1,NA,2,405,I-405 SOUTHBOUND,HARBOR BOULEVARD,50,S,N,A,-,Y,ORA,NA,405,NA,NA,11.442,H,NA,L,Y,4,0,3,2,A,-,08,22107,NA,N,D,C,A,B,H,-,C,D,0,NA,NA,NA,NA,Y,NA,A,01,0,0,3,0,0,0,0,0,0,-,-,33.68893051147461,-117.91895294189452,ORANGE,COSTA MESA,-117.91897583007813,33.68886184692383
92285981,2024,2024-01-12,9675,2024-01-04,1645,023128,NA,4,2,7,3001,0,1,3,NA,2,240,SR-241 NORTHBOUND,SR-91 EASTBOUND,7300,S,N,A,-,Y,ORA,NA,241,NA,NA,37.573,H,NA,R,N,4,0,1,2,A,-,08,22107,NA,N,B,C,A,A,H,-,B,D,0,NA,NA,Y,NA,Y,NA,C,02,0,0,1,0,0,0,0,0,1,-,-,33.84598159790039,-117.7168426513672,ORANGE,ANAHEIM,-117.71676635742188,33.84598159790039
92287789,2023,2024-01-16,9690,2023-12-29,2313,022377,NA,5,3,4,3018,0,1,1,NA,2,057,I-5 S/B (SAN DIEGO FRWY),JUNIPERO SERRA ROAD,800,S,N,A,-,Y,ORA,NA,5,NA,NA,10.76,H,NA,L,Y,4,0,1,3,A,-,07,21658,A,N,B,C,A,A,H,-,D,D,0,NA,NA,NA,Y,Y,NA,A,01,0,0,1,0,0,0,0,0,0,-,-,33.518280029296875,-117.66494750976563,ORANGE,SAN JUAN CAPISTRANO,-117.66493988037108,33.51828384399414
92288025,2024,2024-01-16,9675,2024-01-06,1010,016748,NA,6,1,5,3016,0,1,3,NA,2,571,SR-57 NORTHBOUND,LA JOLLA STREET,200,N,N,A,-,Y,ORA,NA,57,NA,NA,16.152,H,NA,R,N,4,0,1,2,A,-,03,22350,NA,N,C,C,A,A,H,-,A,D,0,NA,NA,NA,NA,Y,NA,A,01,0,0,1,0,0,0,0,0,0,-,-,33.857879638671875,-117.87574768066406,ORANGE,PLACENTIA,-117.87586975097656,33.857852935791016
92288480,2024,2024-01-16,9675,2024-01-06,1443,023523,NA,6,2,6,3004,0,1,1,NA,2,405,I-405 SOUTHBOUND,BRISTOL ST,1160,S,N,A,-,Y,ORA,NA,405,NA,NA,9.277,H,NA,L,Y,4,0,1,2,A,-,03,22350,NA,N,C,C,A,A,H,-,A,D,0,NA,NA,NA,NA,Y,NA,A,01,0,0,1,0,0,0,0,0,0,-,-,33.687198638916016,-117.88159942626952,ORANGE,COSTA MESA,-117.88159942626952,33.6872444152832
92292219,2024,2024-01-22,9675,2024-01-13,1730,022922,NA,6,2,7,3019,0,1,1,NA,2,503,I-5 SOUTHBOUND,1ST STREET,170,S,N,A,-,Y,ORA,NA,5,NA,NA,30.86,H,NA,L,N,4,0,1,2,A,-,03,22350,NA,N,C,C,A,A,H,-,B,D,0,NA,NA,NA,NA,Y,NA,A,01,0,0,1,0,0,0,0,0,0,-,-,33.74504089355469,-117.84230041503906,ORANGE,SANTA ANA,-117.84224700927734,33.745059967041016
9229367,2021,2021-03-23,3022,2021-01-21,1500,1193,NORTH,4,5,5,3022,0,0,0,NA,0,NA,MAIN ST,CENTENNIAL WY,262,W,N,A,-,N,NA,NA,NA,NA,NA,NA,NA,NA,NA,N,4,0,2,2,A,-,09,21804,A,N,D,C,A,A,H,-,A,D,0,NA,NA,NA,NA,Y,NA,A,01,0,0,2,0,0,0,0,0,0,-,-,33.74203872680664,-117.81881713867188,ORANGE,TUSTIN,-117.81968688964844,33.74209976196289
92296638,2024,2024-01-25,9690,2024-01-13,1735,023499,NA,6,2,9,3000,0,1,3,NA,1,013,SR-133 N/B (LAGUNA CANYON RD.),NIX NATURE CTR,800,N,N,A,-,Y,ORA,NA,133,NA,M,5.265,H,NA,R,Y,4,0,1,1,A,-,08,22107,NA,N,E,I,A,A,H,-,D,D,0,NA,NA,NA,NA,Y,NA,A,01,0,0,1,0,0,0,0,0,0,-,-,33.608638763427734,-117.76068878173828,ORANGE,UNINCORPORATED,-117.7607421875,33.6086311340332
92296929,2024,2024-01-25,9675,2024-01-08,1435,019320,NA,1,2,9,3000,0,3,5,NA,2,004,BREA BLVD,TONNER CYN RD,0,NA,Y,A,-,N,NA,NA,NA,NA,NA,NA,NA,NA,NA,N,3,0,1,2,A,-,09,21802,A,N,D,C,A,A,H,-,A,A,0,NA,NA,NA,NA,Y,NA,A,01,0,1,0,0,0,0,0,0,0,-,-,33.94076919555664,-117.87818145751952,ORANGE,UNINCORPORATED,NA,NA
92297454,2024,2024-01-26,9675,2024-01-19,1725,023337,NA,5,2,5,3014,0,1,3,NA,2,074,SR-73 NORTHBOUND,CAMPUS DRIVE,1214,N,N,A,-,Y,ORA,NA,73,NA,R,25.668,H,NA,R,N,3,0,1,2,A,-,03,22350,NA,N,C,C,A,A,H,-,B,D,0,NA,NA,NA,NA,Y,NA,A,01,0,1,0,0,0,0,0,0,0,-,-,33.66341018676758,-117.87599182128906,ORANGE,NEWPORT BEACH,-117.87609100341795,33.66331100463867
9230093,2021,2021-03-23,3000,2021-02-02,1219,10576,921J1,2,5,5,3028,0,0,0,NA,0,752,ALICIA PKWY,CHARLINDA DR,408,W,N,A,-,N,NA,NA,NA,NA,NA,NA,NA,NA,NA,Y,3,0,2,2,A,-,09,21801,A,N,D,C,A,A,H,-,A,D,0,NA,NA,NA,NA,Y,NA,A,01,0,1,1,0,0,0,0,0,0,-,-,NA,NA,ORANGE,MISSION VIEJO,-117.68984985351563,33.60688400268555
92301538,2024,2024-01-31,9675,2024-01-23,30,023136,NA,2,3,6,3026,0,1,1,NA,2,504,I-5 NORTHBOUND (TRUCK BYPASS),BAKE PKWY,548,N,N,B,-,Y,NA,NA,NA,NA,NA,NA,NA,NA,NA,N,4,0,1,2,A,-,03,22350,NA,N,B,2,A,B,H,-,C,A,0,NA,NA,NA,NA,Y,NA,A,01,0,0,1,0,0,0,0,0,0,-,-,33.64039993286133,-117.7309112548828,ORANGE,IRVINE,-117.73123931884766,33.64014434814453
9230185,2021,2021-03-19,3026,2021-01-07,1115,8929,UNIVE,4,5,6,3026,0,0,0,NA,0,001,MAIN ST,PARK PLZ,290,W,N,A,-,N,NA,NA,NA,NA,NA,NA,NA,NA,NA,N,3,0,1,2,A,-,09,21804,B,N,H,G,A,A,H,-,A,D,0,NA,Y,NA,NA,Y,NA,L,04,0,1,0,0,0,0,1,0,0,-,-,33.679630279541016,-117.83683013916016,ORANGE,IRVINE,-117.8382568359375,33.6800651550293
92303059,2024,2024-02-01,9675,2024-01-26,1315,021397,NA,5,1,5,3022,0,1,1,NA,2,502,I-5 SOUTHBOUND,4TH ST.,460,S,N,A,-,Y,ORA,NA,5,NA,NA,30.988,H,NA,L,Y,4,0,1,3,A,-,03,22350,NA,N,C,C,A,A,H,-,A,D,0,NA,NA,NA,NA,Y,NA,D,22,0,0,1,0,0,0,0,0,0,-,-,33.746768951416016,-117.84304809570313,ORANGE,TUSTIN,-117.84295654296876,33.74679183959961
92307224,2024,2024-02-06,9690,2024-01-25,820,021894,NA,4,1,9,3000,0,3,5,NA,2,007,AVENIDA LA PATA,SR-74,40,S,N,B,-,N,NA,NA,NA,NA,NA,NA,NA,NA,NA,Y,3,0,2,5,A,-,08,22107,NA,N,E,I,A,B,H,-,A,D,0,NA,NA,NA,NA,Y,NA,D,22,0,2,0,0,0,0,0,0,0,-,-,33.51914978027344,-117.61981964111328,ORANGE,UNINCORPORATED,-117.61992645263672,33.519439697265625
92310011,2024,2024-02-09,9670,2024-02-07,2135,022493,NA,3,2,6,3009,0,1,3,NA,2,020,SR-22 E/B (GARDEN GROVE FREEWAY),MAGNOLIA ST,1500,W,N,B,C,Y,ORA,NA,22,NA,R,5.475,H,NA,R,Y,4,0,1,1,A,-,03,22350,NA,N,E,I,A,B,H,-,C,D,0,NA,NA,NA,NA,Y,NA,D,22,0,0,1,0,0,0,0,0,0,-,-,33.765869140625,-117.96108245849608,ORANGE,GARDEN GROVE,-117.96108245849608,33.76576614379883
92310621,2024,2024-02-12,9675,2024-02-03,1100,021397,NA,6,1,6,3004,0,1,1,NA,2,405,I-405 NORTHBOUND,MACARTHUR BLVD.,1245,N,N,B,-,Y,ORA,NA,405,NA,NA,8.005,H,NA,R,N,4,0,1,3,A,-,03,22350,NA,N,C,C,A,A,H,-,A,D,0,NA,NA,NA,NA,Y,NA,D,22,0,0,1,0,0,0,0,0,0,-,-,33.684349060058594,-117.86004638671876,ORANGE,COSTA MESA,-117.86012268066406,33.684242248535156