CASE_ID,ACCIDENT_YEAR,PROC_DATE,JURIS,COLLISION_DATE,COLLISION_TIME,OFFICER_ID,REPORTING_DISTRICT,DAY_OF_WEEK,CHP_SHIFT,POPULATION,CNTY_CITY_LOC,SPECIAL_COND,BEAT_TYPE,CHP_BEAT_TYPE,CITY_DIVISION_LAPD,CHP_BEAT_CLASS,BEAT_NUMBER,PRIMARY_RD,SECONDARY_RD,DISTANCE,DIRECTION,INTERSECTION,WEATHER_1,WEATHER_2,STATE_HWY_IND,CALTRANS_COUNTY,CALTRANS_DISTRICT,STATE_ROUTE,ROUTE_SUFFIX,POSTMILE_PREFIX,POSTMILE,LOCATION_TYPE,RAMP_INTERSECTION,SIDE_OF_HWY,TOW_AWAY,COLLISION_SEVERITY,NUMBER_KILLED,NUMBER_INJURED,PARTY_COUNT,PRIMARY_COLL_FACTOR,PCF_CODE_OF_VIOL,PCF_VIOL_CATEGORY,PCF_VIOLATION,PCF_VIOL_SUBSECTION,HIT_AND_RUN,TYPE_OF_COLLISION,MVIW,PED_ACTION,ROAD_SURFACE,ROAD_COND_1,ROAD_COND_2,LIGHTING,CONTROL_DEVICE,CHP_ROAD_TYPE,PEDESTRIAN_ACCIDENT,BICYCLE_ACCIDENT,MOTORCYCLE_ACCIDENT,TRUCK_ACCIDENT,NOT_PRIVATE_PROPERTY,ALCOHOL_INVOLVED,STWD_VEHTYPE_AT_FAULT,CHP_VEHTYPE_AT_FAULT,COUNT_SEVERE_INJ,COUNT_VISIBLE_INJ,COUNT_COMPLAINT_PAIN,COUNT_PED_KILLED,COUNT_PED_INJURED,COUNT_BICYCLIST_KILLED,COUNT_BICYCLIST_INJURED,COUNT_MC_KILLED,COUNT_MC_INJURED,PRIMARY_RAMP,SECONDARY_RAMP,LATITUDE,LONGITUDE,COUNTY,CITY,POINT_X,POINT_Y
92312225,2024,2024-02-13,9675,2024-02-03,1407,021633,NA,6,2,7,3001,0,1,3,NA,2,095,SR-91 EASTBOUND,WEIR CANYON ROAD,585,E,N,B,-,Y,ORA,NA,91,NA,R,14.574,H,NA,R,Y,4,0,2,2,A,-,03,22350,NA,M,C,C,A,A,H,-,A,D,0,NA,NA,NA,NA,Y,Y,-,99,0,0,2,0,0,0,0,0,0,-,-,33.87057113647461,-117.74233245849608,ORANGE,ANAHEIM,-117.74233245849608,33.870574951171875
92313290,2024,2024-02-14,9675,2024-02-05,610,017773,NA,1,1,6,3004,0,1,1,NA,2,405,I-405 S/B,HARBOR BLVD,2640,N,N,B,C,Y,ORA,NA,405,NA,NA,11.935,H,NA,L,Y,3,0,1,2,A,-,03,22350,NA,N,B,C,A,B,H,-,C,D,0,NA,NA,NA,NA,Y,NA,A,01,0,1,0,0,0,0,0,0,0,-,-,33.69208908081055,-117.92666625976563,ORANGE,COSTA MESA,-117.92670440673828,33.69203567504883
92314311,2024,2024-02-14,9675,2024-02-06,1333,021042,NA,2,1,4,3002,0,1,3,NA,2,570,SR-57 SOUTHBOUND,TONNER CANYON RD.,738,N,N,C,-,Y,ORA,NA,57,NA,NA,21.993,H,NA,L,N,4,0,1,1,A,-,03,22350,NA,N,E,I,A,B,H,-,C,D,0,NA,NA,NA,NA,Y,NA,A,07,0,0,1,0,0,0,0,0,0,-,-,33.94049072265625,-117.87574005126952,ORANGE,BREA,-117.87583923339844,33.940555572509766
92316134,2024,2024-02-16,9675,2024-02-11,1250,020699,NA,7,1,7,3019,0,1,1,NA,2,502,I-5 NORTHBOUND,BROADWAY,500,N,N,A,-,Y,ORA,NA,5,NA,NA,33.463,H,NA,R,N,4,0,1,3,A,-,03,22350,NA,N,C,C,A,A,H,-,A,D,0,NA,NA,NA,NA,Y,NA,A,07,0,0,1,0,0,0,0,0,0,-,-,33.7724494934082,-117.87050628662108,ORANGE,SANTA ANA,-117.8705825805664,33.77240753173828
92318284,2024,2024-02-20,9675,2024-02-13,950,020851,NA,2,1,6,3015,0,1,3,NA,2,222,SR-22 EASTBOUND,LEWIS ST.,80,E,N,B,-,Y,ORA,NA,22,NA,R,9.428,H,NA,R,N,4,0,1,2,A,-,03,22350,NA,N,C,C,A,A,H,-,A,D,0,NA,NA,NA,NA,Y,NA,A,07,0,0,1,0,0,0,0,0,0,-,-,33.77838897705078,-117.89613342285156,ORANGE,ORANGE,-117.89616394042967,33.77848434448242
92321785,2024,2024-02-23,9675,2024-02-15,1605,022048,NA,4,2,7,3001,0,1,3,NA,2,094,STATE ROUTE 91 EASTBOUND,IMPERIAL HIGHWAY,5280,E,N,A,-,Y,ORA,NA,91,NA,R,12.784,H,NA,R,N,2,0,1,2,A,-,07,21658,A,N,C,C,A,A,H,-,A,D,0,NA,NA,Y,NA,Y,NA,A,01,1,0,0,0,0,0,0,0,1,-,-,33.86309051513672,-117.77143096923828,ORANGE,ANAHEIM,-117.77141571044922,33.863075256347656
92323033,2024,2024-02-26,9675,2024-02-18,1430,021633,NA,7,2,7,3001,0,1,3,NA,2,094,SR-91 EASTBOUND,WEIR CANYON ROAD,3080,W,N,A,-,Y,ORA,NA,91,NA,R,13.836,H,NA,R,Y,4,0,2,3,A,-,03,22350,NA,N,C,C,A,A,H,-,A,D,0,NA,NA,NA,NA,Y,NA,A,07,0,0,2,0,0,0,0,0,0,-,-,33.868980407714844,-117.75482177734376,ORANGE,ANAHEIM,-117.75481414794922,33.868961334228516
92327022,2024,2024-03-01,9675,2024-02-28,1604,021274,NA,3,2,7,3001,0,1,3,NA,2,095,STATE ROUTE 91 E/B,GYPSUM CANYON ROAD,2700,W,N,A,-,Y,ORA,NA,91,NA,R,15.899,H,NA,R,N,4,0,1,3,A,-,03,22350,NA,N,C,C,A,A,H,-,A,D,0,NA,NA,NA,NA,Y,NA,A,01,0,0,1,0,0,0,0,0,0,-,-,33.866668701171875,-117.72042083740234,ORANGE,ANAHEIM,-117.72042083740234,33.86664962768555
92328209,2024,2024-03-04,9675,2024-02-23,1719,023341,NA,5,2,6,3026,0,1,1,NA,2,504,I-5 NORTHBOUND FROM LAKE FOREST DRIVE,LAKE FOREST DRIVE,490,N,N,A,-,Y,ORA,NA,5,NA,NA,20.007,H,NA,L,Y,4,0,2,2,A,-,03,22350,NA,N,C,C,A,A,H,-,A,A,0,NA,NA,NA,NA,Y,NA,A,01,0,0,2,0,0,0,0,0,0,-,-,33.62947082519531,-117.72226715087892,ORANGE,IRVINE,-117.72206878662108,33.62963104248047
92330930,2024,2024-03-06,9675,2024-03-05,1837,022052,NA,2,2,6,3026,0,1,1,NA,2,503,I-5 NORTHBOUND,CULVER DR.,1645,S,N,A,-,Y,ORA,NA,5,NA,R,26.28,H,NA,R,N,4,0,3,2,A,-,03,22350,NA,N,C,C,A,A,H,-,D,D,0,NA,NA,NA,NA,Y,NA,A,08,0,0,3,0,0,0,0,0,0,-,-,33.706390380859375,-117.77903747558594,ORANGE,IRVINE,-117.77898406982422,33.706417083740234
9233221,2021,2021-04-15,3004,2021-02-02,1858,P633,19,2,5,6,3004,0,0,0,NA,0,004,HARBOR BL,GISLER AV,0,NA,Y,A,-,N,NA,NA,NA,NA,NA,NA,NA,NA,NA,N,4,0,2,2,A,-,09,21800,D,N,D,C,A,A,H,-,E,B,0,NA,NA,NA,NA,Y,NA,-,-,0,0,2,0,0,0,0,0,0,-,-,33.6870002746582,-117.91929626464844,ORANGE,COSTA MESA,-117.9194564819336,33.686981201171875
92335367,2024,2024-03-11,9675,2024-03-02,1423,023510,NA,6,2,7,3019,0,1,1,NA,2,502,I-5 NORTHBOUND,MAIN ST,555,S,N,B,-,Y,ORA,NA,5,NA,NA,32.991,H,NA,R,N,4,0,2,2,A,-,03,22350,NA,N,C,C,A,B,H,-,A,D,0,NA,NA,NA,NA,Y,NA,A,01,0,0,2,0,0,0,0,0,0,-,-,33.76649856567383,-117.86637115478516,ORANGE,SANTA ANA,-117.86646270751952,33.76646423339844
9233685,2021,2021-04-12,3004,2021-02-19,1310,P634,17,5,5,6,3004,0,0,0,NA,0,010,W BAKER ST,BABB ST,12,W,N,A,-,N,NA,NA,NA,NA,NA,NA,NA,NA,NA,Y,3,0,2,2,D,-,00,NA,NA,N,D,C,A,A,H,-,A,A,0,NA,NA,NA,NA,Y,NA,-,-,0,2,0,0,0,0,0,0,0,-,-,33.680179595947266,-117.89911651611328,ORANGE,COSTA MESA,-117.8991470336914,33.680110931396484
92336996,2024,2024-03-13,9670,2024-03-09,1115,022103,NA,6,1,5,3024,0,1,1,NA,2,043,I-405 SOUTHBOUND,BOLSA AVENUE,528,N,N,A,-,Y,ORA,NA,405,NA,NA,17.891,H,NA,L,Y,4,0,2,3,A,-,08,22107,NA,N,E,I,A,A,H,-,A,D,0,NA,NA,NA,NA,Y,NA,A,07,0,0,2,0,0,0,0,0,0,-,-,33.74589920043945,-118.00640869140624,ORANGE,WESTMINSTER,-118.00643920898438,33.74587631225586
92338072,2024,2024-03-14,9690,2024-03-03,910,023499,NA,7,1,5,3028,0,1,1,NA,2,056,I-5 N/B (SAN DIEGO FRWY),SR-73,300,N,N,C,-,Y,ORA,NA,5,NA,NA,12.689,H,NA,R,Y,4,0,1,1,A,-,08,22107,NA,N,E,I,A,B,H,-,A,D,0,NA,NA,NA,NA,Y,NA,A,01,0,0,1,0,0,0,0,0,0,-,-,33.543548583984375,-117.67353057861328,ORANGE,MISSION VIEJO,-117.67343902587892,33.54353713989258
92340475,2024,2024-03-18,9670,2024-03-16,1720,022455,NA,6,2,7,3001,0,1,1,NA,2,502,I-5 NB,ORANGEWOOD AVE,800,S,N,B,-,Y,ORA,NA,5,NA,NA,35.457,H,NA,R,N,4,0,2,2,A,-,03,22350,NA,N,C,C,A,A,H,-,A,D,0,NA,NA,NA,NA,Y,NA,A,01,0,0,2,0,0,0,0,0,0,-,-,33.794471740722656,-117.89257049560548,ORANGE,ANAHEIM,-117.89261627197266,33.794437408447266
92344006,2024,2024-03-21,9690,2024-03-15,815,023571,NA,5,1,5,3050,0,1,1,NA,2,055,I-5 S/B TO ALICIA PARKWAY,ALICIA PARKWAY,1056,N,N,A,-,Y,ORA,NA,5,NA,NA,17.669,H,NA,L,N,3,0,1,2,A,-,21,22106,NA,N,C,C,A,A,H,-,A,D,0,NA,NA,NA,NA,Y,NA,A,01,0,1,0,0,0,0,0,0,0,-,-,33.6059684753418,-117.69338989257813,ORANGE,LAKE FOREST,-117.69329071044922,33.60610580444336
92347415,2024,2024-03-26,9675,2024-02-02,1745,023128,NA,5,2,4,3002,0,1,3,NA,2,570,SR-57 NORTHBOUND,TONNER CYN RD,1300,S,N,A,-,Y,ORA,NA,57,NA,NA,21.593,H,NA,R,N,4,0,2,5,A,-,03,22350,NA,F,C,C,A,A,H,-,C,D,0,NA,NA,NA,Y,Y,NA,F,26,0,0,2,0,0,0,0,0,0,-,-,33.93510818481445,-117.87827301025392,ORANGE,BREA,-117.87823486328124,33.93510437011719
92353235,2024,2024-04-03,9670,2024-03-28,2325,021755,NA,4,3,4,3020,0,1,1,NA,2,045,I-405,SEAL BEACH BLVD,2112,S,N,A,-,Y,ORA,NA,405,NA,NA,22.207,H,NA,L,Y,2,0,3,3,A,-,03,22350,NA,N,C,C,A,A,D,E,C,D,0,NA,NA,NA,NA,Y,NA,A,07,1,0,2,0,0,0,0,0,0,-,-,33.774131774902344,-118.0675811767578,ORANGE,SEAL BEACH,-118.0675811767578,33.77423095703125
92356590,2024,2024-04-04,9675,2024-03-26,1246,021633,NA,2,1,5,3016,0,1,3,NA,2,571,SR-57 NORTHBOUND,PLACENTIA AVENUE,550,S,N,A,-,Y,ORA,NA,57,NA,NA,16.942,H,NA,R,Y,2,0,2,4,A,-,03,22350,NA,N,C,C,A,A,H,-,A,D,0,NA,NA,NA,NA,Y,NA,A,07,1,0,1,0,0,0,0,0,0,-,-,33.86888885498047,-117.87928771972656,ORANGE,PLACENTIA,-117.8794174194336,33.868865966796875
92356939,2024,2024-04-05,9670,2024-03-30,950,022103,NA,6,1,4,3020,0,1,1,NA,2,044,I-405 N/B,SEAL BEACH BLVD,6864,S,N,B,C,Y,ORA,NA,405,NA,NA,21.28,H,NA,R,Y,3,0,2,2,A,-,03,22350,NA,N,D,C,A,B,H,-,A,D,0,NA,NA,NA,NA,Y,NA,A,01,0,2,0,0,0,0,0,0,0,-,-,33.77455139160156,-118.0512924194336,ORANGE,SEAL BEACH,-118.0512924194336,33.77446746826172
92357083,2024,2024-04-05,9670,2024-03-30,1200,022046,NA,6,1,5,3007,0,1,1,NA,2,041,I-405 S/B,BOLSA CHICA RD,5280,N,N,A,-,Y,ORA,NA,405,NA,NA,20.607,H,NA,L,N,4,0,1,2,A,-,03,22350,NA,F,C,C,A,B,H,-,A,D,0,NA,NA,NA,NA,Y,NA,-,99,0,0,1,0,0,0,0,0,0,-,-,33.77354049682617,-118.04012298583984,ORANGE,FOUNTAIN VALLEY,-118.0400848388672,33.773597717285156
92365152,2024,2024-04-16,9675,2024-04-15,128,023510,NA,1,3,5,3050,0,1,S,NA,2,904,I-5 NORTHBOUND,LAKE FOREST DRIVE,55,S,N,A,-,Y,ORA,NA,5,NA,NA,19.871,H,NA,R,N,4,0,6,4,A,-,01,23152,A,N,C,C,A,A,G,-,D,D,0,NA,NA,NA,NA,Y,Y,A,08,0,0,6,0,0,0,0,0,0,-,-,33.6280517578125,-117.72013854980467,ORANGE,LAKE FOREST,-117.72008514404295,33.62808609008789
92371140,2024,2024-04-22,9675,2024-04-11,1007,018714,NA,4,1,9,3000,0,1,1,NA,2,405,I-405 NORTHBOUND,MACARTHUR BLVD,950,N,N,A,-,Y,ORA,NA,405,NA,NA,7.985,H,NA,R,N,4,0,1,3,A,-,03,22350,NA,N,C,C,A,A,H,-,A,D,0,NA,NA,NA,NA,Y,NA,A,01,0,0,1,0,0,0,0,0,0,-,-,33.684200286865234,-117.85974884033205,ORANGE,UNINCORPORATED,-117.8598175048828,33.68410110473633
9237141,2020,2021-03-17,3003,2020-10-23,1920,1197,NJC,5,5,5,3003,0,0,0,NA,0,001,COMMONWEALTH AV,DALE ST,0,E,N,A,-,N,NA,NA,NA,NA,NA,NA,NA,NA,NA,N,4,0,1,2,A,-,08,22107,NA,N,D,J,A,A,H,-,C,A,0,NA,NA,Y,NA,Y,NA,-,NA,0,0,1,0,0,0,0,0,1,-,-,33.86994171142578,-117.98401641845705,ORANGE,BUENA PARK,-117.98509216308594,33.86996841430664
92373807,2024,2024-04-24,9690,2024-04-12,930,023571,NA,5,1,5,3028,0,1,1,NA,2,056,I-5 S/B (SAN DIEGO FRWY),LA PAZ ROAD,2112,S,N,A,-,Y,ORA,NA,5,NA,NA,16.082,H,NA,L,Y,3,0,3,3,A,-,08,22107,NA,N,B,2,A,A,H,-,A,D,0,NA,NA,NA,NA,Y,NA,A,01,0,1,2,0,0,0,0,0,0,-,-,33.592430114746094,-117.6720733642578,ORANGE,MISSION VIEJO,-117.67206573486328,33.592430114746094
92373941,2024,2024-04-24,9670,2024-04-21,935,018180,NA,7,1,7,3001,0,1,3,NA,2,094,SR-91 W/B (RIVERSIDE FREEWAY),RAYMOND AVE.,32,W,N,A,-,Y,ORA,NA,91,NA,NA,4.246,H,NA,L,N,4,0,2,2,A,-,03,22350,NA,N,C,C,A,A,H,-,A,D,0,NA,NA,NA,NA,Y,NA,A,01,0,0,2,0,0,0,0,0,0,-,-,33.85390853881836,-117.90706634521484,ORANGE,ANAHEIM,-117.90706634521484,33.85395812988281
92374544,2024,2024-04-25,9675,2024-04-17,2245,023523,NA,3,3,7,3019,0,1,1,NA,2,502,I-5 SOUTHBOUND,1ST STREET,335,N,N,A,-,Y,ORA,NA,5,NA,NA,30.978,H,NA,L,N,4,0,1,2,A,-,03,22350,NA,M,C,C,A,A,H,-,C,D,0,NA,NA,NA,NA,Y,NA,A,07,0,0,1,0,0,0,0,0,0,-,-,33.74663162231445,-117.84298706054688,ORANGE,SANTA ANA,-117.84290313720705,33.74665069580078
92377404,2024,2024-04-29,9690,2024-04-26,1530,021894,NA,5,2,4,3018,0,1,1,NA,2,057,I-5 N/B (SAN DIEGO FRWY),STONE HILL DR.,2640,N,N,B,-,Y,ORA,NA,5,NA,NA,7.756,H,NA,R,Y,3,0,1,2,A,-,03,22350,NA,N,C,C,A,A,H,-,A,D,0,NA,NA,NA,NA,Y,NA,A,01,0,1,0,0,0,0,0,0,0,-,-,33.47901153564453,-117.6719207763672,ORANGE,SAN JUAN CAPISTRANO,-117.67194366455078,33.47902297973633
92378709,2024,2024-04-30,9670,2024-04-30,1020,021459,NA,2,1,7,3001,0,1,1,NA,2,502,I-5 N/B,ANAHEIM BLVD,200,N,N,A,-,Y,ORA,NA,5,NA,NA,36.659,H,NA,R,N,4,0,1,2,A,-,03,22350,NA,N,C,C,A,A,H,-,A,D,0,NA,NA,NA,Y,Y,NA,G,25,0,0,1,0,0,0,0,0,0,-,-,33.807621002197266,-117.9068603515625,ORANGE,ANAHEIM,-117.90689849853516,33.80759048461914
92379890,2024,2024-05-02,9670,2024-04-29,1620,020134,NA,1,2,6,3009,0,1,3,NA,2,024,SR-22 E/B,HARBOR BLVD,200,E,N,A,-,Y,ORA,NA,22,NA,R,7.884,H,NA,R,N,4,0,1,2,A,-,03,22350,NA,N,C,C,A,A,H,-,A,D,0,NA,NA,NA,NA,Y,NA,A,01,0,0,1,0,0,0,0,0,0,-,-,33.76797866821289,-117.91966247558594,ORANGE,GARDEN GROVE,-117.91963958740234,33.7679443359375
92380832,2024,2024-05-03,9675,2024-04-26,1740,023521,NA,5,2,6,3004,0,1,3,NA,2,553,SR-55 S/B FROM FAIR DRIVE,FAIR DRIVE,823,S,N,A,-,Y,ORA,NA,55,NA,R,3.606,H,NA,L,N,2,0,1,2,A,-,03,22350,NA,N,C,C,A,A,H,-,A,A,0,NA,NA,Y,NA,Y,Y,C,02,1,0,0,0,0,0,0,0,1,-,-,33.66151809692383,-117.89967346191406,ORANGE,COSTA MESA,-117.89949798583984,33.661399841308594
92383055,2024,2024-05-06,9670,2024-05-01,1815,022421,NA,3,2,6,3008,0,1,3,NA,2,093,SR-91 W/B,STATE COLLEGE BLVD,500,W,N,A,-,Y,ORA,NA,91,NA,NA,5.231,H,NA,L,Y,4,0,1,2,A,-,03,22350,NA,N,C,C,A,A,H,-,A,D,0,NA,NA,NA,NA,Y,NA,A,01,0,0,1,0,0,0,0,0,0,-,-,33.85432052612305,-117.89002227783205,ORANGE,FULLERTON,-117.89002227783205,33.85430908203125
92383165,2024,2024-05-07,9675,2024-04-26,2246,023293,NA,5,3,7,3001,0,1,3,NA,2,094,SR-91 EASTBOUND,IMPERIAL HIGHWAY,380,E,N,B,-,Y,ORA,NA,91,NA,R,11.629,H,NA,R,N,4,0,1,4,A,-,08,22107,NA,F,B,C,A,A,H,-,D,D,0,NA,NA,NA,NA,Y,NA,-,-,0,0,1,0,0,0,0,0,0,-,-,33.85462188720703,-117.7890625,ORANGE,ANAHEIM,-117.78903198242188,33.85456848144531
92383936,2024,2024-05-07,9675,2024-04-28,1740,023337,NA,7,2,7,3001,0,1,3,NA,2,094,SR-91 WESTBOUND FROM LAKEVIEW AVENUE NORTHBOUND,LAKEVIEW AVE,581,E,N,A,-,Y,NA,NA,NA,NA,NA,NA,NA,NA,NA,N,3,0,1,2,A,-,03,22350,NA,N,C,C,A,A,H,-,A,D,0,NA,NA,NA,NA,Y,NA,D,22,0,1,0,0,0,0,0,0,0,-,-,33.85219955444336,-117.81429290771484,ORANGE,ANAHEIM,-117.81317138671876,33.85216522216797
92384084,2024,2024-05-07,9675,2024-04-29,1126,021397,NA,1,1,4,3002,0,1,3,NA,2,570,SR-57 NORTHBOUND,TONNER CYN RD,45,S,N,A,-,Y,ORA,NA,57,NA,NA,21.841,H,NA,R,Y,4,0,1,3,A,-,03,22350,NA,M,C,C,A,A,H,-,A,D,0,NA,NA,NA,Y,Y,NA,A,01,0,0,1,0,0,0,0,0,0,-,-,33.938541412353516,-117.87700653076172,ORANGE,BREA,-117.87705230712892,33.93855667114258
92386251,2024,2024-05-09,9670,2024-05-07,2335,022103,NA,2,3,6,3015,0,1,3,NA,2,092,SR-91 E/B,WALKER ST,40,E,N,A,-,Y,ORA,NA,91,NA,R,0.295,H,NA,R,N,3,0,1,1,A,-,08,22107,NA,N,E,I,A,A,H,-,D,D,0,NA,NA,NA,NA,Y,NA,A,01,0,1,0,0,0,0,0,0,0,-,-,33.86016082763672,-118.03727722167967,ORANGE,ORANGE,-118.0373306274414,33.86007308959961
92386675,2024,2024-05-10,9675,2024-05-01,845,021305,NA,3,1,7,3019,0,1,1,NA,2,502,I-5 NORTHBOUND,BROADWAY,121,S,N,A,-,Y,ORA,NA,5,NA,NA,33.317,H,NA,R,N,4,0,1,3,A,-,03,22350,NA,N,C,C,A,A,H,-,A,D,0,NA,NA,NA,NA,Y,NA,A,08,0,0,1,0,0,0,0,0,0,-,-,33.77083969116211,-117.86911010742188,ORANGE,SANTA ANA,-117.8691864013672,33.77079391479492
92391002,2024,2024-05-15,9675,2024-05-08,939,021042,NA,3,1,9,3000,0,1,1,NA,2,405,I-405 NORTHBOUND,MACARTHUR BOULEVARD,528,N,N,A,-,Y,ORA,NA,405,NA,NA,7.946,H,NA,R,N,4,0,1,2,A,-,03,22350,NA,N,C,C,A,A,H,-,A,D,0,NA,NA,NA,NA,Y,NA,A,01,0,0,1,0,0,0,0,0,0,-,-,33.68389892578125,-117.8591766357422,ORANGE,UNINCORPORATED,-117.85922241210938,33.68383026123047
92392850,2024,2024-05-17,9675,2024-04-26,1735,023051,NA,5,2,5,3014,0,1,3,NA,2,073,SR-73 NORTHBOUND,CAMPUS DR,75,N,N,A,-,Y,ORA,NA,73,NA,R,25.605,H,NA,R,Y,3,0,1,3,A,-,03,22350,NA,N,C,C,A,A,H,-,A,D,0,NA,NA,NA,NA,Y,NA,A,07,0,1,0,0,0,0,0,0,0,-,-,33.66279983520508,-117.8751983642578,ORANGE,NEWPORT BEACH,-117.8752670288086,33.66273498535156
92393731,2024,2024-06-17,9670,2024-05-15,1440,022455,NA,3,2,7,3001,0,1,3,NA,2,094,SR-91 EB,BROOKHURST ST,1500,W,N,A,-,Y,ORA,NA,91,NA,NA,0.955,H,NA,R,N,3,0,1,3,A,-,07,21658,A,M,C,C,A,A,H,-,A,D,0,NA,NA,Y,NA,Y,NA,-,99,0,1,0,0,0,0,0,0,1,-,-,33.85377883911133,-117.96427154541016,ORANGE,ANAHEIM,-117.96427154541016,33.85377883911133
92396753,2023,2024-05-23,9670,2023-10-14,145,021579,NA,6,3,3,3013,0,1,1,NA,2,060,INERSTATE 605 NORTHBOUND,KATELLA AVENUE,548,S,N,A,-,Y,ORA,NA,605,NA,R,1.328,H,NA,R,Y,1,1,2,4,A,-,01,23152,A,N,C,2,E,A,H,-,D,D,0,Y,NA,NA,NA,Y,Y,A,07,0,0,2,1,1,0,0,0,0,-,-,33.80168151855469,-118.08219909667967,ORANGE,LOS ALAMITOS,-118.08231353759766,33.801727294921875
92398226,2024,2024-05-24,9690,2024-05-23,1535,020236,NA,4,2,5,3050,0,1,1,NA,2,055,I-5 S/B (SAN DIEGO FRWY),EL TORO ROAD,3430,N,N,A,-,Y,ORA,NA,5,NA,NA,19.359,H,NA,L,Y,2,0,1,2,A,-,03,22350,NA,N,C,C,A,A,H,-,A,D,0,NA,NA,Y,NA,Y,NA,C,02,1,0,0,0,0,0,0,0,1,-,-,33.62221908569336,-117.7150421142578,ORANGE,LAKE FOREST,-117.71511840820313,33.622169494628906
92399130,2024,2024-06-06,9670,2024-05-20,1750,022493,NA,1,2,7,3001,0,1,1,NA,2,502,I-5 N/B (SANTA ANA FREEWAY) FROM KATELLA AVE,KATELLA AVE,20,N,N,A,-,Y,NA,NA,NA,NA,NA,NA,NA,NA,NA,N,2,0,1,2,A,-,10,21950,A,N,G,B,C,A,H,-,A,D,0,Y,NA,NA,NA,Y,NA,A,01,1,0,0,0,1,0,0,0,0,-,-,33.80356979370117,-117.90155029296876,ORANGE,ANAHEIM,-117.90154266357422,33.8031120300293
92399247,2024,2024-05-27,9670,2024-05-26,935,019694,NA,7,1,3,3006,0,1,3,NA,2,091,STATE ROUTE 91 W/B (RIVERSIDE FWY),VALLEY VIEW ST,1200,E,N,B,-,Y,ORA,NA,91,NA,R,1.093,H,NA,L,Y,4,0,2,3,A,-,03,22350,NA,N,C,C,A,A,H,-,A,D,0,NA,NA,NA,NA,Y,NA,A,07,0,0,2,0,0,0,0,0,0,-,-,33.856040954589844,-118.0244598388672,ORANGE,LA PALMA,-118.0244598388672,33.856075286865234
92406046,2024,2024-06-04,9675,2024-05-24,2145,023510,NA,5,2,6,3015,0,1,3,NA,2,572,SR-57 SOUTHBOUND,CHAPMAN AVE,245,N,N,A,-,Y,ORA,NA,57,NA,NA,11.306,H,NA,L,N,4,0,2,2,A,-,03,22350,NA,N,C,C,A,A,H,-,D,D,0,NA,NA,NA,NA,Y,NA,A,01,0,0,2,0,0,0,0,0,0,-,-,33.78868103027344,-117.88015747070313,ORANGE,ORANGE,-117.88011169433594,33.78868103027344
92407181,2024,2024-06-06,9675,2024-05-27,356,023510,NA,1,3,5,3022,0,1,1,NA,2,503,I-5 SB TO TUSTIN RANCH,TUSTIN RANCH RD,550,N,N,A,-,Y,NA,NA,NA,NA,NA,NA,NA,NA,NA,N,4,0,1,1,A,-,01,23152,A,N,E,I,A,A,H,-,D,D,0,NA,NA,NA,NA,Y,Y,A,01,0,0,1,0,0,0,0,0,0,-,-,33.72615051269531,-117.80600738525392,ORANGE,TUSTIN,-117.80554962158205,33.726524353027344
92408168,2024,2024-06-06,9675,2024-05-25,2106,023506,NA,6,2,7,3001,0,1,3,NA,2,572,SR-57 SOUTHBOUND,KATELLA AVE,634,S,N,A,-,Y,ORA,NA,57,NA,NA,12.412,H,NA,L,N,4,0,1,2,A,-,03,22350,NA,M,C,C,A,A,H,-,C,D,0,NA,NA,NA,NA,Y,Y,-,99,0,0,1,0,0,0,0,0,0,-,-,33.80418014526367,-117.88015747070313,ORANGE,ANAHEIM,-117.88018798828124,33.804176330566406
92410297,2024,2024-06-10,9675,2024-06-03,1813,023208,NA,1,2,7,3001,0,1,3,NA,2,093,SR-91 WESTBOUND,GLASSELL STREET,2900,S,N,A,-,Y,ORA,NA,91,NA,NA,7.889,H,NA,L,N,4,0,1,2,A,-,07,21658,A,N,B,C,A,A,H,-,A,D,0,NA,NA,NA,NA,Y,NA,A,07,0,0,1,0,0,0,0,0,0,-,-,33.8503303527832,-117.84658813476563,ORANGE,ANAHEIM,-117.84656524658205,33.85025405883789