CASE_ID,ACCIDENT_YEAR,PROC_DATE,JURIS,COLLISION_DATE,COLLISION_TIME,OFFICER_ID,REPORTING_DISTRICT,DAY_OF_WEEK,CHP_SHIFT,POPULATION,CNTY_CITY_LOC,SPECIAL_COND,BEAT_TYPE,CHP_BEAT_TYPE,CITY_DIVISION_LAPD,CHP_BEAT_CLASS,BEAT_NUMBER,PRIMARY_RD,SECONDARY_RD,DISTANCE,DIRECTION,INTERSECTION,WEATHER_1,WEATHER_2,STATE_HWY_IND,CALTRANS_COUNTY,CALTRANS_DISTRICT,STATE_ROUTE,ROUTE_SUFFIX,POSTMILE_PREFIX,POSTMILE,LOCATION_TYPE,RAMP_INTERSECTION,SIDE_OF_HWY,TOW_AWAY,COLLISION_SEVERITY,NUMBER_KILLED,NUMBER_INJURED,PARTY_COUNT,PRIMARY_COLL_FACTOR,PCF_CODE_OF_VIOL,PCF_VIOL_CATEGORY,PCF_VIOLATION,PCF_VIOL_SUBSECTION,HIT_AND_RUN,TYPE_OF_COLLISION,MVIW,PED_ACTION,ROAD_SURFACE,ROAD_COND_1,ROAD_COND_2,LIGHTING,CONTROL_DEVICE,CHP_ROAD_TYPE,PEDESTRIAN_ACCIDENT,BICYCLE_ACCIDENT,MOTORCYCLE_ACCIDENT,TRUCK_ACCIDENT,NOT_PRIVATE_PROPERTY,ALCOHOL_INVOLVED,STWD_VEHTYPE_AT_FAULT,CHP_VEHTYPE_AT_FAULT,COUNT_SEVERE_INJ,COUNT_VISIBLE_INJ,COUNT_COMPLAINT_PAIN,COUNT_PED_KILLED,COUNT_PED_INJURED,COUNT_BICYCLIST_KILLED,COUNT_BICYCLIST_INJURED,COUNT_MC_KILLED,COUNT_MC_INJURED,PRIMARY_RAMP,SECONDARY_RAMP,LATITUDE,LONGITUDE,COUNTY,CITY,POINT_X,POINT_Y
93074937,2024,2024-07-31,9675,2024-07-25,620,021834,NA,4,1,7,3019,0,1,3,NA,2,552,SR-55 N/B FROM MACARTHUR BLVD W/B,MACARTHUR BLVD,300,N,N,A,-,Y,NA,NA,NA,NA,NA,NA,NA,NA,NA,N,3,0,1,1,A,-,08,22107,NA,N,E,J,A,A,H,-,A,D,0,NA,NA,NA,NA,Y,NA,A,01,0,1,0,0,0,0,0,0,0,-,-,33.69895935058594,-117.86028289794922,ORANGE,SANTA ANA,-117.86070251464844,33.69919967651367
9310691,2021,2021-09-20,3026,2021-07-26,2040,636,3026,1,5,6,3026,0,0,0,NA,0,00U,UNIVERSITY,YALE,97,E,N,B,-,N,NA,NA,NA,NA,NA,NA,NA,NA,NA,Y,4,0,1,1,A,-,08,22107,NA,N,E,I,A,A,H,-,C,A,0,NA,NA,NA,NA,Y,NA,A,01,0,0,1,0,0,0,0,0,0,-,-,NA,NA,ORANGE,IRVINE,-117.81373596191406,33.657840728759766
9312475,2021,2021-09-09,3009,2021-07-24,1246,4330,075,6,5,6,3009,0,0,0,NA,0,013,TRASK AV,YOCKEY ST,0,NA,Y,A,-,N,NA,NA,NA,NA,NA,NA,NA,NA,NA,Y,4,0,1,2,A,-,12,21453,A,N,D,C,A,A,H,-,A,A,0,NA,NA,NA,NA,Y,Y,A,01,0,0,1,0,0,0,0,0,0,-,-,NA,NA,ORANGE,GARDEN GROVE,-117.97682189941406,33.766639709472656
9314064,2021,2021-09-16,3009,2021-08-19,1808,3927,143,4,5,6,3009,0,0,0,NA,0,022,BUARO ST,LAMPSON AV,0,NA,Y,A,-,N,NA,NA,NA,NA,NA,NA,NA,NA,NA,Y,4,0,1,2,A,-,09,21801,A,N,D,C,A,A,H,-,A,A,0,NA,NA,NA,NA,Y,NA,A,07,0,0,1,0,0,0,0,0,0,-,-,NA,NA,ORANGE,GARDEN GROVE,-117.91918182373048,33.7816276550293
9317661,2021,2021-09-21,3003,2021-08-24,0457,699,NA,2,5,5,3003,0,0,0,NA,0,003,ORANGETHOPRPE AV,STANTON AV,0,NA,Y,A,-,N,NA,NA,NA,NA,NA,NA,NA,NA,NA,Y,4,0,1,2,A,-,01,23152,A,N,C,C,A,A,H,-,C,A,0,NA,NA,NA,Y,Y,Y,A,01,0,0,1,0,0,0,0,0,0,-,-,33.859100341796875,-117.9936981201172,ORANGE,BUENA PARK,-117.99375,33.85903
9318084,2021,2021-09-17,3000,2021-07-23,1104,5013,951F6,5,5,5,3040,0,0,0,NA,0,741,CROWN VALLEY PKWY,CLUB HOUSE DR,279,E,N,A,-,N,NA,NA,NA,NA,NA,NA,NA,NA,NA,N,4,0,1,2,A,-,08,22107,NA,N,B,G,A,A,H,-,A,D,0,NA,Y,NA,NA,Y,NA,L,04,0,0,1,0,0,0,1,0,0,-,-,NA,NA,ORANGE,LAGUNA NIGUEL,-117.7193603515625,33.51232147216797
9318115,2021,2021-10-07,3000,2021-08-18,1650,5377,951J2,3,5,5,3040,0,0,0,NA,0,743,CROWN VALLEY PKWY,MOULTON PKWY,0,NA,Y,B,-,N,NA,NA,NA,NA,NA,NA,NA,NA,NA,N,3,0,1,2,D,-,00,NA,NA,N,D,G,A,A,H,-,A,A,0,NA,Y,NA,NA,Y,NA,-,-,0,1,0,0,0,0,1,0,0,-,-,NA,NA,ORANGE,LAGUNA NIGUEL,-117.69210815429688,33.54309844970703
9319376,2021,2021-09-30,3012,2021-08-05,1716,687,33,4,5,5,3012,0,0,0,NA,0,003,LA HABRA BL,IDAHO ST,0,NA,Y,A,-,N,NA,NA,NA,NA,NA,NA,NA,NA,NA,N,4,0,1,2,A,-,09,21801,A,N,A,C,A,A,H,-,A,A,0,NA,NA,NA,NA,Y,NA,A,01,0,0,1,0,0,0,0,0,0,-,-,NA,NA,ORANGE,LA HABRA,-117.9592056274414,33.931854248046875
9320978,2020,2022-07-07,3020,2020-07-18,1918,443,S03,6,5,4,3020,0,0,0,NA,0,002,OCEAN AV,8TH ST,0,NA,Y,A,-,N,NA,NA,NA,NA,NA,NA,NA,NA,NA,N,3,0,1,2,A,-,10,21950,NA,N,G,G,A,A,H,-,B,D,0,NA,Y,NA,NA,Y,NA,A,07,0,1,0,0,0,0,1,0,0,-,-,33.74039077758789,-118.10681915283205,ORANGE,SEAL BEACH,-118.10682678222656,33.74032974243164
9321158,2022,2023-03-07,3000,2022-05-24,2201,1920,922H1,2,5,4,3048,0,0,0,NA,0,721,ANTONIO PKWY,TIJERAS CREEK,350,S,N,A,-,N,NA,NA,NA,NA,NA,NA,NA,NA,NA,Y,1,1,2,2,A,-,01,23152,A,N,E,I,A,A,H,-,C,D,0,NA,NA,NA,NA,Y,Y,A,01,1,1,0,0,0,0,0,0,0,-,-,33.60976028442383,-117.61724853515624,ORANGE,RANCHO SANTA MARGARITA,-117.61728668212892,33.60982894897461
9325185,2021,2021-09-28,3000,2021-08-30,1409,9220,952B7,1,5,4,3018,0,0,0,NA,0,730,AVE DE LA VISTA,PASEO CARMEL,179,N,N,A,-,N,NA,NA,NA,NA,NA,NA,NA,NA,NA,Y,3,0,4,2,A,-,01,23153,B,N,B,E,A,A,H,-,A,D,0,NA,NA,NA,NA,Y,Y,A,01,0,4,0,0,0,0,0,0,0,-,-,NA,NA,ORANGE,SAN JUAN CAPISTRANO,-117.66966247558594,33.51148986816406
9325608,2021,2021-10-22,3009,2021-09-17,1046,4722,013,5,5,6,3009,0,0,0,NA,0,1-1,VALLEY VIEW,BELGRAVE AV,0,NA,Y,A,-,N,NA,NA,NA,NA,NA,NA,NA,NA,NA,Y,4,0,1,2,A,-,09,21801,A,N,D,C,A,A,H,-,A,A,0,NA,NA,NA,NA,Y,NA,A,01,0,0,1,0,0,0,0,0,0,-,-,NA,NA,ORANGE,GARDEN GROVE,-118.02860260009766,33.785316467285156
9326688,2021,2021-10-25,3026,2021-09-30,1159,4779,CROSS,4,5,6,3026,0,0,0,NA,0,006,ALTON PKWY,GATEWAY,0,NA,Y,A,-,N,NA,NA,NA,NA,NA,NA,NA,NA,NA,Y,3,0,2,2,D,-,00,NA,NA,N,D,C,A,A,H,-,A,A,0,NA,NA,NA,NA,Y,NA,-,-,0,1,1,0,0,0,0,0,0,-,-,33.65510940551758,-117.74691009521484,ORANGE,IRVINE,-117.74690246582033,33.65544509887695
9326689,2021,2021-10-25,3026,2021-09-29,1527,8929,CROSS,3,5,6,3026,0,0,0,NA,0,NA,CULVER DR,RT 5,84,S,N,A,-,N,NA,NA,NA,NA,NA,NA,NA,NA,NA,NA,4,0,1,1,A,-,03,22350,NA,N,E,I,A,A,H,-,A,D,0,NA,NA,NA,NA,Y,NA,A,01,0,0,1,0,0,0,0,0,0,-,SO,33.70896911621094,-117.83354949951172,ORANGE,IRVINE,-117.82412719726563,33.66812515258789
9326692,2021,2021-10-25,3012,2021-09-10,0910,687,26,5,5,5,3012,0,0,0,NA,0,002,HARBOR BL,FRANCIS AV,0,NA,Y,A,-,N,NA,NA,NA,NA,NA,NA,NA,NA,NA,Y,4,0,1,1,A,-,08,22107,NA,N,E,I,A,A,H,-,A,D,0,NA,NA,NA,NA,Y,NA,A,01,0,0,1,0,0,0,0,0,0,-,FR,NA,NA,ORANGE,LA HABRA,-117.93306732177734,33.9359130859375
9327223,2021,2021-10-29,3004,2021-09-22,1750,P633,15,3,5,6,3004,0,0,0,NA,0,011,ADAMS AV,MESA VERDE DR EAST,0,NA,Y,A,-,N,NA,NA,NA,NA,NA,NA,NA,NA,NA,Y,4,0,1,2,A,-,12,21453,A,N,D,C,A,A,H,-,A,A,0,NA,NA,NA,NA,Y,NA,D,22,0,0,1,0,0,0,0,0,0,-,-,33.67279815673828,-117.92530059814452,ORANGE,COSTA MESA,-117.9252471923828,33.67283248901367
93294442,2024,2024-08-02,9675,2024-07-25,1850,022159,NA,4,2,7,3001,0,1,3,NA,2,093,SR-91 E/B (RIVERSIDE FREEWAY),PLACENTIA AVE.,57,E,N,A,-,Y,ORA,NA,91,NA,NA,5.547,H,NA,R,Y,4,0,1,3,A,-,03,22350,NA,N,C,C,A,A,H,-,A,D,0,NA,NA,NA,Y,Y,NA,F,26,0,0,1,0,0,0,0,0,0,-,-,33.853389739990234,-117.88481903076172,ORANGE,ANAHEIM,-117.88481903076172,33.8533935546875
9337231,2021,2021-10-28,3010,2021-09-13,1459,2084,178,1,5,6,3010,0,0,0,NA,0,007,WARNER AV,ST GEORGE,22,W,N,A,-,N,NA,NA,NA,NA,NA,NA,NA,NA,NA,Y,4,0,1,3,A,-,04,21703,NA,N,C,C,A,A,H,-,A,D,0,NA,NA,NA,NA,Y,NA,D,22,0,0,1,0,0,0,0,0,0,-,-,NA,NA,ORANGE,HUNTINGTON BEACH,-118.01746368408205,33.715431213378906
9337260,2021,2021-10-09,3000,2021-08-04,1425,10853,993A1,3,5,5,3017,0,0,0,NA,0,775,CALLE AMANECER,CALLE TREPADORA,22,S,N,A,-,N,NA,NA,NA,NA,NA,NA,NA,NA,NA,Y,2,0,1,2,A,-,12,22450,A,N,D,C,A,A,H,-,A,A,0,NA,NA,Y,NA,Y,NA,A,01,1,0,0,0,0,0,0,0,1,-,-,NA,NA,ORANGE,SAN CLEMENTE,-117.60095977783205,33.45271682739258
9337537,2021,2021-10-05,3010,2021-08-16,2134,2252,443,1,5,6,3010,0,0,0,NA,0,003,YVONNE AV,INDIANAPOLIS AV,0,NA,Y,A,-,N,NA,NA,NA,NA,NA,NA,NA,NA,NA,N,4,0,1,2,A,-,05,21650,1,N,H,G,A,A,H,-,C,A,0,NA,Y,NA,NA,Y,NA,L,04,0,0,1,0,0,0,1,0,0,-,-,NA,NA,ORANGE,HUNTINGTON BEACH,-117.98519897460938,33.664878845214844
9339021,2021,2021-10-25,3026,2021-09-17,1239,8929,NA,5,5,6,3026,0,0,0,NA,0,NA,EAST YALE LOOP,WITHERSPOON,0,NA,Y,A,-,N,NA,NA,NA,NA,NA,NA,NA,NA,NA,NA,3,0,1,2,A,-,09,21804,A,N,D,C,A,A,H,-,A,A,0,NA,NA,NA,NA,Y,NA,A,07,0,1,0,0,0,0,0,0,0,-,-,NA,NA,ORANGE,IRVINE,-117.79088592529295,33.67226791381836
9339536,2021,2021-10-20,3012,2021-07-30,2109,649,37,5,5,5,3012,0,0,0,NA,0,003,IMPERIAL HWY,BRASS LANTERN DR,48,N,N,A,-,N,NA,NA,NA,NA,NA,NA,NA,NA,NA,Y,4,0,3,2,A,-,09,21801,A,N,-,C,A,A,H,-,C,A,0,NA,NA,NA,NA,Y,Y,A,01,0,0,3,0,0,0,0,0,0,-,-,NA,NA,ORANGE,LA HABRA,-117.97161102294922,33.91728973388672
9339580,2021,2021-10-20,3012,2021-09-09,1745,644,34,4,5,5,3012,0,0,0,NA,0,003,IMPERIAL HWY,CAJON DR,0,NA,Y,A,-,N,NA,NA,NA,NA,NA,NA,NA,NA,NA,Y,4,0,2,2,A,-,09,21801,A,N,D,C,A,A,H,-,A,A,0,NA,NA,NA,NA,Y,Y,A,01,0,0,2,0,0,0,0,0,0,-,-,NA,NA,ORANGE,LA HABRA,-117.97164154052734,33.91741943359375
9339663,2021,2021-10-25,3000,2021-09-21,1255,2731,951F5,2,5,5,3040,0,0,0,NA,0,041,CROWN VALLEY PKWY,HILLHURST DR,0,NA,Y,A,-,N,NA,NA,NA,NA,NA,NA,NA,NA,NA,Y,4,0,2,2,A,-,12,21453,A,N,D,C,A,A,H,-,A,A,0,NA,NA,NA,NA,Y,NA,A,01,0,0,2,0,0,0,0,0,0,-,-,NA,NA,ORANGE,LAGUNA NIGUEL,-117.7160186767578,33.52272415161133
9341651,2021,2021-11-06,3012,2021-09-03,1635,644,12,5,5,5,3012,0,0,0,NA,0,001,WHITTIER BL,IDAHO ST,0,NA,Y,A,-,N,NA,NA,NA,NA,NA,NA,NA,NA,NA,Y,4,0,1,2,A,-,09,21801,A,N,D,C,A,A,H,-,A,D,0,NA,NA,NA,NA,Y,NA,A,01,0,0,1,0,0,0,0,0,0,-,-,NA,NA,ORANGE,LA HABRA,-117.9592056274414,33.939109802246094
9341694,2021,2021-10-19,3004,2021-05-13,1737,P648,88,4,5,6,3004,0,0,0,NA,0,015,VANGUARD WY,FAIR DR,300,S,N,A,-,N,NA,NA,NA,NA,NA,NA,NA,NA,NA,Y,3,0,1,2,A,-,09,21804,A,N,B,C,A,A,H,-,A,D,0,NA,NA,NA,NA,Y,NA,A,07,0,1,0,0,0,0,0,0,0,-,-,33.65959930419922,-117.90460205078124,ORANGE,COSTA MESA,-117.9047622680664,33.663047790527344
9344253,2021,2021-10-21,3003,2021-09-14,1144,1160,30,2,5,5,3003,0,0,0,NA,0,002,WESTERN AV,AUTO CENTER DR,0,NA,Y,A,-,N,NA,NA,NA,NA,NA,NA,NA,NA,NA,N,4,0,1,2,A,-,12,21453,A,N,D,C,A,A,H,-,A,A,0,NA,NA,NA,NA,Y,NA,I,11,0,0,1,0,0,0,0,0,0,-,-,33.869911193847656,-118.00260925292967,ORANGE,BUENA PARK,-118.00260925292967,33.86985397338867
9348632,2020,2022-06-22,3016,2020-01-20,2030,2145,02,1,5,5,3016,0,0,0,NA,0,001,BASTANCHURY RD,KRAEMER BL,46,E,N,A,-,N,NA,NA,NA,NA,NA,NA,NA,NA,NA,Y,4,0,1,2,A,-,01,23153,A,N,C,C,A,A,H,-,C,A,0,NA,NA,NA,NA,Y,Y,A,01,0,0,1,0,0,0,0,0,0,-,-,33.89657974243164,-117.86338043212892,ORANGE,PLACENTIA,-117.8635711669922,33.896541595458984
9348725,2020,2022-06-22,3016,2020-05-09,1158,2177,31,6,5,5,3016,0,0,0,NA,0,002,CHAPMAN AV,KRAEMER BL,0,NA,Y,A,-,N,NA,NA,NA,NA,NA,NA,NA,NA,NA,Y,4,0,2,2,A,-,12,21453,A,N,D,D,A,A,H,-,A,A,0,NA,NA,NA,NA,Y,NA,A,01,0,0,2,0,0,0,0,0,0,-,-,33.871131896972656,-117.86267852783205,ORANGE,PLACENTIA,-117.86273193359376,33.871009826660156
9348783,2020,2022-06-22,3016,2020-09-07,1947,2145,24,1,5,5,3016,0,0,0,NA,0,002,BRADFORD AV,CHAPMAN AV,0,NA,Y,A,-,N,NA,NA,NA,NA,NA,NA,NA,NA,NA,Y,3,0,1,2,A,-,09,21801,A,N,D,D,A,A,H,-,C,A,0,NA,NA,NA,NA,Y,NA,A,01,0,1,0,0,0,0,0,0,0,-,-,33.872249603271484,-117.86908721923828,ORANGE,PLACENTIA,-117.8704833984375,33.872169494628906
9348786,2020,2022-06-22,3016,2020-09-10,1024,2177,32,4,5,5,3016,0,0,0,NA,0,001,CENTRAL AV,ALTA VISTA ST,0,NA,Y,A,-,N,NA,NA,NA,NA,NA,NA,NA,NA,NA,Y,3,0,2,2,A,-,12,21453,A,N,D,D,A,A,H,-,A,A,0,NA,NA,NA,NA,Y,NA,A,07,0,1,1,0,0,0,0,0,0,-,-,33.87628936767578,-117.85359191894533,ORANGE,PLACENTIA,-117.85360717773438,33.87615966796875
9349053,2021,2021-10-18,3000,2021-08-30,1417,8521,MISSI,1,5,5,3028,0,0,0,NA,0,16M50,TRABUCO RD,VIA VICTORIA,0,NA,Y,A,-,N,NA,NA,NA,NA,NA,NA,NA,NA,NA,Y,3,0,1,2,A,-,09,21802,A,N,D,C,A,A,H,-,A,D,0,NA,NA,NA,NA,Y,NA,A,07,0,1,0,0,0,0,0,0,0,-,-,NA,NA,ORANGE,MISSION VIEJO,-117.66072845458984,33.61883544921875
9349397,2021,2021-10-27,3013,2021-09-07,1432,205,L03,2,5,3,3013,0,0,0,NA,0,003,BALL RD,BLOOMFIELD ST,35,W,N,A,-,N,NA,NA,NA,NA,NA,NA,NA,NA,NA,N,3,0,1,2,A,-,03,22350,NA,N,C,C,A,A,H,-,A,D,0,NA,NA,NA,NA,Y,NA,A,01,0,1,0,0,0,0,0,0,0,-,-,NA,NA,ORANGE,LOS ALAMITOS,-118.06324768066406,33.81760025024414
9350029,2021,2021-11-08,3000,2021-09-22,1751,7095,951J2,3,5,5,3040,0,0,0,NA,0,D43,CROWN VALLEY PKWY,GLENROCK DR,187,W,N,A,-,N,NA,NA,NA,NA,NA,NA,NA,NA,NA,Y,3,0,2,1,A,-,08,22107,A,N,E,I,A,A,H,-,A,D,0,NA,NA,NA,NA,Y,NA,A,01,0,1,1,0,0,0,0,0,0,-,-,NA,NA,ORANGE,LAGUNA NIGUEL,-117.68938446044922,33.54848861694336
9350031,2021,2021-11-08,3000,2021-09-07,1440,2849,891G4,2,5,5,3050,0,0,0,NA,0,764,MUIRLANDS BL,DYLAN AV,0,NA,Y,A,-,N,NA,NA,NA,NA,NA,NA,NA,NA,NA,Y,4,0,2,2,A,-,12,21453,A,N,D,C,A,A,H,-,A,A,0,NA,NA,NA,NA,Y,NA,A,07,0,0,2,0,0,0,0,0,0,-,-,NA,NA,ORANGE,LAKE FOREST,-117.7068099975586,33.62978744506836
9350651,2021,2021-10-30,3003,2021-09-26,0112,1240,NA,7,5,5,3003,0,0,0,NA,0,NA,LA PALMA AV,STANTON AV,0,NA,Y,A,-,N,NA,NA,NA,NA,NA,NA,NA,NA,NA,Y,3,0,1,2,A,-,08,22107,NA,F,D,A,A,A,H,-,C,A,0,NA,NA,NA,NA,Y,NA,A,01,0,1,0,0,0,0,0,0,0,-,-,33.504798889160156,-117.59369659423828,ORANGE,BUENA PARK,-117.9936981201172,33.846622467041016
9353938,2021,2021-11-13,3000,2021-09-23,0805,9055,922E3,4,5,5,3028,0,0,0,NA,0,6M55,OSO PKWY,SAN RAFAEL,0,NA,Y,A,-,N,NA,NA,NA,NA,NA,NA,NA,NA,NA,Y,3,0,2,2,A,-,12,21453,A,N,D,C,A,A,H,-,A,A,0,NA,NA,NA,NA,Y,NA,A,01,0,1,1,0,0,0,0,0,0,-,-,33.58864974975586,-117.64443969726563,ORANGE,MISSION VIEJO,-117.64332580566406,33.588539123535156
9355048,2021,2021-11-15,3026,2021-10-18,1712,565,NA,1,5,6,3026,0,0,0,NA,0,00U,JAMBOREE RD,DUPONT DR,335,N,N,A,-,N,NA,NA,NA,NA,NA,NA,NA,NA,NA,Y,4,0,3,4,A,-,03,22350,NA,N,C,C,A,A,H,-,A,A,0,NA,NA,NA,NA,Y,NA,A,01,0,0,3,0,0,0,0,0,0,-,-,NA,NA,ORANGE,IRVINE,-117.85072326660156,33.66970443725586
9355268,2021,2021-11-08,3005,2021-10-10,1739,8314,C16,7,5,4,3005,0,0,0,NA,0,002,LINCOLN AV,VALLEY VIEW ST,186,W,N,A,-,N,NA,NA,NA,NA,NA,NA,NA,NA,NA,N,4,0,1,2,A,-,03,22350,NA,N,C,C,A,A,H,-,A,D,0,NA,NA,NA,NA,Y,NA,A,07,0,0,1,0,0,0,0,0,0,-,-,NA,NA,ORANGE,CYPRESS,-118.0290985107422,33.83169937133789
9355269,2021,2021-11-08,3005,2021-10-12,1754,8272,C28,2,5,4,3005,0,0,0,NA,0,003,VALLEY VIEW ST,BALL RD,286,S,N,A,-,N,NA,NA,NA,NA,NA,NA,NA,NA,NA,Y,3,0,1,2,A,-,09,21804,A,N,B,C,A,A,H,-,A,D,0,NA,NA,NA,NA,Y,NA,A,01,0,1,0,0,0,0,0,0,0,-,-,NA,NA,ORANGE,CYPRESS,-118.02831268310548,33.81626510620117
9355442,2021,2021-11-15,3009,2021-10-09,1559,4731,062,6,5,6,3009,0,0,0,NA,0,1-2,CHAPMAN AV,DALE ST,0,NA,Y,A,-,N,NA,NA,NA,NA,NA,NA,NA,NA,NA,Y,3,0,2,3,A,-,12,21453,A,N,D,C,A,A,H,-,A,A,0,NA,NA,NA,NA,Y,NA,D,22,0,2,0,0,0,0,0,0,0,-,-,NA,NA,ORANGE,GARDEN GROVE,-117.9841537475586,33.788429260253906
9355844,2021,2021-11-12,3012,2021-10-06,1028,644,12,3,5,5,3012,0,0,0,NA,0,001,WHITTIER BL,IDAHO ST,282,E,N,A,-,Y,ORA,12,39,-,-,21.27,H,-,S,N,4,0,1,2,A,-,03,22350,NA,N,C,C,A,A,H,-,A,A,0,NA,NA,NA,NA,Y,NA,A,01,0,0,1,0,0,0,0,0,0,-,-,NA,NA,ORANGE,LA HABRA,-117.95828247070313,33.93915557861328
9356278,2021,2021-11-02,3012,2021-09-04,1339,680,25,6,5,5,3012,0,0,0,NA,0,002,ERNA AV,HAZEL ST,0,NA,Y,A,-,N,NA,NA,NA,NA,NA,NA,NA,NA,NA,N,3,0,1,2,A,-,05,21650,1,N,D,G,A,A,H,-,A,D,0,NA,Y,NA,NA,Y,NA,L,04,0,1,0,0,0,0,1,0,0,-,-,NA,NA,ORANGE,LA HABRA,-117.94932556152344,33.93278121948242
9357147,2021,2021-12-08,3000,2021-08-10,1500,1010,893B3,2,5,4,3048,0,0,0,NA,0,766,ANTONIO PKWY,BIENVENIDOS,37,N,N,A,-,N,NA,NA,NA,NA,NA,NA,NA,NA,NA,Y,4,0,2,2,A,-,03,22350,NA,N,C,C,A,A,H,-,A,A,0,NA,NA,NA,NA,Y,NA,A,01,0,0,2,0,0,0,0,0,0,-,-,NA,NA,ORANGE,RANCHO SANTA MARGARITA,-117.59303283691406,33.63353729248047
9357309,2021,2021-11-13,3000,2021-09-04,2053,4246,973D7,6,5,5,3017,0,0,0,NA,0,776,AVENIDA PICO,CAMINO LA PEDRIZA,303,E,N,A,-,N,NA,NA,NA,NA,NA,NA,NA,NA,NA,Y,3,0,1,1,A,-,08,22107,NA,N,E,I,A,A,H,-,C,D,0,NA,NA,NA,NA,Y,NA,A,01,0,1,0,0,0,0,0,0,0,-,-,NA,NA,ORANGE,SAN CLEMENTE,-117.57516479492188,33.456214904785156
9357315,2021,2021-11-13,3009,2021-09-30,0745,4626,133,4,5,6,3009,0,0,0,NA,0,2-1,LAMPSON AV,WEST ST,3,E,N,A,-,N,NA,NA,NA,NA,NA,NA,NA,NA,NA,N,4,0,1,2,A,-,05,21650,1,N,A,G,A,A,H,-,B,A,0,NA,Y,NA,NA,Y,NA,L,04,0,0,1,0,0,0,1,0,0,-,-,NA,NA,ORANGE,GARDEN GROVE,-117.92359924316406,33.781620025634766
9363042,2021,2021-12-24,3026,2021-11-01,0856,4779,NA,1,5,6,3026,0,0,0,NA,0,002,RED HILL AV,MAIN ST,0,NA,Y,B,-,N,NA,NA,NA,NA,NA,NA,NA,NA,NA,Y,4,0,1,2,A,-,12,21453,A,N,D,C,A,A,H,-,A,A,0,NA,NA,NA,NA,Y,NA,A,07,0,0,1,0,0,0,0,0,0,-,-,33.68967056274414,-117.86456298828124,ORANGE,IRVINE,-117.86460876464844,33.68932342529297
9363083,2021,2021-12-01,3026,2021-10-27,1530,358,PORTO,3,5,6,3026,0,0,0,NA,0,007,EL CAMINO REAL,EL CAMINO REAL 2961,0,NA,Y,A,-,N,NA,NA,NA,NA,NA,NA,NA,NA,NA,N,4,0,1,2,A,-,12,22450,A,N,D,C,A,A,H,-,A,D,0,NA,NA,NA,NA,Y,NA,A,01,0,0,1,0,0,0,0,0,0,-,-,NA,NA,ORANGE,IRVINE,-117.78476715087892,33.717079162597656
9363630,2021,2021-12-01,3000,2021-10-14,1427,10576,892E1,4,5,5,3028,0,0,0,NA,0,751,SANTA MARGARITA PKWY,MARGUERITE PKWY,37,W,N,A,-,N,NA,NA,NA,NA,NA,NA,NA,NA,NA,Y,4,0,1,2,A,-,03,22350,NA,F,C,C,A,A,H,-,A,A,0,NA,NA,NA,NA,Y,NA,A,07,0,0,1,0,0,0,0,0,0,-,-,NA,NA,ORANGE,MISSION VIEJO,-117.64473724365234,33.65161895751953
9363634,2021,2021-12-01,3000,2021-10-10,1654,5805,891J5,7,5,5,3050,0,0,0,NA,0,765,JERONIMO RD,CHERRY AV,0,NA,Y,A,-,N,NA,NA,NA,NA,NA,NA,NA,NA,NA,Y,4,0,1,2,D,-,00,NA,NA,N,D,C,A,A,H,-,A,A,0,NA,NA,NA,NA,Y,NA,-,-,0,0,1,0,0,0,0,0,0,-,-,NA,NA,ORANGE,LAKE FOREST,-117.68798065185548,33.62621307373047
9363861,2021,2021-12-21,3000,2021-09-27,1220,2849,861J6,1,5,5,3050,0,0,0,NA,0,764,BAKE PKWY,COMMERCENTRE DR,0,NA,Y,B,C,N,NA,NA,NA,NA,NA,NA,NA,NA,NA,Y,4,0,1,2,A,-,12,21453,A,N,D,C,A,B,H,-,A,A,0,NA,NA,NA,Y,Y,NA,F,27,0,0,1,0,0,0,0,0,0,-,-,NA,NA,ORANGE,LAKE FOREST,-117.6862335205078,33.66548156738281
9363916,2021,2021-12-13,3009,2021-10-14,0841,4156,081,4,5,6,3009,0,0,0,NA,0,1-2,GILBERT ST,JOYZELLE AV,0,NA,Y,A,-,N,NA,NA,NA,NA,NA,NA,NA,NA,NA,Y,4,0,1,2,A,-,09,21802,A,N,-,C,A,A,H,-,A,D,0,NA,NA,NA,NA,Y,NA,D,22,0,0,1,0,0,0,0,0,0,-,-,NA,NA,ORANGE,GARDEN GROVE,-117.96753692626952,33.79814910888672
9364013,2021,2021-12-16,3009,2021-11-15,1724,4731,111,1,5,6,3009,0,0,0,NA,0,021,EUCLID ST,KATELLA AV,280,S,N,A,-,N,NA,NA,NA,NA,NA,NA,NA,NA,NA,Y,4,0,1,2,A,-,09,21804,A,N,D,C,A,A,H,-,C,D,0,NA,NA,NA,NA,Y,NA,A,01,0,0,1,0,0,0,0,0,0,-,-,NA,NA,ORANGE,GARDEN GROVE,-117.94150543212892,33.802310943603516
9367151,2021,2021-12-15,3011,2021-11-18,1814,31524,26,4,5,4,3011,0,0,0,NA,0,001,N COAST HWY,MYRTLE ST,0,NA,Y,A,-,Y,ORA,12,1,-,-,9.851,I,5,S,Y,3,0,1,2,A,-,08,22107,NA,N,D,C,A,A,H,-,C,A,0,NA,NA,Y,NA,Y,NA,A,01,0,1,0,0,0,0,0,0,1,-,-,NA,NA,ORANGE,LAGUNA BEACH,-117.79225158691406,33.54523468017578